"viewport","parent","interaction","expectedAndObserved","result","evidence"
"desktop","Аудит","Подробнее -> browser Back","Детали открылись, закрылись Back, вкладка Аудит сохранена.","PASS","runtime-deep-readonly.json"
"desktop","Статистика / фильтры","Применить -> открыть -> Back","Точные параметры достигли API с HTTP 200; пустой результат аудита; значения и родительская вкладка сохранены.","PASS","runtime-deep-readonly.json"
"360","Аудит","Подробнее -> browser Back","Детали открылись, закрылись Back, вкладка Аудит сохранена.","PASS","runtime-deep-readonly.json"
"360","Статистика / фильтры","Применить -> открыть -> Back","Точные параметры достигли API с HTTP 200; пустой результат аудита; значения и родительская вкладка сохранены.","PASS","runtime-deep-readonly.json"
"390","Аудит","Подробнее -> browser Back","Детали открылись, закрылись Back, вкладка Аудит сохранена.","PASS","runtime-deep-readonly.json"
"390","Статистика / фильтры","Применить -> открыть -> Back","Точные параметры достигли API с HTTP 200; пустой результат аудита; значения и родительская вкладка сохранены.","PASS","runtime-deep-readonly.json"
"430","Аудит","Подробнее -> browser Back","Детали открылись, закрылись Back, вкладка Аудит сохранена.","PASS","runtime-deep-readonly.json"
"430","Статистика / фильтры","Применить -> открыть -> Back","Точные параметры достигли API с HTTP 200; пустой результат аудита; значения и родительская вкладка сохранены.","PASS","runtime-deep-readonly.json"
"desktop","Админка / делегирование","Выбрать образец -> справка -> поиск -> Mobile Back","Локальный выбор сохранён; сначала снят фокус поиска, затем закрыт picker. Права не выдавались.","PASS","runtime-admin-layers.json"
"desktop","Админка / восстановление","Подтверждение -> Отмена / Browser Back","Диалог закрывается обоими способами; parent tab сохранён; ни одного admin mutation request.","PASS","runtime-admin-layers.json"
"360","Админка / делегирование","Выбрать образец -> справка -> поиск -> Mobile Back","Локальный выбор сохранён; сначала снят фокус поиска, затем закрыт picker. Права не выдавались.","PASS","runtime-admin-layers.json"
"360","Админка / восстановление","Подтверждение -> Отмена / Browser Back","Диалог закрывается обоими способами; parent tab сохранён; ни одного admin mutation request.","PASS","runtime-admin-layers.json"
"390","Админка / делегирование","Выбрать образец -> справка -> поиск -> Mobile Back","Локальный выбор сохранён; сначала снят фокус поиска, затем закрыт picker. Права не выдавались.","PASS","runtime-admin-layers.json"
"390","Админка / восстановление","Подтверждение -> Отмена / Browser Back","Диалог закрывается обоими способами; parent tab сохранён; ни одного admin mutation request.","PASS","runtime-admin-layers.json"
"430","Админка / делегирование","Выбрать образец -> справка -> поиск -> Mobile Back","Локальный выбор сохранён; сначала снят фокус поиска, затем закрыт picker. Права не выдавались.","PASS","runtime-admin-layers.json"
"430","Админка / восстановление","Подтверждение -> Отмена / Browser Back","Диалог закрывается обоими способами; parent tab сохранён; ни одного admin mutation request.","PASS","runtime-admin-layers.json"
"desktop","Админка / предпросмотр прав","Получатель -> Проверить права -> причина -> focus/layer Back -> Отмена","Реальный server preview; причина длиной >=3 включает кнопку, первый Back снимает фокус, второй закрывает слой; reopen пустой, Отмена сохраняет preview. Применение прав не выполнялось.","PASS","runtime-admin-preview.json"
"360","Админка / предпросмотр прав","Получатель -> Проверить права -> причина -> focus/layer Back -> Отмена","Реальный server preview; причина длиной >=3 включает кнопку, первый Back снимает фокус, второй закрывает слой; reopen пустой, Отмена сохраняет preview. Применение прав не выполнялось.","PASS","runtime-admin-preview.json"
"390","Админка / предпросмотр прав","Получатель -> Проверить права -> причина -> focus/layer Back -> Отмена","Реальный server preview; причина длиной >=3 включает кнопку, первый Back снимает фокус, второй закрывает слой; reopen пустой, Отмена сохраняет preview. Применение прав не выполнялось.","PASS","runtime-admin-preview.json"
"430","Админка / предпросмотр прав","Получатель -> Проверить права -> причина -> focus/layer Back -> Отмена","Реальный server preview; причина длиной >=3 включает кнопку, первый Back снимает фокус, второй закрывает слой; reopen пустой, Отмена сохраняет preview. Применение прав не выполнялось.","PASS","runtime-admin-preview.json"
"desktop","Сообщить об ошибке / WORKER","Поля -> вложения Back -> file chooser -> preview -> Убрать -> reload","Поля переживают Back/reload; системный file chooser передал локальный PNG в shared preview, Убрать очистил его до reload. Admin list отсутствует; отправка/upload не выполнялись.","PASS","runtime-report-draft.json"
"360","Сообщить об ошибке / WORKER","Поля -> вложения Back -> file chooser -> preview -> Убрать -> reload","Поля переживают Back/reload; системный file chooser передал локальный PNG в shared preview, Убрать очистил его до reload. Admin list отсутствует; отправка/upload не выполнялись.","PASS","runtime-report-draft.json"
"390","Сообщить об ошибке / WORKER","Поля -> вложения Back -> file chooser -> preview -> Убрать -> reload","Поля переживают Back/reload; системный file chooser передал локальный PNG в shared preview, Убрать очистил его до reload. Admin list отсутствует; отправка/upload не выполнялись.","PASS","runtime-report-draft.json"
"430","Сообщить об ошибке / WORKER","Поля -> вложения Back -> file chooser -> preview -> Убрать -> reload","Поля переживают Back/reload; системный file chooser передал локальный PNG в shared preview, Убрать очистил его до reload. Admin list отсутствует; отправка/upload не выполнялись.","PASS","runtime-report-draft.json"
"desktop","Заказы / фильтры","Архив query -> reopen -> Browser Back draft discard -> reset -> tabs","HTTP 200 и пустые массивы; точные search/shortageStatus/status/archive; Back не применяет черновик; reset очищает поля; conditional archive/request filters проверены. Категория/отдел ещё не проверены.","PASS","runtime-orders-filters.json"
"360","Заказы / фильтры","Архив query -> reopen -> Browser Back draft discard -> reset -> tabs","HTTP 200 и пустые массивы; точные search/shortageStatus/status/archive; Back не применяет черновик; reset очищает поля; conditional archive/request filters проверены. Категория/отдел ещё не проверены.","PASS","runtime-orders-filters.json"
"390","Заказы / фильтры","Архив query -> reopen -> Browser Back draft discard -> reset -> tabs","HTTP 200 и пустые массивы; точные search/shortageStatus/status/archive; Back не применяет черновик; reset очищает поля; conditional archive/request filters проверены. Категория/отдел ещё не проверены.","PASS","runtime-orders-filters.json"
"430","Заказы / фильтры","Архив query -> reopen -> Browser Back draft discard -> reset -> tabs","HTTP 200 и пустые массивы; точные search/shortageStatus/status/archive; Back не применяет черновик; reset очищает поля; conditional archive/request filters проверены. Категория/отдел ещё не проверены.","PASS","runtime-orders-filters.json"
"desktop","Архив / категории","tasks","Live directory -> expected section query HTTP 200 + items array + correct heading; filter draft Browser Back discarded; UI Back restores category list. Applied filtering and source details NOT proved.","PASS","runtime-archive-categories.json"
"desktop","Архив / категории","checklists","Live directory -> expected section query HTTP 200 + items array + correct heading; filter draft Browser Back discarded; UI Back restores category list. Applied filtering and source details NOT proved.","PASS","runtime-archive-categories.json"
"desktop","Архив / категории","okk","Live directory -> expected section query HTTP 200 + items array + correct heading; filter draft Browser Back discarded; UI Back restores category list. Applied filtering and source details NOT proved.","PASS","runtime-archive-categories.json"
"desktop","Архив / категории","returns","Live directory -> expected section query HTTP 200 + items array + correct heading; filter draft Browser Back discarded; UI Back restores category list. Applied filtering and source details NOT proved.","PASS","runtime-archive-categories.json"
"desktop","Архив / категории","stock","Live directory -> expected section query HTTP 200 + items array + correct heading; filter draft Browser Back discarded; UI Back restores category list. Applied filtering and source details NOT proved.","PASS","runtime-archive-categories.json"
"desktop","Архив / категории","orders","Live directory -> expected section query HTTP 200 + items array + correct heading; filter draft Browser Back discarded; UI Back restores category list. Applied filtering and source details NOT proved.","PASS","runtime-archive-categories.json"
"desktop","Архив / категории","wash","Live directory -> expected section query HTTP 200 + items array + correct heading; filter draft Browser Back discarded; UI Back restores category list. Applied filtering and source details NOT proved.","PASS","runtime-archive-categories.json"
"desktop","Архив / категории","defrost","Live directory -> expected section query HTTP 200 + items array + correct heading; filter draft Browser Back discarded; UI Back restores category list. Applied filtering and source details NOT proved.","PASS","runtime-archive-categories.json"
"desktop","Архив / категории","shiftLog","Live directory -> expected section query HTTP 200 + items array + correct heading; filter draft Browser Back discarded; UI Back restores category list. Applied filtering and source details NOT proved.","PASS","runtime-archive-categories.json"
"desktop","Архив / категории","announcements","Live directory -> expected section query HTTP 200 + items array + correct heading; filter draft Browser Back discarded; UI Back restores category list. Applied filtering and source details NOT proved.","PASS","runtime-archive-categories.json"
"desktop","Архив / категории","attachments","Live directory -> expected section query HTTP 200 + items array + correct heading; filter draft Browser Back discarded; UI Back restores category list. Applied filtering and source details NOT proved.","PASS","runtime-archive-categories.json"
"360","Архив / категории","tasks","Live directory -> expected section query HTTP 200 + items array + correct heading; filter draft Browser Back discarded; UI Back restores category list. Applied filtering and source details NOT proved.","PASS","runtime-archive-categories.json"
"360","Архив / категории","checklists","Live directory -> expected section query HTTP 200 + items array + correct heading; filter draft Browser Back discarded; UI Back restores category list. Applied filtering and source details NOT proved.","PASS","runtime-archive-categories.json"
"360","Архив / категории","okk","Live directory -> expected section query HTTP 200 + items array + correct heading; filter draft Browser Back discarded; UI Back restores category list. Applied filtering and source details NOT proved.","PASS","runtime-archive-categories.json"
"360","Архив / категории","returns","Live directory -> expected section query HTTP 200 + items array + correct heading; filter draft Browser Back discarded; UI Back restores category list. Applied filtering and source details NOT proved.","PASS","runtime-archive-categories.json"
"360","Архив / категории","stock","Live directory -> expected section query HTTP 200 + items array + correct heading; filter draft Browser Back discarded; UI Back restores category list. Applied filtering and source details NOT proved.","PASS","runtime-archive-categories.json"
"360","Архив / категории","orders","Live directory -> expected section query HTTP 200 + items array + correct heading; filter draft Browser Back discarded; UI Back restores category list. Applied filtering and source details NOT proved.","PASS","runtime-archive-categories.json"
"360","Архив / категории","wash","Live directory -> expected section query HTTP 200 + items array + correct heading; filter draft Browser Back discarded; UI Back restores category list. Applied filtering and source details NOT proved.","PASS","runtime-archive-categories.json"
"360","Архив / категории","defrost","Live directory -> expected section query HTTP 200 + items array + correct heading; filter draft Browser Back discarded; UI Back restores category list. Applied filtering and source details NOT proved.","PASS","runtime-archive-categories.json"
"360","Архив / категории","shiftLog","Live directory -> expected section query HTTP 200 + items array + correct heading; filter draft Browser Back discarded; UI Back restores category list. Applied filtering and source details NOT proved.","PASS","runtime-archive-categories.json"
"360","Архив / категории","announcements","Live directory -> expected section query HTTP 200 + items array + correct heading; filter draft Browser Back discarded; UI Back restores category list. Applied filtering and source details NOT proved.","PASS","runtime-archive-categories.json"
"360","Архив / категории","attachments","Live directory -> expected section query HTTP 200 + items array + correct heading; filter draft Browser Back discarded; UI Back restores category list. Applied filtering and source details NOT proved.","PASS","runtime-archive-categories.json"
"390","Архив / категории","tasks","Live directory -> expected section query HTTP 200 + items array + correct heading; filter draft Browser Back discarded; UI Back restores category list. Applied filtering and source details NOT proved.","PASS","runtime-archive-categories.json"
"390","Архив / категории","checklists","Live directory -> expected section query HTTP 200 + items array + correct heading; filter draft Browser Back discarded; UI Back restores category list. Applied filtering and source details NOT proved.","PASS","runtime-archive-categories.json"
"390","Архив / категории","okk","Live directory -> expected section query HTTP 200 + items array + correct heading; filter draft Browser Back discarded; UI Back restores category list. Applied filtering and source details NOT proved.","PASS","runtime-archive-categories.json"
"390","Архив / категории","returns","Live directory -> expected section query HTTP 200 + items array + correct heading; filter draft Browser Back discarded; UI Back restores category list. Applied filtering and source details NOT proved.","PASS","runtime-archive-categories.json"
"390","Архив / категории","stock","Live directory -> expected section query HTTP 200 + items array + correct heading; filter draft Browser Back discarded; UI Back restores category list. Applied filtering and source details NOT proved.","PASS","runtime-archive-categories.json"
"390","Архив / категории","orders","Live directory -> expected section query HTTP 200 + items array + correct heading; filter draft Browser Back discarded; UI Back restores category list. Applied filtering and source details NOT proved.","PASS","runtime-archive-categories.json"
"390","Архив / категории","wash","Live directory -> expected section query HTTP 200 + items array + correct heading; filter draft Browser Back discarded; UI Back restores category list. Applied filtering and source details NOT proved.","PASS","runtime-archive-categories.json"
"390","Архив / категории","defrost","Live directory -> expected section query HTTP 200 + items array + correct heading; filter draft Browser Back discarded; UI Back restores category list. Applied filtering and source details NOT proved.","PASS","runtime-archive-categories.json"
"390","Архив / категории","shiftLog","Live directory -> expected section query HTTP 200 + items array + correct heading; filter draft Browser Back discarded; UI Back restores category list. Applied filtering and source details NOT proved.","PASS","runtime-archive-categories.json"
"390","Архив / категории","announcements","Live directory -> expected section query HTTP 200 + items array + correct heading; filter draft Browser Back discarded; UI Back restores category list. Applied filtering and source details NOT proved.","PASS","runtime-archive-categories.json"
"390","Архив / категории","attachments","Live directory -> expected section query HTTP 200 + items array + correct heading; filter draft Browser Back discarded; UI Back restores category list. Applied filtering and source details NOT proved.","PASS","runtime-archive-categories.json"
"430","Архив / категории","tasks","Live directory -> expected section query HTTP 200 + items array + correct heading; filter draft Browser Back discarded; UI Back restores category list. Applied filtering and source details NOT proved.","PASS","runtime-archive-categories.json"
"430","Архив / категории","checklists","Live directory -> expected section query HTTP 200 + items array + correct heading; filter draft Browser Back discarded; UI Back restores category list. Applied filtering and source details NOT proved.","PASS","runtime-archive-categories.json"
"430","Архив / категории","okk","Live directory -> expected section query HTTP 200 + items array + correct heading; filter draft Browser Back discarded; UI Back restores category list. Applied filtering and source details NOT proved.","PASS","runtime-archive-categories.json"
"430","Архив / категории","returns","Live directory -> expected section query HTTP 200 + items array + correct heading; filter draft Browser Back discarded; UI Back restores category list. Applied filtering and source details NOT proved.","PASS","runtime-archive-categories.json"
"430","Архив / категории","stock","Live directory -> expected section query HTTP 200 + items array + correct heading; filter draft Browser Back discarded; UI Back restores category list. Applied filtering and source details NOT proved.","PASS","runtime-archive-categories.json"
"430","Архив / категории","orders","Live directory -> expected section query HTTP 200 + items array + correct heading; filter draft Browser Back discarded; UI Back restores category list. Applied filtering and source details NOT proved.","PASS","runtime-archive-categories.json"
"430","Архив / категории","wash","Live directory -> expected section query HTTP 200 + items array + correct heading; filter draft Browser Back discarded; UI Back restores category list. Applied filtering and source details NOT proved.","PASS","runtime-archive-categories.json"
"430","Архив / категории","defrost","Live directory -> expected section query HTTP 200 + items array + correct heading; filter draft Browser Back discarded; UI Back restores category list. Applied filtering and source details NOT proved.","PASS","runtime-archive-categories.json"
"430","Архив / категории","shiftLog","Live directory -> expected section query HTTP 200 + items array + correct heading; filter draft Browser Back discarded; UI Back restores category list. Applied filtering and source details NOT proved.","PASS","runtime-archive-categories.json"
"430","Архив / категории","announcements","Live directory -> expected section query HTTP 200 + items array + correct heading; filter draft Browser Back discarded; UI Back restores category list. Applied filtering and source details NOT proved.","PASS","runtime-archive-categories.json"
"430","Архив / категории","attachments","Live directory -> expected section query HTTP 200 + items array + correct heading; filter draft Browser Back discarded; UI Back restores category list. Applied filtering and source details NOT proved.","PASS","runtime-archive-categories.json"
"desktop","Архив / tasks","Detail TASK","Точный detail endpoint и type/title/section headings; browser Back и UI close возвращают список и scroll. Source navigation/files ещё не проверены.","PASS","runtime-archive-details.json"
"desktop","Архив / checklists","Detail CHECKLIST_RUN","Точный detail endpoint и type/title/section headings; browser Back и UI close возвращают список и scroll. Source navigation/files ещё не проверены.","PASS","runtime-archive-details.json"
"desktop","Архив / okk","Detail OKK_RECORD","Точный detail endpoint и type/title/section headings; browser Back и UI close возвращают список и scroll. Source navigation/files ещё не проверены.","PASS","runtime-archive-details.json"
"desktop","Архив / okk","Detail QUANTITY_RELEASE_OPERATION","Точный detail endpoint и type/title/section headings; browser Back и UI close возвращают список и scroll. Source navigation/files ещё не проверены.","PASS","runtime-archive-details.json"
"desktop","Архив / returns","Detail QUANTITY_RELEASE_OPERATION","Точный detail endpoint и type/title/section headings; browser Back и UI close возвращают список и scroll. Source navigation/files ещё не проверены.","PASS","runtime-archive-details.json"
"desktop","Архив / returns","Detail RETURN_RECORD","Точный detail endpoint и type/title/section headings; browser Back и UI close возвращают список и scroll. Source navigation/files ещё не проверены.","PASS","runtime-archive-details.json"
"desktop","Архив / wash","Detail WASH_SESSION","Точный detail endpoint и type/title/section headings; browser Back и UI close возвращают список и scroll. Source navigation/files ещё не проверены.","PASS","runtime-archive-details.json"
"desktop","Архив / defrost","Detail DEFROST_EVENT","Точный detail endpoint и type/title/section headings; browser Back и UI close возвращают список и scroll. Source navigation/files ещё не проверены.","PASS","runtime-archive-details.json"
"desktop","Архив / shiftLog","Detail SHIFT_LOG","Точный detail endpoint и type/title/section headings; browser Back и UI close возвращают список и scroll. Source navigation/files ещё не проверены.","PASS","runtime-archive-details.json"
"desktop","Архив / announcements","Detail ANNOUNCEMENT","Точный detail endpoint и type/title/section headings; browser Back и UI close возвращают список и scroll. Source navigation/files ещё не проверены.","PASS","runtime-archive-details.json"
"desktop","Архив / attachments","Detail PHOTO","Точный detail endpoint и type/title/section headings; browser Back и UI close возвращают список и scroll. Source navigation/files ещё не проверены.","PASS","runtime-archive-details.json"
"desktop","Архив / attachments","Detail AUDIO","Точный detail endpoint и type/title/section headings; browser Back и UI close возвращают список и scroll. Source navigation/files ещё не проверены.","PASS","runtime-archive-details.json"
"desktop","Архив / attachments","Detail FILE","Точный detail endpoint и type/title/section headings; browser Back и UI close возвращают список и scroll. Source navigation/files ещё не проверены.","PASS","runtime-archive-details.json"
"360","Архив / tasks","Detail TASK","Точный detail endpoint и type/title/section headings; browser Back и UI close возвращают список и scroll. Source navigation/files ещё не проверены.","PASS","runtime-archive-details.json"
"360","Архив / checklists","Detail CHECKLIST_RUN","Точный detail endpoint и type/title/section headings; browser Back и UI close возвращают список и scroll. Source navigation/files ещё не проверены.","PASS","runtime-archive-details.json"
"360","Архив / okk","Detail OKK_RECORD","Точный detail endpoint и type/title/section headings; browser Back и UI close возвращают список и scroll. Source navigation/files ещё не проверены.","PASS","runtime-archive-details.json"
"360","Архив / okk","Detail QUANTITY_RELEASE_OPERATION","Точный detail endpoint и type/title/section headings; browser Back и UI close возвращают список и scroll. Source navigation/files ещё не проверены.","PASS","runtime-archive-details.json"
"360","Архив / returns","Detail QUANTITY_RELEASE_OPERATION","Точный detail endpoint и type/title/section headings; browser Back и UI close возвращают список и scroll. Source navigation/files ещё не проверены.","PASS","runtime-archive-details.json"
"360","Архив / returns","Detail RETURN_RECORD","Точный detail endpoint и type/title/section headings; browser Back и UI close возвращают список и scroll. Source navigation/files ещё не проверены.","PASS","runtime-archive-details.json"
"360","Архив / wash","Detail WASH_SESSION","Точный detail endpoint и type/title/section headings; browser Back и UI close возвращают список и scroll. Source navigation/files ещё не проверены.","PASS","runtime-archive-details.json"
"360","Архив / defrost","Detail DEFROST_EVENT","Точный detail endpoint и type/title/section headings; browser Back и UI close возвращают список и scroll. Source navigation/files ещё не проверены.","PASS","runtime-archive-details.json"
"360","Архив / shiftLog","Detail SHIFT_LOG","Точный detail endpoint и type/title/section headings; browser Back и UI close возвращают список и scroll. Source navigation/files ещё не проверены.","PASS","runtime-archive-details.json"
"360","Архив / announcements","Detail ANNOUNCEMENT","Точный detail endpoint и type/title/section headings; browser Back и UI close возвращают список и scroll. Source navigation/files ещё не проверены.","PASS","runtime-archive-details.json"
"360","Архив / attachments","Detail PHOTO","Точный detail endpoint и type/title/section headings; browser Back и UI close возвращают список и scroll. Source navigation/files ещё не проверены.","PASS","runtime-archive-details.json"
"360","Архив / attachments","Detail AUDIO","Точный detail endpoint и type/title/section headings; browser Back и UI close возвращают список и scroll. Source navigation/files ещё не проверены.","PASS","runtime-archive-details.json"
"360","Архив / attachments","Detail FILE","Точный detail endpoint и type/title/section headings; browser Back и UI close возвращают список и scroll. Source navigation/files ещё не проверены.","PASS","runtime-archive-details.json"
"390","Архив / tasks","Detail TASK","Точный detail endpoint и type/title/section headings; browser Back и UI close возвращают список и scroll. Source navigation/files ещё не проверены.","PASS","runtime-archive-details.json"
"390","Архив / checklists","Detail CHECKLIST_RUN","Точный detail endpoint и type/title/section headings; browser Back и UI close возвращают список и scroll. Source navigation/files ещё не проверены.","PASS","runtime-archive-details.json"
"390","Архив / okk","Detail OKK_RECORD","Точный detail endpoint и type/title/section headings; browser Back и UI close возвращают список и scroll. Source navigation/files ещё не проверены.","PASS","runtime-archive-details.json"
"390","Архив / okk","Detail QUANTITY_RELEASE_OPERATION","Точный detail endpoint и type/title/section headings; browser Back и UI close возвращают список и scroll. Source navigation/files ещё не проверены.","PASS","runtime-archive-details.json"
"390","Архив / returns","Detail QUANTITY_RELEASE_OPERATION","Точный detail endpoint и type/title/section headings; browser Back и UI close возвращают список и scroll. Source navigation/files ещё не проверены.","PASS","runtime-archive-details.json"
"390","Архив / returns","Detail RETURN_RECORD","Точный detail endpoint и type/title/section headings; browser Back и UI close возвращают список и scroll. Source navigation/files ещё не проверены.","PASS","runtime-archive-details.json"
"390","Архив / wash","Detail WASH_SESSION","Точный detail endpoint и type/title/section headings; browser Back и UI close возвращают список и scroll. Source navigation/files ещё не проверены.","PASS","runtime-archive-details.json"
"390","Архив / defrost","Detail DEFROST_EVENT","Точный detail endpoint и type/title/section headings; browser Back и UI close возвращают список и scroll. Source navigation/files ещё не проверены.","PASS","runtime-archive-details.json"
"390","Архив / shiftLog","Detail SHIFT_LOG","Точный detail endpoint и type/title/section headings; browser Back и UI close возвращают список и scroll. Source navigation/files ещё не проверены.","PASS","runtime-archive-details.json"
"390","Архив / announcements","Detail ANNOUNCEMENT","Точный detail endpoint и type/title/section headings; browser Back и UI close возвращают список и scroll. Source navigation/files ещё не проверены.","PASS","runtime-archive-details.json"
"390","Архив / attachments","Detail PHOTO","Точный detail endpoint и type/title/section headings; browser Back и UI close возвращают список и scroll. Source navigation/files ещё не проверены.","PASS","runtime-archive-details.json"
"390","Архив / attachments","Detail AUDIO","Точный detail endpoint и type/title/section headings; browser Back и UI close возвращают список и scroll. Source navigation/files ещё не проверены.","PASS","runtime-archive-details.json"
"390","Архив / attachments","Detail FILE","Точный detail endpoint и type/title/section headings; browser Back и UI close возвращают список и scroll. Source navigation/files ещё не проверены.","PASS","runtime-archive-details.json"
"430","Архив / tasks","Detail TASK","Точный detail endpoint и type/title/section headings; browser Back и UI close возвращают список и scroll. Source navigation/files ещё не проверены.","PASS","runtime-archive-details.json"
"430","Архив / checklists","Detail CHECKLIST_RUN","Точный detail endpoint и type/title/section headings; browser Back и UI close возвращают список и scroll. Source navigation/files ещё не проверены.","PASS","runtime-archive-details.json"
"430","Архив / okk","Detail OKK_RECORD","Точный detail endpoint и type/title/section headings; browser Back и UI close возвращают список и scroll. Source navigation/files ещё не проверены.","PASS","runtime-archive-details.json"
"430","Архив / okk","Detail QUANTITY_RELEASE_OPERATION","Точный detail endpoint и type/title/section headings; browser Back и UI close возвращают список и scroll. Source navigation/files ещё не проверены.","PASS","runtime-archive-details.json"
"430","Архив / returns","Detail QUANTITY_RELEASE_OPERATION","Точный detail endpoint и type/title/section headings; browser Back и UI close возвращают список и scroll. Source navigation/files ещё не проверены.","PASS","runtime-archive-details.json"
"430","Архив / returns","Detail RETURN_RECORD","Точный detail endpoint и type/title/section headings; browser Back и UI close возвращают список и scroll. Source navigation/files ещё не проверены.","PASS","runtime-archive-details.json"
"430","Архив / wash","Detail WASH_SESSION","Точный detail endpoint и type/title/section headings; browser Back и UI close возвращают список и scroll. Source navigation/files ещё не проверены.","PASS","runtime-archive-details.json"
"430","Архив / defrost","Detail DEFROST_EVENT","Точный detail endpoint и type/title/section headings; browser Back и UI close возвращают список и scroll. Source navigation/files ещё не проверены.","PASS","runtime-archive-details.json"
"430","Архив / shiftLog","Detail SHIFT_LOG","Точный detail endpoint и type/title/section headings; browser Back и UI close возвращают список и scroll. Source navigation/files ещё не проверены.","PASS","runtime-archive-details.json"
"430","Архив / announcements","Detail ANNOUNCEMENT","Точный detail endpoint и type/title/section headings; browser Back и UI close возвращают список и scroll. Source navigation/files ещё не проверены.","PASS","runtime-archive-details.json"
"430","Архив / attachments","Detail PHOTO","Точный detail endpoint и type/title/section headings; browser Back и UI close возвращают список и scroll. Source navigation/files ещё не проверены.","PASS","runtime-archive-details.json"
"430","Архив / attachments","Detail AUDIO","Точный detail endpoint и type/title/section headings; browser Back и UI close возвращают список и scroll. Source navigation/files ещё не проверены.","PASS","runtime-archive-details.json"
"430","Архив / attachments","Detail FILE","Точный detail endpoint и type/title/section headings; browser Back и UI close возвращают список и scroll. Source navigation/files ещё не проверены.","PASS","runtime-archive-details.json"
"360","Люди","Browser Back из фильтров","Фильтр закрылся, родительский экран сохранён","PASS","runtime-mobile.json"
"360","Статистика / Аудит","Mobile Back LIFO","Сначала снят фокус, затем закрыт sheet; вкладка сохранена","PASS","runtime-mobile.json"
"360","Сообщить об ошибке","Browser Back из выбора вложения","Sheet закрыт без потери формы","PASS","runtime-mobile.json"
"360","Shell","Nested settings Back LIFO","Picker -> settings -> sections -> parent screen","PASS","runtime-mobile.json"
"physical Android","All nested layers","Hardware / gesture Back","Requires actual installed Android PWA; emulation is not hardware evidence","PHYSICAL_PENDING","No physical-device evidence"
"desktop","Архив / attachments","Second-page detail UI/browser Back","page=2 GET 200; 24+24 строк, уникальные идентификаторы и точное соответствие названий ответам; UI/browser Back из карточки второй страницы сохраняют список, browser Back сохраняет прокрутку. Остальные категории и последняя страница не доказаны.","PASS","runtime-archive-pagination.json"
"360","Архив / attachments","Second-page detail UI/browser Back","page=2 GET 200; 24+24 строк, уникальные идентификаторы и точное соответствие названий ответам; UI/browser Back из карточки второй страницы сохраняют список, browser Back сохраняет прокрутку. Остальные категории и последняя страница не доказаны.","PASS","runtime-archive-pagination.json"
"390","Архив / attachments","Second-page detail UI/browser Back","page=2 GET 200; 24+24 строк, уникальные идентификаторы и точное соответствие названий ответам; UI/browser Back из карточки второй страницы сохраняют список, browser Back сохраняет прокрутку. Остальные категории и последняя страница не доказаны.","PASS","runtime-archive-pagination.json"
"430","Архив / attachments","Second-page detail UI/browser Back","page=2 GET 200; 24+24 строк, уникальные идентификаторы и точное соответствие названий ответам; UI/browser Back из карточки второй страницы сохраняют список, browser Back сохраняет прокрутку. Остальные категории и последняя страница не доказаны.","PASS","runtime-archive-pagination.json"
"desktop","Архив / tasks","Открыть исходный раздел / browser Back","sourceRoute совпадает с категорией; целевой экран и его GET 200, архивная карточка закрыта; нет mutation в source/archive. Browser Back возвращает категории архива без старого detail. Это переход в раздел, не deep-link записи; локальные фильтры/категория при unmount не сохраняются текущим контрактом.","PASS","runtime-archive-source.json"
"desktop","Архив / defrost","Открыть исходный раздел / browser Back","sourceRoute совпадает с категорией; целевой экран и его GET 200, архивная карточка закрыта; нет mutation в source/archive. Browser Back возвращает категории архива без старого detail. Это переход в раздел, не deep-link записи; локальные фильтры/категория при unmount не сохраняются текущим контрактом.","PASS","runtime-archive-source.json"
"360","Архив / tasks","Открыть исходный раздел / browser Back","sourceRoute совпадает с категорией; целевой экран и его GET 200, архивная карточка закрыта; нет mutation в source/archive. Browser Back возвращает категории архива без старого detail. Это переход в раздел, не deep-link записи; локальные фильтры/категория при unmount не сохраняются текущим контрактом.","PASS","runtime-archive-source.json"
"360","Архив / defrost","Открыть исходный раздел / browser Back","sourceRoute совпадает с категорией; целевой экран и его GET 200, архивная карточка закрыта; нет mutation в source/archive. Browser Back возвращает категории архива без старого detail. Это переход в раздел, не deep-link записи; локальные фильтры/категория при unmount не сохраняются текущим контрактом.","PASS","runtime-archive-source.json"
"390","Архив / tasks","Открыть исходный раздел / browser Back","sourceRoute совпадает с категорией; целевой экран и его GET 200, архивная карточка закрыта; нет mutation в source/archive. Browser Back возвращает категории архива без старого detail. Это переход в раздел, не deep-link записи; локальные фильтры/категория при unmount не сохраняются текущим контрактом.","PASS","runtime-archive-source.json"
"390","Архив / defrost","Открыть исходный раздел / browser Back","sourceRoute совпадает с категорией; целевой экран и его GET 200, архивная карточка закрыта; нет mutation в source/archive. Browser Back возвращает категории архива без старого detail. Это переход в раздел, не deep-link записи; локальные фильтры/категория при unmount не сохраняются текущим контрактом.","PASS","runtime-archive-source.json"
"430","Архив / tasks","Открыть исходный раздел / browser Back","sourceRoute совпадает с категорией; целевой экран и его GET 200, архивная карточка закрыта; нет mutation в source/archive. Browser Back возвращает категории архива без старого detail. Это переход в раздел, не deep-link записи; локальные фильтры/категория при unmount не сохраняются текущим контрактом.","PASS","runtime-archive-source.json"
"430","Архив / defrost","Открыть исходный раздел / browser Back","sourceRoute совпадает с категорией; целевой экран и его GET 200, архивная карточка закрыта; нет mutation в source/archive. Browser Back возвращает категории архива без старого detail. Это переход в раздел, не deep-link записи; локальные фильтры/категория при unmount не сохраняются текущим контрактом.","PASS","runtime-archive-source.json"
"desktop","Архив / attachments","Открыть файл / thumbnail / фото / zoom / blob-open","Canonical AttachmentPreviewList: same-origin guarded GET 200 с контекстом сессии, стандартные Open и thumbnail открывают image MIME и декодированное фото. Увеличение/уменьшение меняют scale, Скачать/открыть открывает текущий authenticated blob. UI/browser Back закрывают сначала viewer, сохраняя parent detail; следующий Back закрывает detail и сохраняет список. Другие форматы и denied roles не покрыты.","PASS","runtime-archive-file-open.json"
"360","Архив / attachments","Открыть файл / thumbnail / фото / zoom / blob-open","Canonical AttachmentPreviewList: same-origin guarded GET 200 с контекстом сессии, стандартные Open и thumbnail открывают image MIME и декодированное фото. Увеличение/уменьшение меняют scale, Скачать/открыть открывает текущий authenticated blob. UI/browser Back закрывают сначала viewer, сохраняя parent detail; следующий Back закрывает detail и сохраняет список. Другие форматы и denied roles не покрыты.","PASS","runtime-archive-file-open.json"
"390","Архив / attachments","Открыть файл / thumbnail / фото / zoom / blob-open","Canonical AttachmentPreviewList: same-origin guarded GET 200 с контекстом сессии, стандартные Open и thumbnail открывают image MIME и декодированное фото. Увеличение/уменьшение меняют scale, Скачать/открыть открывает текущий authenticated blob. UI/browser Back закрывают сначала viewer, сохраняя parent detail; следующий Back закрывает detail и сохраняет список. Другие форматы и denied roles не покрыты.","PASS","runtime-archive-file-open.json"
"430","Архив / attachments","Открыть файл / thumbnail / фото / zoom / blob-open","Canonical AttachmentPreviewList: same-origin guarded GET 200 с контекстом сессии, стандартные Open и thumbnail открывают image MIME и декодированное фото. Увеличение/уменьшение меняют scale, Скачать/открыть открывает текущий authenticated blob. UI/browser Back закрывают сначала viewer, сохраняя parent detail; следующий Back закрывает detail и сохраняет список. Другие форматы и denied roles не покрыты.","PASS","runtime-archive-file-open.json"
"desktop","Архив / Заявки и простои","Найти","Submit передал точное search-значение в GET /api/archive/items и показал пустой результат; архив не изменялся.","PASS","runtime-archive-readonly-actions.json"
"desktop","Архив / сводка простоев","Вкладки сводки","Все шесть локальных вкладок переключены; active-state и содержимое сводки видимы, дополнительных запросов и mutation нет.","PASS","runtime-archive-readonly-actions.json"
"desktop","Архив / сводка простоев","Открыть / browser Back","Сводка открылась после пяти read-only analytics GET; browser Back закрыл верхний sheet и сохранил поисковый контекст.","PASS","runtime-archive-readonly-actions.json"
"desktop","Архив / экспортная панель","Sheet content / UI Close / backdrop Close","Клик по content не закрыл sheet; header Close и backdrop закрыли только верхний слой, поисковый контекст сохранился.","PASS","runtime-archive-readonly-actions.json"
"desktop","Архив / экспортная панель","Открыть / browser Back","Экспортный sheet открылся; файлы не создавались; browser Back закрыл только верхний слой и сохранил фильтр.","PASS","runtime-archive-readonly-actions.json"
"desktop","Архив / Заявки и простои","Сбросить","Сброс очистил поиск и выполнил новый GET без search; mutation не выполнялась.","PASS","runtime-archive-readonly-actions.json"
"desktop","Архив / Заявки и простои","Сбросить фильтры","Отдельное действие пустого состояния очистило применённый search и загрузило первую страницу без параметра.","PASS","runtime-archive-readonly-actions.json"
"desktop","Архив / категории","Назад к разделам архива","UI Back вернул каталог архивных разделов после сброса.","PASS","runtime-archive-readonly-actions.json"
"360","Архив / Заявки и простои","Найти","Submit передал точное search-значение в GET /api/archive/items и показал пустой результат; архив не изменялся.","PASS","runtime-archive-readonly-actions.json"
"360","Архив / сводка простоев","Вкладки сводки","Все шесть локальных вкладок переключены; active-state и содержимое сводки видимы, дополнительных запросов и mutation нет.","PASS","runtime-archive-readonly-actions.json"
"360","Архив / сводка простоев","Открыть / browser Back","Сводка открылась после пяти read-only analytics GET; browser Back закрыл верхний sheet и сохранил поисковый контекст.","PASS","runtime-archive-readonly-actions.json"
"360","Архив / экспортная панель","Sheet content / UI Close / backdrop Close","Клик по content не закрыл sheet; header Close и backdrop закрыли только верхний слой, поисковый контекст сохранился.","PASS","runtime-archive-readonly-actions.json"
"360","Архив / экспортная панель","Открыть / browser Back","Экспортный sheet открылся; файлы не создавались; browser Back закрыл только верхний слой и сохранил фильтр.","PASS","runtime-archive-readonly-actions.json"
"360","Архив / Заявки и простои","Сбросить","Сброс очистил поиск и выполнил новый GET без search; mutation не выполнялась.","PASS","runtime-archive-readonly-actions.json"
"360","Архив / Заявки и простои","Сбросить фильтры","Отдельное действие пустого состояния очистило применённый search и загрузило первую страницу без параметра.","PASS","runtime-archive-readonly-actions.json"
"360","Архив / категории","Назад к разделам архива","UI Back вернул каталог архивных разделов после сброса.","PASS","runtime-archive-readonly-actions.json"
"390","Архив / Заявки и простои","Найти","Submit передал точное search-значение в GET /api/archive/items и показал пустой результат; архив не изменялся.","PASS","runtime-archive-readonly-actions.json"
"390","Архив / сводка простоев","Вкладки сводки","Все шесть локальных вкладок переключены; active-state и содержимое сводки видимы, дополнительных запросов и mutation нет.","PASS","runtime-archive-readonly-actions.json"
"390","Архив / сводка простоев","Открыть / browser Back","Сводка открылась после пяти read-only analytics GET; browser Back закрыл верхний sheet и сохранил поисковый контекст.","PASS","runtime-archive-readonly-actions.json"
"390","Архив / экспортная панель","Sheet content / UI Close / backdrop Close","Клик по content не закрыл sheet; header Close и backdrop закрыли только верхний слой, поисковый контекст сохранился.","PASS","runtime-archive-readonly-actions.json"
"390","Архив / экспортная панель","Открыть / browser Back","Экспортный sheet открылся; файлы не создавались; browser Back закрыл только верхний слой и сохранил фильтр.","PASS","runtime-archive-readonly-actions.json"
"390","Архив / Заявки и простои","Сбросить","Сброс очистил поиск и выполнил новый GET без search; mutation не выполнялась.","PASS","runtime-archive-readonly-actions.json"
"390","Архив / Заявки и простои","Сбросить фильтры","Отдельное действие пустого состояния очистило применённый search и загрузило первую страницу без параметра.","PASS","runtime-archive-readonly-actions.json"
"390","Архив / категории","Назад к разделам архива","UI Back вернул каталог архивных разделов после сброса.","PASS","runtime-archive-readonly-actions.json"
"430","Архив / Заявки и простои","Найти","Submit передал точное search-значение в GET /api/archive/items и показал пустой результат; архив не изменялся.","PASS","runtime-archive-readonly-actions.json"
"430","Архив / сводка простоев","Вкладки сводки","Все шесть локальных вкладок переключены; active-state и содержимое сводки видимы, дополнительных запросов и mutation нет.","PASS","runtime-archive-readonly-actions.json"
"430","Архив / сводка простоев","Открыть / browser Back","Сводка открылась после пяти read-only analytics GET; browser Back закрыл верхний sheet и сохранил поисковый контекст.","PASS","runtime-archive-readonly-actions.json"
"430","Архив / экспортная панель","Sheet content / UI Close / backdrop Close","Клик по content не закрыл sheet; header Close и backdrop закрыли только верхний слой, поисковый контекст сохранился.","PASS","runtime-archive-readonly-actions.json"
"430","Архив / экспортная панель","Открыть / browser Back","Экспортный sheet открылся; файлы не создавались; browser Back закрыл только верхний слой и сохранил фильтр.","PASS","runtime-archive-readonly-actions.json"
"430","Архив / Заявки и простои","Сбросить","Сброс очистил поиск и выполнил новый GET без search; mutation не выполнялась.","PASS","runtime-archive-readonly-actions.json"
"430","Архив / Заявки и простои","Сбросить фильтры","Отдельное действие пустого состояния очистило применённый search и загрузило первую страницу без параметра.","PASS","runtime-archive-readonly-actions.json"
"430","Архив / категории","Назад к разделам архива","UI Back вернул каталог архивных разделов после сброса.","PASS","runtime-archive-readonly-actions.json"
"desktop","Пересменка","Вкладки / пять фильтров / применить / сброс / Back","Точные GET/query и число карточек, пустая выдача, reopen, Back отбрасывает черновик; reset меняет draft, применение очищает GET. Detail/read и любые business mutations не выполнялись.","PASS","runtime-shift-log-filters.json"
"360","Пересменка","Вкладки / пять фильтров / применить / сброс / Back","Точные GET/query и число карточек, пустая выдача, reopen, Back отбрасывает черновик; reset меняет draft, применение очищает GET. Detail/read и любые business mutations не выполнялись.","PASS","runtime-shift-log-filters.json"
"390","Пересменка","Вкладки / пять фильтров / применить / сброс / Back","Точные GET/query и число карточек, пустая выдача, reopen, Back отбрасывает черновик; reset меняет draft, применение очищает GET. Detail/read и любые business mutations не выполнялись.","PASS","runtime-shift-log-filters.json"
"430","Пересменка","Вкладки / пять фильтров / применить / сброс / Back","Точные GET/query и число карточек, пустая выдача, reopen, Back отбрасывает черновик; reset меняет draft, применение очищает GET. Detail/read и любые business mutations не выполнялись.","PASS","runtime-shift-log-filters.json"
"desktop","Пересменка","Новая запись / черновик / dirty discard / Back","Native required validation без POST, поля заполнены, Остаться сохраняет, nested browser Back закрывает confirmation первым, явный discard удаляет локальный draft, reopen defaults. Успешный submit не проверен.","PASS","runtime-shift-log-draft.json"
"360","Пересменка","Новая запись / черновик / dirty discard / Back","Native required validation без POST, поля заполнены, Остаться сохраняет, nested browser Back закрывает confirmation первым, явный discard удаляет локальный draft, reopen defaults. Успешный submit не проверен.","PASS","runtime-shift-log-draft.json"
"390","Пересменка","Новая запись / черновик / dirty discard / Back","Native required validation без POST, поля заполнены, Остаться сохраняет, nested browser Back закрывает confirmation первым, явный discard удаляет локальный draft, reopen defaults. Успешный submit не проверен.","PASS","runtime-shift-log-draft.json"
"430","Пересменка","Новая запись / черновик / dirty discard / Back","Native required validation без POST, поля заполнены, Остаться сохраняет, nested browser Back закрывает confirmation первым, явный discard удаляет локальный draft, reopen defaults. Успешный submit не проверен.","PASS","runtime-shift-log-draft.json"
"desktop","Пересменка / создание","Подтвердить / ошибка / повторить / reload / открыть / browser Back","Controlled 409 remained visible inside the active form and retained every field. Retry sent the exact create payload, rendered the created card/detail after reload, and browser Back restored the list. Every shift-log mutation was intercepted; no backend record changed.","PASS","runtime-shift-log-create-outcome-isolated.json"
"360","Пересменка / создание","Подтвердить / ошибка / повторить / reload / открыть / browser Back","Controlled 409 remained visible inside the active form and retained every field. Retry sent the exact create payload, rendered the created card/detail after reload, and browser Back restored the list. Every shift-log mutation was intercepted; no backend record changed.","PASS","runtime-shift-log-create-outcome-isolated.json"
"390","Пересменка / создание","Подтвердить / ошибка / повторить / reload / открыть / browser Back","Controlled 409 remained visible inside the active form and retained every field. Retry sent the exact create payload, rendered the created card/detail after reload, and browser Back restored the list. Every shift-log mutation was intercepted; no backend record changed.","PASS","runtime-shift-log-create-outcome-isolated.json"
"430","Пересменка / создание","Подтвердить / ошибка / повторить / reload / открыть / browser Back","Controlled 409 remained visible inside the active form and retained every field. Retry sent the exact create payload, rendered the created card/detail after reload, and browser Back restored the list. Every shift-log mutation was intercepted; no backend record changed.","PASS","runtime-shift-log-create-outcome-isolated.json"
"desktop","Пересменка / комментарий и закрытие важного","Комментарий 409/retry/reload / Закрыть важное 409/retry/archive/reload / browser Back","Both controlled Russian rejections retained their exact values in the active forms. Retries sent exact payloads, the comment and closed status survived browser-memory reload, and browser Back restored the archive list. All writes were intercepted.","PASS","runtime-shift-log-comment-close-outcome-isolated.json"
"360","Пересменка / комментарий и закрытие важного","Комментарий 409/retry/reload / Закрыть важное 409/retry/archive/reload / browser Back","Both controlled Russian rejections retained their exact values in the active forms. Retries sent exact payloads, the comment and closed status survived browser-memory reload, and browser Back restored the archive list. All writes were intercepted.","PASS","runtime-shift-log-comment-close-outcome-isolated.json"
"390","Пересменка / комментарий и закрытие важного","Комментарий 409/retry/reload / Закрыть важное 409/retry/archive/reload / browser Back","Both controlled Russian rejections retained their exact values in the active forms. Retries sent exact payloads, the comment and closed status survived browser-memory reload, and browser Back restored the archive list. All writes were intercepted.","PASS","runtime-shift-log-comment-close-outcome-isolated.json"
"430","Пересменка / комментарий и закрытие важного","Комментарий 409/retry/reload / Закрыть важное 409/retry/archive/reload / browser Back","Both controlled Russian rejections retained their exact values in the active forms. Retries sent exact payloads, the comment and closed status survived browser-memory reload, and browser Back restored the archive list. All writes were intercepted.","PASS","runtime-shift-log-comment-close-outcome-isolated.json"
"desktop","Пересменка / файл","Загрузить 409 / сохранить выбор / повторить / reload / browser Back","The controlled Russian rejection kept the selected file in the active upload dialog. The retry sent the exact multipart context, the attachment survived the browser-memory reload and browser Back restored the list. Both upload commands were intercepted.","PASS","runtime-shift-log-attachment-rejection-isolated.json"
"360","Пересменка / файл","Загрузить 409 / сохранить выбор / повторить / reload / browser Back","The controlled Russian rejection kept the selected file in the active upload dialog. The retry sent the exact multipart context, the attachment survived the browser-memory reload and browser Back restored the list. Both upload commands were intercepted.","PASS","runtime-shift-log-attachment-rejection-isolated.json"
"390","Пересменка / файл","Загрузить 409 / сохранить выбор / повторить / reload / browser Back","The controlled Russian rejection kept the selected file in the active upload dialog. The retry sent the exact multipart context, the attachment survived the browser-memory reload and browser Back restored the list. Both upload commands were intercepted.","PASS","runtime-shift-log-attachment-rejection-isolated.json"
"430","Пересменка / файл","Загрузить 409 / сохранить выбор / повторить / reload / browser Back","The controlled Russian rejection kept the selected file in the active upload dialog. The retry sent the exact multipart context, the attachment survived the browser-memory reload and browser Back restored the list. Both upload commands were intercepted.","PASS","runtime-shift-log-attachment-rejection-isolated.json"
"desktop","Возвраты / Архив","Открыть / UI close / browser Back","Название и причина detail совпадают с выбранной карточкой; Back/UI close сохраняют список. На архивной карточке отсутствует В архив. Записи не изменялись.","PASS","runtime-returns-readonly.json"
"360","Возвраты / Архив","Открыть / UI close / browser Back","Название и причина detail совпадают с выбранной карточкой; Back/UI close сохраняют список. На архивной карточке отсутствует В архив. Записи не изменялись.","PASS","runtime-returns-readonly.json"
"390","Возвраты / Архив","Открыть / UI close / browser Back","Название и причина detail совпадают с выбранной карточкой; Back/UI close сохраняют список. На архивной карточке отсутствует В архив. Записи не изменялись.","PASS","runtime-returns-readonly.json"
"430","Возвраты / Архив","Открыть / UI close / browser Back","Название и причина detail совпадают с выбранной карточкой; Back/UI close сохраняют список. На архивной карточке отсутствует В архив. Записи не изменялись.","PASS","runtime-returns-readonly.json"
"desktop","Возвраты / новая публикация","Открыть / поля / validation / Отмена / browser Back / Закрыть","Поля title/reason/article/quantity/unit/line и две локальные ошибки доказаны; нижняя photo/action зона доступна. Cancel, browser Back и header Close возвращают Returns, повторное открытие очищает draft. POST/upload не выполнялись.","PASS","runtime-returns-create-draft.json"
"360","Возвраты / новая публикация","Открыть / поля / validation / Отмена / browser Back / Закрыть","Поля title/reason/article/quantity/unit/line и две локальные ошибки доказаны; нижняя photo/action зона доступна. Cancel, browser Back и header Close возвращают Returns, повторное открытие очищает draft. POST/upload не выполнялись.","PASS","runtime-returns-create-draft.json"
"390","Возвраты / новая публикация","Открыть / поля / validation / Отмена / browser Back / Закрыть","Поля title/reason/article/quantity/unit/line и две локальные ошибки доказаны; нижняя photo/action зона доступна. Cancel, browser Back и header Close возвращают Returns, повторное открытие очищает draft. POST/upload не выполнялись.","PASS","runtime-returns-create-draft.json"
"430","Возвраты / новая публикация","Открыть / поля / validation / Отмена / browser Back / Закрыть","Поля title/reason/article/quantity/unit/line и две локальные ошибки доказаны; нижняя photo/action зона доступна. Cancel, browser Back и header Close возвращают Returns, повторное открытие очищает draft. POST/upload не выполнялись.","PASS","runtime-returns-create-draft.json"
"desktop","Некондиция","Создать форму / поля / отмена","GET200, required quantity, optional name допускает valid draft без него, штуки/гофры; Остаться сохраняет draft, Back/discard и reopen defaults. POST не выполнялся, успешное создание не доказано.","PASS","runtime-stock-draft.json"
"360","Некондиция","Создать форму / поля / отмена","GET200, required quantity, optional name допускает valid draft без него, штуки/гофры; Остаться сохраняет draft, Back/discard и reopen defaults. POST не выполнялся, успешное создание не доказано.","PASS","runtime-stock-draft.json"
"390","Некондиция","Создать форму / поля / отмена","GET200, required quantity, optional name допускает valid draft без него, штуки/гофры; Остаться сохраняет draft, Back/discard и reopen defaults. POST не выполнялся, успешное создание не доказано.","PASS","runtime-stock-draft.json"
"430","Некондиция","Создать форму / поля / отмена","GET200, required quantity, optional name допускает valid draft без него, штуки/гофры; Остаться сохраняет draft, Back/discard и reopen defaults. POST не выполнялся, успешное создание не доказано.","PASS","runtime-stock-draft.json"
"desktop","Некондиция","Подробнее / browser Back / UI close","Back закрывает detail, экран и число карточек сохраняются; reopen той же карточки, UI close. Mutations не выполнялись.","PASS","runtime-stock-detail.json"
"360","Некондиция","Подробнее / browser Back / UI close","Back закрывает detail, экран и число карточек сохраняются; reopen той же карточки, UI close. Mutations не выполнялись.","PASS","runtime-stock-detail.json"
"390","Некондиция","Подробнее / browser Back / UI close","Back закрывает detail, экран и число карточек сохраняются; reopen той же карточки, UI close. Mutations не выполнялись.","PASS","runtime-stock-detail.json"
"430","Некондиция","Подробнее / browser Back / UI close","Back закрывает detail, экран и число карточек сохраняются; reopen той же карточки, UI close. Mutations не выполнялись.","PASS","runtime-stock-detail.json"
"desktop","Некондиция","Фото / Back / Отмена","Без файлов загрузка disabled; browser Back и отмена возвращают исходную карточку. Upload не выполнялся.","PASS","runtime-stock-photo-back.json"
"360","Некондиция","Фото / Back / Отмена","Без файлов загрузка disabled; browser Back и отмена возвращают исходную карточку. Upload не выполнялся.","PASS","runtime-stock-photo-back.json"
"390","Некондиция","Фото / Back / Отмена","Без файлов загрузка disabled; browser Back и отмена возвращают исходную карточку. Upload не выполнялся.","PASS","runtime-stock-photo-back.json"
"430","Некондиция","Фото / Back / Отмена","Без файлов загрузка disabled; browser Back и отмена возвращают исходную карточку. Upload не выполнялся.","PASS","runtime-stock-photo-back.json"
"desktop","Некондиция","Edit/Issue open / drafts / cancel","Edit stay сохраняет draft, Back/discard восстанавливает parent, reopen исходные значения; Issue required комментарий, cancel/discard/reopen пусто. PATCH/POST отсутствуют; Save/Issue success не проверены.","PASS","runtime-stock-edit-issue.json"
"360","Некондиция","Edit/Issue open / drafts / cancel","Edit stay сохраняет draft, Back/discard восстанавливает parent, reopen исходные значения; Issue required комментарий, cancel/discard/reopen пусто. PATCH/POST отсутствуют; Save/Issue success не проверены.","PASS","runtime-stock-edit-issue.json"
"390","Некондиция","Edit/Issue open / drafts / cancel","Edit stay сохраняет draft, Back/discard восстанавливает parent, reopen исходные значения; Issue required комментарий, cancel/discard/reopen пусто. PATCH/POST отсутствуют; Save/Issue success не проверены.","PASS","runtime-stock-edit-issue.json"
"430","Некондиция","Edit/Issue open / drafts / cancel","Edit stay сохраняет draft, Back/discard восстанавливает parent, reopen исходные значения; Issue required комментарий, cancel/discard/reopen пусто. PATCH/POST отсутствуют; Save/Issue success не проверены.","PASS","runtime-stock-edit-issue.json"
"desktop","Некондиция / редактирование и выдача","Сохранить / 409 / retry / reopen / reload / Выдать / Stay / retry / reload / browser Back","Exact edit and issue commands were intercepted in browser memory. Each controlled 409 retained the entered values; edit converged to the new name/quantity/unit and issue converged to ISSUED in list, metric and detail after reload. Backend persistence, authority, audit and physical Android behavior are not inferred.","PASS","runtime-stock-edit-issue-outcomes-isolated.json"
"360","Некондиция / редактирование и выдача","Сохранить / 409 / retry / reopen / reload / Выдать / Stay / retry / reload / browser Back","Exact edit and issue commands were intercepted in browser memory. Each controlled 409 retained the entered values; edit converged to the new name/quantity/unit and issue converged to ISSUED in list, metric and detail after reload. Backend persistence, authority, audit and physical Android behavior are not inferred.","PASS","runtime-stock-edit-issue-outcomes-isolated.json"
"390","Некондиция / редактирование и выдача","Сохранить / 409 / retry / reopen / reload / Выдать / Stay / retry / reload / browser Back","Exact edit and issue commands were intercepted in browser memory. Each controlled 409 retained the entered values; edit converged to the new name/quantity/unit and issue converged to ISSUED in list, metric and detail after reload. Backend persistence, authority, audit and physical Android behavior are not inferred.","PASS","runtime-stock-edit-issue-outcomes-isolated.json"
"430","Некондиция / редактирование и выдача","Сохранить / 409 / retry / reopen / reload / Выдать / Stay / retry / reload / browser Back","Exact edit and issue commands were intercepted in browser memory. Each controlled 409 retained the entered values; edit converged to the new name/quantity/unit and issue converged to ISSUED in list, metric and detail after reload. Backend persistence, authority, audit and physical Android behavior are not inferred.","PASS","runtime-stock-edit-issue-outcomes-isolated.json"
"desktop","Некондиция / архивирование","Архив / active list / reload","The exact archive POST with canonical operationId was intercepted once. Browser memory closed the detail, removed the active card, updated the count and preserved the empty active list after reload; no backend write occurred.","PASS","runtime-stock-archive-submit-isolated.json"
"360","Некондиция / архивирование","Архив / active list / reload","The exact archive POST with canonical operationId was intercepted once. Browser memory closed the detail, removed the active card, updated the count and preserved the empty active list after reload; no backend write occurred.","PASS","runtime-stock-archive-submit-isolated.json"
"390","Некондиция / архивирование","Архив / active list / reload","The exact archive POST with canonical operationId was intercepted once. Browser memory closed the detail, removed the active card, updated the count and preserved the empty active list after reload; no backend write occurred.","PASS","runtime-stock-archive-submit-isolated.json"
"430","Некондиция / архивирование","Архив / active list / reload","The exact archive POST with canonical operationId was intercepted once. Browser memory closed the detail, removed the active card, updated the count and preserved the empty active list after reload; no backend write occurred.","PASS","runtime-stock-archive-submit-isolated.json"
"desktop","Некондиция / создание","Поля / Создать / list / reload / detail Back","The shared ActionModal delivered the exact entered name, numeric quantity, unit and canonical operationId to one intercepted POST. Browser memory closed the form, updated list/count, survived reload and restored the card through detail Back; no backend write occurred. Name normalization is not inferred.","PASS","runtime-stock-create-submit-isolated.json"
"360","Некондиция / создание","Поля / Создать / list / reload / detail Back","The shared ActionModal delivered the exact entered name, numeric quantity, unit and canonical operationId to one intercepted POST. Browser memory closed the form, updated list/count, survived reload and restored the card through detail Back; no backend write occurred. Name normalization is not inferred.","PASS","runtime-stock-create-submit-isolated.json"
"390","Некондиция / создание","Поля / Создать / list / reload / detail Back","The shared ActionModal delivered the exact entered name, numeric quantity, unit and canonical operationId to one intercepted POST. Browser memory closed the form, updated list/count, survived reload and restored the card through detail Back; no backend write occurred. Name normalization is not inferred.","PASS","runtime-stock-create-submit-isolated.json"
"430","Некондиция / создание","Поля / Создать / list / reload / detail Back","The shared ActionModal delivered the exact entered name, numeric quantity, unit and canonical operationId to one intercepted POST. Browser memory closed the form, updated list/count, survived reload and restored the card through detail Back; no backend write occurred. Name normalization is not inferred.","PASS","runtime-stock-create-submit-isolated.json"
"desktop","Некондиция / вложение","Загрузить / counter / reload / detail / browser Back","A real PNG enabled upload; one intercepted multipart request carried STOCK_DEFECT/entity/photo metadata plus canonical operation UUID. Browser memory updated the card counter and rendered the attachment after reload and detail Back; no backend write occurred.","PASS","runtime-stock-attachment-upload-isolated.json"
"360","Некондиция / вложение","Загрузить / counter / reload / detail / browser Back","A real PNG enabled upload; one intercepted multipart request carried STOCK_DEFECT/entity/photo metadata plus canonical operation UUID. Browser memory updated the card counter and rendered the attachment after reload and detail Back; no backend write occurred.","PASS","runtime-stock-attachment-upload-isolated.json"
"390","Некондиция / вложение","Загрузить / counter / reload / detail / browser Back","A real PNG enabled upload; one intercepted multipart request carried STOCK_DEFECT/entity/photo metadata plus canonical operation UUID. Browser memory updated the card counter and rendered the attachment after reload and detail Back; no backend write occurred.","PASS","runtime-stock-attachment-upload-isolated.json"
"430","Некондиция / вложение","Загрузить / counter / reload / detail / browser Back","A real PNG enabled upload; one intercepted multipart request carried STOCK_DEFECT/entity/photo metadata plus canonical operation UUID. Browser memory updated the card counter and rendered the attachment after reload and detail Back; no backend write occurred.","PASS","runtime-stock-attachment-upload-isolated.json"
"desktop","ОКК / Архив","Открыть / Back / закрыть","Detail title соответствует карточке, 14 существующих полей, UI/browser Back сохраняют вкладку и число карточек; без mutations. Значения всех полей независимо от backend не сверены.","PASS","runtime-okk-readonly.json"
"desktop","ОКК / Активные записи","Открыть / Back / закрыть","Detail title соответствует карточке, 14 существующих полей, UI/browser Back сохраняют вкладку и число карточек; без mutations. Значения всех полей независимо от backend не сверены.","PASS","runtime-okk-readonly.json"
"360","ОКК / Архив","Открыть / Back / закрыть","Detail title соответствует карточке, 14 существующих полей, UI/browser Back сохраняют вкладку и число карточек; без mutations. Значения всех полей независимо от backend не сверены.","PASS","runtime-okk-readonly.json"
"360","ОКК / Активные записи","Открыть / Back / закрыть","Detail title соответствует карточке, 14 существующих полей, UI/browser Back сохраняют вкладку и число карточек; без mutations. Значения всех полей независимо от backend не сверены.","PASS","runtime-okk-readonly.json"
"390","ОКК / Архив","Открыть / Back / закрыть","Detail title соответствует карточке, 14 существующих полей, UI/browser Back сохраняют вкладку и число карточек; без mutations. Значения всех полей независимо от backend не сверены.","PASS","runtime-okk-readonly.json"
"390","ОКК / Активные записи","Открыть / Back / закрыть","Detail title соответствует карточке, 14 существующих полей, UI/browser Back сохраняют вкладку и число карточек; без mutations. Значения всех полей независимо от backend не сверены.","PASS","runtime-okk-readonly.json"
"430","ОКК / Архив","Открыть / Back / закрыть","Detail title соответствует карточке, 14 существующих полей, UI/browser Back сохраняют вкладку и число карточек; без mutations. Значения всех полей независимо от backend не сверены.","PASS","runtime-okk-readonly.json"
"430","ОКК / Активные записи","Открыть / Back / закрыть","Detail title соответствует карточке, 14 существующих полей, UI/browser Back сохраняют вкладку и число карточек; без mutations. Значения всех полей независимо от backend не сверены.","PASS","runtime-okk-readonly.json"
"desktop","ОКК / активная запись","Действия / draft / Отмена / Back","Нижние действия доступны; completion draft сохраняется после «Остаться», Back/discard возвращает parent; full-complete и attachment закрываются Back. POST/PATCH/DELETE отсутствуют; успешные mutations не проверены.","PASS","runtime-okk-actions-drafts.json"
"360","ОКК / активная запись","Действия / draft / Отмена / Back","Нижние действия доступны; completion draft сохраняется после «Остаться», Back/discard возвращает parent; full-complete и attachment закрываются Back. POST/PATCH/DELETE отсутствуют; успешные mutations не проверены.","PASS","runtime-okk-actions-drafts.json"
"390","ОКК / активная запись","Действия / draft / Отмена / Back","Нижние действия доступны; completion draft сохраняется после «Остаться», Back/discard возвращает parent; full-complete и attachment закрываются Back. POST/PATCH/DELETE отсутствуют; успешные mutations не проверены.","PASS","runtime-okk-actions-drafts.json"
"430","ОКК / активная запись","Действия / draft / Отмена / Back","Нижние действия доступны; completion draft сохраняется после «Остаться», Back/discard возвращает parent; full-complete и attachment закрываются Back. POST/PATCH/DELETE отсутствуют; успешные mutations не проверены.","PASS","runtime-okk-actions-drafts.json"
"desktop","ОКК / частичная выдача","Выдать часть / preview / Отмена / Back","Sheet показывает доступный остаток и preview, submit disabled до required input; UI cancel возвращает карточку, reopen очищает draft; browser/history Back после снятия keyboard focus закрывает sheet и возвращает ту же карточку. Выдача не выполнялась.","PASS","runtime-okk-create-release-drafts.json"
"desktop","ОКК / новый брак","Новый брак / required / draft / Отмена / Back","12 полей; Смена только День/Ночь; required form valid после заполнения; «Остаться» сохраняет draft, Back/discard возвращает экран. Создание не выполнялось.","PASS","runtime-okk-create-release-drafts.json"
"360","ОКК / частичная выдача","Выдать часть / preview / Отмена / Back","Sheet показывает доступный остаток и preview, submit disabled до required input; UI cancel возвращает карточку, reopen очищает draft; browser/history Back после снятия keyboard focus закрывает sheet и возвращает ту же карточку. Выдача не выполнялась.","PASS","runtime-okk-create-release-drafts.json"
"360","ОКК / новый брак","Новый брак / required / draft / Отмена / Back","12 полей; Смена только День/Ночь; required form valid после заполнения; «Остаться» сохраняет draft, Back/discard возвращает экран. Создание не выполнялось.","PASS","runtime-okk-create-release-drafts.json"
"390","ОКК / частичная выдача","Выдать часть / preview / Отмена / Back","Sheet показывает доступный остаток и preview, submit disabled до required input; UI cancel возвращает карточку, reopen очищает draft; browser/history Back после снятия keyboard focus закрывает sheet и возвращает ту же карточку. Выдача не выполнялась.","PASS","runtime-okk-create-release-drafts.json"
"390","ОКК / новый брак","Новый брак / required / draft / Отмена / Back","12 полей; Смена только День/Ночь; required form valid после заполнения; «Остаться» сохраняет draft, Back/discard возвращает экран. Создание не выполнялось.","PASS","runtime-okk-create-release-drafts.json"
"430","ОКК / частичная выдача","Выдать часть / preview / Отмена / Back","Sheet показывает доступный остаток и preview, submit disabled до required input; UI cancel возвращает карточку, reopen очищает draft; browser/history Back после снятия keyboard focus закрывает sheet и возвращает ту же карточку. Выдача не выполнялась.","PASS","runtime-okk-create-release-drafts.json"
"430","ОКК / новый брак","Новый брак / required / draft / Отмена / Back","12 полей; Смена только День/Ночь; required form valid после заполнения; «Остаться» сохраняет draft, Back/discard возвращает экран. Создание не выполнялось.","PASS","runtime-okk-create-release-drafts.json"
"desktop","ОКК / создание, частичная выдача и завершение","Создать / 409 / retry / release / completion 409 / Stay / retry / full-complete 409 / retry / archive / reload / browser Back","Exact browser-isolated commands retain rejected drafts, converge through the existing read model, and preserve the final archive after reload. Backend persistence, authority, audit, concurrency and physical Android behavior are not inferred.","PASS","runtime-okk-create-release-complete-outcomes-isolated.json"
"360","ОКК / создание, частичная выдача и завершение","Создать / 409 / retry / release / completion 409 / Stay / retry / full-complete 409 / retry / archive / reload / browser Back","Exact browser-isolated commands retain rejected drafts, converge through the existing read model, and preserve the final archive after reload. Backend persistence, authority, audit, concurrency and physical Android behavior are not inferred.","PASS","runtime-okk-create-release-complete-outcomes-isolated.json"
"390","ОКК / создание, частичная выдача и завершение","Создать / 409 / retry / release / completion 409 / Stay / retry / full-complete 409 / retry / archive / reload / browser Back","Exact browser-isolated commands retain rejected drafts, converge through the existing read model, and preserve the final archive after reload. Backend persistence, authority, audit, concurrency and physical Android behavior are not inferred.","PASS","runtime-okk-create-release-complete-outcomes-isolated.json"
"430","ОКК / создание, частичная выдача и завершение","Создать / 409 / retry / release / completion 409 / Stay / retry / full-complete 409 / retry / archive / reload / browser Back","Exact browser-isolated commands retain rejected drafts, converge through the existing read model, and preserve the final archive after reload. Backend persistence, authority, audit, concurrency and physical Android behavior are not inferred.","PASS","runtime-okk-create-release-complete-outcomes-isolated.json"
"desktop","ОКК / вложение","Загрузить / reload / detail / browser Back","A real PNG enabled upload; one intercepted multipart request carried OKK_RECORD/entity/photo metadata plus canonical operation UUID. Browser memory rendered the attachment after reload and detail Back; no backend write occurred.","PASS","runtime-okk-attachment-upload-isolated.json"
"360","ОКК / вложение","Загрузить / reload / detail / browser Back","A real PNG enabled upload; one intercepted multipart request carried OKK_RECORD/entity/photo metadata plus canonical operation UUID. Browser memory rendered the attachment after reload and detail Back; no backend write occurred.","PASS","runtime-okk-attachment-upload-isolated.json"
"390","ОКК / вложение","Загрузить / reload / detail / browser Back","A real PNG enabled upload; one intercepted multipart request carried OKK_RECORD/entity/photo metadata plus canonical operation UUID. Browser memory rendered the attachment after reload and detail Back; no backend write occurred.","PASS","runtime-okk-attachment-upload-isolated.json"
"430","ОКК / вложение","Загрузить / reload / detail / browser Back","A real PNG enabled upload; one intercepted multipart request carried OKK_RECORD/entity/photo metadata plus canonical operation UUID. Browser memory rendered the attachment after reload and detail Back; no backend write occurred.","PASS","runtime-okk-attachment-upload-isolated.json"
"desktop","Уведомления / источник","Открыть / auth-me / browser Back","auth/me 200, открыт canonical экран «Чек-листы», browser Back вернул ленту. Реальный read-POST отсутствовал из-за UI-SWEEP-044; навигация PASS не считается подтверждением read-mutation.","PASS","runtime-notifications-readonly.json"
"desktop","Уведомления","Bell / настройки / UI Back / browser Back","Bell Уведомления: 31 открыл ленту; settings UI Back и browser Back сначала возвращают разделы, затем закрывают sheet; screen Back возвращает Смену. Реальные read mutations не выполнялись.","PASS","runtime-notifications-readonly.json"
"360","Уведомления / источник","Открыть / auth-me / browser Back","auth/me 200, открыт canonical экран «Чек-листы», browser Back вернул ленту. Реальный read-POST отсутствовал из-за UI-SWEEP-044; навигация PASS не считается подтверждением read-mutation.","PASS","runtime-notifications-readonly.json"
"360","Уведомления","Bell / настройки / UI Back / browser Back","Bell Уведомления: 31 открыл ленту; settings UI Back и browser Back сначала возвращают разделы, затем закрывают sheet; screen Back возвращает Смену. Реальные read mutations не выполнялись.","PASS","runtime-notifications-readonly.json"
"390","Уведомления / источник","Открыть / auth-me / browser Back","auth/me 200, открыт canonical экран «Чек-листы», browser Back вернул ленту. Реальный read-POST отсутствовал из-за UI-SWEEP-044; навигация PASS не считается подтверждением read-mutation.","PASS","runtime-notifications-readonly.json"
"390","Уведомления","Bell / настройки / UI Back / browser Back","Bell Уведомления: 31 открыл ленту; settings UI Back и browser Back сначала возвращают разделы, затем закрывают sheet; screen Back возвращает Смену. Реальные read mutations не выполнялись.","PASS","runtime-notifications-readonly.json"
"430","Уведомления / источник","Открыть / auth-me / browser Back","auth/me 200, открыт canonical экран «Чек-листы», browser Back вернул ленту. Реальный read-POST отсутствовал из-за UI-SWEEP-044; навигация PASS не считается подтверждением read-mutation.","PASS","runtime-notifications-readonly.json"
"430","Уведомления","Bell / настройки / UI Back / browser Back","Bell Уведомления: 31 открыл ленту; settings UI Back и browser Back сначала возвращают разделы, затем закрывают sheet; screen Back возвращает Смену. Реальные read mutations не выполнялись.","PASS","runtime-notifications-readonly.json"
"desktop","Уведомления / прочтение","Отметить прочитанным / Отметить всё прочитанным / reload","The exact individual and bulk read POSTs were each intercepted once. The first card moved to read while the second remained unread, then bulk read disabled itself and both read states survived canonical reload. Backend persistence/RBAC/audit are not inferred.","PASS","runtime-notifications-read-submit-isolated.json"
"360","Уведомления / прочтение","Отметить прочитанным / Отметить всё прочитанным / reload","The exact individual and bulk read POSTs were each intercepted once. The first card moved to read while the second remained unread, then bulk read disabled itself and both read states survived canonical reload. Backend persistence/RBAC/audit are not inferred.","PASS","runtime-notifications-read-submit-isolated.json"
"390","Уведомления / прочтение","Отметить прочитанным / Отметить всё прочитанным / reload","The exact individual and bulk read POSTs were each intercepted once. The first card moved to read while the second remained unread, then bulk read disabled itself and both read states survived canonical reload. Backend persistence/RBAC/audit are not inferred.","PASS","runtime-notifications-read-submit-isolated.json"
"430","Уведомления / прочтение","Отметить прочитанным / Отметить всё прочитанным / reload","The exact individual and bulk read POSTs were each intercepted once. The first card moved to read while the second remained unread, then bulk read disabled itself and both read states survived canonical reload. Backend persistence/RBAC/audit are not inferred.","PASS","runtime-notifications-read-submit-isolated.json"
"desktop","Настройки / уведомления устройства","Включить уведомления / Отключить уведомления / browser Back","With Playwright-granted browser permission and a canonical unavailable push status, Enable stored only the local preference and showed the server fallback without subscribe. Disable sent one intercepted unsubscribe operation, cleared the preference and layered Back restored Shift. Physical permission and delivery are not inferred.","PASS","runtime-device-notification-toggle-isolated.json"
"360","Настройки / уведомления устройства","Включить уведомления / Отключить уведомления / browser Back","With Playwright-granted browser permission and a canonical unavailable push status, Enable stored only the local preference and showed the server fallback without subscribe. Disable sent one intercepted unsubscribe operation, cleared the preference and layered Back restored Shift. Physical permission and delivery are not inferred.","PASS","runtime-device-notification-toggle-isolated.json"
"390","Настройки / уведомления устройства","Включить уведомления / Отключить уведомления / browser Back","With Playwright-granted browser permission and a canonical unavailable push status, Enable stored only the local preference and showed the server fallback without subscribe. Disable sent one intercepted unsubscribe operation, cleared the preference and layered Back restored Shift. Physical permission and delivery are not inferred.","PASS","runtime-device-notification-toggle-isolated.json"
"430","Настройки / уведомления устройства","Включить уведомления / Отключить уведомления / browser Back","With Playwright-granted browser permission and a canonical unavailable push status, Enable stored only the local preference and showed the server fallback without subscribe. Disable sent one intercepted unsubscribe operation, cleared the preference and layered Back restored Shift. Physical permission and delivery are not inferred.","PASS","runtime-device-notification-toggle-isolated.json"
"desktop","Оттайка / список","Фильтр В работе","Фильтр стал active; карточек 8, пустое состояние проверено при нуле.","PASS","runtime-defrost-readonly.json"
"desktop","Оттайка / список","Фильтр На оттайке","Фильтр стал active; карточек 0, пустое состояние проверено при нуле.","PASS","runtime-defrost-readonly.json"
"desktop","Оттайка / действие","Поставить на оттайку / Закрыть / Back","Форма открылась, локальный комментарий очищен после UI Close; reopen и browser Back закрывают только modal. Выбор линии/POST не выполнялся.","PASS","runtime-defrost-readonly.json"
"desktop","Оттайка / действие","Обдул шоковую камеру / Закрыть / Back","Форма открылась, локальный комментарий очищен после UI Close; reopen и browser Back закрывают только modal. Выбор линии/POST не выполнялся.","PASS","runtime-defrost-readonly.json"
"desktop","Оттайка / действие","Запустить в работу / Закрыть / Back","Форма открылась, локальный комментарий очищен после UI Close; reopen и browser Back закрывают только modal. Выбор линии/POST не выполнялся.","PASS","runtime-defrost-readonly.json"
"desktop","Оттайка / календарь","Линия / месяц / дата / 30-60 / Back","Открыта точная линия; Назад/Вперёд/Сегодня меняют и восстанавливают месяц, дата выбирается, 30/60 active, browser Back и UI return сохраняют список/линию; только GET.","PASS","runtime-defrost-readonly.json"
"360","Оттайка / список","Фильтр В работе","Фильтр стал active; карточек 8, пустое состояние проверено при нуле.","PASS","runtime-defrost-readonly.json"
"360","Оттайка / список","Фильтр На оттайке","Фильтр стал active; карточек 0, пустое состояние проверено при нуле.","PASS","runtime-defrost-readonly.json"
"360","Оттайка / действие","Поставить на оттайку / Закрыть / Back","Форма открылась, локальный комментарий очищен после UI Close; reopen и browser Back закрывают только modal. Выбор линии/POST не выполнялся.","PASS","runtime-defrost-readonly.json"
"360","Оттайка / действие","Обдул шоковую камеру / Закрыть / Back","Форма открылась, локальный комментарий очищен после UI Close; reopen и browser Back закрывают только modal. Выбор линии/POST не выполнялся.","PASS","runtime-defrost-readonly.json"
"360","Оттайка / действие","Запустить в работу / Закрыть / Back","Форма открылась, локальный комментарий очищен после UI Close; reopen и browser Back закрывают только modal. Выбор линии/POST не выполнялся.","PASS","runtime-defrost-readonly.json"
"360","Оттайка / календарь","Линия / месяц / дата / 30-60 / Back","Открыта точная линия; Назад/Вперёд/Сегодня меняют и восстанавливают месяц, дата выбирается, 30/60 active, browser Back и UI return сохраняют список/линию; только GET.","PASS","runtime-defrost-readonly.json"
"390","Оттайка / список","Фильтр В работе","Фильтр стал active; карточек 8, пустое состояние проверено при нуле.","PASS","runtime-defrost-readonly.json"
"390","Оттайка / список","Фильтр На оттайке","Фильтр стал active; карточек 0, пустое состояние проверено при нуле.","PASS","runtime-defrost-readonly.json"
"390","Оттайка / действие","Поставить на оттайку / Закрыть / Back","Форма открылась, локальный комментарий очищен после UI Close; reopen и browser Back закрывают только modal. Выбор линии/POST не выполнялся.","PASS","runtime-defrost-readonly.json"
"390","Оттайка / действие","Обдул шоковую камеру / Закрыть / Back","Форма открылась, локальный комментарий очищен после UI Close; reopen и browser Back закрывают только modal. Выбор линии/POST не выполнялся.","PASS","runtime-defrost-readonly.json"
"390","Оттайка / действие","Запустить в работу / Закрыть / Back","Форма открылась, локальный комментарий очищен после UI Close; reopen и browser Back закрывают только modal. Выбор линии/POST не выполнялся.","PASS","runtime-defrost-readonly.json"
"390","Оттайка / календарь","Линия / месяц / дата / 30-60 / Back","Открыта точная линия; Назад/Вперёд/Сегодня меняют и восстанавливают месяц, дата выбирается, 30/60 active, browser Back и UI return сохраняют список/линию; только GET.","PASS","runtime-defrost-readonly.json"
"430","Оттайка / список","Фильтр В работе","Фильтр стал active; карточек 8, пустое состояние проверено при нуле.","PASS","runtime-defrost-readonly.json"
"430","Оттайка / список","Фильтр На оттайке","Фильтр стал active; карточек 0, пустое состояние проверено при нуле.","PASS","runtime-defrost-readonly.json"
"430","Оттайка / действие","Поставить на оттайку / Закрыть / Back","Форма открылась, локальный комментарий очищен после UI Close; reopen и browser Back закрывают только modal. Выбор линии/POST не выполнялся.","PASS","runtime-defrost-readonly.json"
"430","Оттайка / действие","Обдул шоковую камеру / Закрыть / Back","Форма открылась, локальный комментарий очищен после UI Close; reopen и browser Back закрывают только modal. Выбор линии/POST не выполнялся.","PASS","runtime-defrost-readonly.json"
"430","Оттайка / действие","Запустить в работу / Закрыть / Back","Форма открылась, локальный комментарий очищен после UI Close; reopen и browser Back закрывают только modal. Выбор линии/POST не выполнялся.","PASS","runtime-defrost-readonly.json"
"430","Оттайка / календарь","Линия / месяц / дата / 30-60 / Back","Открыта точная линия; Назад/Вперёд/Сегодня меняют и восстанавливают месяц, дата выбирается, 30/60 active, browser Back и UI return сохраняют список/линию; только GET.","PASS","runtime-defrost-readonly.json"
"desktop","Оттайка / обдув","Линия / POST / счётчик / reload / browser Back","The exact shock-chamber-blown POST carried the entered comment and canonical defrost-blow operationId. Browser memory updated the line counter, preserved it after reload and restored the list after modal browser Back; no backend write occurred.","PASS","runtime-defrost-blow-submit-isolated.json"
"360","Оттайка / обдув","Линия / POST / счётчик / reload / browser Back","The exact shock-chamber-blown POST carried the entered comment and canonical defrost-blow operationId. Browser memory updated the line counter, preserved it after reload and restored the list after modal browser Back; no backend write occurred.","PASS","runtime-defrost-blow-submit-isolated.json"
"390","Оттайка / обдув","Линия / POST / счётчик / reload / browser Back","The exact shock-chamber-blown POST carried the entered comment and canonical defrost-blow operationId. Browser memory updated the line counter, preserved it after reload and restored the list after modal browser Back; no backend write occurred.","PASS","runtime-defrost-blow-submit-isolated.json"
"430","Оттайка / обдув","Линия / POST / счётчик / reload / browser Back","The exact shock-chamber-blown POST carried the entered comment and canonical defrost-blow operationId. Browser memory updated the line counter, preserved it after reload and restored the list after modal browser Back; no backend write occurred.","PASS","runtime-defrost-blow-submit-isolated.json"
"desktop","Оттайка / начало и завершение","Поставить 409 / повторить / На оттайке / Запустить 409 / повторить / В работе / reload / browser Back","Both controlled Russian rejections retained their comments in the active modal. Exact start and complete retries updated only the intended browser-memory line state, which survived reload; browser Back closed the empty completion modal without a command. Backend persistence, authority, idempotency, audit, concurrency and physical Android behavior are not inferred.","PASS","runtime-defrost-start-complete-outcomes-isolated.json"
"360","Оттайка / начало и завершение","Поставить 409 / повторить / На оттайке / Запустить 409 / повторить / В работе / reload / browser Back","Both controlled Russian rejections retained their comments in the active modal. Exact start and complete retries updated only the intended browser-memory line state, which survived reload; browser Back closed the empty completion modal without a command. Backend persistence, authority, idempotency, audit, concurrency and physical Android behavior are not inferred.","PASS","runtime-defrost-start-complete-outcomes-isolated.json"
"390","Оттайка / начало и завершение","Поставить 409 / повторить / На оттайке / Запустить 409 / повторить / В работе / reload / browser Back","Both controlled Russian rejections retained their comments in the active modal. Exact start and complete retries updated only the intended browser-memory line state, which survived reload; browser Back closed the empty completion modal without a command. Backend persistence, authority, idempotency, audit, concurrency and physical Android behavior are not inferred.","PASS","runtime-defrost-start-complete-outcomes-isolated.json"
"430","Оттайка / начало и завершение","Поставить 409 / повторить / На оттайке / Запустить 409 / повторить / В работе / reload / browser Back","Both controlled Russian rejections retained their comments in the active modal. Exact start and complete retries updated only the intended browser-memory line state, which survived reload; browser Back closed the empty completion modal without a command. Backend persistence, authority, idempotency, audit, concurrency and physical Android behavior are not inferred.","PASS","runtime-defrost-start-complete-outcomes-isolated.json"
"desktop","Люди / список","Обновить","Отдельный refresh списка завершился GET 200, список снова доступен; mutation отсутствует.","PASS","runtime-people-readonly.json"
"desktop","Люди / список","Все / На смене / Вне смены","Active state, backend onShift query and visible row states checked; no mutations.","PASS","runtime-people-readonly.json"
"desktop","Люди / профиль","Строка сотрудника / Закрыть окно","Открыта точная карточка с фото в title panel и текущим назначением; UI close вернул список.","PASS","runtime-people-readonly.json"
"desktop","Люди / поиск","Повторить после ошибки","Первый directory GET получил изолированный 503, UI показал русскую ошибку; Повторить отправил новый GET к реальному backend, получил 200 и восстановил результаты.","PASS","runtime-people-readonly.json"
"desktop","Люди / навыки","Раскрыть / Добавить навык / отмена","Форма добавления открылась и вернулась в профиль без submit; доступных line options в текущем read-only runtime нет.","PASS","runtime-people-readonly.json"
"desktop","Люди / навыки","Изменить навык / discard","Локальное изменение опыта вызвало подтверждение discard; PATCH не выполнялся.","PASS","runtime-people-readonly.json"
"desktop","Люди / заметка","Добавить заметку / Stay / discard","Черновик сохраняется после Stay и закрывается только explicit discard; POST не выполнялся.","PASS","runtime-people-readonly.json"
"desktop","Люди / пароль","Сбросить пароль / discard","Форма причины открылась и закрылась через dirty confirmation; reset POST не выполнялся.","PASS","runtime-people-readonly.json"
"desktop","Люди / профиль / фото","Добавить фото / отменить локальный выбор","Локальный PNG выбран и показан до отправки, очистка input убрала preview и upload action; upload API не вызывался.","PASS","runtime-people-readonly.json"
"desktop","Люди / поиск","Категория / поиск / профиль / Обновить / Back / Очистить","Фильтр изменил summary, directory GET имел q+mode, открыл точного человека; refresh GET 200, browser Back восстановил список и search state, clear вернул русскую подсказку.","PASS","runtime-people-readonly.json"
"360","Люди / список","Обновить","Отдельный refresh списка завершился GET 200, список снова доступен; mutation отсутствует.","PASS","runtime-people-readonly.json"
"360","Люди / список","Все / На смене / Вне смены","Active state, backend onShift query and visible row states checked; no mutations.","PASS","runtime-people-readonly.json"
"360","Люди / профиль","Строка сотрудника / Закрыть окно","Открыта точная карточка с фото в title panel и текущим назначением; UI close вернул список.","PASS","runtime-people-readonly.json"
"360","Люди / поиск","Повторить после ошибки","Первый directory GET получил изолированный 503, UI показал русскую ошибку; Повторить отправил новый GET к реальному backend, получил 200 и восстановил результаты.","PASS","runtime-people-readonly.json"
"360","Люди / навыки","Раскрыть / Добавить навык / отмена","Форма добавления открылась и вернулась в профиль без submit; доступных line options в текущем read-only runtime нет.","PASS","runtime-people-readonly.json"
"360","Люди / навыки","Изменить навык / discard","Локальное изменение опыта вызвало подтверждение discard; PATCH не выполнялся.","PASS","runtime-people-readonly.json"
"360","Люди / заметка","Добавить заметку / Stay / discard","Черновик сохраняется после Stay и закрывается только explicit discard; POST не выполнялся.","PASS","runtime-people-readonly.json"
"360","Люди / пароль","Сбросить пароль / discard","Форма причины открылась и закрылась через dirty confirmation; reset POST не выполнялся.","PASS","runtime-people-readonly.json"
"360","Люди / профиль / фото","Добавить фото / отменить локальный выбор","Локальный PNG выбран и показан до отправки, очистка input убрала preview и upload action; upload API не вызывался.","PASS","runtime-people-readonly.json"
"360","Люди / поиск","Категория / поиск / профиль / Обновить / Back / Очистить","Фильтр изменил summary, directory GET имел q+mode, открыл точного человека; refresh GET 200, browser Back восстановил список и search state, clear вернул русскую подсказку.","PASS","runtime-people-readonly.json"
"390","Люди / список","Обновить","Отдельный refresh списка завершился GET 200, список снова доступен; mutation отсутствует.","PASS","runtime-people-readonly.json"
"390","Люди / список","Все / На смене / Вне смены","Active state, backend onShift query and visible row states checked; no mutations.","PASS","runtime-people-readonly.json"
"390","Люди / профиль","Строка сотрудника / Закрыть окно","Открыта точная карточка с фото в title panel и текущим назначением; UI close вернул список.","PASS","runtime-people-readonly.json"
"390","Люди / поиск","Повторить после ошибки","Первый directory GET получил изолированный 503, UI показал русскую ошибку; Повторить отправил новый GET к реальному backend, получил 200 и восстановил результаты.","PASS","runtime-people-readonly.json"
"390","Люди / навыки","Раскрыть / Добавить навык / отмена","Форма добавления открылась и вернулась в профиль без submit; доступных line options в текущем read-only runtime нет.","PASS","runtime-people-readonly.json"
"390","Люди / навыки","Изменить навык / discard","Локальное изменение опыта вызвало подтверждение discard; PATCH не выполнялся.","PASS","runtime-people-readonly.json"
"390","Люди / заметка","Добавить заметку / Stay / discard","Черновик сохраняется после Stay и закрывается только explicit discard; POST не выполнялся.","PASS","runtime-people-readonly.json"
"390","Люди / пароль","Сбросить пароль / discard","Форма причины открылась и закрылась через dirty confirmation; reset POST не выполнялся.","PASS","runtime-people-readonly.json"
"390","Люди / профиль / фото","Добавить фото / отменить локальный выбор","Локальный PNG выбран и показан до отправки, очистка input убрала preview и upload action; upload API не вызывался.","PASS","runtime-people-readonly.json"
"390","Люди / поиск","Категория / поиск / профиль / Обновить / Back / Очистить","Фильтр изменил summary, directory GET имел q+mode, открыл точного человека; refresh GET 200, browser Back восстановил список и search state, clear вернул русскую подсказку.","PASS","runtime-people-readonly.json"
"430","Люди / список","Обновить","Отдельный refresh списка завершился GET 200, список снова доступен; mutation отсутствует.","PASS","runtime-people-readonly.json"
"430","Люди / список","Все / На смене / Вне смены","Active state, backend onShift query and visible row states checked; no mutations.","PASS","runtime-people-readonly.json"
"430","Люди / профиль","Строка сотрудника / Закрыть окно","Открыта точная карточка с фото в title panel и текущим назначением; UI close вернул список.","PASS","runtime-people-readonly.json"
"430","Люди / поиск","Повторить после ошибки","Первый directory GET получил изолированный 503, UI показал русскую ошибку; Повторить отправил новый GET к реальному backend, получил 200 и восстановил результаты.","PASS","runtime-people-readonly.json"
"430","Люди / навыки","Раскрыть / Добавить навык / отмена","Форма добавления открылась и вернулась в профиль без submit; доступных line options в текущем read-only runtime нет.","PASS","runtime-people-readonly.json"
"430","Люди / навыки","Изменить навык / discard","Локальное изменение опыта вызвало подтверждение discard; PATCH не выполнялся.","PASS","runtime-people-readonly.json"
"430","Люди / заметка","Добавить заметку / Stay / discard","Черновик сохраняется после Stay и закрывается только explicit discard; POST не выполнялся.","PASS","runtime-people-readonly.json"
"430","Люди / пароль","Сбросить пароль / discard","Форма причины открылась и закрылась через dirty confirmation; reset POST не выполнялся.","PASS","runtime-people-readonly.json"
"430","Люди / профиль / фото","Добавить фото / отменить локальный выбор","Локальный PNG выбран и показан до отправки, очистка input убрала preview и upload action; upload API не вызывался.","PASS","runtime-people-readonly.json"
"430","Люди / поиск","Категория / поиск / профиль / Обновить / Back / Очистить","Фильтр изменил summary, directory GET имел q+mode, открыл точного человека; refresh GET 200, browser Back восстановил список и search state, clear вернул русскую подсказку.","PASS","runtime-people-readonly.json"
"desktop","Люди / навыки","Линия / Отмена / discard","Browser-only справочник содержит одну линию; выбор делает форму dirty, explicit discard возвращает профиль, POST не отправлен.","PASS","runtime-people-existing-controls-readonly.json"
"desktop","Люди / заметка","Изменить / UI Cancel / Stay / browser Back / discard","Existing text loaded; UI Cancel and browser Back open dirty confirmation, Stay preserves draft, discard closes, reopen restores original; PATCH absent.","PASS","runtime-people-existing-controls-readonly.json"
"desktop","Люди / заметка","Удалить / browser Back","Открыто отдельное подтверждение soft-delete; browser Back закрывает его первым и сохраняет профиль, DELETE отсутствует.","PASS","runtime-people-existing-controls-readonly.json"
"desktop","Люди / связанная заявка","Посмотреть заявку","Переход открыл раздел и сохранил taskId, но TasksScreen не читает zavod.taskHighlightId и не открыл точную карточку.","FAIL","runtime-people-existing-controls-readonly.json"
"desktop","Люди / связанная заявка","browser Back","Browser Back возвращает из Заявок к списку Людей; повторной mutation нет.","PASS","runtime-people-existing-controls-readonly.json"
"360","Люди / навыки","Линия / Отмена / discard","Browser-only справочник содержит одну линию; выбор делает форму dirty, explicit discard возвращает профиль, POST не отправлен.","PASS","runtime-people-existing-controls-readonly.json"
"360","Люди / заметка","Изменить / UI Cancel / Stay / browser Back / discard","Existing text loaded; UI Cancel and browser Back open dirty confirmation, Stay preserves draft, discard closes, reopen restores original; PATCH absent.","PASS","runtime-people-existing-controls-readonly.json"
"360","Люди / заметка","Удалить / browser Back","Открыто отдельное подтверждение soft-delete; browser Back закрывает его первым и сохраняет профиль, DELETE отсутствует.","PASS","runtime-people-existing-controls-readonly.json"
"360","Люди / связанная заявка","Посмотреть заявку","Переход открыл раздел и сохранил taskId, но TasksScreen не читает zavod.taskHighlightId и не открыл точную карточку.","FAIL","runtime-people-existing-controls-readonly.json"
"360","Люди / связанная заявка","browser Back","Browser Back возвращает из Заявок к списку Людей; повторной mutation нет.","PASS","runtime-people-existing-controls-readonly.json"
"390","Люди / навыки","Линия / Отмена / discard","Browser-only справочник содержит одну линию; выбор делает форму dirty, explicit discard возвращает профиль, POST не отправлен.","PASS","runtime-people-existing-controls-readonly.json"
"390","Люди / заметка","Изменить / UI Cancel / Stay / browser Back / discard","Existing text loaded; UI Cancel and browser Back open dirty confirmation, Stay preserves draft, discard closes, reopen restores original; PATCH absent.","PASS","runtime-people-existing-controls-readonly.json"
"390","Люди / заметка","Удалить / browser Back","Открыто отдельное подтверждение soft-delete; browser Back закрывает его первым и сохраняет профиль, DELETE отсутствует.","PASS","runtime-people-existing-controls-readonly.json"
"390","Люди / связанная заявка","Посмотреть заявку","Переход открыл раздел и сохранил taskId, но TasksScreen не читает zavod.taskHighlightId и не открыл точную карточку.","FAIL","runtime-people-existing-controls-readonly.json"
"390","Люди / связанная заявка","browser Back","Browser Back возвращает из Заявок к списку Людей; повторной mutation нет.","PASS","runtime-people-existing-controls-readonly.json"
"430","Люди / навыки","Линия / Отмена / discard","Browser-only справочник содержит одну линию; выбор делает форму dirty, explicit discard возвращает профиль, POST не отправлен.","PASS","runtime-people-existing-controls-readonly.json"
"430","Люди / заметка","Изменить / UI Cancel / Stay / browser Back / discard","Existing text loaded; UI Cancel and browser Back open dirty confirmation, Stay preserves draft, discard closes, reopen restores original; PATCH absent.","PASS","runtime-people-existing-controls-readonly.json"
"430","Люди / заметка","Удалить / browser Back","Открыто отдельное подтверждение soft-delete; browser Back закрывает его первым и сохраняет профиль, DELETE отсутствует.","PASS","runtime-people-existing-controls-readonly.json"
"430","Люди / связанная заявка","Посмотреть заявку","Переход открыл раздел и сохранил taskId, но TasksScreen не читает zavod.taskHighlightId и не открыл точную карточку.","FAIL","runtime-people-existing-controls-readonly.json"
"430","Люди / связанная заявка","browser Back","Browser Back возвращает из Заявок к списку Людей; повторной mutation нет.","PASS","runtime-people-existing-controls-readonly.json"
"desktop","Люди / фото профиля","Загрузить / reload / Удалить / reload / browser Back","One intercepted multipart upload carried the selected PNG, profile/list refresh rendered it after reload, one intercepted delete removed it after reload, and browser Back restored the people list. No backend write occurred.","PASS","runtime-people-profile-photo-actions-isolated.json"
"360","Люди / фото профиля","Загрузить / reload / Удалить / reload / browser Back","One intercepted multipart upload carried the selected PNG, profile/list refresh rendered it after reload, one intercepted delete removed it after reload, and browser Back restored the people list. No backend write occurred.","PASS","runtime-people-profile-photo-actions-isolated.json"
"390","Люди / фото профиля","Загрузить / reload / Удалить / reload / browser Back","One intercepted multipart upload carried the selected PNG, profile/list refresh rendered it after reload, one intercepted delete removed it after reload, and browser Back restored the people list. No backend write occurred.","PASS","runtime-people-profile-photo-actions-isolated.json"
"430","Люди / фото профиля","Загрузить / reload / Удалить / reload / browser Back","One intercepted multipart upload carried the selected PNG, profile/list refresh rendered it after reload, one intercepted delete removed it after reload, and browser Back restored the people list. No backend write occurred.","PASS","runtime-people-profile-photo-actions-isolated.json"
"desktop","Пересменка / важная запись","Открыть / Закрыть окно / Комментарий / Файл / Отмена / Загрузить / Закрыть важное / browser Back","The exact detail/read, nested comment, attachment cancel/upload, important-close draft and LIFO Back handlers ran against an isolated browser read model. Upload persisted after reload; all writes were intercepted and no backend record changed.","PASS","runtime-shift-log-detail-actions-isolated.json"
"360","Пересменка / важная запись","Открыть / Закрыть окно / Комментарий / Файл / Отмена / Загрузить / Закрыть важное / browser Back","The exact detail/read, nested comment, attachment cancel/upload, important-close draft and LIFO Back handlers ran against an isolated browser read model. Upload persisted after reload; all writes were intercepted and no backend record changed.","PASS","runtime-shift-log-detail-actions-isolated.json"
"390","Пересменка / важная запись","Открыть / Закрыть окно / Комментарий / Файл / Отмена / Загрузить / Закрыть важное / browser Back","The exact detail/read, nested comment, attachment cancel/upload, important-close draft and LIFO Back handlers ran against an isolated browser read model. Upload persisted after reload; all writes were intercepted and no backend record changed.","PASS","runtime-shift-log-detail-actions-isolated.json"
"430","Пересменка / важная запись","Открыть / Закрыть окно / Комментарий / Файл / Отмена / Загрузить / Закрыть важное / browser Back","The exact detail/read, nested comment, attachment cancel/upload, important-close draft and LIFO Back handlers ran against an isolated browser read model. Upload persisted after reload; all writes were intercepted and no backend record changed.","PASS","runtime-shift-log-detail-actions-isolated.json"
"desktop","Архив / оставшиеся действия","Уточнить время / Печать-PDF / Открыть источник вложения / source browser Back","The correction ActionModal opened above the summary sheet, preserved its dirty draft through Stay and discarded through the explicit UI flow; print fetched the selected rows, closed its sheet and called window.print once; attachment source navigation opened Tasks and browser Back restored the Archive catalogue. Archive data was browser-isolated and no API mutation occurred. Nested ActionModal browser-history timing remains bounded as UI-SWEEP-047 and is not inferred.","PASS","runtime-archive-remaining-actions-isolated.json"
"360","Архив / оставшиеся действия","Уточнить время / Печать-PDF / Открыть источник вложения / source browser Back","The correction ActionModal opened above the summary sheet, preserved its dirty draft through Stay and discarded through the explicit UI flow; print fetched the selected rows, closed its sheet and called window.print once; attachment source navigation opened Tasks and browser Back restored the Archive catalogue. Archive data was browser-isolated and no API mutation occurred. Nested ActionModal browser-history timing remains bounded as UI-SWEEP-047 and is not inferred.","PASS","runtime-archive-remaining-actions-isolated.json"
"390","Архив / оставшиеся действия","Уточнить время / Печать-PDF / Открыть источник вложения / source browser Back","The correction ActionModal opened above the summary sheet, preserved its dirty draft through Stay and discarded through the explicit UI flow; print fetched the selected rows, closed its sheet and called window.print once; attachment source navigation opened Tasks and browser Back restored the Archive catalogue. Archive data was browser-isolated and no API mutation occurred. Nested ActionModal browser-history timing remains bounded as UI-SWEEP-047 and is not inferred.","PASS","runtime-archive-remaining-actions-isolated.json"
"430","Архив / оставшиеся действия","Уточнить время / Печать-PDF / Открыть источник вложения / source browser Back","The correction ActionModal opened above the summary sheet, preserved its dirty draft through Stay and discarded through the explicit UI flow; print fetched the selected rows, closed its sheet and called window.print once; attachment source navigation opened Tasks and browser Back restored the Archive catalogue. Archive data was browser-isolated and no API mutation occurred. Nested ActionModal browser-history timing remains bounded as UI-SWEEP-047 and is not inferred.","PASS","runtime-archive-remaining-actions-isolated.json"
"desktop","Вход / регистрация","Локальная validation / browser Back","Empty login and mismatched registration rejected locally without request; browser Back returns to login, preserves phone and clears password fields.","PASS","runtime-factory-entry.json"
"desktop","Вход / выбор завода","Login / picker Back / reopen / Завод 4","Real login 201; automatic picker, browser Back, explicit reopen and /auth/me 200 open Завод 4 online. Only login POST occurred.","PASS","runtime-factory-entry.json"
"360","Вход / регистрация","Локальная validation / browser Back","Empty login and mismatched registration rejected locally without request; browser Back returns to login, preserves phone and clears password fields.","PASS","runtime-factory-entry.json"
"360","Вход / выбор завода","Login / picker Back / reopen / Завод 4","Real login 201; automatic picker, browser Back, explicit reopen and /auth/me 200 open Завод 4 online. Only login POST occurred.","PASS","runtime-factory-entry.json"
"390","Вход / регистрация","Локальная validation / browser Back","Empty login and mismatched registration rejected locally without request; browser Back returns to login, preserves phone and clears password fields.","PASS","runtime-factory-entry.json"
"390","Вход / выбор завода","Login / picker Back / reopen / Завод 4","Real login 201; automatic picker, browser Back, explicit reopen and /auth/me 200 open Завод 4 online. Only login POST occurred.","PASS","runtime-factory-entry.json"
"430","Вход / регистрация","Локальная validation / browser Back","Empty login and mismatched registration rejected locally without request; browser Back returns to login, preserves phone and clears password fields.","PASS","runtime-factory-entry.json"
"430","Вход / выбор завода","Login / picker Back / reopen / Завод 4","Real login 201; automatic picker, browser Back, explicit reopen and /auth/me 200 open Завод 4 online. Only login POST occurred.","PASS","runtime-factory-entry.json"
"desktop","Вход / регистрация","Зарегистрироваться / 409 / retry / guest picker / browser Back / reload","Exact anonymous registration payload was rejected once with a visible Russian error and retained fields, retried with the same operationId, opened the guest factory picker, survived browser Back and restored the picker through authenticated browser-memory bootstrap after reload. No backend user write occurred.","PASS","runtime-factory-registration-submit-outcome-isolated.json"
"360","Вход / регистрация","Зарегистрироваться / 409 / retry / guest picker / browser Back / reload","Exact anonymous registration payload was rejected once with a visible Russian error and retained fields, retried with the same operationId, opened the guest factory picker, survived browser Back and restored the picker through authenticated browser-memory bootstrap after reload. No backend user write occurred.","PASS","runtime-factory-registration-submit-outcome-isolated.json"
"390","Вход / регистрация","Зарегистрироваться / 409 / retry / guest picker / browser Back / reload","Exact anonymous registration payload was rejected once with a visible Russian error and retained fields, retried with the same operationId, opened the guest factory picker, survived browser Back and restored the picker through authenticated browser-memory bootstrap after reload. No backend user write occurred.","PASS","runtime-factory-registration-submit-outcome-isolated.json"
"430","Вход / регистрация","Зарегистрироваться / 409 / retry / guest picker / browser Back / reload","Exact anonymous registration payload was rejected once with a visible Russian error and retained fields, retried with the same operationId, opened the guest factory picker, survived browser Back and restored the picker through authenticated browser-memory bootstrap after reload. No backend user write occurred.","PASS","runtime-factory-registration-submit-outcome-isolated.json"
"desktop","Вход / обязательная смена пароля","Новый пароль / повтор / focus Back / layer Back / Назад ко входу","Browser-only login response opened the canonical forced-password form. Both local fields retained values after focus Back; layer Back and explicit return restored login and cleared the draft. Password-change POST was not invoked.","PASS","runtime-factory-forced-password-draft-readonly.json"
"360","Вход / обязательная смена пароля","Новый пароль / повтор / focus Back / layer Back / Назад ко входу","Browser-only login response opened the canonical forced-password form. Both local fields retained values after focus Back; layer Back and explicit return restored login and cleared the draft. Password-change POST was not invoked.","PASS","runtime-factory-forced-password-draft-readonly.json"
"390","Вход / обязательная смена пароля","Новый пароль / повтор / focus Back / layer Back / Назад ко входу","Browser-only login response opened the canonical forced-password form. Both local fields retained values after focus Back; layer Back and explicit return restored login and cleared the draft. Password-change POST was not invoked.","PASS","runtime-factory-forced-password-draft-readonly.json"
"430","Вход / обязательная смена пароля","Новый пароль / повтор / focus Back / layer Back / Назад ко входу","Browser-only login response opened the canonical forced-password form. Both local fields retained values after focus Back; layer Back and explicit return restored login and cleared the draft. Password-change POST was not invoked.","PASS","runtime-factory-forced-password-draft-readonly.json"
"desktop","Вход / обязательная смена пароля","Сохранить / validation / picker / reload / browser Back","Mismatch stayed local and sent no request. Exact set-password payload was intercepted once; the canonical factory picker opened, browser Back closed only it, and intercepted auth/me restored the picker after reload. No backend write occurred.","PASS","runtime-factory-forced-password-submit-isolated.json"
"360","Вход / обязательная смена пароля","Сохранить / validation / picker / reload / browser Back","Mismatch stayed local and sent no request. Exact set-password payload was intercepted once; the canonical factory picker opened, browser Back closed only it, and intercepted auth/me restored the picker after reload. No backend write occurred.","PASS","runtime-factory-forced-password-submit-isolated.json"
"390","Вход / обязательная смена пароля","Сохранить / validation / picker / reload / browser Back","Mismatch stayed local and sent no request. Exact set-password payload was intercepted once; the canonical factory picker opened, browser Back closed only it, and intercepted auth/me restored the picker after reload. No backend write occurred.","PASS","runtime-factory-forced-password-submit-isolated.json"
"430","Вход / обязательная смена пароля","Сохранить / validation / picker / reload / browser Back","Mismatch stayed local and sent no request. Exact set-password payload was intercepted once; the canonical factory picker opened, browser Back closed only it, and intercepted auth/me restored the picker after reload. No backend write occurred.","PASS","runtime-factory-forced-password-submit-isolated.json"
"desktop","Линии / выбор остановленной линии","Выбрать линию / action Back / picker preserved","A real stopped-line row opened the existing start draft; browser Back closed only the draft and restored the picker; no line write.","PASS","runtime-situation-readonly.json"
"desktop","Линии / выбор остановленной линии","Запустить новую линию / Отмена / browser Back","Picker opens without status mutation; UI cancel and browser Back close only the top layer and restore the line list.","PASS","runtime-situation-readonly.json"
"desktop","Линии / действие","Простой / browser Back","Existing action form opens and browser Back discards the local layer; confirm was not pressed and no line write occurred.","PASS","runtime-situation-readonly.json"
"desktop","Линии / действие","Остановить / browser Back","Existing action form opens and browser Back discards the local layer; confirm was not pressed and no line write occurred.","PASS","runtime-situation-readonly.json"
"desktop","Линии / действие","Вернуть в работу / browser Back","Existing action form opens and browser Back discards the local layer; confirm was not pressed and no line write occurred.","PASS","runtime-situation-readonly.json"
"desktop","Линии / detail","Прокрутка содержимого / sticky actions","Scrollable body exposes last event, active requests and current state while the action footer remains in the viewport.","PASS","runtime-situation-readonly.json"
"desktop","Линии / текущее состояние","Открыть / UI close / browser Back","Dashboard GET returned 200; both close paths restore the same line detail.","PASS","runtime-situation-readonly.json"
"desktop","Линии / история","Refresh / date / DAY-NIGHT / previous-next / UI close / browser Back","Exact request date/type, response selection, same line identity, selected UI/date and linked-task metric verified; arrows follow server navigation. Nested Back restores same detail. Backend time/aggregation formulas not proved.","PASS","runtime-situation-readonly.json"
"desktop","Линии / detail","Подробнее / Обновить / UI close / browser Back","Exact line dashboard GET returned 200, refresh preserved the card, and both close paths restored the list.","PASS","runtime-situation-readonly.json"
"360","Линии / выбор остановленной линии","Выбрать линию / action Back / picker preserved","A real stopped-line row opened the existing start draft; browser Back closed only the draft and restored the picker; no line write.","PASS","runtime-situation-readonly.json"
"360","Линии / выбор остановленной линии","Запустить новую линию / Отмена / browser Back","Picker opens without status mutation; UI cancel and browser Back close only the top layer and restore the line list.","PASS","runtime-situation-readonly.json"
"360","Линии / действие","Простой / browser Back","Existing action form opens and browser Back discards the local layer; confirm was not pressed and no line write occurred.","PASS","runtime-situation-readonly.json"
"360","Линии / действие","Остановить / browser Back","Existing action form opens and browser Back discards the local layer; confirm was not pressed and no line write occurred.","PASS","runtime-situation-readonly.json"
"360","Линии / действие","Вернуть в работу / browser Back","Existing action form opens and browser Back discards the local layer; confirm was not pressed and no line write occurred.","PASS","runtime-situation-readonly.json"
"360","Линии / detail","Прокрутка содержимого / sticky actions","Scrollable body exposes last event, active requests and current state while the action footer remains in the viewport.","PASS","runtime-situation-readonly.json"
"360","Линии / текущее состояние","Открыть / UI close / browser Back","Dashboard GET returned 200; both close paths restore the same line detail.","PASS","runtime-situation-readonly.json"
"360","Линии / история","Refresh / date / DAY-NIGHT / previous-next / UI close / browser Back","Exact request date/type, response selection, same line identity, selected UI/date and linked-task metric verified; arrows follow server navigation. Nested Back restores same detail. Backend time/aggregation formulas not proved.","PASS","runtime-situation-readonly.json"
"360","Линии / detail","Подробнее / Обновить / UI close / browser Back","Exact line dashboard GET returned 200, refresh preserved the card, and both close paths restored the list.","PASS","runtime-situation-readonly.json"
"390","Линии / выбор остановленной линии","Выбрать линию / action Back / picker preserved","A real stopped-line row opened the existing start draft; browser Back closed only the draft and restored the picker; no line write.","PASS","runtime-situation-readonly.json"
"390","Линии / выбор остановленной линии","Запустить новую линию / Отмена / browser Back","Picker opens without status mutation; UI cancel and browser Back close only the top layer and restore the line list.","PASS","runtime-situation-readonly.json"
"390","Линии / действие","Простой / browser Back","Existing action form opens and browser Back discards the local layer; confirm was not pressed and no line write occurred.","PASS","runtime-situation-readonly.json"
"390","Линии / действие","Остановить / browser Back","Existing action form opens and browser Back discards the local layer; confirm was not pressed and no line write occurred.","PASS","runtime-situation-readonly.json"
"390","Линии / действие","Вернуть в работу / browser Back","Existing action form opens and browser Back discards the local layer; confirm was not pressed and no line write occurred.","PASS","runtime-situation-readonly.json"
"390","Линии / detail","Прокрутка содержимого / sticky actions","Scrollable body exposes last event, active requests and current state while the action footer remains in the viewport.","PASS","runtime-situation-readonly.json"
"390","Линии / текущее состояние","Открыть / UI close / browser Back","Dashboard GET returned 200; both close paths restore the same line detail.","PASS","runtime-situation-readonly.json"
"390","Линии / история","Refresh / date / DAY-NIGHT / previous-next / UI close / browser Back","Exact request date/type, response selection, same line identity, selected UI/date and linked-task metric verified; arrows follow server navigation. Nested Back restores same detail. Backend time/aggregation formulas not proved.","PASS","runtime-situation-readonly.json"
"390","Линии / detail","Подробнее / Обновить / UI close / browser Back","Exact line dashboard GET returned 200, refresh preserved the card, and both close paths restored the list.","PASS","runtime-situation-readonly.json"
"430","Линии / выбор остановленной линии","Выбрать линию / action Back / picker preserved","A real stopped-line row opened the existing start draft; browser Back closed only the draft and restored the picker; no line write.","PASS","runtime-situation-readonly.json"
"430","Линии / выбор остановленной линии","Запустить новую линию / Отмена / browser Back","Picker opens without status mutation; UI cancel and browser Back close only the top layer and restore the line list.","PASS","runtime-situation-readonly.json"
"430","Линии / действие","Простой / browser Back","Existing action form opens and browser Back discards the local layer; confirm was not pressed and no line write occurred.","PASS","runtime-situation-readonly.json"
"430","Линии / действие","Остановить / browser Back","Existing action form opens and browser Back discards the local layer; confirm was not pressed and no line write occurred.","PASS","runtime-situation-readonly.json"
"430","Линии / действие","Вернуть в работу / browser Back","Existing action form opens and browser Back discards the local layer; confirm was not pressed and no line write occurred.","PASS","runtime-situation-readonly.json"
"430","Линии / detail","Прокрутка содержимого / sticky actions","Scrollable body exposes last event, active requests and current state while the action footer remains in the viewport.","PASS","runtime-situation-readonly.json"
"430","Линии / текущее состояние","Открыть / UI close / browser Back","Dashboard GET returned 200; both close paths restore the same line detail.","PASS","runtime-situation-readonly.json"
"430","Линии / история","Refresh / date / DAY-NIGHT / previous-next / UI close / browser Back","Exact request date/type, response selection, same line identity, selected UI/date and linked-task metric verified; arrows follow server navigation. Nested Back restores same detail. Backend time/aggregation formulas not proved.","PASS","runtime-situation-readonly.json"
"430","Линии / detail","Подробнее / Обновить / UI close / browser Back","Exact line dashboard GET returned 200, refresh preserved the card, and both close paths restored the list.","PASS","runtime-situation-readonly.json"
"desktop","Линии / секция оттайки","Открыть раздел оттайки / browser Back","Canonical navigation opened Defrost and browser Back restored the Lines screen; no line, wash or defrost write occurred.","PASS","runtime-situation-navigation-readonly.json"
"desktop","Линии / секция мойки","Открыть раздел мойки / browser Back","Canonical navigation opened Wash and browser Back restored the Lines screen; no line, wash or defrost write occurred.","PASS","runtime-situation-navigation-readonly.json"
"desktop","Линии / карточка","Название линии / detail / browser Back","The title link opened the exact line dashboard with GET 200; browser Back restored the same list card.","PASS","runtime-situation-navigation-readonly.json"
"desktop","Линии / карточка","Подробнее / detail / browser Back","The explicit detail button opened the exact line dashboard with GET 200; browser Back restored the same list card.","PASS","runtime-situation-navigation-readonly.json"
"desktop","Линии / состав и люди","Состав и люди / dashboard Back / screen Back","The existing assignment context opened the exact line dashboard in Shift; first Back closed the dashboard, second Back restored Lines; no assignment or line write occurred.","PASS","runtime-situation-navigation-readonly.json"
"360","Линии / секция оттайки","Открыть раздел оттайки / browser Back","Canonical navigation opened Defrost and browser Back restored the Lines screen; no line, wash or defrost write occurred.","PASS","runtime-situation-navigation-readonly.json"
"360","Линии / секция мойки","Открыть раздел мойки / browser Back","Canonical navigation opened Wash and browser Back restored the Lines screen; no line, wash or defrost write occurred.","PASS","runtime-situation-navigation-readonly.json"
"360","Линии / карточка","Название линии / detail / browser Back","The title link opened the exact line dashboard with GET 200; browser Back restored the same list card.","PASS","runtime-situation-navigation-readonly.json"
"360","Линии / карточка","Подробнее / detail / browser Back","The explicit detail button opened the exact line dashboard with GET 200; browser Back restored the same list card.","PASS","runtime-situation-navigation-readonly.json"
"360","Линии / состав и люди","Состав и люди / dashboard Back / screen Back","The existing assignment context opened the exact line dashboard in Shift; first Back closed the dashboard, second Back restored Lines; no assignment or line write occurred.","PASS","runtime-situation-navigation-readonly.json"
"390","Линии / секция оттайки","Открыть раздел оттайки / browser Back","Canonical navigation opened Defrost and browser Back restored the Lines screen; no line, wash or defrost write occurred.","PASS","runtime-situation-navigation-readonly.json"
"390","Линии / секция мойки","Открыть раздел мойки / browser Back","Canonical navigation opened Wash and browser Back restored the Lines screen; no line, wash or defrost write occurred.","PASS","runtime-situation-navigation-readonly.json"
"390","Линии / карточка","Название линии / detail / browser Back","The title link opened the exact line dashboard with GET 200; browser Back restored the same list card.","PASS","runtime-situation-navigation-readonly.json"
"390","Линии / карточка","Подробнее / detail / browser Back","The explicit detail button opened the exact line dashboard with GET 200; browser Back restored the same list card.","PASS","runtime-situation-navigation-readonly.json"
"390","Линии / состав и люди","Состав и люди / dashboard Back / screen Back","The existing assignment context opened the exact line dashboard in Shift; first Back closed the dashboard, second Back restored Lines; no assignment or line write occurred.","PASS","runtime-situation-navigation-readonly.json"
"430","Линии / секция оттайки","Открыть раздел оттайки / browser Back","Canonical navigation opened Defrost and browser Back restored the Lines screen; no line, wash or defrost write occurred.","PASS","runtime-situation-navigation-readonly.json"
"430","Линии / секция мойки","Открыть раздел мойки / browser Back","Canonical navigation opened Wash and browser Back restored the Lines screen; no line, wash or defrost write occurred.","PASS","runtime-situation-navigation-readonly.json"
"430","Линии / карточка","Название линии / detail / browser Back","The title link opened the exact line dashboard with GET 200; browser Back restored the same list card.","PASS","runtime-situation-navigation-readonly.json"
"430","Линии / карточка","Подробнее / detail / browser Back","The explicit detail button opened the exact line dashboard with GET 200; browser Back restored the same list card.","PASS","runtime-situation-navigation-readonly.json"
"430","Линии / состав и люди","Состав и люди / dashboard Back / screen Back","The existing assignment context opened the exact line dashboard in Shift; first Back closed the dashboard, second Back restored Lines; no assignment or line write occurred.","PASS","runtime-situation-navigation-readonly.json"
"desktop","Линии / карточка оттайки","Открыть оттайку / browser Back","Переход открыл Оттайку и Back вернул список Линий; событий оттайки не создавалось.","PASS","runtime-situation-service-state-controls-readonly.json"
"desktop","Линии / карточка мойки","Открыть мойку / layered browser Back","Переход открыл существующую Мойку; Back закрыл возможный detail раньше экрана и вернул Линии; writes отсутствуют.","PASS","runtime-situation-service-state-controls-readonly.json"
"desktop","Линии / мойка / detail","Подробнее / Открыть мойку / layered Back","Карточка мойки открыла exact line dashboard; sticky action открыл Мойку; Back вернул Линии без mutation.","PASS","runtime-situation-service-state-controls-readonly.json"
"desktop","Линии / оттайка / detail","Открыть оттайку / browser Back","Sticky action из exact line dashboard открыл Оттайку; Back вернул Линии, write отсутствует.","PASS","runtime-situation-service-state-controls-readonly.json"
"desktop","Линии / остановленная / detail","Вернуть в работу / focus Back / layer Back","Локальная форма открылась; Back снял фокус и затем закрыл только форму, сохранив detail; статус не менялся.","PASS","runtime-situation-service-state-controls-readonly.json"
"desktop","Линии / история","Открыть источник оттайки / browser Back","Timeline event source открыл Оттайку; Back вернул Линии; source event и данные не менялись.","PASS","runtime-situation-service-state-controls-readonly.json"
"360","Линии / карточка оттайки","Открыть оттайку / browser Back","Переход открыл Оттайку и Back вернул список Линий; событий оттайки не создавалось.","PASS","runtime-situation-service-state-controls-readonly.json"
"360","Линии / карточка мойки","Открыть мойку / layered browser Back","Переход открыл существующую Мойку; Back закрыл возможный detail раньше экрана и вернул Линии; writes отсутствуют.","PASS","runtime-situation-service-state-controls-readonly.json"
"360","Линии / мойка / detail","Подробнее / Открыть мойку / layered Back","Карточка мойки открыла exact line dashboard; sticky action открыл Мойку; Back вернул Линии без mutation.","PASS","runtime-situation-service-state-controls-readonly.json"
"360","Линии / оттайка / detail","Открыть оттайку / browser Back","Sticky action из exact line dashboard открыл Оттайку; Back вернул Линии, write отсутствует.","PASS","runtime-situation-service-state-controls-readonly.json"
"360","Линии / остановленная / detail","Вернуть в работу / focus Back / layer Back","Локальная форма открылась; Back снял фокус и затем закрыл только форму, сохранив detail; статус не менялся.","PASS","runtime-situation-service-state-controls-readonly.json"
"360","Линии / история","Открыть источник оттайки / browser Back","Timeline event source открыл Оттайку; Back вернул Линии; source event и данные не менялись.","PASS","runtime-situation-service-state-controls-readonly.json"
"390","Линии / карточка оттайки","Открыть оттайку / browser Back","Переход открыл Оттайку и Back вернул список Линий; событий оттайки не создавалось.","PASS","runtime-situation-service-state-controls-readonly.json"
"390","Линии / карточка мойки","Открыть мойку / layered browser Back","Переход открыл существующую Мойку; Back закрыл возможный detail раньше экрана и вернул Линии; writes отсутствуют.","PASS","runtime-situation-service-state-controls-readonly.json"
"390","Линии / мойка / detail","Подробнее / Открыть мойку / layered Back","Карточка мойки открыла exact line dashboard; sticky action открыл Мойку; Back вернул Линии без mutation.","PASS","runtime-situation-service-state-controls-readonly.json"
"390","Линии / оттайка / detail","Открыть оттайку / browser Back","Sticky action из exact line dashboard открыл Оттайку; Back вернул Линии, write отсутствует.","PASS","runtime-situation-service-state-controls-readonly.json"
"390","Линии / остановленная / detail","Вернуть в работу / focus Back / layer Back","Локальная форма открылась; Back снял фокус и затем закрыл только форму, сохранив detail; статус не менялся.","PASS","runtime-situation-service-state-controls-readonly.json"
"390","Линии / история","Открыть источник оттайки / browser Back","Timeline event source открыл Оттайку; Back вернул Линии; source event и данные не менялись.","PASS","runtime-situation-service-state-controls-readonly.json"
"430","Линии / карточка оттайки","Открыть оттайку / browser Back","Переход открыл Оттайку и Back вернул список Линий; событий оттайки не создавалось.","PASS","runtime-situation-service-state-controls-readonly.json"
"430","Линии / карточка мойки","Открыть мойку / layered browser Back","Переход открыл существующую Мойку; Back закрыл возможный detail раньше экрана и вернул Линии; writes отсутствуют.","PASS","runtime-situation-service-state-controls-readonly.json"
"430","Линии / мойка / detail","Подробнее / Открыть мойку / layered Back","Карточка мойки открыла exact line dashboard; sticky action открыл Мойку; Back вернул Линии без mutation.","PASS","runtime-situation-service-state-controls-readonly.json"
"430","Линии / оттайка / detail","Открыть оттайку / browser Back","Sticky action из exact line dashboard открыл Оттайку; Back вернул Линии, write отсутствует.","PASS","runtime-situation-service-state-controls-readonly.json"
"430","Линии / остановленная / detail","Вернуть в работу / focus Back / layer Back","Локальная форма открылась; Back снял фокус и затем закрыл только форму, сохранив detail; статус не менялся.","PASS","runtime-situation-service-state-controls-readonly.json"
"430","Линии / история","Открыть источник оттайки / browser Back","Timeline event source открыл Оттайку; Back вернул Линии; source event и данные не менялись.","PASS","runtime-situation-service-state-controls-readonly.json"
"desktop","Линии / состав не настроен","Настроить состав / exact Shift dashboard / layered browser Back","Ненастроенная линия открыла свой управляющий dashboard в Смене; первый Back закрыл dashboard, второй вернул Линии; API writes отсутствуют.","PASS","runtime-situation-composition-navigation-readonly.json"
"360","Линии / состав не настроен","Настроить состав / exact Shift dashboard / layered browser Back","Ненастроенная линия открыла свой управляющий dashboard в Смене; первый Back закрыл dashboard, второй вернул Линии; API writes отсутствуют.","PASS","runtime-situation-composition-navigation-readonly.json"
"390","Линии / состав не настроен","Настроить состав / exact Shift dashboard / layered browser Back","Ненастроенная линия открыла свой управляющий dashboard в Смене; первый Back закрыл dashboard, второй вернул Линии; API writes отсутствуют.","PASS","runtime-situation-composition-navigation-readonly.json"
"430","Линии / состав не настроен","Настроить состав / exact Shift dashboard / layered browser Back","Ненастроенная линия открыла свой управляющий dashboard в Смене; первый Back закрыл dashboard, второй вернул Линии; API writes отсутствуют.","PASS","runtime-situation-composition-navigation-readonly.json"
"desktop","Линии / ошибка загрузки","Повторить / GET 200 / browser Back","Одноразовый 503 показал русскую ошибку и Retry; повтор загрузил реальные линии с HTTP 200, а Back восстановил Архив; API writes отсутствуют.","PASS","runtime-situation-retry-readonly.json"
"360","Линии / ошибка загрузки","Повторить / GET 200 / browser Back","Одноразовый 503 показал русскую ошибку и Retry; повтор загрузил реальные линии с HTTP 200, а Back восстановил Архив; API writes отсутствуют.","PASS","runtime-situation-retry-readonly.json"
"390","Линии / ошибка загрузки","Повторить / GET 200 / browser Back","Одноразовый 503 показал русскую ошибку и Retry; повтор загрузил реальные линии с HTTP 200, а Back восстановил Архив; API writes отсутствуют.","PASS","runtime-situation-retry-readonly.json"
"430","Линии / ошибка загрузки","Повторить / GET 200 / browser Back","Одноразовый 503 показал русскую ошибку и Retry; повтор загрузил реальные линии с HTTP 200, а Back восстановил Архив; API writes отсутствуют.","PASS","runtime-situation-retry-readonly.json"
"desktop","Мойка / списки","Задания / Архив / Активные","All three list modes rendered and Active was restored without opening a record or changing server state.","PASS","runtime-wash-readonly.json"
"desktop","Мойка / новое задание","Создать задание / Отмена","The canonical request form opened and an untouched explicit Cancel restored the wash list; submit/upload were not exercised.","PASS","runtime-wash-readonly.json"
"desktop","Мойка / начать","Другое / поля / focus Back / layer Back / Линия / Закрыть / Отмена","The custom start form kept all edits local; first Back blurred the focused textarea, second Back closed the layer, and header Close/footer Cancel also reset the form.","PASS","runtime-wash-readonly.json"
"desktop","Мойка / активная","Все вкладки detail / Обзор","Every role-visible detail tab selected its own panel and Overview was restored; no action or archive mutation ran.","PASS","runtime-wash-readonly.json"
"desktop","Мойка / локальное действие","Фото / комментарий / Отмена","The untouched local action opened and explicit Cancel restored the same wash detail without submit.","PASS","runtime-wash-readonly.json"
"desktop","Мойка / локальное действие","Проблема / Отмена","The untouched local action opened and explicit Cancel restored the same wash detail without submit.","PASS","runtime-wash-readonly.json"
"desktop","Мойка / локальное действие","Задание / Отмена","The untouched local action opened and explicit Cancel restored the same wash detail without submit.","PASS","runtime-wash-readonly.json"
"desktop","Мойка / локальное действие","ОКК-проверка / Отмена","The untouched local action opened and explicit Cancel restored the same wash detail without submit.","PASS","runtime-wash-readonly.json"
"desktop","Мойка / локальное действие","Завершить мойку / Отмена","The untouched local action opened and explicit Cancel restored the same wash detail without submit.","PASS","runtime-wash-readonly.json"
"desktop","Мойка / ОКК","Рейтинг 7 / Отмена / reset","Rating 7 visibly selected in the local review form; Cancel closed it and reset the external rating state without submit.","PASS","runtime-wash-readonly.json"
"desktop","Мойка / активная","Открыть / browser Back / Назад к мойкам","The same ordinary active session opened twice; browser Back and explicit UI Back each restored the active list.","PASS","runtime-wash-readonly.json"
"360","Мойка / списки","Задания / Архив / Активные","All three list modes rendered and Active was restored without opening a record or changing server state.","PASS","runtime-wash-readonly.json"
"360","Мойка / новое задание","Создать задание / Отмена","The canonical request form opened and an untouched explicit Cancel restored the wash list; submit/upload were not exercised.","PASS","runtime-wash-readonly.json"
"360","Мойка / начать","Другое / поля / focus Back / layer Back / Линия / Закрыть / Отмена","The custom start form kept all edits local; first Back blurred the focused textarea, second Back closed the layer, and header Close/footer Cancel also reset the form.","PASS","runtime-wash-readonly.json"
"360","Мойка / активная","Все вкладки detail / Обзор","Every role-visible detail tab selected its own panel and Overview was restored; no action or archive mutation ran.","PASS","runtime-wash-readonly.json"
"360","Мойка / локальное действие","Фото / комментарий / Отмена","The untouched local action opened and explicit Cancel restored the same wash detail without submit.","PASS","runtime-wash-readonly.json"
"360","Мойка / локальное действие","Проблема / Отмена","The untouched local action opened and explicit Cancel restored the same wash detail without submit.","PASS","runtime-wash-readonly.json"
"360","Мойка / локальное действие","Задание / Отмена","The untouched local action opened and explicit Cancel restored the same wash detail without submit.","PASS","runtime-wash-readonly.json"
"360","Мойка / локальное действие","ОКК-проверка / Отмена","The untouched local action opened and explicit Cancel restored the same wash detail without submit.","PASS","runtime-wash-readonly.json"
"360","Мойка / локальное действие","Завершить мойку / Отмена","The untouched local action opened and explicit Cancel restored the same wash detail without submit.","PASS","runtime-wash-readonly.json"
"360","Мойка / ОКК","Рейтинг 7 / Отмена / reset","Rating 7 visibly selected in the local review form; Cancel closed it and reset the external rating state without submit.","PASS","runtime-wash-readonly.json"
"360","Мойка / активная","Открыть / browser Back / Назад к мойкам","The same ordinary active session opened twice; browser Back and explicit UI Back each restored the active list.","PASS","runtime-wash-readonly.json"
"390","Мойка / списки","Задания / Архив / Активные","All three list modes rendered and Active was restored without opening a record or changing server state.","PASS","runtime-wash-readonly.json"
"390","Мойка / новое задание","Создать задание / Отмена","The canonical request form opened and an untouched explicit Cancel restored the wash list; submit/upload were not exercised.","PASS","runtime-wash-readonly.json"
"390","Мойка / начать","Другое / поля / focus Back / layer Back / Линия / Закрыть / Отмена","The custom start form kept all edits local; first Back blurred the focused textarea, second Back closed the layer, and header Close/footer Cancel also reset the form.","PASS","runtime-wash-readonly.json"
"390","Мойка / активная","Все вкладки detail / Обзор","Every role-visible detail tab selected its own panel and Overview was restored; no action or archive mutation ran.","PASS","runtime-wash-readonly.json"
"390","Мойка / локальное действие","Фото / комментарий / Отмена","The untouched local action opened and explicit Cancel restored the same wash detail without submit.","PASS","runtime-wash-readonly.json"
"390","Мойка / локальное действие","Проблема / Отмена","The untouched local action opened and explicit Cancel restored the same wash detail without submit.","PASS","runtime-wash-readonly.json"
"390","Мойка / локальное действие","Задание / Отмена","The untouched local action opened and explicit Cancel restored the same wash detail without submit.","PASS","runtime-wash-readonly.json"
"390","Мойка / локальное действие","ОКК-проверка / Отмена","The untouched local action opened and explicit Cancel restored the same wash detail without submit.","PASS","runtime-wash-readonly.json"
"390","Мойка / локальное действие","Завершить мойку / Отмена","The untouched local action opened and explicit Cancel restored the same wash detail without submit.","PASS","runtime-wash-readonly.json"
"390","Мойка / ОКК","Рейтинг 7 / Отмена / reset","Rating 7 visibly selected in the local review form; Cancel closed it and reset the external rating state without submit.","PASS","runtime-wash-readonly.json"
"390","Мойка / активная","Открыть / browser Back / Назад к мойкам","The same ordinary active session opened twice; browser Back and explicit UI Back each restored the active list.","PASS","runtime-wash-readonly.json"
"430","Мойка / списки","Задания / Архив / Активные","All three list modes rendered and Active was restored without opening a record or changing server state.","PASS","runtime-wash-readonly.json"
"430","Мойка / новое задание","Создать задание / Отмена","The canonical request form opened and an untouched explicit Cancel restored the wash list; submit/upload were not exercised.","PASS","runtime-wash-readonly.json"
"430","Мойка / начать","Другое / поля / focus Back / layer Back / Линия / Закрыть / Отмена","The custom start form kept all edits local; first Back blurred the focused textarea, second Back closed the layer, and header Close/footer Cancel also reset the form.","PASS","runtime-wash-readonly.json"
"430","Мойка / активная","Все вкладки detail / Обзор","Every role-visible detail tab selected its own panel and Overview was restored; no action or archive mutation ran.","PASS","runtime-wash-readonly.json"
"430","Мойка / локальное действие","Фото / комментарий / Отмена","The untouched local action opened and explicit Cancel restored the same wash detail without submit.","PASS","runtime-wash-readonly.json"
"430","Мойка / локальное действие","Проблема / Отмена","The untouched local action opened and explicit Cancel restored the same wash detail without submit.","PASS","runtime-wash-readonly.json"
"430","Мойка / локальное действие","Задание / Отмена","The untouched local action opened and explicit Cancel restored the same wash detail without submit.","PASS","runtime-wash-readonly.json"
"430","Мойка / локальное действие","ОКК-проверка / Отмена","The untouched local action opened and explicit Cancel restored the same wash detail without submit.","PASS","runtime-wash-readonly.json"
"430","Мойка / локальное действие","Завершить мойку / Отмена","The untouched local action opened and explicit Cancel restored the same wash detail without submit.","PASS","runtime-wash-readonly.json"
"430","Мойка / ОКК","Рейтинг 7 / Отмена / reset","Rating 7 visibly selected in the local review form; Cancel closed it and reset the external rating state without submit.","PASS","runtime-wash-readonly.json"
"430","Мойка / активная","Открыть / browser Back / Назад к мойкам","The same ordinary active session opened twice; browser Back and explicit UI Back each restored the active list.","PASS","runtime-wash-readonly.json"
"desktop","Мойка → Смена","Люди / people sheet Back / wash detail restored","Card-level People opened the existing Shift assignment context; first Back closed the people sheet and second Back restored the exact active wash PEOPLE detail.","PASS","runtime-wash-navigation-readonly.json"
"desktop","Мойка → Смена","Добавить человека / people sheet Back / detail restored","Detail-level Add person opened the same Shift context; layered Back restored the exact wash PEOPLE tab, then explicit close returned to the list.","PASS","runtime-wash-navigation-readonly.json"
"360","Мойка → Смена","Люди / people sheet Back / wash detail restored","Card-level People opened the existing Shift assignment context; first Back closed the people sheet and second Back restored the exact active wash PEOPLE detail.","PASS","runtime-wash-navigation-readonly.json"
"360","Мойка → Смена","Добавить человека / people sheet Back / detail restored","Detail-level Add person opened the same Shift context; layered Back restored the exact wash PEOPLE tab, then explicit close returned to the list.","PASS","runtime-wash-navigation-readonly.json"
"390","Мойка → Смена","Люди / people sheet Back / wash detail restored","Card-level People opened the existing Shift assignment context; first Back closed the people sheet and second Back restored the exact active wash PEOPLE detail.","PASS","runtime-wash-navigation-readonly.json"
"390","Мойка → Смена","Добавить человека / people sheet Back / detail restored","Detail-level Add person opened the same Shift context; layered Back restored the exact wash PEOPLE tab, then explicit close returned to the list.","PASS","runtime-wash-navigation-readonly.json"
"430","Мойка → Смена","Люди / people sheet Back / wash detail restored","Card-level People opened the existing Shift assignment context; first Back closed the people sheet and second Back restored the exact active wash PEOPLE detail.","PASS","runtime-wash-navigation-readonly.json"
"430","Мойка → Смена","Добавить человека / people sheet Back / detail restored","Detail-level Add person opened the same Shift context; layered Back restored the exact wash PEOPLE tab, then explicit close returned to the list.","PASS","runtime-wash-navigation-readonly.json"
"desktop","Мойка / жизненный цикл задания","Взять в работу / Начать мойку / Открыть мойку / browser Back","A synthetic NEW request sent one exact take command and refreshed as assigned to the canonical current user. One exact start command created the browser-memory session, opened its detail, and the WASH_STARTED card reopened the same session after Back. Backend authority, persistence, concurrency and audit are not inferred.","PASS","runtime-wash-request-lifecycle-isolated.json"
"360","Мойка / жизненный цикл задания","Взять в работу / Начать мойку / Открыть мойку / browser Back","A synthetic NEW request sent one exact take command and refreshed as assigned to the canonical current user. One exact start command created the browser-memory session, opened its detail, and the WASH_STARTED card reopened the same session after Back. Backend authority, persistence, concurrency and audit are not inferred.","PASS","runtime-wash-request-lifecycle-isolated.json"
"390","Мойка / жизненный цикл задания","Взять в работу / Начать мойку / Открыть мойку / browser Back","A synthetic NEW request sent one exact take command and refreshed as assigned to the canonical current user. One exact start command created the browser-memory session, opened its detail, and the WASH_STARTED card reopened the same session after Back. Backend authority, persistence, concurrency and audit are not inferred.","PASS","runtime-wash-request-lifecycle-isolated.json"
"430","Мойка / жизненный цикл задания","Взять в работу / Начать мойку / Открыть мойку / browser Back","A synthetic NEW request sent one exact take command and refreshed as assigned to the canonical current user. One exact start command created the browser-memory session, opened its detail, and the WASH_STARTED card reopened the same session after Back. Backend authority, persistence, concurrency and audit are not inferred.","PASS","runtime-wash-request-lifecycle-isolated.json"
"desktop","Мойка / активная / завершение проблем и заданий","Проблема решена / Закрыть проблему / Отметить выполненным / Закрыть задание / Действия / browser Back","Two exact issue PATCHes and two exact control-item PATCHes updated only their browser-memory records; the targeted participant action carried the exact wash session and user context into Shift, and layered Back restored the PEOPLE detail. Backend authority, persistence, RBAC and audit are not inferred.","PASS","runtime-wash-active-completion-actions-isolated.json"
"360","Мойка / активная / завершение проблем и заданий","Проблема решена / Закрыть проблему / Отметить выполненным / Закрыть задание / Действия / browser Back","Two exact issue PATCHes and two exact control-item PATCHes updated only their browser-memory records; the targeted participant action carried the exact wash session and user context into Shift, and layered Back restored the PEOPLE detail. Backend authority, persistence, RBAC and audit are not inferred.","PASS","runtime-wash-active-completion-actions-isolated.json"
"390","Мойка / активная / завершение проблем и заданий","Проблема решена / Закрыть проблему / Отметить выполненным / Закрыть задание / Действия / browser Back","Two exact issue PATCHes and two exact control-item PATCHes updated only their browser-memory records; the targeted participant action carried the exact wash session and user context into Shift, and layered Back restored the PEOPLE detail. Backend authority, persistence, RBAC and audit are not inferred.","PASS","runtime-wash-active-completion-actions-isolated.json"
"430","Мойка / активная / завершение проблем и заданий","Проблема решена / Закрыть проблему / Отметить выполненным / Закрыть задание / Действия / browser Back","Two exact issue PATCHes and two exact control-item PATCHes updated only their browser-memory records; the targeted participant action carried the exact wash session and user context into Shift, and layered Back restored the PEOPLE detail. Backend authority, persistence, RBAC and audit are not inferred.","PASS","runtime-wash-active-completion-actions-isolated.json"
"desktop","Мойка / запуск по остановленной линии","Остановленная линия / Начать мойку / browser Back / reload","The real stopped-line option was selected, browser Back closed the draft without POST, and a second selection sent one exact start command. The browser-memory active wash remained visible after reload. Backend authority, persistence, concurrency, RBAC and audit are not inferred.","PASS","runtime-wash-start-line-submit-isolated.json"
"360","Мойка / запуск по остановленной линии","Остановленная линия / Начать мойку / browser Back / reload","The real stopped-line option was selected, browser Back closed the draft without POST, and a second selection sent one exact start command. The browser-memory active wash remained visible after reload. Backend authority, persistence, concurrency, RBAC and audit are not inferred.","PASS","runtime-wash-start-line-submit-isolated.json"
"390","Мойка / запуск по остановленной линии","Остановленная линия / Начать мойку / browser Back / reload","The real stopped-line option was selected, browser Back closed the draft without POST, and a second selection sent one exact start command. The browser-memory active wash remained visible after reload. Backend authority, persistence, concurrency, RBAC and audit are not inferred.","PASS","runtime-wash-start-line-submit-isolated.json"
"430","Мойка / запуск по остановленной линии","Остановленная линия / Начать мойку / browser Back / reload","The real stopped-line option was selected, browser Back closed the draft without POST, and a second selection sent one exact start command. The browser-memory active wash remained visible after reload. Backend authority, persistence, concurrency, RBAC and audit are not inferred.","PASS","runtime-wash-start-line-submit-isolated.json"
"desktop","Мойка / создать задание и завершить мойку","Подтвердить 409 / повторить / вложение / reload / Завершить мойку 409 / повторить / архив / browser Back","Both controlled Russian rejections retained their active command context. The request retry sent the exact payload and multipart attachment; the completion retry moved the session into the archive. Browser-memory reload preserved both outcomes and browser Back restored the archive list. Backend persistence, authority, idempotency, audit and physical file/Android behavior are not inferred.","PASS","runtime-wash-request-create-complete-outcomes-isolated.json"
"360","Мойка / создать задание и завершить мойку","Подтвердить 409 / повторить / вложение / reload / Завершить мойку 409 / повторить / архив / browser Back","Both controlled Russian rejections retained their active command context. The request retry sent the exact payload and multipart attachment; the completion retry moved the session into the archive. Browser-memory reload preserved both outcomes and browser Back restored the archive list. Backend persistence, authority, idempotency, audit and physical file/Android behavior are not inferred.","PASS","runtime-wash-request-create-complete-outcomes-isolated.json"
"390","Мойка / создать задание и завершить мойку","Подтвердить 409 / повторить / вложение / reload / Завершить мойку 409 / повторить / архив / browser Back","Both controlled Russian rejections retained their active command context. The request retry sent the exact payload and multipart attachment; the completion retry moved the session into the archive. Browser-memory reload preserved both outcomes and browser Back restored the archive list. Backend persistence, authority, idempotency, audit and physical file/Android behavior are not inferred.","PASS","runtime-wash-request-create-complete-outcomes-isolated.json"
"430","Мойка / создать задание и завершить мойку","Подтвердить 409 / повторить / вложение / reload / Завершить мойку 409 / повторить / архив / browser Back","Both controlled Russian rejections retained their active command context. The request retry sent the exact payload and multipart attachment; the completion retry moved the session into the archive. Browser-memory reload preserved both outcomes and browser Back restored the archive list. Backend persistence, authority, idempotency, audit and physical file/Android behavior are not inferred.","PASS","runtime-wash-request-create-complete-outcomes-isolated.json"
"desktop","Мойка / комментарий и ОКК-проверка","Подтвердить 409 / сохранить черновик / retry / вложение / reload / focus Back / layer Back","Both browser-intercepted commands retained their complete forms after controlled Russian rejection. Exact retry payloads and multipart attachments produced feed and OKK cards that survived browser-memory reload; focus Back and layer Back sent no additional command. Backend persistence, storage authority, RBAC, idempotency, audit and physical file/Android behavior are not inferred.","PASS","runtime-wash-message-okk-outcomes-isolated.json"
"360","Мойка / комментарий и ОКК-проверка","Подтвердить 409 / сохранить черновик / retry / вложение / reload / focus Back / layer Back","Both browser-intercepted commands retained their complete forms after controlled Russian rejection. Exact retry payloads and multipart attachments produced feed and OKK cards that survived browser-memory reload; focus Back and layer Back sent no additional command. Backend persistence, storage authority, RBAC, idempotency, audit and physical file/Android behavior are not inferred.","PASS","runtime-wash-message-okk-outcomes-isolated.json"
"390","Мойка / комментарий и ОКК-проверка","Подтвердить 409 / сохранить черновик / retry / вложение / reload / focus Back / layer Back","Both browser-intercepted commands retained their complete forms after controlled Russian rejection. Exact retry payloads and multipart attachments produced feed and OKK cards that survived browser-memory reload; focus Back and layer Back sent no additional command. Backend persistence, storage authority, RBAC, idempotency, audit and physical file/Android behavior are not inferred.","PASS","runtime-wash-message-okk-outcomes-isolated.json"
"430","Мойка / комментарий и ОКК-проверка","Подтвердить 409 / сохранить черновик / retry / вложение / reload / focus Back / layer Back","Both browser-intercepted commands retained their complete forms after controlled Russian rejection. Exact retry payloads and multipart attachments produced feed and OKK cards that survived browser-memory reload; focus Back and layer Back sent no additional command. Backend persistence, storage authority, RBAC, idempotency, audit and physical file/Android behavior are not inferred.","PASS","runtime-wash-message-okk-outcomes-isolated.json"
"desktop","Мойка / запуск другого объекта","Другое / 409 / сохранить черновик / retry / карточка / детали / reload / browser Back","A controlled Russian 409 retained the custom object name and description. Retry sent the exact OTHER payload, the named browser-memory wash card/detail survived reload, and browser Back closed the detail and a fresh draft without an extra command. Backend persistence, authority, RBAC/factory scope, idempotency, audit, concurrency and physical Android behavior are not inferred.","PASS","runtime-wash-start-other-outcome-isolated.json"
"360","Мойка / запуск другого объекта","Другое / 409 / сохранить черновик / retry / карточка / детали / reload / browser Back","A controlled Russian 409 retained the custom object name and description. Retry sent the exact OTHER payload, the named browser-memory wash card/detail survived reload, and browser Back closed the detail and a fresh draft without an extra command. Backend persistence, authority, RBAC/factory scope, idempotency, audit, concurrency and physical Android behavior are not inferred.","PASS","runtime-wash-start-other-outcome-isolated.json"
"390","Мойка / запуск другого объекта","Другое / 409 / сохранить черновик / retry / карточка / детали / reload / browser Back","A controlled Russian 409 retained the custom object name and description. Retry sent the exact OTHER payload, the named browser-memory wash card/detail survived reload, and browser Back closed the detail and a fresh draft without an extra command. Backend persistence, authority, RBAC/factory scope, idempotency, audit, concurrency and physical Android behavior are not inferred.","PASS","runtime-wash-start-other-outcome-isolated.json"
"430","Мойка / запуск другого объекта","Другое / 409 / сохранить черновик / retry / карточка / детали / reload / browser Back","A controlled Russian 409 retained the custom object name and description. Retry sent the exact OTHER payload, the named browser-memory wash card/detail survived reload, and browser Back closed the detail and a fresh draft without an extra command. Backend persistence, authority, RBAC/factory scope, idempotency, audit, concurrency and physical Android behavior are not inferred.","PASS","runtime-wash-start-other-outcome-isolated.json"
"desktop","Админка / должности","Поля должности / focus Back / screen Back / reopen clean","Name/code, server role/department options, 24-hour mode, permission label and description changed only local state; focus Back blurred, second Back left Admin, and reopening restored a clean create form.","PASS","runtime-admin-organization-drafts-readonly.json"
"desktop","Админка / отделы","Поля отдела / focus Back / screen Back / reopen clean","Name/code/scope changed only local state; focus Back blurred, second Back left Admin, and reopening restored a clean create form.","PASS","runtime-admin-organization-drafts-readonly.json"
"360","Админка / должности","Поля должности / focus Back / screen Back / reopen clean","Name/code, server role/department options, 24-hour mode, permission label and description changed only local state; focus Back blurred, second Back left Admin, and reopening restored a clean create form.","PASS","runtime-admin-organization-drafts-readonly.json"
"360","Админка / отделы","Поля отдела / focus Back / screen Back / reopen clean","Name/code/scope changed only local state; focus Back blurred, second Back left Admin, and reopening restored a clean create form.","PASS","runtime-admin-organization-drafts-readonly.json"
"390","Админка / должности","Поля должности / focus Back / screen Back / reopen clean","Name/code, server role/department options, 24-hour mode, permission label and description changed only local state; focus Back blurred, second Back left Admin, and reopening restored a clean create form.","PASS","runtime-admin-organization-drafts-readonly.json"
"390","Админка / отделы","Поля отдела / focus Back / screen Back / reopen clean","Name/code/scope changed only local state; focus Back blurred, second Back left Admin, and reopening restored a clean create form.","PASS","runtime-admin-organization-drafts-readonly.json"
"430","Админка / должности","Поля должности / focus Back / screen Back / reopen clean","Name/code, server role/department options, 24-hour mode, permission label and description changed only local state; focus Back blurred, second Back left Admin, and reopening restored a clean create form.","PASS","runtime-admin-organization-drafts-readonly.json"
"430","Админка / отделы","Поля отдела / focus Back / screen Back / reopen clean","Name/code/scope changed only local state; focus Back blurred, second Back left Admin, and reopening restored a clean create form.","PASS","runtime-admin-organization-drafts-readonly.json"
"desktop","Админка / рабочие зоны","Поля рабочей зоны / local draft","Name, a real department when available, TIME assignment kind and description changed only local state; Create became enabled but was not clicked.","PASS","runtime-admin-work-area-drafts-readonly.json"
"desktop","Админка / рабочие зоны","Поля позиции / focus Back / screen Back / reopen clean","A real work area, title and min/plan/max changed only local state; focus Back blurred, screen Back left Admin, and reopening restored both clean forms.","PASS","runtime-admin-work-area-drafts-readonly.json"
"360","Админка / рабочие зоны","Поля рабочей зоны / local draft","Name, a real department when available, TIME assignment kind and description changed only local state; Create became enabled but was not clicked.","PASS","runtime-admin-work-area-drafts-readonly.json"
"360","Админка / рабочие зоны","Поля позиции / focus Back / screen Back / reopen clean","A real work area, title and min/plan/max changed only local state; focus Back blurred, screen Back left Admin, and reopening restored both clean forms.","PASS","runtime-admin-work-area-drafts-readonly.json"
"390","Админка / рабочие зоны","Поля рабочей зоны / local draft","Name, a real department when available, TIME assignment kind and description changed only local state; Create became enabled but was not clicked.","PASS","runtime-admin-work-area-drafts-readonly.json"
"390","Админка / рабочие зоны","Поля позиции / focus Back / screen Back / reopen clean","A real work area, title and min/plan/max changed only local state; focus Back blurred, screen Back left Admin, and reopening restored both clean forms.","PASS","runtime-admin-work-area-drafts-readonly.json"
"430","Админка / рабочие зоны","Поля рабочей зоны / local draft","Name, a real department when available, TIME assignment kind and description changed only local state; Create became enabled but was not clicked.","PASS","runtime-admin-work-area-drafts-readonly.json"
"430","Админка / рабочие зоны","Поля позиции / focus Back / screen Back / reopen clean","A real work area, title and min/plan/max changed only local state; focus Back blurred, screen Back left Admin, and reopening restored both clean forms.","PASS","runtime-admin-work-area-drafts-readonly.json"
"desktop","Админка / новый завод","Поля / COPY / источник / категория / EMPTY / focus Back / reopen clean","Name/code/description/status, both local setup modes, a real source factory and one category were exercised without preview or create; focus Back blurred, screen Back left Admin and reopen reset the wizard.","PASS","runtime-admin-factory-create-draft-readonly.json"
"360","Админка / новый завод","Поля / COPY / источник / категория / EMPTY / focus Back / reopen clean","Name/code/description/status, both local setup modes, a real source factory and one category were exercised without preview or create; focus Back blurred, screen Back left Admin and reopen reset the wizard.","PASS","runtime-admin-factory-create-draft-readonly.json"
"390","Админка / новый завод","Поля / COPY / источник / категория / EMPTY / focus Back / reopen clean","Name/code/description/status, both local setup modes, a real source factory and one category were exercised without preview or create; focus Back blurred, screen Back left Admin and reopen reset the wizard.","PASS","runtime-admin-factory-create-draft-readonly.json"
"430","Админка / новый завод","Поля / COPY / источник / категория / EMPTY / focus Back / reopen clean","Name/code/description/status, both local setup modes, a real source factory and one category were exercised without preview or create; focus Back blurred, screen Back left Admin and reopen reset the wizard.","PASS","runtime-admin-factory-create-draft-readonly.json"
"desktop","Админка / позиции линий","Реальная линия / поля / flags / focus Back / reopen clean","A real line, name/display/skill/sort fields and all three flags changed local state; action stayed above navigation, then focus Back/screen Back and clean reopen reset the form without POST.","PASS","runtime-admin-line-position-draft-readonly.json"
"360","Админка / позиции линий","Реальная линия / поля / flags / focus Back / reopen clean","A real line, name/display/skill/sort fields and all three flags changed local state; action stayed above navigation, then focus Back/screen Back and clean reopen reset the form without POST.","PASS","runtime-admin-line-position-draft-readonly.json"
"390","Админка / позиции линий","Реальная линия / поля / flags / focus Back / reopen clean","A real line, name/display/skill/sort fields and all three flags changed local state; action stayed above navigation, then focus Back/screen Back and clean reopen reset the form without POST.","PASS","runtime-admin-line-position-draft-readonly.json"
"430","Админка / позиции линий","Реальная линия / поля / flags / focus Back / reopen clean","A real line, name/display/skill/sort fields and all three flags changed local state; action stayed above navigation, then focus Back/screen Back and clean reopen reset the form without POST.","PASS","runtime-admin-line-position-draft-readonly.json"
"desktop","Админка / роли и права","Роль / advanced / search / select-clear / checkbox / preview / focus Back / clean reopen","A different real role loaded by GET; advanced codes, filtered local select/clear and one toggle were exercised; the exact preview-only POST returned a server diff, while save/PATCH stayed blocked; focus Back, screen Back and clean reopen passed.","PASS","runtime-admin-role-permissions-draft-readonly.json"
"360","Админка / роли и права","Роль / advanced / search / select-clear / checkbox / preview / focus Back / clean reopen","A different real role loaded by GET; advanced codes, filtered local select/clear and one toggle were exercised; the exact preview-only POST returned a server diff, while save/PATCH stayed blocked; focus Back, screen Back and clean reopen passed.","PASS","runtime-admin-role-permissions-draft-readonly.json"
"390","Админка / роли и права","Роль / advanced / search / select-clear / checkbox / preview / focus Back / clean reopen","A different real role loaded by GET; advanced codes, filtered local select/clear and one toggle were exercised; the exact preview-only POST returned a server diff, while save/PATCH stayed blocked; focus Back, screen Back and clean reopen passed.","PASS","runtime-admin-role-permissions-draft-readonly.json"
"430","Админка / роли и права","Роль / advanced / search / select-clear / checkbox / preview / focus Back / clean reopen","A different real role loaded by GET; advanced codes, filtered local select/clear and one toggle were exercised; the exact preview-only POST returned a server diff, while save/PATCH stayed blocked; focus Back, screen Back and clean reopen passed.","PASS","runtime-admin-role-permissions-draft-readonly.json"
"desktop","Админка / линии и позиции","Create draft / Управление / Позиции / Шаблоны / focus Back / clean reopen","A local unsaved line name enabled Create without clicking it; one real line management panel opened, Positions and Staffing Templates received the exact selected line context, Admin nav restored the draft, then focus Back/screen Back and clean reopen discarded it; no non-GET request.","PASS","runtime-admin-lines-local-navigation-readonly.json"
"360","Админка / линии и позиции","Create draft / Управление / Позиции / Шаблоны / focus Back / clean reopen","A local unsaved line name enabled Create without clicking it; one real line management panel opened, Positions and Staffing Templates received the exact selected line context, Admin nav restored the draft, then focus Back/screen Back and clean reopen discarded it; no non-GET request.","PASS","runtime-admin-lines-local-navigation-readonly.json"
"390","Админка / линии и позиции","Create draft / Управление / Позиции / Шаблоны / focus Back / clean reopen","A local unsaved line name enabled Create without clicking it; one real line management panel opened, Positions and Staffing Templates received the exact selected line context, Admin nav restored the draft, then focus Back/screen Back and clean reopen discarded it; no non-GET request.","PASS","runtime-admin-lines-local-navigation-readonly.json"
"430","Админка / линии и позиции","Create draft / Управление / Позиции / Шаблоны / focus Back / clean reopen","A local unsaved line name enabled Create without clicking it; one real line management panel opened, Positions and Staffing Templates received the exact selected line context, Admin nav restored the draft, then focus Back/screen Back and clean reopen discarded it; no non-GET request.","PASS","runtime-admin-lines-local-navigation-readonly.json"
"desktop","Админка / должности","Реальный отдел / родитель должности / focus Back / clean reopen","A configured department exposed a real parent job title, which was selected only in the local create draft; no submit was clicked.","PASS","runtime-admin-organization-hierarchy-company-readonly.json"
"desktop","Админка / фирмы наёмных работников","Название фирмы / focus Back / screen Back / clean reopen","The external-company name enabled Create without clicking it; focus Back blurred, screen Back left Admin, and reopening reset both company and job hierarchy local drafts.","PASS","runtime-admin-organization-hierarchy-company-readonly.json"
"360","Админка / должности","Реальный отдел / родитель должности / focus Back / clean reopen","A configured department exposed a real parent job title, which was selected only in the local create draft; no submit was clicked.","PASS","runtime-admin-organization-hierarchy-company-readonly.json"
"360","Админка / фирмы наёмных работников","Название фирмы / focus Back / screen Back / clean reopen","The external-company name enabled Create without clicking it; focus Back blurred, screen Back left Admin, and reopening reset both company and job hierarchy local drafts.","PASS","runtime-admin-organization-hierarchy-company-readonly.json"
"390","Админка / должности","Реальный отдел / родитель должности / focus Back / clean reopen","A configured department exposed a real parent job title, which was selected only in the local create draft; no submit was clicked.","PASS","runtime-admin-organization-hierarchy-company-readonly.json"
"390","Админка / фирмы наёмных работников","Название фирмы / focus Back / screen Back / clean reopen","The external-company name enabled Create without clicking it; focus Back blurred, screen Back left Admin, and reopening reset both company and job hierarchy local drafts.","PASS","runtime-admin-organization-hierarchy-company-readonly.json"
"430","Админка / должности","Реальный отдел / родитель должности / focus Back / clean reopen","A configured department exposed a real parent job title, which was selected only in the local create draft; no submit was clicked.","PASS","runtime-admin-organization-hierarchy-company-readonly.json"
"430","Админка / фирмы наёмных работников","Название фирмы / focus Back / screen Back / clean reopen","The external-company name enabled Create without clicking it; focus Back blurred, screen Back left Admin, and reopening reset both company and job hierarchy local drafts.","PASS","runtime-admin-organization-hierarchy-company-readonly.json"
"desktop","Админка / существующая должность","Родитель / режим смены / Save enable / focus Back / clean reopen","Existing job title Главный технолог changed parent and duration only in local state; Save enabled but was not clicked, then focus Back/screen Back and reopen restored server values.","PASS","runtime-admin-existing-job-title-draft-readonly.json"
"desktop","Админка / существующая должность","Отключить / причина / focus Back / Отмена","The active Главный технолог disable confirmation rendered its consequences and required reason; focus Back blurred first, the next Back closed the layer, and a separate reopen closed through the visible Cancel button without submitting.","PASS","runtime-admin-existing-job-title-draft-readonly.json"
"360","Админка / существующая должность","Родитель / режим смены / Save enable / focus Back / clean reopen","Existing job title Главный технолог changed parent and duration only in local state; Save enabled but was not clicked, then focus Back/screen Back and reopen restored server values.","PASS","runtime-admin-existing-job-title-draft-readonly.json"
"360","Админка / существующая должность","Отключить / причина / focus Back / Отмена","The active Главный технолог disable confirmation rendered its consequences and required reason; focus Back blurred first, the next Back closed the layer, and a separate reopen closed through the visible Cancel button without submitting.","PASS","runtime-admin-existing-job-title-draft-readonly.json"
"390","Админка / существующая должность","Родитель / режим смены / Save enable / focus Back / clean reopen","Existing job title Главный технолог changed parent and duration only in local state; Save enabled but was not clicked, then focus Back/screen Back and reopen restored server values.","PASS","runtime-admin-existing-job-title-draft-readonly.json"
"390","Админка / существующая должность","Отключить / причина / focus Back / Отмена","The active Главный технолог disable confirmation rendered its consequences and required reason; focus Back blurred first, the next Back closed the layer, and a separate reopen closed through the visible Cancel button without submitting.","PASS","runtime-admin-existing-job-title-draft-readonly.json"
"430","Админка / существующая должность","Родитель / режим смены / Save enable / focus Back / clean reopen","Existing job title Главный технолог changed parent and duration only in local state; Save enabled but was not clicked, then focus Back/screen Back and reopen restored server values.","PASS","runtime-admin-existing-job-title-draft-readonly.json"
"430","Админка / существующая должность","Отключить / причина / focus Back / Отмена","The active Главный технолог disable confirmation rendered its consequences and required reason; focus Back blurred first, the next Back closed the layer, and a separate reopen closed through the visible Cancel button without submitting.","PASS","runtime-admin-existing-job-title-draft-readonly.json"
"desktop","Админка / фирмы наёмных работников","Отключить и восстановить / причина / Back / Отмена","An active company opened required-reason disable confirmation and an inactive company opened reason-free restore confirmation; focus Back, layer Back and visible Cancel closed without submit.","PASS","runtime-admin-external-company-confirm-readonly.json"
"360","Админка / фирмы наёмных работников","Отключить и восстановить / причина / Back / Отмена","An active company opened required-reason disable confirmation and an inactive company opened reason-free restore confirmation; focus Back, layer Back and visible Cancel closed without submit.","PASS","runtime-admin-external-company-confirm-readonly.json"
"390","Админка / фирмы наёмных работников","Отключить и восстановить / причина / Back / Отмена","An active company opened required-reason disable confirmation and an inactive company opened reason-free restore confirmation; focus Back, layer Back and visible Cancel closed without submit.","PASS","runtime-admin-external-company-confirm-readonly.json"
"430","Админка / фирмы наёмных работников","Отключить и восстановить / причина / Back / Отмена","An active company opened required-reason disable confirmation and an inactive company opened reason-free restore confirmation; focus Back, layer Back and visible Cancel closed without submit.","PASS","runtime-admin-external-company-confirm-readonly.json"
"desktop","Админка / отделы","Деактивировать / причина / focus Back / Отмена","A real active local department opened the required-reason confirmation; focus Back blurred first, layer Back and separate visible Cancel closed without submit.","PASS","runtime-admin-department-confirm-readonly.json"
"360","Админка / отделы","Деактивировать / причина / focus Back / Отмена","A real active local department opened the required-reason confirmation; focus Back blurred first, layer Back and separate visible Cancel closed without submit.","PASS","runtime-admin-department-confirm-readonly.json"
"390","Админка / отделы","Деактивировать / причина / focus Back / Отмена","A real active local department opened the required-reason confirmation; focus Back blurred first, layer Back and separate visible Cancel closed without submit.","PASS","runtime-admin-department-confirm-readonly.json"
"430","Админка / отделы","Деактивировать / причина / focus Back / Отмена","A real active local department opened the required-reason confirmation; focus Back blurred first, layer Back and separate visible Cancel closed without submit.","PASS","runtime-admin-department-confirm-readonly.json"
"desktop","Админка / линии","Отключить линию / причина / focus Back / Отмена","The real active line Блины конверт №3 opened its required-reason disable confirmation; focus Back blurred first, layer Back and separate visible Cancel closed without submit.","PASS","runtime-admin-line-confirm-readonly.json"
"360","Админка / линии","Отключить линию / причина / focus Back / Отмена","The real active line Блины конверт №3 opened its required-reason disable confirmation; focus Back blurred first, layer Back and separate visible Cancel closed without submit.","PASS","runtime-admin-line-confirm-readonly.json"
"390","Админка / линии","Отключить линию / причина / focus Back / Отмена","The real active line Блины конверт №3 opened its required-reason disable confirmation; focus Back blurred first, layer Back and separate visible Cancel closed without submit.","PASS","runtime-admin-line-confirm-readonly.json"
"430","Админка / линии","Отключить линию / причина / focus Back / Отмена","The real active line Блины конверт №3 opened its required-reason disable confirmation; focus Back blurred first, layer Back and separate visible Cancel closed without submit.","PASS","runtime-admin-line-confirm-readonly.json"
"desktop","Админка / позиции линий","Отключить позицию / причина / focus Back / Отмена","The real active line position Тестодел-оператор opened its required-reason confirmation; focus/layer Back and separate visible Cancel closed without submit.","PASS","runtime-admin-line-position-confirm-readonly.json"
"360","Админка / позиции линий","Отключить позицию / причина / focus Back / Отмена","The real active line position Тестодел-оператор opened its required-reason confirmation; focus/layer Back and separate visible Cancel closed without submit.","PASS","runtime-admin-line-position-confirm-readonly.json"
"390","Админка / позиции линий","Отключить позицию / причина / focus Back / Отмена","The real active line position Тестодел-оператор opened its required-reason confirmation; focus/layer Back and separate visible Cancel closed without submit.","PASS","runtime-admin-line-position-confirm-readonly.json"
"430","Админка / позиции линий","Отключить позицию / причина / focus Back / Отмена","The real active line position Тестодел-оператор opened its required-reason confirmation; focus/layer Back and separate visible Cancel closed without submit.","PASS","runtime-admin-line-position-confirm-readonly.json"
"desktop","Админка / рабочие зоны","Отключить зону / причина / focus Back / Отмена","The real active work area Повременщики opened its required-reason confirmation; focus/layer Back and separate visible Cancel closed without submit.","PASS","runtime-admin-work-area-confirm-readonly.json"
"desktop","Админка / рабочие зоны","Отключить позицию / причина / focus Back / Отмена","The real active work-area position Оператор-наладчик opened its required-reason confirmation; focus/layer Back and separate visible Cancel closed without submit.","PASS","runtime-admin-work-area-confirm-readonly.json"
"360","Админка / рабочие зоны","Отключить зону / причина / focus Back / Отмена","The real active work area Повременщики opened its required-reason confirmation; focus/layer Back and separate visible Cancel closed without submit.","PASS","runtime-admin-work-area-confirm-readonly.json"
"360","Админка / рабочие зоны","Отключить позицию / причина / focus Back / Отмена","The real active work-area position Оператор-наладчик opened its required-reason confirmation; focus/layer Back and separate visible Cancel closed without submit.","PASS","runtime-admin-work-area-confirm-readonly.json"
"390","Админка / рабочие зоны","Отключить зону / причина / focus Back / Отмена","The real active work area Повременщики opened its required-reason confirmation; focus/layer Back and separate visible Cancel closed without submit.","PASS","runtime-admin-work-area-confirm-readonly.json"
"390","Админка / рабочие зоны","Отключить позицию / причина / focus Back / Отмена","The real active work-area position Оператор-наладчик opened its required-reason confirmation; focus/layer Back and separate visible Cancel closed without submit.","PASS","runtime-admin-work-area-confirm-readonly.json"
"430","Админка / рабочие зоны","Отключить зону / причина / focus Back / Отмена","The real active work area Повременщики opened its required-reason confirmation; focus/layer Back and separate visible Cancel closed without submit.","PASS","runtime-admin-work-area-confirm-readonly.json"
"430","Админка / рабочие зоны","Отключить позицию / причина / focus Back / Отмена","The real active work-area position Оператор-наладчик opened its required-reason confirmation; focus/layer Back and separate visible Cancel closed without submit.","PASS","runtime-admin-work-area-confirm-readonly.json"
"desktop","Админка / шаблоны состава","Отключить шаблон / причина / focus Back / Отмена","The real active staffing template Утверждённый состав opened its required-reason confirmation; focus/layer Back and separate visible Cancel closed without submit.","PASS","runtime-admin-staffing-template-confirm-readonly.json"
"360","Админка / шаблоны состава","Отключить шаблон / причина / focus Back / Отмена","The real active staffing template Утверждённый состав opened its required-reason confirmation; focus/layer Back and separate visible Cancel closed without submit.","PASS","runtime-admin-staffing-template-confirm-readonly.json"
"390","Админка / шаблоны состава","Отключить шаблон / причина / focus Back / Отмена","The real active staffing template Утверждённый состав opened its required-reason confirmation; focus/layer Back and separate visible Cancel closed without submit.","PASS","runtime-admin-staffing-template-confirm-readonly.json"
"430","Админка / шаблоны состава","Отключить шаблон / причина / focus Back / Отмена","The real active staffing template Утверждённый состав opened its required-reason confirmation; focus/layer Back and separate visible Cancel closed without submit.","PASS","runtime-admin-staffing-template-confirm-readonly.json"
"desktop","Админка / шаблоны состава","Выбор линии / Дублировать / focus Back / clean reopen","A real line changed the canonical builder locally; Duplicate populated a new unsaved copy, then focus/screen Back and clean reopen discarded it without POST or PATCH.","PASS","runtime-admin-staffing-template-local-draft-readonly.json"
"360","Админка / шаблоны состава","Выбор линии / Дублировать / focus Back / clean reopen","A real line changed the canonical builder locally; Duplicate populated a new unsaved copy, then focus/screen Back and clean reopen discarded it without POST or PATCH.","PASS","runtime-admin-staffing-template-local-draft-readonly.json"
"390","Админка / шаблоны состава","Выбор линии / Дублировать / focus Back / clean reopen","A real line changed the canonical builder locally; Duplicate populated a new unsaved copy, then focus/screen Back and clean reopen discarded it without POST or PATCH.","PASS","runtime-admin-staffing-template-local-draft-readonly.json"
"430","Админка / шаблоны состава","Выбор линии / Дублировать / focus Back / clean reopen","A real line changed the canonical builder locally; Duplicate populated a new unsaved copy, then focus/screen Back and clean reopen discarded it without POST or PATCH.","PASS","runtime-admin-staffing-template-local-draft-readonly.json"
"desktop","Админка / заводы","Деактивировать / ЗАВОД / причина / focus Back / Отмена","The active selected factory Завод 4 opened its protected confirmation; exact confirmation text plus reason enabled confirm, while focus/layer Back and separate visible Cancel closed without submit.","PASS","runtime-admin-factory-status-confirm-readonly.json"
"360","Админка / заводы","Деактивировать / ЗАВОД / причина / focus Back / Отмена","The active selected factory Завод 4 opened its protected confirmation; exact confirmation text plus reason enabled confirm, while focus/layer Back and separate visible Cancel closed without submit.","PASS","runtime-admin-factory-status-confirm-readonly.json"
"390","Админка / заводы","Деактивировать / ЗАВОД / причина / focus Back / Отмена","The active selected factory Завод 4 opened its protected confirmation; exact confirmation text plus reason enabled confirm, while focus/layer Back and separate visible Cancel closed without submit.","PASS","runtime-admin-factory-status-confirm-readonly.json"
"430","Админка / заводы","Деактивировать / ЗАВОД / причина / focus Back / Отмена","The active selected factory Завод 4 opened its protected confirmation; exact confirmation text plus reason enabled confirm, while focus/layer Back and separate visible Cancel closed without submit.","PASS","runtime-admin-factory-status-confirm-readonly.json"
"desktop","Админка / заводы","Деактивировать / 409 / retry / reload / Восстановить / Back / Отмена / reload","Synthetic browser-only factory: controlled Russian rejection retained exact confirmation and reason; retry switched the selected factory to inactive and reload preserved the view. Restore Back and Cancel sent no command; confirm used the canonical default reason, restored active state and survived reload. Backend persistence, last-factory guard, RBAC, audit, concurrency and physical Android Back are not inferred.","PASS","runtime-admin-factory-status-submit-outcome-isolated.json"
"360","Админка / заводы","Деактивировать / 409 / retry / reload / Восстановить / Back / Отмена / reload","Synthetic browser-only factory: controlled Russian rejection retained exact confirmation and reason; retry switched the selected factory to inactive and reload preserved the view. Restore Back and Cancel sent no command; confirm used the canonical default reason, restored active state and survived reload. Backend persistence, last-factory guard, RBAC, audit, concurrency and physical Android Back are not inferred.","PASS","runtime-admin-factory-status-submit-outcome-isolated.json"
"390","Админка / заводы","Деактивировать / 409 / retry / reload / Восстановить / Back / Отмена / reload","Synthetic browser-only factory: controlled Russian rejection retained exact confirmation and reason; retry switched the selected factory to inactive and reload preserved the view. Restore Back and Cancel sent no command; confirm used the canonical default reason, restored active state and survived reload. Backend persistence, last-factory guard, RBAC, audit, concurrency and physical Android Back are not inferred.","PASS","runtime-admin-factory-status-submit-outcome-isolated.json"
"430","Админка / заводы","Деактивировать / 409 / retry / reload / Восстановить / Back / Отмена / reload","Synthetic browser-only factory: controlled Russian rejection retained exact confirmation and reason; retry switched the selected factory to inactive and reload preserved the view. Restore Back and Cancel sent no command; confirm used the canonical default reason, restored active state and survived reload. Backend persistence, last-factory guard, RBAC, audit, concurrency and physical Android Back are not inferred.","PASS","runtime-admin-factory-status-submit-outcome-isolated.json"
"desktop","Админка / отдел","Деактивировать / 409 / retained reason / retry / inactive reload","Synthetic local department only: controlled Russian rejection retains the reason and active row; retry sends the exact inactive command, exposes Restore and survives browser-memory reload. Existing retained evidence separately proves focus/layer Back, Cancel and Restore. Backend persistence, department/factory authority, audit, concurrency and physical Android Back are not inferred.","PASS","runtime-admin-department-deactivate-submit-outcome-isolated.json"
"360","Админка / отдел","Деактивировать / 409 / retained reason / retry / inactive reload","Synthetic local department only: controlled Russian rejection retains the reason and active row; retry sends the exact inactive command, exposes Restore and survives browser-memory reload. Existing retained evidence separately proves focus/layer Back, Cancel and Restore. Backend persistence, department/factory authority, audit, concurrency and physical Android Back are not inferred.","PASS","runtime-admin-department-deactivate-submit-outcome-isolated.json"
"390","Админка / отдел","Деактивировать / 409 / retained reason / retry / inactive reload","Synthetic local department only: controlled Russian rejection retains the reason and active row; retry sends the exact inactive command, exposes Restore and survives browser-memory reload. Existing retained evidence separately proves focus/layer Back, Cancel and Restore. Backend persistence, department/factory authority, audit, concurrency and physical Android Back are not inferred.","PASS","runtime-admin-department-deactivate-submit-outcome-isolated.json"
"430","Админка / отдел","Деактивировать / 409 / retained reason / retry / inactive reload","Synthetic local department only: controlled Russian rejection retains the reason and active row; retry sends the exact inactive command, exposes Restore and survives browser-memory reload. Existing retained evidence separately proves focus/layer Back, Cancel and Restore. Backend persistence, department/factory authority, audit, concurrency and physical Android Back are not inferred.","PASS","runtime-admin-department-deactivate-submit-outcome-isolated.json"
"desktop","Админка / линия","Отключить линию / 409 / retained reason / retry / inactive reload","Synthetic stopped line only: controlled Russian rejection retains the reason; retry sends only the exact administrative inactive command, exposes Restore and survives browser-memory reload while line status stays STOP. Existing retained evidence separately proves focus/layer Back, Cancel and Restore. Backend persistence, operational line transitions, factory authority, audit, concurrency and physical Android Back are not inferred.","PASS","runtime-admin-line-deactivate-submit-outcome-isolated.json"
"360","Админка / линия","Отключить линию / 409 / retained reason / retry / inactive reload","Synthetic stopped line only: controlled Russian rejection retains the reason; retry sends only the exact administrative inactive command, exposes Restore and survives browser-memory reload while line status stays STOP. Existing retained evidence separately proves focus/layer Back, Cancel and Restore. Backend persistence, operational line transitions, factory authority, audit, concurrency and physical Android Back are not inferred.","PASS","runtime-admin-line-deactivate-submit-outcome-isolated.json"
"390","Админка / линия","Отключить линию / 409 / retained reason / retry / inactive reload","Synthetic stopped line only: controlled Russian rejection retains the reason; retry sends only the exact administrative inactive command, exposes Restore and survives browser-memory reload while line status stays STOP. Existing retained evidence separately proves focus/layer Back, Cancel and Restore. Backend persistence, operational line transitions, factory authority, audit, concurrency and physical Android Back are not inferred.","PASS","runtime-admin-line-deactivate-submit-outcome-isolated.json"
"430","Админка / линия","Отключить линию / 409 / retained reason / retry / inactive reload","Synthetic stopped line only: controlled Russian rejection retains the reason; retry sends only the exact administrative inactive command, exposes Restore and survives browser-memory reload while line status stays STOP. Existing retained evidence separately proves focus/layer Back, Cancel and Restore. Backend persistence, operational line transitions, factory authority, audit, concurrency and physical Android Back are not inferred.","PASS","runtime-admin-line-deactivate-submit-outcome-isolated.json"
"desktop","Админка / line-position","Deactivate / 409 / retained reason / retry / inactive reload","Distinct synthetic line-position command /api/admin/lines/ef562eac-bb51-4321-8441-27009e209999/positions/af562eac-bb51-4321-8441-27009e201440: controlled Russian rejection retains its reason, retry sends exact inactive payload, exposes Restore and survives browser-memory reload. Existing retained evidence separately proves focus/layer Back, Cancel and Restore. Backend persistence/RBAC/factory scope/audit/concurrency and physical Android Back are not inferred.","PASS","runtime-admin-nested-deactivate-submit-outcomes-isolated.json"
"360","Админка / line-position","Deactivate / 409 / retained reason / retry / inactive reload","Distinct synthetic line-position command /api/admin/lines/ef562eac-bb51-4321-8441-27009e209999/positions/af562eac-bb51-4321-8441-27009e200360: controlled Russian rejection retains its reason, retry sends exact inactive payload, exposes Restore and survives browser-memory reload. Existing retained evidence separately proves focus/layer Back, Cancel and Restore. Backend persistence/RBAC/factory scope/audit/concurrency and physical Android Back are not inferred.","PASS","runtime-admin-nested-deactivate-submit-outcomes-isolated.json"
"390","Админка / line-position","Deactivate / 409 / retained reason / retry / inactive reload","Distinct synthetic line-position command /api/admin/lines/ef562eac-bb51-4321-8441-27009e209999/positions/af562eac-bb51-4321-8441-27009e200390: controlled Russian rejection retains its reason, retry sends exact inactive payload, exposes Restore and survives browser-memory reload. Existing retained evidence separately proves focus/layer Back, Cancel and Restore. Backend persistence/RBAC/factory scope/audit/concurrency and physical Android Back are not inferred.","PASS","runtime-admin-nested-deactivate-submit-outcomes-isolated.json"
"430","Админка / line-position","Deactivate / 409 / retained reason / retry / inactive reload","Distinct synthetic line-position command /api/admin/lines/ef562eac-bb51-4321-8441-27009e209999/positions/af562eac-bb51-4321-8441-27009e200430: controlled Russian rejection retains its reason, retry sends exact inactive payload, exposes Restore and survives browser-memory reload. Existing retained evidence separately proves focus/layer Back, Cancel and Restore. Backend persistence/RBAC/factory scope/audit/concurrency and physical Android Back are not inferred.","PASS","runtime-admin-nested-deactivate-submit-outcomes-isolated.json"
"desktop","Админка / staffing-template","Deactivate / 409 / retained reason / retry / inactive reload","Distinct synthetic staffing-template command /api/admin/lines/ef562eac-bb51-4321-8441-27009e209999/staffing-templates/bf562eac-bb51-4321-8441-27009e201440: controlled Russian rejection retains its reason, retry sends exact inactive payload, exposes Restore and survives browser-memory reload. Existing retained evidence separately proves focus/layer Back, Cancel and Restore. Backend persistence/RBAC/factory scope/audit/concurrency and physical Android Back are not inferred.","PASS","runtime-admin-nested-deactivate-submit-outcomes-isolated.json"
"360","Админка / staffing-template","Deactivate / 409 / retained reason / retry / inactive reload","Distinct synthetic staffing-template command /api/admin/lines/ef562eac-bb51-4321-8441-27009e209999/staffing-templates/bf562eac-bb51-4321-8441-27009e200360: controlled Russian rejection retains its reason, retry sends exact inactive payload, exposes Restore and survives browser-memory reload. Existing retained evidence separately proves focus/layer Back, Cancel and Restore. Backend persistence/RBAC/factory scope/audit/concurrency and physical Android Back are not inferred.","PASS","runtime-admin-nested-deactivate-submit-outcomes-isolated.json"
"390","Админка / staffing-template","Deactivate / 409 / retained reason / retry / inactive reload","Distinct synthetic staffing-template command /api/admin/lines/ef562eac-bb51-4321-8441-27009e209999/staffing-templates/bf562eac-bb51-4321-8441-27009e200390: controlled Russian rejection retains its reason, retry sends exact inactive payload, exposes Restore and survives browser-memory reload. Existing retained evidence separately proves focus/layer Back, Cancel and Restore. Backend persistence/RBAC/factory scope/audit/concurrency and physical Android Back are not inferred.","PASS","runtime-admin-nested-deactivate-submit-outcomes-isolated.json"
"430","Админка / staffing-template","Deactivate / 409 / retained reason / retry / inactive reload","Distinct synthetic staffing-template command /api/admin/lines/ef562eac-bb51-4321-8441-27009e209999/staffing-templates/bf562eac-bb51-4321-8441-27009e200430: controlled Russian rejection retains its reason, retry sends exact inactive payload, exposes Restore and survives browser-memory reload. Existing retained evidence separately proves focus/layer Back, Cancel and Restore. Backend persistence/RBAC/factory scope/audit/concurrency and physical Android Back are not inferred.","PASS","runtime-admin-nested-deactivate-submit-outcomes-isolated.json"
"desktop","Админка / work-area","Deactivate / 409 / retained reason / retry / inactive reload","Distinct synthetic work-area command /api/admin/work-areas/cf562eac-bb51-4321-8441-27009e201440: controlled Russian rejection retains its reason, retry sends exact inactive payload, exposes Restore and survives browser-memory reload. Existing retained evidence separately proves focus/layer Back, Cancel and Restore. Backend persistence/RBAC/factory scope/audit/concurrency and physical Android Back are not inferred.","PASS","runtime-admin-nested-deactivate-submit-outcomes-isolated.json"
"360","Админка / work-area","Deactivate / 409 / retained reason / retry / inactive reload","Distinct synthetic work-area command /api/admin/work-areas/cf562eac-bb51-4321-8441-27009e200360: controlled Russian rejection retains its reason, retry sends exact inactive payload, exposes Restore and survives browser-memory reload. Existing retained evidence separately proves focus/layer Back, Cancel and Restore. Backend persistence/RBAC/factory scope/audit/concurrency and physical Android Back are not inferred.","PASS","runtime-admin-nested-deactivate-submit-outcomes-isolated.json"
"390","Админка / work-area","Deactivate / 409 / retained reason / retry / inactive reload","Distinct synthetic work-area command /api/admin/work-areas/cf562eac-bb51-4321-8441-27009e200390: controlled Russian rejection retains its reason, retry sends exact inactive payload, exposes Restore and survives browser-memory reload. Existing retained evidence separately proves focus/layer Back, Cancel and Restore. Backend persistence/RBAC/factory scope/audit/concurrency and physical Android Back are not inferred.","PASS","runtime-admin-nested-deactivate-submit-outcomes-isolated.json"
"430","Админка / work-area","Deactivate / 409 / retained reason / retry / inactive reload","Distinct synthetic work-area command /api/admin/work-areas/cf562eac-bb51-4321-8441-27009e200430: controlled Russian rejection retains its reason, retry sends exact inactive payload, exposes Restore and survives browser-memory reload. Existing retained evidence separately proves focus/layer Back, Cancel and Restore. Backend persistence/RBAC/factory scope/audit/concurrency and physical Android Back are not inferred.","PASS","runtime-admin-nested-deactivate-submit-outcomes-isolated.json"
"desktop","Админка / work-area-position","Deactivate / 409 / retained reason / retry / inactive reload","Distinct synthetic work-area-position command /api/admin/work-areas/ef562eac-bb51-4321-8441-27009e209999/positions/df562eac-bb51-4321-8441-27009e201440: controlled Russian rejection retains its reason, retry sends exact inactive payload, exposes Restore and survives browser-memory reload. Existing retained evidence separately proves focus/layer Back, Cancel and Restore. Backend persistence/RBAC/factory scope/audit/concurrency and physical Android Back are not inferred.","PASS","runtime-admin-nested-deactivate-submit-outcomes-isolated.json"
"360","Админка / work-area-position","Deactivate / 409 / retained reason / retry / inactive reload","Distinct synthetic work-area-position command /api/admin/work-areas/ef562eac-bb51-4321-8441-27009e209999/positions/df562eac-bb51-4321-8441-27009e200360: controlled Russian rejection retains its reason, retry sends exact inactive payload, exposes Restore and survives browser-memory reload. Existing retained evidence separately proves focus/layer Back, Cancel and Restore. Backend persistence/RBAC/factory scope/audit/concurrency and physical Android Back are not inferred.","PASS","runtime-admin-nested-deactivate-submit-outcomes-isolated.json"
"390","Админка / work-area-position","Deactivate / 409 / retained reason / retry / inactive reload","Distinct synthetic work-area-position command /api/admin/work-areas/ef562eac-bb51-4321-8441-27009e209999/positions/df562eac-bb51-4321-8441-27009e200390: controlled Russian rejection retains its reason, retry sends exact inactive payload, exposes Restore and survives browser-memory reload. Existing retained evidence separately proves focus/layer Back, Cancel and Restore. Backend persistence/RBAC/factory scope/audit/concurrency and physical Android Back are not inferred.","PASS","runtime-admin-nested-deactivate-submit-outcomes-isolated.json"
"430","Админка / work-area-position","Deactivate / 409 / retained reason / retry / inactive reload","Distinct synthetic work-area-position command /api/admin/work-areas/ef562eac-bb51-4321-8441-27009e209999/positions/df562eac-bb51-4321-8441-27009e200430: controlled Russian rejection retains its reason, retry sends exact inactive payload, exposes Restore and survives browser-memory reload. Existing retained evidence separately proves focus/layer Back, Cancel and Restore. Backend persistence/RBAC/factory scope/audit/concurrency and physical Android Back are not inferred.","PASS","runtime-admin-nested-deactivate-submit-outcomes-isolated.json"
"desktop","Админка / обзор","Обновить / server reload","Refresh issued the canonical GET /api/admin/overview, received HTTP 200 and restored the overview body.","PASS","runtime-admin-overview-actions-readonly.json"
"desktop","Админка / обзор","В восстановлении: / visible section return","Summary action opened Восстановление; the visible Overview navigation returned to the overview without a mutation.","PASS","runtime-admin-overview-actions-readonly.json"
"desktop","Админка / обзор","Диагностика данных: / visible section return","Summary action opened Диагностика данных; the visible Overview navigation returned to the overview without a mutation.","PASS","runtime-admin-overview-actions-readonly.json"
"desktop","Админка / обзор","Показать / Скрыть список проверки","The first real health group expanded its warning details and collapsed them again.","PASS","runtime-admin-overview-actions-readonly.json"
"desktop","Админка / обзор","Health action / visible section return","Перейти к настройке opened the configured section Позиции на линиях; visible Overview navigation returned without mutation.","PASS","runtime-admin-overview-actions-readonly.json"
"desktop","Админка / обзор","Быстрое действие Создать новый завод","The distinct quick action opened Заводы; no save/create/status action was invoked.","PASS","runtime-admin-overview-actions-readonly.json"
"desktop","Админка / обзор","Быстрое действие Добавить линию","The distinct quick action opened Линии и позиции; no save/create/status action was invoked.","PASS","runtime-admin-overview-actions-readonly.json"
"desktop","Админка / обзор","Быстрое действие Изменить состав линии","The distinct quick action opened Шаблоны состава; no save/create/status action was invoked.","PASS","runtime-admin-overview-actions-readonly.json"
"desktop","Админка / обзор","Быстрое действие Добавить рабочую зону","The distinct quick action opened Повременщики / рабочие зоны; no save/create/status action was invoked.","PASS","runtime-admin-overview-actions-readonly.json"
"desktop","Админка / обзор","Быстрое действие Создать должность","The distinct quick action opened Должности и роли; no save/create/status action was invoked.","PASS","runtime-admin-overview-actions-readonly.json"
"desktop","Админка / обзор","Быстрое действие Выдать человеку доступ","The distinct quick action opened Пользователи и доступы; no save/create/status action was invoked.","PASS","runtime-admin-overview-actions-readonly.json"
"desktop","Админка / обзор","Быстрое действие Настроить права","The distinct quick action opened Роли и права; no save/create/status action was invoked.","PASS","runtime-admin-overview-actions-readonly.json"
"desktop","Админка / обзор","Быстрое действие Проверить готовность завода","The distinct quick action opened Обзор; no save/create/status action was invoked.","PASS","runtime-admin-overview-actions-readonly.json"
"360","Админка / обзор","Обновить / server reload","Refresh issued the canonical GET /api/admin/overview, received HTTP 200 and restored the overview body.","PASS","runtime-admin-overview-actions-readonly.json"
"360","Админка / обзор","В восстановлении: / visible section return","Summary action opened Восстановление; the visible Overview navigation returned to the overview without a mutation.","PASS","runtime-admin-overview-actions-readonly.json"
"360","Админка / обзор","Диагностика данных: / visible section return","Summary action opened Диагностика данных; the visible Overview navigation returned to the overview without a mutation.","PASS","runtime-admin-overview-actions-readonly.json"
"360","Админка / обзор","Показать / Скрыть список проверки","The first real health group expanded its warning details and collapsed them again.","PASS","runtime-admin-overview-actions-readonly.json"
"360","Админка / обзор","Health action / visible section return","Перейти к настройке opened the configured section Позиции на линиях; visible Overview navigation returned without mutation.","PASS","runtime-admin-overview-actions-readonly.json"
"360","Админка / обзор","Быстрое действие Создать новый завод","The distinct quick action opened Заводы; no save/create/status action was invoked.","PASS","runtime-admin-overview-actions-readonly.json"
"360","Админка / обзор","Быстрое действие Добавить линию","The distinct quick action opened Линии и позиции; no save/create/status action was invoked.","PASS","runtime-admin-overview-actions-readonly.json"
"360","Админка / обзор","Быстрое действие Изменить состав линии","The distinct quick action opened Шаблоны состава; no save/create/status action was invoked.","PASS","runtime-admin-overview-actions-readonly.json"
"360","Админка / обзор","Быстрое действие Добавить рабочую зону","The distinct quick action opened Повременщики / рабочие зоны; no save/create/status action was invoked.","PASS","runtime-admin-overview-actions-readonly.json"
"360","Админка / обзор","Быстрое действие Создать должность","The distinct quick action opened Должности и роли; no save/create/status action was invoked.","PASS","runtime-admin-overview-actions-readonly.json"
"360","Админка / обзор","Быстрое действие Выдать человеку доступ","The distinct quick action opened Пользователи и доступы; no save/create/status action was invoked.","PASS","runtime-admin-overview-actions-readonly.json"
"360","Админка / обзор","Быстрое действие Настроить права","The distinct quick action opened Роли и права; no save/create/status action was invoked.","PASS","runtime-admin-overview-actions-readonly.json"
"360","Админка / обзор","Быстрое действие Проверить готовность завода","The distinct quick action opened Обзор; no save/create/status action was invoked.","PASS","runtime-admin-overview-actions-readonly.json"
"390","Админка / обзор","Обновить / server reload","Refresh issued the canonical GET /api/admin/overview, received HTTP 200 and restored the overview body.","PASS","runtime-admin-overview-actions-readonly.json"
"390","Админка / обзор","В восстановлении: / visible section return","Summary action opened Восстановление; the visible Overview navigation returned to the overview without a mutation.","PASS","runtime-admin-overview-actions-readonly.json"
"390","Админка / обзор","Диагностика данных: / visible section return","Summary action opened Диагностика данных; the visible Overview navigation returned to the overview without a mutation.","PASS","runtime-admin-overview-actions-readonly.json"
"390","Админка / обзор","Показать / Скрыть список проверки","The first real health group expanded its warning details and collapsed them again.","PASS","runtime-admin-overview-actions-readonly.json"
"390","Админка / обзор","Health action / visible section return","Перейти к настройке opened the configured section Позиции на линиях; visible Overview navigation returned without mutation.","PASS","runtime-admin-overview-actions-readonly.json"
"390","Админка / обзор","Быстрое действие Создать новый завод","The distinct quick action opened Заводы; no save/create/status action was invoked.","PASS","runtime-admin-overview-actions-readonly.json"
"390","Админка / обзор","Быстрое действие Добавить линию","The distinct quick action opened Линии и позиции; no save/create/status action was invoked.","PASS","runtime-admin-overview-actions-readonly.json"
"390","Админка / обзор","Быстрое действие Изменить состав линии","The distinct quick action opened Шаблоны состава; no save/create/status action was invoked.","PASS","runtime-admin-overview-actions-readonly.json"
"390","Админка / обзор","Быстрое действие Добавить рабочую зону","The distinct quick action opened Повременщики / рабочие зоны; no save/create/status action was invoked.","PASS","runtime-admin-overview-actions-readonly.json"
"390","Админка / обзор","Быстрое действие Создать должность","The distinct quick action opened Должности и роли; no save/create/status action was invoked.","PASS","runtime-admin-overview-actions-readonly.json"
"390","Админка / обзор","Быстрое действие Выдать человеку доступ","The distinct quick action opened Пользователи и доступы; no save/create/status action was invoked.","PASS","runtime-admin-overview-actions-readonly.json"
"390","Админка / обзор","Быстрое действие Настроить права","The distinct quick action opened Роли и права; no save/create/status action was invoked.","PASS","runtime-admin-overview-actions-readonly.json"
"390","Админка / обзор","Быстрое действие Проверить готовность завода","The distinct quick action opened Обзор; no save/create/status action was invoked.","PASS","runtime-admin-overview-actions-readonly.json"
"430","Админка / обзор","Обновить / server reload","Refresh issued the canonical GET /api/admin/overview, received HTTP 200 and restored the overview body.","PASS","runtime-admin-overview-actions-readonly.json"
"430","Админка / обзор","В восстановлении: / visible section return","Summary action opened Восстановление; the visible Overview navigation returned to the overview without a mutation.","PASS","runtime-admin-overview-actions-readonly.json"
"430","Админка / обзор","Диагностика данных: / visible section return","Summary action opened Диагностика данных; the visible Overview navigation returned to the overview without a mutation.","PASS","runtime-admin-overview-actions-readonly.json"
"430","Админка / обзор","Показать / Скрыть список проверки","The first real health group expanded its warning details and collapsed them again.","PASS","runtime-admin-overview-actions-readonly.json"
"430","Админка / обзор","Health action / visible section return","Перейти к настройке opened the configured section Позиции на линиях; visible Overview navigation returned without mutation.","PASS","runtime-admin-overview-actions-readonly.json"
"430","Админка / обзор","Быстрое действие Создать новый завод","The distinct quick action opened Заводы; no save/create/status action was invoked.","PASS","runtime-admin-overview-actions-readonly.json"
"430","Админка / обзор","Быстрое действие Добавить линию","The distinct quick action opened Линии и позиции; no save/create/status action was invoked.","PASS","runtime-admin-overview-actions-readonly.json"
"430","Админка / обзор","Быстрое действие Изменить состав линии","The distinct quick action opened Шаблоны состава; no save/create/status action was invoked.","PASS","runtime-admin-overview-actions-readonly.json"
"430","Админка / обзор","Быстрое действие Добавить рабочую зону","The distinct quick action opened Повременщики / рабочие зоны; no save/create/status action was invoked.","PASS","runtime-admin-overview-actions-readonly.json"
"430","Админка / обзор","Быстрое действие Создать должность","The distinct quick action opened Должности и роли; no save/create/status action was invoked.","PASS","runtime-admin-overview-actions-readonly.json"
"430","Админка / обзор","Быстрое действие Выдать человеку доступ","The distinct quick action opened Пользователи и доступы; no save/create/status action was invoked.","PASS","runtime-admin-overview-actions-readonly.json"
"430","Админка / обзор","Быстрое действие Настроить права","The distinct quick action opened Роли и права; no save/create/status action was invoked.","PASS","runtime-admin-overview-actions-readonly.json"
"430","Админка / обзор","Быстрое действие Проверить готовность завода","The distinct quick action opened Обзор; no save/create/status action was invoked.","PASS","runtime-admin-overview-actions-readonly.json"
"desktop","Админка / обзор","Показать / Скрыть дополнительные проверки","A six-group browser-only config-health response rendered five canonical groups, expanded to six and collapsed back to five. No API mutation occurred.","PASS","runtime-admin-health-additional-groups-isolated.json"
"360","Админка / обзор","Показать / Скрыть дополнительные проверки","A six-group browser-only config-health response rendered five canonical groups, expanded to six and collapsed back to five. No API mutation occurred.","PASS","runtime-admin-health-additional-groups-isolated.json"
"390","Админка / обзор","Показать / Скрыть дополнительные проверки","A six-group browser-only config-health response rendered five canonical groups, expanded to six and collapsed back to five. No API mutation occurred.","PASS","runtime-admin-health-additional-groups-isolated.json"
"430","Админка / обзор","Показать / Скрыть дополнительные проверки","A six-group browser-only config-health response rendered five canonical groups, expanded to six and collapsed back to five. No API mutation occurred.","PASS","runtime-admin-health-additional-groups-isolated.json"
"desktop","Админка / заводы / экспорт конфигурации","Сформировать экспорт / Скачать файл","The canonical config-export GET returned HTTP 200, rendered its preview, kept the file input inside its grid cell (overlap 0px), contained no forbidden secret/storage fields and produced a real browser JSON download. No API mutation occurred.","PASS","runtime-admin-config-export-readonly.json"
"360","Админка / заводы / экспорт конфигурации","Сформировать экспорт / Скачать файл","The canonical config-export GET returned HTTP 200, rendered its preview, kept the file input inside its grid cell (overlap 0px), contained no forbidden secret/storage fields and produced a real browser JSON download. No API mutation occurred.","PASS","runtime-admin-config-export-readonly.json"
"390","Админка / заводы / экспорт конфигурации","Сформировать экспорт / Скачать файл","The canonical config-export GET returned HTTP 200, rendered its preview, kept the file input inside its grid cell (overlap 0px), contained no forbidden secret/storage fields and produced a real browser JSON download. No API mutation occurred.","PASS","runtime-admin-config-export-readonly.json"
"430","Админка / заводы / экспорт конфигурации","Сформировать экспорт / Скачать файл","The canonical config-export GET returned HTTP 200, rendered its preview, kept the file input inside its grid cell (overlap 0px), contained no forbidden secret/storage fields and produced a real browser JSON download. No API mutation occurred.","PASS","runtime-admin-config-export-readonly.json"
"desktop","Админка / пользователи и доступы","Выдать доступ","A safe browser-only candidate submitted the exact factoryId/WORKER/null-scope payload once; the refreshed read model removed the user from the addable optgroup and promoted them to the granted-access list while retaining the primary selector option for access management. No backend write occurred; server authorization is not inferred.","PASS","runtime-admin-factory-access-submit-isolated.json"
"360","Админка / пользователи и доступы","Выдать доступ","A safe browser-only candidate submitted the exact factoryId/WORKER/null-scope payload once; the refreshed read model removed the user from the addable optgroup and promoted them to the granted-access list while retaining the primary selector option for access management. No backend write occurred; server authorization is not inferred.","PASS","runtime-admin-factory-access-submit-isolated.json"
"390","Админка / пользователи и доступы","Выдать доступ","A safe browser-only candidate submitted the exact factoryId/WORKER/null-scope payload once; the refreshed read model removed the user from the addable optgroup and promoted them to the granted-access list while retaining the primary selector option for access management. No backend write occurred; server authorization is not inferred.","PASS","runtime-admin-factory-access-submit-isolated.json"
"430","Админка / пользователи и доступы","Выдать доступ","A safe browser-only candidate submitted the exact factoryId/WORKER/null-scope payload once; the refreshed read model removed the user from the addable optgroup and promoted them to the granted-access list while retaining the primary selector option for access management. No backend write occurred; server authorization is not inferred.","PASS","runtime-admin-factory-access-submit-isolated.json"
"desktop","Админка / заводы","Создать завод / ЗАВОД / Back / Подтвердить / reload","The protected layer required the exact confirmation text; focus/layer Back closed it without submit and retained the draft. A second confirmation submitted the exact EMPTY factory payload once, cleared the form and reloaded a browser-only selected factory in the canonical list. No backend write occurred; server persistence and audit are not inferred.","PASS","runtime-admin-factory-create-submit-isolated.json"
"360","Админка / заводы","Создать завод / ЗАВОД / Back / Подтвердить / reload","The protected layer required the exact confirmation text; focus/layer Back closed it without submit and retained the draft. A second confirmation submitted the exact EMPTY factory payload once, cleared the form and reloaded a browser-only selected factory in the canonical list. No backend write occurred; server persistence and audit are not inferred.","PASS","runtime-admin-factory-create-submit-isolated.json"
"390","Админка / заводы","Создать завод / ЗАВОД / Back / Подтвердить / reload","The protected layer required the exact confirmation text; focus/layer Back closed it without submit and retained the draft. A second confirmation submitted the exact EMPTY factory payload once, cleared the form and reloaded a browser-only selected factory in the canonical list. No backend write occurred; server persistence and audit are not inferred.","PASS","runtime-admin-factory-create-submit-isolated.json"
"430","Админка / заводы","Создать завод / ЗАВОД / Back / Подтвердить / reload","The protected layer required the exact confirmation text; focus/layer Back closed it without submit and retained the draft. A second confirmation submitted the exact EMPTY factory payload once, cleared the form and reloaded a browser-only selected factory in the canonical list. No backend write occurred; server persistence and audit are not inferred.","PASS","runtime-admin-factory-create-submit-isolated.json"
"desktop","Админка / заводы","COPY preview / protected create / error / retry / reload","Synthetic browser-only setup options: exact COPY source/category/draft-factory payload; visible Russian 409 retains confirmation, wizard values and category; retry clears the form, renders the copied result and keeps one selectable factory after reload. No backend factory write; persistence/RBAC/audit and physical Android Back are not inferred.","PASS","runtime-admin-factory-copy-submit-outcome-isolated.json"
"360","Админка / заводы","COPY preview / protected create / error / retry / reload","Synthetic browser-only setup options: exact COPY source/category/draft-factory payload; visible Russian 409 retains confirmation, wizard values and category; retry clears the form, renders the copied result and keeps one selectable factory after reload. No backend factory write; persistence/RBAC/audit and physical Android Back are not inferred.","PASS","runtime-admin-factory-copy-submit-outcome-isolated.json"
"390","Админка / заводы","COPY preview / protected create / error / retry / reload","Synthetic browser-only setup options: exact COPY source/category/draft-factory payload; visible Russian 409 retains confirmation, wizard values and category; retry clears the form, renders the copied result and keeps one selectable factory after reload. No backend factory write; persistence/RBAC/audit and physical Android Back are not inferred.","PASS","runtime-admin-factory-copy-submit-outcome-isolated.json"
"430","Админка / заводы","COPY preview / protected create / error / retry / reload","Synthetic browser-only setup options: exact COPY source/category/draft-factory payload; visible Russian 409 retains confirmation, wizard values and category; retry clears the form, renders the copied result and keeps one selectable factory after reload. No backend factory write; persistence/RBAC/audit and physical Android Back are not inferred.","PASS","runtime-admin-factory-copy-submit-outcome-isolated.json"
"desktop","Админка / заводы / импорт конфигурации","Проверить файл / Создать завод из файла / ИМПОРТ / reload","A browser-only valid schema preview enabled import. Browser Back and visible Cancel separately closed only the confirmation, retained file/target/status and sent no create command. Exact ИМПОРТ confirmation then submitted the config and inactive target once; the result rendered, history remained excluded and canonical reload selected the new inactive factory. No backend write occurred; server validation, persistence, RBAC and audit are not inferred.","PASS","runtime-admin-factory-import-submit-isolated.json"
"360","Админка / заводы / импорт конфигурации","Проверить файл / Создать завод из файла / ИМПОРТ / reload","A browser-only valid schema preview enabled import. Browser Back and visible Cancel separately closed only the confirmation, retained file/target/status and sent no create command. Exact ИМПОРТ confirmation then submitted the config and inactive target once; the result rendered, history remained excluded and canonical reload selected the new inactive factory. No backend write occurred; server validation, persistence, RBAC and audit are not inferred.","PASS","runtime-admin-factory-import-submit-isolated.json"
"390","Админка / заводы / импорт конфигурации","Проверить файл / Создать завод из файла / ИМПОРТ / reload","A browser-only valid schema preview enabled import. Browser Back and visible Cancel separately closed only the confirmation, retained file/target/status and sent no create command. Exact ИМПОРТ confirmation then submitted the config and inactive target once; the result rendered, history remained excluded and canonical reload selected the new inactive factory. No backend write occurred; server validation, persistence, RBAC and audit are not inferred.","PASS","runtime-admin-factory-import-submit-isolated.json"
"430","Админка / заводы / импорт конфигурации","Проверить файл / Создать завод из файла / ИМПОРТ / reload","A browser-only valid schema preview enabled import. Browser Back and visible Cancel separately closed only the confirmation, retained file/target/status and sent no create command. Exact ИМПОРТ confirmation then submitted the config and inactive target once; the result rendered, history remained excluded and canonical reload selected the new inactive factory. No backend write occurred; server validation, persistence, RBAC and audit are not inferred.","PASS","runtime-admin-factory-import-submit-isolated.json"
"desktop","Админка / организация","Создать отдел / Создать должность / Создать фирму / reopen","Each exact create command submitted once with its canonical factory-scoped payload, cleared its form and survived section reopen through a browser-only refreshed read model. All mutations were intercepted; no backend write occurred and server persistence/RBAC/audit are not inferred.","PASS","runtime-admin-organization-create-submit-isolated.json"
"360","Админка / организация","Создать отдел / Создать должность / Создать фирму / reopen","Each exact create command submitted once with its canonical factory-scoped payload, cleared its form and survived section reopen through a browser-only refreshed read model. All mutations were intercepted; no backend write occurred and server persistence/RBAC/audit are not inferred.","PASS","runtime-admin-organization-create-submit-isolated.json"
"390","Админка / организация","Создать отдел / Создать должность / Создать фирму / reopen","Each exact create command submitted once with its canonical factory-scoped payload, cleared its form and survived section reopen through a browser-only refreshed read model. All mutations were intercepted; no backend write occurred and server persistence/RBAC/audit are not inferred.","PASS","runtime-admin-organization-create-submit-isolated.json"
"430","Админка / организация","Создать отдел / Создать должность / Создать фирму / reopen","Each exact create command submitted once with its canonical factory-scoped payload, cleared its form and survived section reopen through a browser-only refreshed read model. All mutations were intercepted; no backend write occurred and server persistence/RBAC/audit are not inferred.","PASS","runtime-admin-organization-create-submit-isolated.json"
"desktop","Админка / линии и позиции","Создать линию / Сохранить название / Добавить позицию / reopen","The exact line create, rename and line-position create commands each submitted once and were reflected after canonical factory-context refresh and section reopen. The line remained stopped, the position retained skill/order/flexibility and no backend write occurred; server persistence/RBAC/audit are not inferred.","PASS","runtime-admin-line-create-rename-position-submit-isolated.json"
"360","Админка / линии и позиции","Создать линию / Сохранить название / Добавить позицию / reopen","The exact line create, rename and line-position create commands each submitted once and were reflected after canonical factory-context refresh and section reopen. The line remained stopped, the position retained skill/order/flexibility and no backend write occurred; server persistence/RBAC/audit are not inferred.","PASS","runtime-admin-line-create-rename-position-submit-isolated.json"
"390","Админка / линии и позиции","Создать линию / Сохранить название / Добавить позицию / reopen","The exact line create, rename and line-position create commands each submitted once and were reflected after canonical factory-context refresh and section reopen. The line remained stopped, the position retained skill/order/flexibility and no backend write occurred; server persistence/RBAC/audit are not inferred.","PASS","runtime-admin-line-create-rename-position-submit-isolated.json"
"430","Админка / линии и позиции","Создать линию / Сохранить название / Добавить позицию / reopen","The exact line create, rename and line-position create commands each submitted once and were reflected after canonical factory-context refresh and section reopen. The line remained stopped, the position retained skill/order/flexibility and no backend write occurred; server persistence/RBAC/audit are not inferred.","PASS","runtime-admin-line-create-rename-position-submit-isolated.json"
"desktop","Админка / рабочие зоны","Создать рабочую зону / Добавить позицию / reopen","The exact TIME work-area and position commands each submitted once, cleared their local fields and survived canonical browser-only factory-context refresh plus section reopen. Min/plan/max stayed 2/3/4; no backend write occurred and server persistence/RBAC/audit are not inferred.","PASS","runtime-admin-work-area-create-position-submit-isolated.json"
"360","Админка / рабочие зоны","Создать рабочую зону / Добавить позицию / reopen","The exact TIME work-area and position commands each submitted once, cleared their local fields and survived canonical browser-only factory-context refresh plus section reopen. Min/plan/max stayed 2/3/4; no backend write occurred and server persistence/RBAC/audit are not inferred.","PASS","runtime-admin-work-area-create-position-submit-isolated.json"
"390","Админка / рабочие зоны","Создать рабочую зону / Добавить позицию / reopen","The exact TIME work-area and position commands each submitted once, cleared their local fields and survived canonical browser-only factory-context refresh plus section reopen. Min/plan/max stayed 2/3/4; no backend write occurred and server persistence/RBAC/audit are not inferred.","PASS","runtime-admin-work-area-create-position-submit-isolated.json"
"430","Админка / рабочие зоны","Создать рабочую зону / Добавить позицию / reopen","The exact TIME work-area and position commands each submitted once, cleared their local fields and survived canonical browser-only factory-context refresh plus section reopen. Min/plan/max stayed 2/3/4; no backend write occurred and server persistence/RBAC/audit are not inferred.","PASS","runtime-admin-work-area-create-position-submit-isolated.json"
"desktop","Админка / профиль и должности","Сохранить ФИО / Сохранить настройки / reopen","The exact identity and existing job-title PATCH payloads each submitted once. Refreshed profile inputs retained all names; refreshed hierarchy retained the changed duration and disabled Save as clean. All writes were intercepted in browser memory; backend persistence/RBAC/audit are not inferred.","PASS","runtime-admin-identity-job-settings-submit-isolated.json"
"360","Админка / профиль и должности","Сохранить ФИО / Сохранить настройки / reopen","The exact identity and existing job-title PATCH payloads each submitted once. Refreshed profile inputs retained all names; refreshed hierarchy retained the changed duration and disabled Save as clean. All writes were intercepted in browser memory; backend persistence/RBAC/audit are not inferred.","PASS","runtime-admin-identity-job-settings-submit-isolated.json"
"390","Админка / профиль и должности","Сохранить ФИО / Сохранить настройки / reopen","The exact identity and existing job-title PATCH payloads each submitted once. Refreshed profile inputs retained all names; refreshed hierarchy retained the changed duration and disabled Save as clean. All writes were intercepted in browser memory; backend persistence/RBAC/audit are not inferred.","PASS","runtime-admin-identity-job-settings-submit-isolated.json"
"430","Админка / профиль и должности","Сохранить ФИО / Сохранить настройки / reopen","The exact identity and existing job-title PATCH payloads each submitted once. Refreshed profile inputs retained all names; refreshed hierarchy retained the changed duration and disabled Save as clean. All writes were intercepted in browser memory; backend persistence/RBAC/audit are not inferred.","PASS","runtime-admin-identity-job-settings-submit-isolated.json"
"desktop","Админка / заявки гостей","Должность / Принять / Отклонить / focus Back / layer Back","A synthetic department-scoped job title was selected, the exact accept payload removed only its request, and the exact rejection required a reason and removed the remaining request. Focus/layer Back caused no mutation. All writes were browser-intercepted; server assignment authority/RBAC/audit are not inferred.","PASS","runtime-admin-assignment-request-decisions-isolated.json"
"360","Админка / заявки гостей","Должность / Принять / Отклонить / focus Back / layer Back","A synthetic department-scoped job title was selected, the exact accept payload removed only its request, and the exact rejection required a reason and removed the remaining request. Focus/layer Back caused no mutation. All writes were browser-intercepted; server assignment authority/RBAC/audit are not inferred.","PASS","runtime-admin-assignment-request-decisions-isolated.json"
"390","Админка / заявки гостей","Должность / Принять / Отклонить / focus Back / layer Back","A synthetic department-scoped job title was selected, the exact accept payload removed only its request, and the exact rejection required a reason and removed the remaining request. Focus/layer Back caused no mutation. All writes were browser-intercepted; server assignment authority/RBAC/audit are not inferred.","PASS","runtime-admin-assignment-request-decisions-isolated.json"
"430","Админка / заявки гостей","Должность / Принять / Отклонить / focus Back / layer Back","A synthetic department-scoped job title was selected, the exact accept payload removed only its request, and the exact rejection required a reason and removed the remaining request. Focus/layer Back caused no mutation. All writes were browser-intercepted; server assignment authority/RBAC/audit are not inferred.","PASS","runtime-admin-assignment-request-decisions-isolated.json"
"desktop","Админка / роли и права","Сохранить матрицу / preview / layer Back / confirm / reopen","One visible permission was selected for WORKER, exact preview enabled Save, browser Back closed the confirmation without PATCH, and confirmation submitted one exact payload. Canonical Admin reload and section reopen retained the checked permission and reset Save to disabled. All writes were browser-intercepted; backend authority, persistence and audit are not inferred.","PASS","runtime-admin-role-matrix-submit-isolated.json"
"360","Админка / роли и права","Сохранить матрицу / preview / layer Back / confirm / reopen","One visible permission was selected for WORKER, exact preview enabled Save, browser Back closed the confirmation without PATCH, and confirmation submitted one exact payload. Canonical Admin reload and section reopen retained the checked permission and reset Save to disabled. All writes were browser-intercepted; backend authority, persistence and audit are not inferred.","PASS","runtime-admin-role-matrix-submit-isolated.json"
"390","Админка / роли и права","Сохранить матрицу / preview / layer Back / confirm / reopen","One visible permission was selected for WORKER, exact preview enabled Save, browser Back closed the confirmation without PATCH, and confirmation submitted one exact payload. Canonical Admin reload and section reopen retained the checked permission and reset Save to disabled. All writes were browser-intercepted; backend authority, persistence and audit are not inferred.","PASS","runtime-admin-role-matrix-submit-isolated.json"
"430","Админка / роли и права","Сохранить матрицу / preview / layer Back / confirm / reopen","One visible permission was selected for WORKER, exact preview enabled Save, browser Back closed the confirmation without PATCH, and confirmation submitted one exact payload. Canonical Admin reload and section reopen retained the checked permission and reset Save to disabled. All writes were browser-intercepted; backend authority, persistence and audit are not inferred.","PASS","runtime-admin-role-matrix-submit-isolated.json"
"desktop","Админка / шаблоны состава","Создать шаблон / Сделать основным / layer Back / confirm / reopen","A canonical line position produced one exact 1/2/3 template payload and a refreshed available-template card. Default preview opened the exact consequence; browser Back caused no submit, then confirmation sent one versioned remap command. Canonical reload and section reopen retained the main-template state. All writes were browser-intercepted; backend persistence, remap authority, concurrency and audit are not inferred.","PASS","runtime-admin-staffing-template-submit-isolated.json"
"360","Админка / шаблоны состава","Создать шаблон / Сделать основным / layer Back / confirm / reopen","A canonical line position produced one exact 1/2/3 template payload and a refreshed available-template card. Default preview opened the exact consequence; browser Back caused no submit, then confirmation sent one versioned remap command. Canonical reload and section reopen retained the main-template state. All writes were browser-intercepted; backend persistence, remap authority, concurrency and audit are not inferred.","PASS","runtime-admin-staffing-template-submit-isolated.json"
"390","Админка / шаблоны состава","Создать шаблон / Сделать основным / layer Back / confirm / reopen","A canonical line position produced one exact 1/2/3 template payload and a refreshed available-template card. Default preview opened the exact consequence; browser Back caused no submit, then confirmation sent one versioned remap command. Canonical reload and section reopen retained the main-template state. All writes were browser-intercepted; backend persistence, remap authority, concurrency and audit are not inferred.","PASS","runtime-admin-staffing-template-submit-isolated.json"
"430","Админка / шаблоны состава","Создать шаблон / Сделать основным / layer Back / confirm / reopen","A canonical line position produced one exact 1/2/3 template payload and a refreshed available-template card. Default preview opened the exact consequence; browser Back caused no submit, then confirmation sent one versioned remap command. Canonical reload and section reopen retained the main-template state. All writes were browser-intercepted; backend persistence, remap authority, concurrency and audit are not inferred.","PASS","runtime-admin-staffing-template-submit-isolated.json"
"desktop","Админка / настройки модулей","Проверить путь сохранения / preview / focus Back / layer Back / confirm / reopen","Controlled current shift settings rendered in the fallback module card. Exact preview opened the protected confirmation; focus/layer Back caused no PATCH. Exact НАСТРОЙКИ confirmation submitted once, and canonical Admin reload plus section reopen retained all four values. All writes were browser-intercepted; backend persistence, settings authority and audit are not inferred.","PASS","runtime-admin-module-settings-save-path-isolated.json"
"360","Админка / настройки модулей","Проверить путь сохранения / preview / focus Back / layer Back / confirm / reopen","Controlled current shift settings rendered in the fallback module card. Exact preview opened the protected confirmation; focus/layer Back caused no PATCH. Exact НАСТРОЙКИ confirmation submitted once, and canonical Admin reload plus section reopen retained all four values. All writes were browser-intercepted; backend persistence, settings authority and audit are not inferred.","PASS","runtime-admin-module-settings-save-path-isolated.json"
"390","Админка / настройки модулей","Проверить путь сохранения / preview / focus Back / layer Back / confirm / reopen","Controlled current shift settings rendered in the fallback module card. Exact preview opened the protected confirmation; focus/layer Back caused no PATCH. Exact НАСТРОЙКИ confirmation submitted once, and canonical Admin reload plus section reopen retained all four values. All writes were browser-intercepted; backend persistence, settings authority and audit are not inferred.","PASS","runtime-admin-module-settings-save-path-isolated.json"
"430","Админка / настройки модулей","Проверить путь сохранения / preview / focus Back / layer Back / confirm / reopen","Controlled current shift settings rendered in the fallback module card. Exact preview opened the protected confirmation; focus/layer Back caused no PATCH. Exact НАСТРОЙКИ confirmation submitted once, and canonical Admin reload plus section reopen retained all four values. All writes were browser-intercepted; backend persistence, settings authority and audit are not inferred.","PASS","runtime-admin-module-settings-save-path-isolated.json"
"desktop","PWA / camera current contract","Manifest / activated SW / login and Settings install affordance / camera input / Back","The current production shell is a secure localhost context with one activated /sw.js registration controlling root. Login and Settings contain no install action in the current source/bundle; this is recorded as an evidence gap, not accepted install UX. The shared camera button synchronously opened a single-file chooser with accept=image/* and capture=environment; physical permission/capture is not inferred. Browser Back closed the picker and no product API mutation occurred.","PASS","runtime-pwa-camera-contract-readonly.json"
"360","PWA / camera current contract","Manifest / activated SW / login and Settings install affordance / camera input / Back","The current production shell is a secure localhost context with one activated /sw.js registration controlling root. Login and Settings contain no install action in the current source/bundle; this is recorded as an evidence gap, not accepted install UX. The shared camera button synchronously opened a single-file chooser with accept=image/* and capture=environment; physical permission/capture is not inferred. Browser Back closed the picker and no product API mutation occurred.","PASS","runtime-pwa-camera-contract-readonly.json"
"390","PWA / camera current contract","Manifest / activated SW / login and Settings install affordance / camera input / Back","The current production shell is a secure localhost context with one activated /sw.js registration controlling root. Login and Settings contain no install action in the current source/bundle; this is recorded as an evidence gap, not accepted install UX. The shared camera button synchronously opened a single-file chooser with accept=image/* and capture=environment; physical permission/capture is not inferred. Browser Back closed the picker and no product API mutation occurred.","PASS","runtime-pwa-camera-contract-readonly.json"
"430","PWA / camera current contract","Manifest / activated SW / login and Settings install affordance / camera input / Back","The current production shell is a secure localhost context with one activated /sw.js registration controlling root. Login and Settings contain no install action in the current source/bundle; this is recorded as an evidence gap, not accepted install UX. The shared camera button synchronously opened a single-file chooser with accept=image/* and capture=environment; physical permission/capture is not inferred. Browser Back closed the picker and no product API mutation occurred.","PASS","runtime-pwa-camera-contract-readonly.json"
"desktop","Админка / заводы","Обновить / factory reload","Refresh reloaded the selected factory through canonical Admin GET requests and received config-health HTTP 200.","PASS","runtime-admin-factory-list-readonly.json"
"desktop","Админка / заводы","Контекстный завод / reload","The real factory Завод 4 reloaded through the context list, received config-health HTTP 200 and became the active Admin factory chip.","PASS","runtime-admin-factory-list-readonly.json"
"desktop","Админка / заводы","Показать / Скрыть диагностику заводов","The diagnostic factory list expanded and later collapsed without changing server state.","PASS","runtime-admin-factory-list-readonly.json"
"desktop","Админка / заводы","Диагностический завод / reload","The real diagnostic-list factory Завод 4 reloaded through canonical GETs, received config-health HTTP 200 and remained selected.","PASS","runtime-admin-factory-list-readonly.json"
"desktop","Админка / заводы","Browser Back / clean reopen","Browser Back left Admin without a mutation; reopening Factories restored the diagnostic list collapsed.","PASS","runtime-admin-factory-list-readonly.json"
"360","Админка / заводы","Обновить / factory reload","Refresh reloaded the selected factory through canonical Admin GET requests and received config-health HTTP 200.","PASS","runtime-admin-factory-list-readonly.json"
"360","Админка / заводы","Контекстный завод / reload","The real factory Завод 4 reloaded through the context list, received config-health HTTP 200 and became the active Admin factory chip.","PASS","runtime-admin-factory-list-readonly.json"
"360","Админка / заводы","Показать / Скрыть диагностику заводов","The diagnostic factory list expanded and later collapsed without changing server state.","PASS","runtime-admin-factory-list-readonly.json"
"360","Админка / заводы","Диагностический завод / reload","The real diagnostic-list factory Завод 4 reloaded through canonical GETs, received config-health HTTP 200 and remained selected.","PASS","runtime-admin-factory-list-readonly.json"
"360","Админка / заводы","Browser Back / clean reopen","Browser Back left Admin without a mutation; reopening Factories restored the diagnostic list collapsed.","PASS","runtime-admin-factory-list-readonly.json"
"390","Админка / заводы","Обновить / factory reload","Refresh reloaded the selected factory through canonical Admin GET requests and received config-health HTTP 200.","PASS","runtime-admin-factory-list-readonly.json"
"390","Админка / заводы","Контекстный завод / reload","The real factory Завод 4 reloaded through the context list, received config-health HTTP 200 and became the active Admin factory chip.","PASS","runtime-admin-factory-list-readonly.json"
"390","Админка / заводы","Показать / Скрыть диагностику заводов","The diagnostic factory list expanded and later collapsed without changing server state.","PASS","runtime-admin-factory-list-readonly.json"
"390","Админка / заводы","Диагностический завод / reload","The real diagnostic-list factory Завод 4 reloaded through canonical GETs, received config-health HTTP 200 and remained selected.","PASS","runtime-admin-factory-list-readonly.json"
"390","Админка / заводы","Browser Back / clean reopen","Browser Back left Admin without a mutation; reopening Factories restored the diagnostic list collapsed.","PASS","runtime-admin-factory-list-readonly.json"
"430","Админка / заводы","Обновить / factory reload","Refresh reloaded the selected factory through canonical Admin GET requests and received config-health HTTP 200.","PASS","runtime-admin-factory-list-readonly.json"
"430","Админка / заводы","Контекстный завод / reload","The real factory Завод 4 reloaded through the context list, received config-health HTTP 200 and became the active Admin factory chip.","PASS","runtime-admin-factory-list-readonly.json"
"430","Админка / заводы","Показать / Скрыть диагностику заводов","The diagnostic factory list expanded and later collapsed without changing server state.","PASS","runtime-admin-factory-list-readonly.json"
"430","Админка / заводы","Диагностический завод / reload","The real diagnostic-list factory Завод 4 reloaded through canonical GETs, received config-health HTTP 200 and remained selected.","PASS","runtime-admin-factory-list-readonly.json"
"430","Админка / заводы","Browser Back / clean reopen","Browser Back left Admin without a mutation; reopening Factories restored the diagnostic list collapsed.","PASS","runtime-admin-factory-list-readonly.json"
"desktop","Админка / заводы","Setup preview / invalid import validation / focus Back / clean reopen","The canonical setup preview returned writesDatabase=false; an intentionally invalid schema returned validation errors before audit write, create stayed disabled, and focus/screen Back plus clean reopen discarded all local state.","PASS","runtime-admin-factory-preview-import-validation-readonly.json"
"360","Админка / заводы","Setup preview / invalid import validation / focus Back / clean reopen","The canonical setup preview returned writesDatabase=false; an intentionally invalid schema returned validation errors before audit write, create stayed disabled, and focus/screen Back plus clean reopen discarded all local state.","PASS","runtime-admin-factory-preview-import-validation-readonly.json"
"390","Админка / заводы","Setup preview / invalid import validation / focus Back / clean reopen","The canonical setup preview returned writesDatabase=false; an intentionally invalid schema returned validation errors before audit write, create stayed disabled, and focus/screen Back plus clean reopen discarded all local state.","PASS","runtime-admin-factory-preview-import-validation-readonly.json"
"430","Админка / заводы","Setup preview / invalid import validation / focus Back / clean reopen","The canonical setup preview returned writesDatabase=false; an intentionally invalid schema returned validation errors before audit write, create stayed disabled, and focus/screen Back plus clean reopen discarded all local state.","PASS","runtime-admin-factory-preview-import-validation-readonly.json"
"desktop","Админка / восстановление","Обновить / recovery GET","Recovery reload issued canonical GET /api/admin/recovery, received HTTP 200 and preserved the recovery center.","PASS","runtime-admin-recovery-diagnostics-readonly.json"
"desktop","Админка / восстановление","Открыть диагностику / visible section return","The recovery summary opened the canonical Data diagnostics section without a mutation.","PASS","runtime-admin-recovery-diagnostics-readonly.json"
"desktop","Админка / диагностика данных","Обновить / data hygiene GET","Data diagnostics reload issued canonical GET /api/admin/data-hygiene/summary, received HTTP 200 and preserved the diagnostics screen.","PASS","runtime-admin-recovery-diagnostics-readonly.json"
"desktop","Админка / диагностика данных","Оставить как есть / recovery navigation","The first real diagnostic row navigated to Recovery and did not update, delete or restore the record.","PASS","runtime-admin-recovery-diagnostics-readonly.json"
"desktop","Админка / восстановление","Browser Back / clean reopen","Browser Back left Admin without a mutation; reopening Recovery restored its canonical screen.","PASS","runtime-admin-recovery-diagnostics-readonly.json"
"360","Админка / восстановление","Обновить / recovery GET","Recovery reload issued canonical GET /api/admin/recovery, received HTTP 200 and preserved the recovery center.","PASS","runtime-admin-recovery-diagnostics-readonly.json"
"360","Админка / восстановление","Открыть диагностику / visible section return","The recovery summary opened the canonical Data diagnostics section without a mutation.","PASS","runtime-admin-recovery-diagnostics-readonly.json"
"360","Админка / диагностика данных","Обновить / data hygiene GET","Data diagnostics reload issued canonical GET /api/admin/data-hygiene/summary, received HTTP 200 and preserved the diagnostics screen.","PASS","runtime-admin-recovery-diagnostics-readonly.json"
"360","Админка / диагностика данных","Оставить как есть / recovery navigation","The first real diagnostic row navigated to Recovery and did not update, delete or restore the record.","PASS","runtime-admin-recovery-diagnostics-readonly.json"
"360","Админка / восстановление","Browser Back / clean reopen","Browser Back left Admin without a mutation; reopening Recovery restored its canonical screen.","PASS","runtime-admin-recovery-diagnostics-readonly.json"
"390","Админка / восстановление","Обновить / recovery GET","Recovery reload issued canonical GET /api/admin/recovery, received HTTP 200 and preserved the recovery center.","PASS","runtime-admin-recovery-diagnostics-readonly.json"
"390","Админка / восстановление","Открыть диагностику / visible section return","The recovery summary opened the canonical Data diagnostics section without a mutation.","PASS","runtime-admin-recovery-diagnostics-readonly.json"
"390","Админка / диагностика данных","Обновить / data hygiene GET","Data diagnostics reload issued canonical GET /api/admin/data-hygiene/summary, received HTTP 200 and preserved the diagnostics screen.","PASS","runtime-admin-recovery-diagnostics-readonly.json"
"390","Админка / диагностика данных","Оставить как есть / recovery navigation","The first real diagnostic row navigated to Recovery and did not update, delete or restore the record.","PASS","runtime-admin-recovery-diagnostics-readonly.json"
"390","Админка / восстановление","Browser Back / clean reopen","Browser Back left Admin without a mutation; reopening Recovery restored its canonical screen.","PASS","runtime-admin-recovery-diagnostics-readonly.json"
"430","Админка / восстановление","Обновить / recovery GET","Recovery reload issued canonical GET /api/admin/recovery, received HTTP 200 and preserved the recovery center.","PASS","runtime-admin-recovery-diagnostics-readonly.json"
"430","Админка / восстановление","Открыть диагностику / visible section return","The recovery summary opened the canonical Data diagnostics section without a mutation.","PASS","runtime-admin-recovery-diagnostics-readonly.json"
"430","Админка / диагностика данных","Обновить / data hygiene GET","Data diagnostics reload issued canonical GET /api/admin/data-hygiene/summary, received HTTP 200 and preserved the diagnostics screen.","PASS","runtime-admin-recovery-diagnostics-readonly.json"
"430","Админка / диагностика данных","Оставить как есть / recovery navigation","The first real diagnostic row navigated to Recovery and did not update, delete or restore the record.","PASS","runtime-admin-recovery-diagnostics-readonly.json"
"430","Админка / восстановление","Browser Back / clean reopen","Browser Back left Admin without a mutation; reopening Recovery restored its canonical screen.","PASS","runtime-admin-recovery-diagnostics-readonly.json"
"desktop","Админка / диагностика данных","Восстановить / Back / Отмена","A real diagnostic recovery row opened the canonical confirmation; layer Back and a separate visible Cancel closed it without issuing the restore POST.","PASS","runtime-admin-recovery-confirm-retry-readonly.json"
"desktop","Админка / ошибка загрузки","Повторить / successful reload","A bounded 503 produced the visible retry action; after the GET path recovered, Repeat loaded /api/admin/overview with HTTP 200 and preserved the active Data diagnostics section.","PASS","runtime-admin-recovery-confirm-retry-readonly.json"
"360","Админка / диагностика данных","Восстановить / Back / Отмена","A real diagnostic recovery row opened the canonical confirmation; layer Back and a separate visible Cancel closed it without issuing the restore POST.","PASS","runtime-admin-recovery-confirm-retry-readonly.json"
"360","Админка / ошибка загрузки","Повторить / successful reload","A bounded 503 produced the visible retry action; after the GET path recovered, Repeat loaded /api/admin/overview with HTTP 200 and preserved the active Data diagnostics section.","PASS","runtime-admin-recovery-confirm-retry-readonly.json"
"390","Админка / диагностика данных","Восстановить / Back / Отмена","A real diagnostic recovery row opened the canonical confirmation; layer Back and a separate visible Cancel closed it without issuing the restore POST.","PASS","runtime-admin-recovery-confirm-retry-readonly.json"
"390","Админка / ошибка загрузки","Повторить / successful reload","A bounded 503 produced the visible retry action; after the GET path recovered, Repeat loaded /api/admin/overview with HTTP 200 and preserved the active Data diagnostics section.","PASS","runtime-admin-recovery-confirm-retry-readonly.json"
"430","Админка / диагностика данных","Восстановить / Back / Отмена","A real diagnostic recovery row opened the canonical confirmation; layer Back and a separate visible Cancel closed it without issuing the restore POST.","PASS","runtime-admin-recovery-confirm-retry-readonly.json"
"430","Админка / ошибка загрузки","Повторить / successful reload","A bounded 503 produced the visible retry action; after the GET path recovered, Repeat loaded /api/admin/overview with HTTP 200 and preserved the active Data diagnostics section.","PASS","runtime-admin-recovery-confirm-retry-readonly.json"
"desktop","Админка / центр восстановления","Restore / 409 / retained entry / retry / removed row / empty-state reload","Synthetic browser-only recovery item: a controlled Russian rejection kept the confirmation and source row; retry sent the canonical default reason, removed the restored item, updated the count and preserved the empty state after browser-memory reload. Existing retained evidence separately proves layer Back and Cancel. Backend restore semantics, persistence, factory authority, audit, concurrency and physical Android Back are not inferred.","PASS","runtime-admin-recovery-submit-outcome-isolated.json"
"360","Админка / центр восстановления","Restore / 409 / retained entry / retry / removed row / empty-state reload","Synthetic browser-only recovery item: a controlled Russian rejection kept the confirmation and source row; retry sent the canonical default reason, removed the restored item, updated the count and preserved the empty state after browser-memory reload. Existing retained evidence separately proves layer Back and Cancel. Backend restore semantics, persistence, factory authority, audit, concurrency and physical Android Back are not inferred.","PASS","runtime-admin-recovery-submit-outcome-isolated.json"
"390","Админка / центр восстановления","Restore / 409 / retained entry / retry / removed row / empty-state reload","Synthetic browser-only recovery item: a controlled Russian rejection kept the confirmation and source row; retry sent the canonical default reason, removed the restored item, updated the count and preserved the empty state after browser-memory reload. Existing retained evidence separately proves layer Back and Cancel. Backend restore semantics, persistence, factory authority, audit, concurrency and physical Android Back are not inferred.","PASS","runtime-admin-recovery-submit-outcome-isolated.json"
"430","Админка / центр восстановления","Restore / 409 / retained entry / retry / removed row / empty-state reload","Synthetic browser-only recovery item: a controlled Russian rejection kept the confirmation and source row; retry sent the canonical default reason, removed the restored item, updated the count and preserved the empty state after browser-memory reload. Existing retained evidence separately proves layer Back and Cancel. Backend restore semantics, persistence, factory authority, audit, concurrency and physical Android Back are not inferred.","PASS","runtime-admin-recovery-submit-outcome-isolated.json"
"desktop","Админка / выбор получателя прав","Partial surname / phone / empty result / focus Back / layer Back / retained recipient","Synthetic browser-only target candidates: partial surname and phone digits isolate the intended recipient, an unmatched query shows the Russian empty state, first Back removes focus while retaining the query and second Back closes the picker while preserving the previously selected recipient. Preview/Apply and every Admin mutation are absent; backend candidate authority and physical Android Back are not inferred.","PASS","runtime-admin-delegation-target-search-readonly.json"
"360","Админка / выбор получателя прав","Partial surname / phone / empty result / focus Back / layer Back / retained recipient","Synthetic browser-only target candidates: partial surname and phone digits isolate the intended recipient, an unmatched query shows the Russian empty state, first Back removes focus while retaining the query and second Back closes the picker while preserving the previously selected recipient. Preview/Apply and every Admin mutation are absent; backend candidate authority and physical Android Back are not inferred.","PASS","runtime-admin-delegation-target-search-readonly.json"
"390","Админка / выбор получателя прав","Partial surname / phone / empty result / focus Back / layer Back / retained recipient","Synthetic browser-only target candidates: partial surname and phone digits isolate the intended recipient, an unmatched query shows the Russian empty state, first Back removes focus while retaining the query and second Back closes the picker while preserving the previously selected recipient. Preview/Apply and every Admin mutation are absent; backend candidate authority and physical Android Back are not inferred.","PASS","runtime-admin-delegation-target-search-readonly.json"
"430","Админка / выбор получателя прав","Partial surname / phone / empty result / focus Back / layer Back / retained recipient","Synthetic browser-only target candidates: partial surname and phone digits isolate the intended recipient, an unmatched query shows the Russian empty state, first Back removes focus while retaining the query and second Back closes the picker while preserving the previously selected recipient. Preview/Apply and every Admin mutation are absent; backend candidate authority and physical Android Back are not inferred.","PASS","runtime-admin-delegation-target-search-readonly.json"
"desktop","Админка / пользователи и доступы","Поиск / пользователь / роль / фирма / отдел / должность / focus Back / clean reopen","Search filtered a real user; both contractor-company and worker-department drafts used configured options only; disabled factory context stayed fixed; focus Back blurred, screen Back left Admin, and reopen reset the draft without granting access.","PASS","runtime-admin-user-access-draft-readonly.json"
"360","Админка / пользователи и доступы","Поиск / пользователь / роль / фирма / отдел / должность / focus Back / clean reopen","Search filtered a real user; both contractor-company and worker-department drafts used configured options only; disabled factory context stayed fixed; focus Back blurred, screen Back left Admin, and reopen reset the draft without granting access.","PASS","runtime-admin-user-access-draft-readonly.json"
"390","Админка / пользователи и доступы","Поиск / пользователь / роль / фирма / отдел / должность / focus Back / clean reopen","Search filtered a real user; both contractor-company and worker-department drafts used configured options only; disabled factory context stayed fixed; focus Back blurred, screen Back left Admin, and reopen reset the draft without granting access.","PASS","runtime-admin-user-access-draft-readonly.json"
"430","Админка / пользователи и доступы","Поиск / пользователь / роль / фирма / отдел / должность / focus Back / clean reopen","Search filtered a real user; both contractor-company and worker-department drafts used configured options only; disabled factory context stayed fixed; focus Back blurred, screen Back left Admin, and reopen reset the draft without granting access.","PASS","runtime-admin-user-access-draft-readonly.json"
"desktop","Админка / пользователь и доступ","Блокировка preview / focus Back / Отмена / профиль / доступ к заводу / screen Back","Exact block-status preview returned successfully; both confirmation layers enabled only after required input, focus Back blurred, layer Back and visible Cancel closed without block/factory-access mutation; profile and Admin screen reopened clean.","PASS","runtime-admin-user-access-confirm-readonly.json"
"360","Админка / пользователь и доступ","Блокировка preview / focus Back / Отмена / профиль / доступ к заводу / screen Back","Exact block-status preview returned successfully; both confirmation layers enabled only after required input, focus Back blurred, layer Back and visible Cancel closed without block/factory-access mutation; profile and Admin screen reopened clean.","PASS","runtime-admin-user-access-confirm-readonly.json"
"390","Админка / пользователь и доступ","Блокировка preview / focus Back / Отмена / профиль / доступ к заводу / screen Back","Exact block-status preview returned successfully; both confirmation layers enabled only after required input, focus Back blurred, layer Back and visible Cancel closed without block/factory-access mutation; profile and Admin screen reopened clean.","PASS","runtime-admin-user-access-confirm-readonly.json"
"430","Админка / пользователь и доступ","Блокировка preview / focus Back / Отмена / профиль / доступ к заводу / screen Back","Exact block-status preview returned successfully; both confirmation layers enabled only after required input, focus Back blurred, layer Back and visible Cancel closed without block/factory-access mutation; profile and Admin screen reopened clean.","PASS","runtime-admin-user-access-confirm-readonly.json"
"desktop","Админка / пользователь","Block / 409 / retained phrase / retry / blocked reload / unblock / active reload","Synthetic user only: controlled Russian rejection retains the required phrase and active state; retry sends the exact blocked command, renders a dimmed blocked row and survives browser-memory reload. The distinct unblock preview/confirmation sends blocked:false, restores the active row and survives reload. Existing evidence separately proves focus/layer Back and Cancel. Backend persistence/session invalidation/audit/realtime and physical Android Back are not inferred.","PASS","runtime-admin-user-block-submit-outcome-isolated.json"
"360","Админка / пользователь","Block / 409 / retained phrase / retry / blocked reload / unblock / active reload","Synthetic user only: controlled Russian rejection retains the required phrase and active state; retry sends the exact blocked command, renders a dimmed blocked row and survives browser-memory reload. The distinct unblock preview/confirmation sends blocked:false, restores the active row and survives reload. Existing evidence separately proves focus/layer Back and Cancel. Backend persistence/session invalidation/audit/realtime and physical Android Back are not inferred.","PASS","runtime-admin-user-block-submit-outcome-isolated.json"
"390","Админка / пользователь","Block / 409 / retained phrase / retry / blocked reload / unblock / active reload","Synthetic user only: controlled Russian rejection retains the required phrase and active state; retry sends the exact blocked command, renders a dimmed blocked row and survives browser-memory reload. The distinct unblock preview/confirmation sends blocked:false, restores the active row and survives reload. Existing evidence separately proves focus/layer Back and Cancel. Backend persistence/session invalidation/audit/realtime and physical Android Back are not inferred.","PASS","runtime-admin-user-block-submit-outcome-isolated.json"
"430","Админка / пользователь","Block / 409 / retained phrase / retry / blocked reload / unblock / active reload","Synthetic user only: controlled Russian rejection retains the required phrase and active state; retry sends the exact blocked command, renders a dimmed blocked row and survives browser-memory reload. The distinct unblock preview/confirmation sends blocked:false, restores the active row and survives reload. Existing evidence separately proves focus/layer Back and Cancel. Backend persistence/session invalidation/audit/realtime and physical Android Back are not inferred.","PASS","runtime-admin-user-block-submit-outcome-isolated.json"
"desktop","Сообщить об ошибке / shared upload feedback","Отменить / browser Back / Повторить","The browser harness held the first shared XHR at 50%; Cancel aborted it through the screen AbortController, retained the pending file and exposed Repeat. Browser Back preserved the dirty cancelled state; Repeat completed through an isolated 201 route. One synthetic report POST and one synthetic attachment POST were intercepted; no backend write was issued.","PASS","runtime-report-upload-feedback-readonly.json"
"360","Сообщить об ошибке / shared upload feedback","Отменить / browser Back / Повторить","The browser harness held the first shared XHR at 50%; Cancel aborted it through the screen AbortController, retained the pending file and exposed Repeat. Browser Back preserved the dirty cancelled state; Repeat completed through an isolated 201 route. One synthetic report POST and one synthetic attachment POST were intercepted; no backend write was issued.","PASS","runtime-report-upload-feedback-readonly.json"
"390","Сообщить об ошибке / shared upload feedback","Отменить / browser Back / Повторить","The browser harness held the first shared XHR at 50%; Cancel aborted it through the screen AbortController, retained the pending file and exposed Repeat. Browser Back preserved the dirty cancelled state; Repeat completed through an isolated 201 route. One synthetic report POST and one synthetic attachment POST were intercepted; no backend write was issued.","PASS","runtime-report-upload-feedback-readonly.json"
"430","Сообщить об ошибке / shared upload feedback","Отменить / browser Back / Повторить","The browser harness held the first shared XHR at 50%; Cancel aborted it through the screen AbortController, retained the pending file and exposed Repeat. Browser Back preserved the dirty cancelled state; Repeat completed through an isolated 201 route. One synthetic report POST and one synthetic attachment POST were intercepted; no backend write was issued.","PASS","runtime-report-upload-feedback-readonly.json"
"desktop","Сообщить об ошибке / ADMIN / изолированная запись","Отправить администратору / В работе / Закрыть окно / повторное открытие / browser Back","POST payload matched the completed form, success cleared the draft and refreshed the list; PATCH changed the in-memory status to В работе, which remained visible after close/reopen. Browser Back closed only the detail layer. Both writes were intercepted by browser fixtures and no request reached the backend; backend persistence and RBAC are not inferred.","PASS","runtime-report-submit-status-isolated.json"
"360","Сообщить об ошибке / ADMIN / изолированная запись","Отправить администратору / В работе / Закрыть окно / повторное открытие / browser Back","POST payload matched the completed form, success cleared the draft and refreshed the list; PATCH changed the in-memory status to В работе, which remained visible after close/reopen. Browser Back closed only the detail layer. Both writes were intercepted by browser fixtures and no request reached the backend; backend persistence and RBAC are not inferred.","PASS","runtime-report-submit-status-isolated.json"
"390","Сообщить об ошибке / ADMIN / изолированная запись","Отправить администратору / В работе / Закрыть окно / повторное открытие / browser Back","POST payload matched the completed form, success cleared the draft and refreshed the list; PATCH changed the in-memory status to В работе, which remained visible after close/reopen. Browser Back closed only the detail layer. Both writes were intercepted by browser fixtures and no request reached the backend; backend persistence and RBAC are not inferred.","PASS","runtime-report-submit-status-isolated.json"
"430","Сообщить об ошибке / ADMIN / изолированная запись","Отправить администратору / В работе / Закрыть окно / повторное открытие / browser Back","POST payload matched the completed form, success cleared the draft and refreshed the list; PATCH changed the in-memory status to В работе, which remained visible after close/reopen. Browser Back closed only the detail layer. Both writes were intercepted by browser fixtures and no request reached the backend; backend persistence and RBAC are not inferred.","PASS","runtime-report-submit-status-isolated.json"
"desktop","Объявления / вложения","Открыть фото / Следующее / Предыдущее / UI и browser Back","Canonical AttachmentPreviewList отрисовал два browser-only image fixture, переключил точный counter и disabled boundaries, затем закрыл viewer обоими путями с сохранением родительского объявления. API mutation отсутствует; browser fixture не доказывает attachment backend/RBAC.","PASS","runtime-attachment-preview-gallery-readonly.json"
"360","Объявления / вложения","Открыть фото / Следующее / Предыдущее / UI и browser Back","Canonical AttachmentPreviewList отрисовал два browser-only image fixture, переключил точный counter и disabled boundaries, затем закрыл viewer обоими путями с сохранением родительского объявления. API mutation отсутствует; browser fixture не доказывает attachment backend/RBAC.","PASS","runtime-attachment-preview-gallery-readonly.json"
"390","Объявления / вложения","Открыть фото / Следующее / Предыдущее / UI и browser Back","Canonical AttachmentPreviewList отрисовал два browser-only image fixture, переключил точный counter и disabled boundaries, затем закрыл viewer обоими путями с сохранением родительского объявления. API mutation отсутствует; browser fixture не доказывает attachment backend/RBAC.","PASS","runtime-attachment-preview-gallery-readonly.json"
"430","Объявления / вложения","Открыть фото / Следующее / Предыдущее / UI и browser Back","Canonical AttachmentPreviewList отрисовал два browser-only image fixture, переключил точный counter и disabled boundaries, затем закрыл viewer обоими путями с сохранением родительского объявления. API mutation отсутствует; browser fixture не доказывает attachment backend/RBAC.","PASS","runtime-attachment-preview-gallery-readonly.json"
"desktop","Вложения / inline и grid media","Inline gallery / Открыть видео / video thumbnail / UI и browser Back","Canonical AttachmentPreviewList opened a five-image inline gallery, a valid in-memory WebM from the inline video action and the same video from the grid thumbnail. UI/browser Back restored the same chat layers; all chat/media/attachment responses were browser-only and no API mutation occurred.","PASS","runtime-attachment-inline-media-readonly.json"
"360","Вложения / inline и grid media","Inline gallery / Открыть видео / video thumbnail / UI и browser Back","Canonical AttachmentPreviewList opened a five-image inline gallery, a valid in-memory WebM from the inline video action and the same video from the grid thumbnail. UI/browser Back restored the same chat layers; all chat/media/attachment responses were browser-only and no API mutation occurred.","PASS","runtime-attachment-inline-media-readonly.json"
"390","Вложения / inline и grid media","Inline gallery / Открыть видео / video thumbnail / UI и browser Back","Canonical AttachmentPreviewList opened a five-image inline gallery, a valid in-memory WebM from the inline video action and the same video from the grid thumbnail. UI/browser Back restored the same chat layers; all chat/media/attachment responses were browser-only and no API mutation occurred.","PASS","runtime-attachment-inline-media-readonly.json"
"430","Вложения / inline и grid media","Inline gallery / Открыть видео / video thumbnail / UI и browser Back","Canonical AttachmentPreviewList opened a five-image inline gallery, a valid in-memory WebM from the inline video action and the same video from the grid thumbnail. UI/browser Back restored the same chat layers; all chat/media/attachment responses were browser-only and no API mutation occurred.","PASS","runtime-attachment-inline-media-readonly.json"
"desktop","Вложения / loading-error-audio","Загрузка видео / Загрузить аудио / повтор после 403 / UI и browser Back","Browser-only media responses held the canonical pending states, opened video and audio viewers after completion, retried one safe 403 and restored its inline card. UI/browser Back closed only the viewer. No backend mutation occurred; backend/RBAC is not inferred.","PASS","runtime-attachment-loading-error-audio-readonly.json"
"360","Вложения / loading-error-audio","Загрузка видео / Загрузить аудио / повтор после 403 / UI и browser Back","Browser-only media responses held the canonical pending states, opened video and audio viewers after completion, retried one safe 403 and restored its inline card. UI/browser Back closed only the viewer. No backend mutation occurred; backend/RBAC is not inferred.","PASS","runtime-attachment-loading-error-audio-readonly.json"
"390","Вложения / loading-error-audio","Загрузка видео / Загрузить аудио / повтор после 403 / UI и browser Back","Browser-only media responses held the canonical pending states, opened video and audio viewers after completion, retried one safe 403 and restored its inline card. UI/browser Back closed only the viewer. No backend mutation occurred; backend/RBAC is not inferred.","PASS","runtime-attachment-loading-error-audio-readonly.json"
"430","Вложения / loading-error-audio","Загрузка видео / Загрузить аудио / повтор после 403 / UI и browser Back","Browser-only media responses held the canonical pending states, opened video and audio viewers after completion, retried one safe 403 and restored its inline card. UI/browser Back closed only the viewer. No backend mutation occurred; backend/RBAC is not inferred.","PASS","runtime-attachment-loading-error-audio-readonly.json"
"desktop","Возвраты / частичная выдача","Выдать часть / preview / Отмена / browser Back","Browser-only active return opened the canonical quantity sheet. Required state, exact remaining preview, explicit Cancel, clean reopen and browser Back restored the same detail/card; release submit was not invoked and no API mutation occurred.","PASS","runtime-returns-partial-release-readonly.json"
"360","Возвраты / частичная выдача","Выдать часть / preview / Отмена / browser Back","Browser-only active return opened the canonical quantity sheet. Required state, exact remaining preview, explicit Cancel, clean reopen and browser Back restored the same detail/card; release submit was not invoked and no API mutation occurred.","PASS","runtime-returns-partial-release-readonly.json"
"390","Возвраты / частичная выдача","Выдать часть / preview / Отмена / browser Back","Browser-only active return opened the canonical quantity sheet. Required state, exact remaining preview, explicit Cancel, clean reopen and browser Back restored the same detail/card; release submit was not invoked and no API mutation occurred.","PASS","runtime-returns-partial-release-readonly.json"
"430","Возвраты / частичная выдача","Выдать часть / preview / Отмена / browser Back","Browser-only active return opened the canonical quantity sheet. Required state, exact remaining preview, explicit Cancel, clean reopen and browser Back restored the same detail/card; release submit was not invoked and no API mutation occurred.","PASS","runtime-returns-partial-release-readonly.json"
"desktop","Возвраты / подтверждение архива","В архив / Отмена / browser Back","Browser-only active return opened the canonical archive confirmation. Exact consequence, enabled actions, explicit Cancel and browser Back restored the same detail/card; archive submit was not invoked and no API mutation occurred.","PASS","runtime-returns-archive-confirm-readonly.json"
"360","Возвраты / подтверждение архива","В архив / Отмена / browser Back","Browser-only active return opened the canonical archive confirmation. Exact consequence, enabled actions, explicit Cancel and browser Back restored the same detail/card; archive submit was not invoked and no API mutation occurred.","PASS","runtime-returns-archive-confirm-readonly.json"
"390","Возвраты / подтверждение архива","В архив / Отмена / browser Back","Browser-only active return opened the canonical archive confirmation. Exact consequence, enabled actions, explicit Cancel and browser Back restored the same detail/card; archive submit was not invoked and no API mutation occurred.","PASS","runtime-returns-archive-confirm-readonly.json"
"430","Возвраты / подтверждение архива","В архив / Отмена / browser Back","Browser-only active return opened the canonical archive confirmation. Exact consequence, enabled actions, explicit Cancel and browser Back restored the same detail/card; archive submit was not invoked and no API mutation occurred.","PASS","runtime-returns-archive-confirm-readonly.json"
"desktop","Возвраты / архивирование","В архив / feed / archive / reload / browser Back","The exact archive POST was intercepted once. Browser memory removed the record from feed, exposed it in Archive after normal reload, reopened the detail and restored the archived card through browser Back; no backend write occurred.","PASS","runtime-returns-archive-submit-isolated.json"
"360","Возвраты / архивирование","В архив / feed / archive / reload / browser Back","The exact archive POST was intercepted once. Browser memory removed the record from feed, exposed it in Archive after normal reload, reopened the detail and restored the archived card through browser Back; no backend write occurred.","PASS","runtime-returns-archive-submit-isolated.json"
"390","Возвраты / архивирование","В архив / feed / archive / reload / browser Back","The exact archive POST was intercepted once. Browser memory removed the record from feed, exposed it in Archive after normal reload, reopened the detail and restored the archived card through browser Back; no backend write occurred.","PASS","runtime-returns-archive-submit-isolated.json"
"430","Возвраты / архивирование","В архив / feed / archive / reload / browser Back","The exact archive POST was intercepted once. Browser memory removed the record from feed, exposed it in Archive after normal reload, reopened the detail and restored the archived card through browser Back; no backend write occurred.","PASS","runtime-returns-archive-submit-isolated.json"
"desktop","Возвраты / публикация","Опубликовать / photo upload / list / reload / detail Back","One intercepted create POST carried trimmed fields, numeric quantity and canonical operationId; one intercepted multipart upload carried RETURN_RECORD/entity/photo metadata. Browser memory rendered the card and attachment after reload and detail Back; no backend write occurred.","PASS","runtime-returns-create-submit-isolated.json"
"360","Возвраты / публикация","Опубликовать / photo upload / list / reload / detail Back","One intercepted create POST carried trimmed fields, numeric quantity and canonical operationId; one intercepted multipart upload carried RETURN_RECORD/entity/photo metadata. Browser memory rendered the card and attachment after reload and detail Back; no backend write occurred.","PASS","runtime-returns-create-submit-isolated.json"
"390","Возвраты / публикация","Опубликовать / photo upload / list / reload / detail Back","One intercepted create POST carried trimmed fields, numeric quantity and canonical operationId; one intercepted multipart upload carried RETURN_RECORD/entity/photo metadata. Browser memory rendered the card and attachment after reload and detail Back; no backend write occurred.","PASS","runtime-returns-create-submit-isolated.json"
"430","Возвраты / публикация","Опубликовать / photo upload / list / reload / detail Back","One intercepted create POST carried trimmed fields, numeric quantity and canonical operationId; one intercepted multipart upload carried RETURN_RECORD/entity/photo metadata. Browser memory rendered the card and attachment after reload and detail Back; no backend write occurred.","PASS","runtime-returns-create-submit-isolated.json"
"desktop","Объявления / управление","В архив / Отмена / browser Back / Закрыть","Browser-only management card opened the canonical archive confirmation. Explicit Cancel, browser Back and header Close each closed only the confirmation and restored the same management card; archive mutation was not invoked.","PASS","runtime-announcements-archive-confirm-readonly.json"
"360","Объявления / управление","В архив / Отмена / browser Back / Закрыть","Browser-only management card opened the canonical archive confirmation. Explicit Cancel, browser Back and header Close each closed only the confirmation and restored the same management card; archive mutation was not invoked.","PASS","runtime-announcements-archive-confirm-readonly.json"
"390","Объявления / управление","В архив / Отмена / browser Back / Закрыть","Browser-only management card opened the canonical archive confirmation. Explicit Cancel, browser Back and header Close each closed only the confirmation and restored the same management card; archive mutation was not invoked.","PASS","runtime-announcements-archive-confirm-readonly.json"
"430","Объявления / управление","В архив / Отмена / browser Back / Закрыть","Browser-only management card opened the canonical archive confirmation. Explicit Cancel, browser Back and header Close each closed only the confirmation and restored the same management card; archive mutation was not invoked.","PASS","runtime-announcements-archive-confirm-readonly.json"
"desktop","Объявления / страницы","Следующая / Предыдущая","Browser-only three-page announcement moved photo 1 → photo 2 → text → photo 2 → photo 1 and restored exact disabled boundaries; no API mutation occurred.","PASS","runtime-announcements-page-navigation-readonly.json"
"360","Объявления / страницы","Следующая / Предыдущая","Browser-only three-page announcement moved photo 1 → photo 2 → text → photo 2 → photo 1 and restored exact disabled boundaries; no API mutation occurred.","PASS","runtime-announcements-page-navigation-readonly.json"
"390","Объявления / страницы","Следующая / Предыдущая","Browser-only three-page announcement moved photo 1 → photo 2 → text → photo 2 → photo 1 and restored exact disabled boundaries; no API mutation occurred.","PASS","runtime-announcements-page-navigation-readonly.json"
"430","Объявления / страницы","Следующая / Предыдущая","Browser-only three-page announcement moved photo 1 → photo 2 → text → photo 2 → photo 1 and restored exact disabled boundaries; no API mutation occurred.","PASS","runtime-announcements-page-navigation-readonly.json"
"desktop","Объявления / создать","Черновик / аудитория / preview / browser Back / Отмена","Local create draft is discarded by both close paths; save/upload mutations were not invoked.","PASS","runtime-announcements-readonly.json"
"desktop","Объявления / архив","Открыть / browser Back","Inline archive detail closes first and the archive tab remains selected; no read-state mutation.","PASS","runtime-announcements-readonly.json"
"desktop","Объявления / управление","Создать объявление / Отмена","Management-local create entry opened the canonical empty editor and explicit Cancel restored management without a write.","PASS","runtime-announcements-readonly.json"
"desktop","Объявления / управление","Журнал / explicit Close / edit draft / browser Back","Report GET returned 200; both browser Back and explicit Close preserve management; edit focus-first/layer Back discards the draft without save.","PASS","runtime-announcements-readonly.json"
"desktop","Объявления / вкладки","Архив / Управление / Обновить / Новые","Три вкладки и явный refresh управления выполнили ожидаемые read-only GET; активная вкладка вернулась к «Новые».","PASS","runtime-announcements-readonly.json"
"360","Объявления / mobile navigation","Mobile Архив / Новые","Responsive archive shortcut and return to current announcements each completed the expected GET; no mutation.","PASS","runtime-announcements-readonly.json"
"360","Объявления / создать","Черновик / аудитория / preview / browser Back / Отмена","Local create draft is discarded by both close paths; save/upload mutations were not invoked.","PASS","runtime-announcements-readonly.json"
"360","Объявления / архив","Открыть / browser Back","Inline archive detail closes first and the archive tab remains selected; no read-state mutation.","PASS","runtime-announcements-readonly.json"
"360","Объявления / управление","Создать объявление / Отмена","Management-local create entry opened the canonical empty editor and explicit Cancel restored management without a write.","PASS","runtime-announcements-readonly.json"
"360","Объявления / управление","Журнал / explicit Close / edit draft / browser Back","Report GET returned 200; both browser Back and explicit Close preserve management; edit focus-first/layer Back discards the draft without save.","PASS","runtime-announcements-readonly.json"
"360","Объявления / вкладки","Архив / Управление / Обновить / Новые","Три вкладки и явный refresh управления выполнили ожидаемые read-only GET; активная вкладка вернулась к «Новые».","PASS","runtime-announcements-readonly.json"
"360","Объявления","Экранный Назад из Новых","Mobile-only control при active tab Новые отправил canonical navigation event и открыл Смену; announcement mutation отсутствует.","PASS","runtime-announcements-readonly.json"
"390","Объявления / mobile navigation","Mobile Архив / Новые","Responsive archive shortcut and return to current announcements each completed the expected GET; no mutation.","PASS","runtime-announcements-readonly.json"
"390","Объявления / создать","Черновик / аудитория / preview / browser Back / Отмена","Local create draft is discarded by both close paths; save/upload mutations were not invoked.","PASS","runtime-announcements-readonly.json"
"390","Объявления / архив","Открыть / browser Back","Inline archive detail closes first and the archive tab remains selected; no read-state mutation.","PASS","runtime-announcements-readonly.json"
"390","Объявления / управление","Создать объявление / Отмена","Management-local create entry opened the canonical empty editor and explicit Cancel restored management without a write.","PASS","runtime-announcements-readonly.json"
"390","Объявления / управление","Журнал / explicit Close / edit draft / browser Back","Report GET returned 200; both browser Back and explicit Close preserve management; edit focus-first/layer Back discards the draft without save.","PASS","runtime-announcements-readonly.json"
"390","Объявления / вкладки","Архив / Управление / Обновить / Новые","Три вкладки и явный refresh управления выполнили ожидаемые read-only GET; активная вкладка вернулась к «Новые».","PASS","runtime-announcements-readonly.json"
"390","Объявления","Экранный Назад из Новых","Mobile-only control при active tab Новые отправил canonical navigation event и открыл Смену; announcement mutation отсутствует.","PASS","runtime-announcements-readonly.json"
"430","Объявления / mobile navigation","Mobile Архив / Новые","Responsive archive shortcut and return to current announcements each completed the expected GET; no mutation.","PASS","runtime-announcements-readonly.json"
"430","Объявления / создать","Черновик / аудитория / preview / browser Back / Отмена","Local create draft is discarded by both close paths; save/upload mutations were not invoked.","PASS","runtime-announcements-readonly.json"
"430","Объявления / архив","Открыть / browser Back","Inline archive detail closes first and the archive tab remains selected; no read-state mutation.","PASS","runtime-announcements-readonly.json"
"430","Объявления / управление","Создать объявление / Отмена","Management-local create entry opened the canonical empty editor and explicit Cancel restored management without a write.","PASS","runtime-announcements-readonly.json"
"430","Объявления / управление","Журнал / explicit Close / edit draft / browser Back","Report GET returned 200; both browser Back and explicit Close preserve management; edit focus-first/layer Back discards the draft without save.","PASS","runtime-announcements-readonly.json"
"430","Объявления / вкладки","Архив / Управление / Обновить / Новые","Три вкладки и явный refresh управления выполнили ожидаемые read-only GET; активная вкладка вернулась к «Новые».","PASS","runtime-announcements-readonly.json"
"430","Объявления","Экранный Назад из Новых","Mobile-only control при active tab Новые отправил canonical navigation event и открыл Смену; announcement mutation отсутствует.","PASS","runtime-announcements-readonly.json"
"desktop","Объявления / ознакомление","Ознакомлен / пустое состояние / Архив объявлений","Acknowledgement sent one canonical UUID request, updated the unread state and exposed the empty-state archive entry. The archive GET restored the acknowledged announcement. Browser fixture only; backend persistence/RBAC are not inferred.","PASS","runtime-announcements-actions-isolated.json"
"desktop","Объявления / управление","Сохранить / В архив / reload","Save trimmed the exact title/text and sent the canonical audience/recurrence payload with UUID. Archive sent one UUID request, removed its action and persisted in the browser-memory archive after reload. No request reached the backend.","PASS","runtime-announcements-actions-isolated.json"
"360","Объявления / ознакомление","Ознакомлен / пустое состояние / Архив объявлений","Acknowledgement sent one canonical UUID request, updated the unread state and exposed the empty-state archive entry. The archive GET restored the acknowledged announcement. Browser fixture only; backend persistence/RBAC are not inferred.","PASS","runtime-announcements-actions-isolated.json"
"360","Объявления / управление","Сохранить / В архив / reload","Save trimmed the exact title/text and sent the canonical audience/recurrence payload with UUID. Archive sent one UUID request, removed its action and persisted in the browser-memory archive after reload. No request reached the backend.","PASS","runtime-announcements-actions-isolated.json"
"390","Объявления / ознакомление","Ознакомлен / пустое состояние / Архив объявлений","Acknowledgement sent one canonical UUID request, updated the unread state and exposed the empty-state archive entry. The archive GET restored the acknowledged announcement. Browser fixture only; backend persistence/RBAC are not inferred.","PASS","runtime-announcements-actions-isolated.json"
"390","Объявления / управление","Сохранить / В архив / reload","Save trimmed the exact title/text and sent the canonical audience/recurrence payload with UUID. Archive sent one UUID request, removed its action and persisted in the browser-memory archive after reload. No request reached the backend.","PASS","runtime-announcements-actions-isolated.json"
"430","Объявления / ознакомление","Ознакомлен / пустое состояние / Архив объявлений","Acknowledgement sent one canonical UUID request, updated the unread state and exposed the empty-state archive entry. The archive GET restored the acknowledged announcement. Browser fixture only; backend persistence/RBAC are not inferred.","PASS","runtime-announcements-actions-isolated.json"
"430","Объявления / управление","Сохранить / В архив / reload","Save trimmed the exact title/text and sent the canonical audience/recurrence payload with UUID. Archive sent one UUID request, removed its action and persisted in the browser-memory archive after reload. No request reached the backend.","PASS","runtime-announcements-actions-isolated.json"
"desktop","Заявки / фильтры","Тип / отдел / линия / browser Back","All three local selectors changed, browser Back discarded the unapplied draft, and reopen restored empty applied values; no writes.","PASS","runtime-tasks-readonly.json"
"desktop","Заявки / фильтры","Черновик / browser Back / reopen / apply / reset","Back discards the unapplied draft, reopen reflects applied state, apply changes visible result, and reset restores all; GET/read-only only.","PASS","runtime-tasks-readonly.json"
"desktop","Заявки / архив","Открыть / статус DONE / browser Back","Archive summary and filtered summary returned 200; browser Back closed the layer; no mutation.","PASS","runtime-tasks-readonly.json"
"desktop","Заявки / архив","Даты / линия / отдел / исполнитель / тип / статус / смена / UI close","Every archive filter emitted the exact GET parameter, UI Close hid the layer, reopen preserved values, and browser Back closed it; no writes.","PASS","runtime-tasks-readonly.json"
"desktop","Заявки / действия","Передать / local draft discard / Закрыть окно / Отмена","Action-sheet transfer opened the existing redirect form; discard made no request, detail UI close returned to list, and action Cancel closed only the upper layer.","PASS","runtime-tasks-readonly.json"
"desktop","Заявки / карточка","Передать / local draft discard / detail preserved","Detail redirect opened, local comment was discarded through canonical confirmation, and parent task detail remained; no redirect write.","PASS","runtime-tasks-readonly.json"
"desktop","Заявки / комментарий","Черновик / focus Back / layer Back / explicit Close","First Back blurs and preserves the comment draft; second Back closes the comment layer before task detail; reopen plus explicit Close also preserves the parent; no comment or attachment mutation.","PASS","runtime-tasks-readonly.json"
"desktop","Заявки / карточка","Actions Back / detail GET-refresh / nested comment Back / detail Back","Every upper layer closes before the list; refresh returned 200; no mutation.","PASS","runtime-tasks-readonly.json"
"desktop","Заявки / создать","Поиск исполнителя / Обновить список","Local query was preserved while the exact assignee-candidates GET returned 200; no task or assignment mutation.","PASS","runtime-tasks-readonly.json"
"desktop","Заявки / создать","Dirty / focus Back / confirm Stay / cancel discard","Canonical ActionModal protects the draft and closes without POST after explicit discard.","PASS","runtime-tasks-readonly.json"
"360","Заявки / фильтры","Тип / отдел / линия / browser Back","All three local selectors changed, browser Back discarded the unapplied draft, and reopen restored empty applied values; no writes.","PASS","runtime-tasks-readonly.json"
"360","Заявки / фильтры","Черновик / browser Back / reopen / apply / reset","Back discards the unapplied draft, reopen reflects applied state, apply changes visible result, and reset restores all; GET/read-only only.","PASS","runtime-tasks-readonly.json"
"360","Заявки / архив","Открыть / статус DONE / browser Back","Archive summary and filtered summary returned 200; browser Back closed the layer; no mutation.","PASS","runtime-tasks-readonly.json"
"360","Заявки / архив","Даты / линия / отдел / исполнитель / тип / статус / смена / UI close","Every archive filter emitted the exact GET parameter, UI Close hid the layer, reopen preserved values, and browser Back closed it; no writes.","PASS","runtime-tasks-readonly.json"
"360","Заявки / действия","Передать / local draft discard / Закрыть окно / Отмена","Action-sheet transfer opened the existing redirect form; discard made no request, detail UI close returned to list, and action Cancel closed only the upper layer.","PASS","runtime-tasks-readonly.json"
"360","Заявки / карточка","Передать / local draft discard / detail preserved","Detail redirect opened, local comment was discarded through canonical confirmation, and parent task detail remained; no redirect write.","PASS","runtime-tasks-readonly.json"
"360","Заявки / комментарий","Черновик / focus Back / layer Back / explicit Close","First Back blurs and preserves the comment draft; second Back closes the comment layer before task detail; reopen plus explicit Close also preserves the parent; no comment or attachment mutation.","PASS","runtime-tasks-readonly.json"
"360","Заявки / карточка","Actions Back / detail GET-refresh / nested comment Back / detail Back","Every upper layer closes before the list; refresh returned 200; no mutation.","PASS","runtime-tasks-readonly.json"
"360","Заявки / создать","Поиск исполнителя / Обновить список","Local query was preserved while the exact assignee-candidates GET returned 200; no task or assignment mutation.","PASS","runtime-tasks-readonly.json"
"360","Заявки / создать","Dirty / focus Back / confirm Stay / cancel discard","Canonical ActionModal protects the draft and closes without POST after explicit discard.","PASS","runtime-tasks-readonly.json"
"390","Заявки / фильтры","Тип / отдел / линия / browser Back","All three local selectors changed, browser Back discarded the unapplied draft, and reopen restored empty applied values; no writes.","PASS","runtime-tasks-readonly.json"
"390","Заявки / фильтры","Черновик / browser Back / reopen / apply / reset","Back discards the unapplied draft, reopen reflects applied state, apply changes visible result, and reset restores all; GET/read-only only.","PASS","runtime-tasks-readonly.json"
"390","Заявки / архив","Открыть / статус DONE / browser Back","Archive summary and filtered summary returned 200; browser Back closed the layer; no mutation.","PASS","runtime-tasks-readonly.json"
"390","Заявки / архив","Даты / линия / отдел / исполнитель / тип / статус / смена / UI close","Every archive filter emitted the exact GET parameter, UI Close hid the layer, reopen preserved values, and browser Back closed it; no writes.","PASS","runtime-tasks-readonly.json"
"390","Заявки / действия","Передать / local draft discard / Закрыть окно / Отмена","Action-sheet transfer opened the existing redirect form; discard made no request, detail UI close returned to list, and action Cancel closed only the upper layer.","PASS","runtime-tasks-readonly.json"
"390","Заявки / карточка","Передать / local draft discard / detail preserved","Detail redirect opened, local comment was discarded through canonical confirmation, and parent task detail remained; no redirect write.","PASS","runtime-tasks-readonly.json"
"390","Заявки / комментарий","Черновик / focus Back / layer Back / explicit Close","First Back blurs and preserves the comment draft; second Back closes the comment layer before task detail; reopen plus explicit Close also preserves the parent; no comment or attachment mutation.","PASS","runtime-tasks-readonly.json"
"390","Заявки / карточка","Actions Back / detail GET-refresh / nested comment Back / detail Back","Every upper layer closes before the list; refresh returned 200; no mutation.","PASS","runtime-tasks-readonly.json"
"390","Заявки / создать","Поиск исполнителя / Обновить список","Local query was preserved while the exact assignee-candidates GET returned 200; no task or assignment mutation.","PASS","runtime-tasks-readonly.json"
"390","Заявки / создать","Dirty / focus Back / confirm Stay / cancel discard","Canonical ActionModal protects the draft and closes without POST after explicit discard.","PASS","runtime-tasks-readonly.json"
"430","Заявки / фильтры","Тип / отдел / линия / browser Back","All three local selectors changed, browser Back discarded the unapplied draft, and reopen restored empty applied values; no writes.","PASS","runtime-tasks-readonly.json"
"430","Заявки / фильтры","Черновик / browser Back / reopen / apply / reset","Back discards the unapplied draft, reopen reflects applied state, apply changes visible result, and reset restores all; GET/read-only only.","PASS","runtime-tasks-readonly.json"
"430","Заявки / архив","Открыть / статус DONE / browser Back","Archive summary and filtered summary returned 200; browser Back closed the layer; no mutation.","PASS","runtime-tasks-readonly.json"
"430","Заявки / архив","Даты / линия / отдел / исполнитель / тип / статус / смена / UI close","Every archive filter emitted the exact GET parameter, UI Close hid the layer, reopen preserved values, and browser Back closed it; no writes.","PASS","runtime-tasks-readonly.json"
"430","Заявки / действия","Передать / local draft discard / Закрыть окно / Отмена","Action-sheet transfer opened the existing redirect form; discard made no request, detail UI close returned to list, and action Cancel closed only the upper layer.","PASS","runtime-tasks-readonly.json"
"430","Заявки / карточка","Передать / local draft discard / detail preserved","Detail redirect opened, local comment was discarded through canonical confirmation, and parent task detail remained; no redirect write.","PASS","runtime-tasks-readonly.json"
"430","Заявки / комментарий","Черновик / focus Back / layer Back / explicit Close","First Back blurs and preserves the comment draft; second Back closes the comment layer before task detail; reopen plus explicit Close also preserves the parent; no comment or attachment mutation.","PASS","runtime-tasks-readonly.json"
"430","Заявки / карточка","Actions Back / detail GET-refresh / nested comment Back / detail Back","Every upper layer closes before the list; refresh returned 200; no mutation.","PASS","runtime-tasks-readonly.json"
"430","Заявки / создать","Поиск исполнителя / Обновить список","Local query was preserved while the exact assignee-candidates GET returned 200; no task or assignment mutation.","PASS","runtime-tasks-readonly.json"
"430","Заявки / создать","Dirty / focus Back / confirm Stay / cancel discard","Canonical ActionModal protects the draft and closes without POST after explicit discard.","PASS","runtime-tasks-readonly.json"
"desktop","Заявки / shared CommentBox / изолированный комментарий","Отправить / reload-flow / повторное открытие / browser Back","The shared form kept Send disabled while empty, trimmed the message payload, resolved the intercepted POST, closed the comment layer, and showed the in-memory comment after the screen reload-flow and a separate close/reopen. Browser Back then closed only task detail. No task write reached the backend; backend persistence/RBAC are not inferred.","PASS","runtime-task-comment-submit-isolated.json"
"360","Заявки / shared CommentBox / изолированный комментарий","Отправить / reload-flow / повторное открытие / browser Back","The shared form kept Send disabled while empty, trimmed the message payload, resolved the intercepted POST, closed the comment layer, and showed the in-memory comment after the screen reload-flow and a separate close/reopen. Browser Back then closed only task detail. No task write reached the backend; backend persistence/RBAC are not inferred.","PASS","runtime-task-comment-submit-isolated.json"
"390","Заявки / shared CommentBox / изолированный комментарий","Отправить / reload-flow / повторное открытие / browser Back","The shared form kept Send disabled while empty, trimmed the message payload, resolved the intercepted POST, closed the comment layer, and showed the in-memory comment after the screen reload-flow and a separate close/reopen. Browser Back then closed only task detail. No task write reached the backend; backend persistence/RBAC are not inferred.","PASS","runtime-task-comment-submit-isolated.json"
"430","Заявки / shared CommentBox / изолированный комментарий","Отправить / reload-flow / повторное открытие / browser Back","The shared form kept Send disabled while empty, trimmed the message payload, resolved the intercepted POST, closed the comment layer, and showed the in-memory comment after the screen reload-flow and a separate close/reopen. Browser Back then closed only task detail. No task write reached the backend; backend persistence/RBAC are not inferred.","PASS","runtime-task-comment-submit-isolated.json"
"desktop","Заявки / действия","Проверить долгие / Взять в работу / Завершить заявку","Escalation sent only the canonical client-generated UUID operationId. Both action-sheet entries opened the intended flow; take sent one UUID operationId and changed the browser-memory task to В работе. Complete opened its canonical modal and browser Back restored the exact task detail. No request reached the backend.","PASS","runtime-tasks-actions-isolated.json"
"desktop","Заявки / карточка","Взять в работу / Завершить заявку / browser Back","Both detail actions used their exact handlers. Complete opened the canonical modal and browser Back restored the parent detail; take sent one UUID operationId and the refreshed detail showed В работе. No request reached the backend.","PASS","runtime-tasks-actions-isolated.json"
"360","Заявки / действия","Проверить долгие / Взять в работу / Завершить заявку","Escalation sent only the canonical client-generated UUID operationId. Both action-sheet entries opened the intended flow; take sent one UUID operationId and changed the browser-memory task to В работе. Complete opened its canonical modal and browser Back restored the exact task detail. No request reached the backend.","PASS","runtime-tasks-actions-isolated.json"
"360","Заявки / карточка","Взять в работу / Завершить заявку / browser Back","Both detail actions used their exact handlers. Complete opened the canonical modal and browser Back restored the parent detail; take sent one UUID operationId and the refreshed detail showed В работе. No request reached the backend.","PASS","runtime-tasks-actions-isolated.json"
"390","Заявки / действия","Проверить долгие / Взять в работу / Завершить заявку","Escalation sent only the canonical client-generated UUID operationId. Both action-sheet entries opened the intended flow; take sent one UUID operationId and changed the browser-memory task to В работе. Complete opened its canonical modal and browser Back restored the exact task detail. No request reached the backend.","PASS","runtime-tasks-actions-isolated.json"
"390","Заявки / карточка","Взять в работу / Завершить заявку / browser Back","Both detail actions used their exact handlers. Complete opened the canonical modal and browser Back restored the parent detail; take sent one UUID operationId and the refreshed detail showed В работе. No request reached the backend.","PASS","runtime-tasks-actions-isolated.json"
"430","Заявки / действия","Проверить долгие / Взять в работу / Завершить заявку","Escalation sent only the canonical client-generated UUID operationId. Both action-sheet entries opened the intended flow; take sent one UUID operationId and changed the browser-memory task to В работе. Complete opened its canonical modal and browser Back restored the exact task detail. No request reached the backend.","PASS","runtime-tasks-actions-isolated.json"
"430","Заявки / карточка","Взять в работу / Завершить заявку / browser Back","Both detail actions used their exact handlers. Complete opened the canonical modal and browser Back restored the parent detail; take sent one UUID operationId and the refreshed detail showed В работе. No request reached the backend.","PASS","runtime-tasks-actions-isolated.json"
"desktop","Заявки / создание","Подтвердить / 409 / повторить / reload","First exact create command received a controlled Russian 409 and retained every entered value; retry reused the same operationId, created one browser-memory task and the intended card/detail survived reload. No request reached the backend.","PASS","runtime-tasks-create-redirect-complete-outcomes-isolated.json"
"desktop","Заявки / исполнение","Передать / Завершить / фильтр Завершённые / reload / browser Back","Exact redirect and complete commands updated the intended browser-memory task. Recipient comment, completed status/comment, list movement, reload and final detail Back were verified. No request reached the backend.","PASS","runtime-tasks-create-redirect-complete-outcomes-isolated.json"
"360","Заявки / создание","Подтвердить / 409 / повторить / reload","First exact create command received a controlled Russian 409 and retained every entered value; retry reused the same operationId, created one browser-memory task and the intended card/detail survived reload. No request reached the backend.","PASS","runtime-tasks-create-redirect-complete-outcomes-isolated.json"
"360","Заявки / исполнение","Передать / Завершить / фильтр Завершённые / reload / browser Back","Exact redirect and complete commands updated the intended browser-memory task. Recipient comment, completed status/comment, list movement, reload and final detail Back were verified. No request reached the backend.","PASS","runtime-tasks-create-redirect-complete-outcomes-isolated.json"
"390","Заявки / создание","Подтвердить / 409 / повторить / reload","First exact create command received a controlled Russian 409 and retained every entered value; retry reused the same operationId, created one browser-memory task and the intended card/detail survived reload. No request reached the backend.","PASS","runtime-tasks-create-redirect-complete-outcomes-isolated.json"
"390","Заявки / исполнение","Передать / Завершить / фильтр Завершённые / reload / browser Back","Exact redirect and complete commands updated the intended browser-memory task. Recipient comment, completed status/comment, list movement, reload and final detail Back were verified. No request reached the backend.","PASS","runtime-tasks-create-redirect-complete-outcomes-isolated.json"
"430","Заявки / создание","Подтвердить / 409 / повторить / reload","First exact create command received a controlled Russian 409 and retained every entered value; retry reused the same operationId, created one browser-memory task and the intended card/detail survived reload. No request reached the backend.","PASS","runtime-tasks-create-redirect-complete-outcomes-isolated.json"
"430","Заявки / исполнение","Передать / Завершить / фильтр Завершённые / reload / browser Back","Exact redirect and complete commands updated the intended browser-memory task. Recipient comment, completed status/comment, list movement, reload and final detail Back were verified. No request reached the backend.","PASS","runtime-tasks-create-redirect-complete-outcomes-isolated.json"
"desktop","Админка / общее подтверждение","Причина / Подтвердить / reload","Shared AdminConfirmDialog trimmed and forwarded the exact reason for Главный технолог, closed after the intercepted PATCH and completed the normal admin reload. No backend write occurred.","PASS","runtime-admin-confirm-submit-isolated.json"
"360","Админка / общее подтверждение","Причина / Подтвердить / reload","Shared AdminConfirmDialog trimmed and forwarded the exact reason for Главный технолог, closed after the intercepted PATCH and completed the normal admin reload. No backend write occurred.","PASS","runtime-admin-confirm-submit-isolated.json"
"390","Админка / общее подтверждение","Причина / Подтвердить / reload","Shared AdminConfirmDialog trimmed and forwarded the exact reason for Главный технолог, closed after the intercepted PATCH and completed the normal admin reload. No backend write occurred.","PASS","runtime-admin-confirm-submit-isolated.json"
"430","Админка / общее подтверждение","Причина / Подтвердить / reload","Shared AdminConfirmDialog trimmed and forwarded the exact reason for Главный технолог, closed after the intercepted PATCH and completed the normal admin reload. No backend write occurred.","PASS","runtime-admin-confirm-submit-isolated.json"
"desktop","Админка / фирма","Restore / Cancel / history Back / submit / reload","Inactive browser-only company: no-reason confirmation; Cancel/history Back send no command; exact restore PATCH changes row to active and survives reload. Backend persistence, RBAC and audit are not inferred.","PASS","runtime-admin-company-restore-isolated.json"
"360","Админка / фирма","Restore / Cancel / history Back / submit / reload","Inactive browser-only company: no-reason confirmation; Cancel/history Back send no command; exact restore PATCH changes row to active and survives reload. Backend persistence, RBAC and audit are not inferred.","PASS","runtime-admin-company-restore-isolated.json"
"390","Админка / фирма","Restore / Cancel / history Back / submit / reload","Inactive browser-only company: no-reason confirmation; Cancel/history Back send no command; exact restore PATCH changes row to active and survives reload. Backend persistence, RBAC and audit are not inferred.","PASS","runtime-admin-company-restore-isolated.json"
"430","Админка / фирма","Restore / Cancel / history Back / submit / reload","Inactive browser-only company: no-reason confirmation; Cancel/history Back send no command; exact restore PATCH changes row to active and survives reload. Backend persistence, RBAC and audit are not inferred.","PASS","runtime-admin-company-restore-isolated.json"
"desktop","Админка / фирма","Deactivate / 409 / retained reason / retry / inactive reload","Synthetic company only: controlled Russian rejection retains the reason; retry sends the exact inactive payload, exposes Restore and survives browser-memory reload. Existing retained evidence separately proves focus/layer Back, Cancel and the distinct Restore submit. Backend persistence/RBAC/factory scope/audit/concurrency and physical Android Back are not inferred.","PASS","runtime-admin-company-deactivate-submit-outcome-isolated.json"
"360","Админка / фирма","Deactivate / 409 / retained reason / retry / inactive reload","Synthetic company only: controlled Russian rejection retains the reason; retry sends the exact inactive payload, exposes Restore and survives browser-memory reload. Existing retained evidence separately proves focus/layer Back, Cancel and the distinct Restore submit. Backend persistence/RBAC/factory scope/audit/concurrency and physical Android Back are not inferred.","PASS","runtime-admin-company-deactivate-submit-outcome-isolated.json"
"390","Админка / фирма","Deactivate / 409 / retained reason / retry / inactive reload","Synthetic company only: controlled Russian rejection retains the reason; retry sends the exact inactive payload, exposes Restore and survives browser-memory reload. Existing retained evidence separately proves focus/layer Back, Cancel and the distinct Restore submit. Backend persistence/RBAC/factory scope/audit/concurrency and physical Android Back are not inferred.","PASS","runtime-admin-company-deactivate-submit-outcome-isolated.json"
"430","Админка / фирма","Deactivate / 409 / retained reason / retry / inactive reload","Synthetic company only: controlled Russian rejection retains the reason; retry sends the exact inactive payload, exposes Restore and survives browser-memory reload. Existing retained evidence separately proves focus/layer Back, Cancel and the distinct Restore submit. Backend persistence/RBAC/factory scope/audit/concurrency and physical Android Back are not inferred.","PASS","runtime-admin-company-deactivate-submit-outcome-isolated.json"
"desktop","Админка / должность","Restore / Cancel / history Back / submit / reload / enabled fields","Browser-only inactive job title: no-reason confirmation; Cancel/history Back have no PATCH; exact restore and default reason, active state and editable fields after reload. Backend persistence/RBAC/audit and physical Back not inferred.","PASS","runtime-admin-title-restore-isolated.json"
"360","Админка / должность","Restore / Cancel / history Back / submit / reload / enabled fields","Browser-only inactive job title: no-reason confirmation; Cancel/history Back have no PATCH; exact restore and default reason, active state and editable fields after reload. Backend persistence/RBAC/audit and physical Back not inferred.","PASS","runtime-admin-title-restore-isolated.json"
"390","Админка / должность","Restore / Cancel / history Back / submit / reload / enabled fields","Browser-only inactive job title: no-reason confirmation; Cancel/history Back have no PATCH; exact restore and default reason, active state and editable fields after reload. Backend persistence/RBAC/audit and physical Back not inferred.","PASS","runtime-admin-title-restore-isolated.json"
"430","Админка / должность","Restore / Cancel / history Back / submit / reload / enabled fields","Browser-only inactive job title: no-reason confirmation; Cancel/history Back have no PATCH; exact restore and default reason, active state and editable fields after reload. Backend persistence/RBAC/audit and physical Back not inferred.","PASS","runtime-admin-title-restore-isolated.json"
"desktop","Админка / должность","Deactivate / 409 / retained reason / retry / disabled fields / inactive reload","Synthetic job title only: controlled Russian rejection retains the reason; retry sends the exact inactive payload, disables both editable fields, exposes Restore and survives browser-memory reload. Existing retained evidence separately proves focus/layer Back, Cancel and the distinct Restore submit. Backend persistence/hierarchy authority/audit/concurrency and physical Android Back are not inferred.","PASS","runtime-admin-job-title-deactivate-submit-outcome-isolated.json"
"360","Админка / должность","Deactivate / 409 / retained reason / retry / disabled fields / inactive reload","Synthetic job title only: controlled Russian rejection retains the reason; retry sends the exact inactive payload, disables both editable fields, exposes Restore and survives browser-memory reload. Existing retained evidence separately proves focus/layer Back, Cancel and the distinct Restore submit. Backend persistence/hierarchy authority/audit/concurrency and physical Android Back are not inferred.","PASS","runtime-admin-job-title-deactivate-submit-outcome-isolated.json"
"390","Админка / должность","Deactivate / 409 / retained reason / retry / disabled fields / inactive reload","Synthetic job title only: controlled Russian rejection retains the reason; retry sends the exact inactive payload, disables both editable fields, exposes Restore and survives browser-memory reload. Existing retained evidence separately proves focus/layer Back, Cancel and the distinct Restore submit. Backend persistence/hierarchy authority/audit/concurrency and physical Android Back are not inferred.","PASS","runtime-admin-job-title-deactivate-submit-outcome-isolated.json"
"430","Админка / должность","Deactivate / 409 / retained reason / retry / disabled fields / inactive reload","Synthetic job title only: controlled Russian rejection retains the reason; retry sends the exact inactive payload, disables both editable fields, exposes Restore and survives browser-memory reload. Existing retained evidence separately proves focus/layer Back, Cancel and the distinct Restore submit. Backend persistence/hierarchy authority/audit/concurrency and physical Android Back are not inferred.","PASS","runtime-admin-job-title-deactivate-submit-outcome-isolated.json"
"desktop","Админка / отдел","Restore / Back / Cancel / error / retry / reload","Browser-only department: no command on cancellation, visible 409 with dialog retained, retry restores row after reload. Exact payload verified; backend authority/persistence and physical Back not inferred.","PASS","runtime-admin-department-restore-isolated.json"
"360","Админка / отдел","Restore / Back / Cancel / error / retry / reload","Browser-only department: no command on cancellation, visible 409 with dialog retained, retry restores row after reload. Exact payload verified; backend authority/persistence and physical Back not inferred.","PASS","runtime-admin-department-restore-isolated.json"
"390","Админка / отдел","Restore / Back / Cancel / error / retry / reload","Browser-only department: no command on cancellation, visible 409 with dialog retained, retry restores row after reload. Exact payload verified; backend authority/persistence and physical Back not inferred.","PASS","runtime-admin-department-restore-isolated.json"
"430","Админка / отдел","Restore / Back / Cancel / error / retry / reload","Browser-only department: no command on cancellation, visible 409 with dialog retained, retry restores row after reload. Exact payload verified; backend authority/persistence and physical Back not inferred.","PASS","runtime-admin-department-restore-isolated.json"
"desktop","Админка / линия","Restore / Back / Cancel / submit / reload","Browser-only deletedAt line: Back preserves expanded parent, cancellation has no PATCH; exact isActive restore has no production-start payload and survives reload. Backend persistence, line lifecycle authority and physical Back not inferred.","PASS","runtime-admin-line-restore-isolated.json"
"360","Админка / линия","Restore / Back / Cancel / submit / reload","Browser-only deletedAt line: Back preserves expanded parent, cancellation has no PATCH; exact isActive restore has no production-start payload and survives reload. Backend persistence, line lifecycle authority and physical Back not inferred.","PASS","runtime-admin-line-restore-isolated.json"
"390","Админка / линия","Restore / Back / Cancel / submit / reload","Browser-only deletedAt line: Back preserves expanded parent, cancellation has no PATCH; exact isActive restore has no production-start payload and survives reload. Backend persistence, line lifecycle authority and physical Back not inferred.","PASS","runtime-admin-line-restore-isolated.json"
"430","Админка / линия","Restore / Back / Cancel / submit / reload","Browser-only deletedAt line: Back preserves expanded parent, cancellation has no PATCH; exact isActive restore has no production-start payload and survives reload. Backend persistence, line lifecycle authority and physical Back not inferred.","PASS","runtime-admin-line-restore-isolated.json"
"desktop","Админка / line-position","Restore / Cancel / history Back / exact PATCH / reload","Distinct browser-only line-position command /api/admin/lines/ab462eac-bb51-4321-8441-27009e209999/positions/ab462eac-bb51-4321-8441-27009e201440; exact reason, restored action after reload. Backend persistence/RBAC/audit and physical Back not inferred.","PASS","runtime-admin-nested-restore-isolated.json"
"360","Админка / line-position","Restore / Cancel / history Back / exact PATCH / reload","Distinct browser-only line-position command /api/admin/lines/ab462eac-bb51-4321-8441-27009e209999/positions/ab462eac-bb51-4321-8441-27009e200360; exact reason, restored action after reload. Backend persistence/RBAC/audit and physical Back not inferred.","PASS","runtime-admin-nested-restore-isolated.json"
"390","Админка / line-position","Restore / Cancel / history Back / exact PATCH / reload","Distinct browser-only line-position command /api/admin/lines/ab462eac-bb51-4321-8441-27009e209999/positions/ab462eac-bb51-4321-8441-27009e200390; exact reason, restored action after reload. Backend persistence/RBAC/audit and physical Back not inferred.","PASS","runtime-admin-nested-restore-isolated.json"
"430","Админка / line-position","Restore / Cancel / history Back / exact PATCH / reload","Distinct browser-only line-position command /api/admin/lines/ab462eac-bb51-4321-8441-27009e209999/positions/ab462eac-bb51-4321-8441-27009e200430; exact reason, restored action after reload. Backend persistence/RBAC/audit and physical Back not inferred.","PASS","runtime-admin-nested-restore-isolated.json"
"desktop","Админка / staffing-template","Restore / Cancel / history Back / exact PATCH / reload","Distinct browser-only staffing-template command /api/admin/lines/ab462eac-bb51-4321-8441-27009e209999/staffing-templates/ab462eac-bb51-4321-8441-27009e201440; exact reason, restored action after reload. Backend persistence/RBAC/audit and physical Back not inferred.","PASS","runtime-admin-nested-restore-isolated.json"
"360","Админка / staffing-template","Restore / Cancel / history Back / exact PATCH / reload","Distinct browser-only staffing-template command /api/admin/lines/ab462eac-bb51-4321-8441-27009e209999/staffing-templates/ab462eac-bb51-4321-8441-27009e200360; exact reason, restored action after reload. Backend persistence/RBAC/audit and physical Back not inferred.","PASS","runtime-admin-nested-restore-isolated.json"
"390","Админка / staffing-template","Restore / Cancel / history Back / exact PATCH / reload","Distinct browser-only staffing-template command /api/admin/lines/ab462eac-bb51-4321-8441-27009e209999/staffing-templates/ab462eac-bb51-4321-8441-27009e200390; exact reason, restored action after reload. Backend persistence/RBAC/audit and physical Back not inferred.","PASS","runtime-admin-nested-restore-isolated.json"
"430","Админка / staffing-template","Restore / Cancel / history Back / exact PATCH / reload","Distinct browser-only staffing-template command /api/admin/lines/ab462eac-bb51-4321-8441-27009e209999/staffing-templates/ab462eac-bb51-4321-8441-27009e200430; exact reason, restored action after reload. Backend persistence/RBAC/audit and physical Back not inferred.","PASS","runtime-admin-nested-restore-isolated.json"
"desktop","Админка / work-area","Restore / Cancel / history Back / exact PATCH / reload","Distinct browser-only work-area command /api/admin/work-areas/ab462eac-bb51-4321-8441-27009e201440; exact reason, restored action after reload. Backend persistence/RBAC/audit and physical Back not inferred.","PASS","runtime-admin-nested-restore-isolated.json"
"360","Админка / work-area","Restore / Cancel / history Back / exact PATCH / reload","Distinct browser-only work-area command /api/admin/work-areas/ab462eac-bb51-4321-8441-27009e200360; exact reason, restored action after reload. Backend persistence/RBAC/audit and physical Back not inferred.","PASS","runtime-admin-nested-restore-isolated.json"
"390","Админка / work-area","Restore / Cancel / history Back / exact PATCH / reload","Distinct browser-only work-area command /api/admin/work-areas/ab462eac-bb51-4321-8441-27009e200390; exact reason, restored action after reload. Backend persistence/RBAC/audit and physical Back not inferred.","PASS","runtime-admin-nested-restore-isolated.json"
"430","Админка / work-area","Restore / Cancel / history Back / exact PATCH / reload","Distinct browser-only work-area command /api/admin/work-areas/ab462eac-bb51-4321-8441-27009e200430; exact reason, restored action after reload. Backend persistence/RBAC/audit and physical Back not inferred.","PASS","runtime-admin-nested-restore-isolated.json"
"desktop","Админка / work-area-position","Restore / Cancel / history Back / exact PATCH / reload","Distinct browser-only work-area-position command /api/admin/work-areas/ab462eac-bb51-4321-8441-27009e209999/positions/ab462eac-bb51-4321-8441-27009e201440; exact reason, restored action after reload. Backend persistence/RBAC/audit and physical Back not inferred.","PASS","runtime-admin-nested-restore-isolated.json"
"360","Админка / work-area-position","Restore / Cancel / history Back / exact PATCH / reload","Distinct browser-only work-area-position command /api/admin/work-areas/ab462eac-bb51-4321-8441-27009e209999/positions/ab462eac-bb51-4321-8441-27009e200360; exact reason, restored action after reload. Backend persistence/RBAC/audit and physical Back not inferred.","PASS","runtime-admin-nested-restore-isolated.json"
"390","Админка / work-area-position","Restore / Cancel / history Back / exact PATCH / reload","Distinct browser-only work-area-position command /api/admin/work-areas/ab462eac-bb51-4321-8441-27009e209999/positions/ab462eac-bb51-4321-8441-27009e200390; exact reason, restored action after reload. Backend persistence/RBAC/audit and physical Back not inferred.","PASS","runtime-admin-nested-restore-isolated.json"
"430","Админка / work-area-position","Restore / Cancel / history Back / exact PATCH / reload","Distinct browser-only work-area-position command /api/admin/work-areas/ab462eac-bb51-4321-8441-27009e209999/positions/ab462eac-bb51-4321-8441-27009e200430; exact reason, restored action after reload. Backend persistence/RBAC/audit and physical Back not inferred.","PASS","runtime-admin-nested-restore-isolated.json"
"desktop","Админка / завод","Restore / Cancel / history Back / exact PATCH / reload","Selected factory status transformed only in browser GET/PATCH routes. No protected text/reason required for Restore; cancellation sends nothing; exact payload and refreshed action after reload. Real factory status/access and backend authority unchanged/unproved.","PASS","runtime-admin-factory-restore-isolated.json"
"360","Админка / завод","Restore / Cancel / history Back / exact PATCH / reload","Selected factory status transformed only in browser GET/PATCH routes. No protected text/reason required for Restore; cancellation sends nothing; exact payload and refreshed action after reload. Real factory status/access and backend authority unchanged/unproved.","PASS","runtime-admin-factory-restore-isolated.json"
"390","Админка / завод","Restore / Cancel / history Back / exact PATCH / reload","Selected factory status transformed only in browser GET/PATCH routes. No protected text/reason required for Restore; cancellation sends nothing; exact payload and refreshed action after reload. Real factory status/access and backend authority unchanged/unproved.","PASS","runtime-admin-factory-restore-isolated.json"
"430","Админка / завод","Restore / Cancel / history Back / exact PATCH / reload","Selected factory status transformed only in browser GET/PATCH routes. No protected text/reason required for Restore; cancellation sends nothing; exact payload and refreshed action after reload. Real factory status/access and backend authority unchanged/unproved.","PASS","runtime-admin-factory-restore-isolated.json"
"desktop","Админка / доступ пользователя","Disable confirmation / Cancel / history Back","Exact corrected title; both exits retain active access and parent profile without another command. Disable submit is NOT covered by this check.","PASS","runtime-admin-access-restore-isolated.json"
"desktop","Админка / доступ пользователя","Restore / Cancel / history Back / profile refresh / reload","Synthetic user only: Back preserves profile, cancellation no PATCH, exact factoryId/isActive/default reason and active access in same profile after reload. Backend access authority/persistence, realtime and physical Back not inferred.","PASS","runtime-admin-access-restore-isolated.json"
"360","Админка / доступ пользователя","Disable confirmation / Cancel / history Back","Exact corrected title; both exits retain active access and parent profile without another command. Disable submit is NOT covered by this check.","PASS","runtime-admin-access-restore-isolated.json"
"360","Админка / доступ пользователя","Restore / Cancel / history Back / profile refresh / reload","Synthetic user only: Back preserves profile, cancellation no PATCH, exact factoryId/isActive/default reason and active access in same profile after reload. Backend access authority/persistence, realtime and physical Back not inferred.","PASS","runtime-admin-access-restore-isolated.json"
"390","Админка / доступ пользователя","Disable confirmation / Cancel / history Back","Exact corrected title; both exits retain active access and parent profile without another command. Disable submit is NOT covered by this check.","PASS","runtime-admin-access-restore-isolated.json"
"390","Админка / доступ пользователя","Restore / Cancel / history Back / profile refresh / reload","Synthetic user only: Back preserves profile, cancellation no PATCH, exact factoryId/isActive/default reason and active access in same profile after reload. Backend access authority/persistence, realtime and physical Back not inferred.","PASS","runtime-admin-access-restore-isolated.json"
"430","Админка / доступ пользователя","Disable confirmation / Cancel / history Back","Exact corrected title; both exits retain active access and parent profile without another command. Disable submit is NOT covered by this check.","PASS","runtime-admin-access-restore-isolated.json"
"430","Админка / доступ пользователя","Restore / Cancel / history Back / profile refresh / reload","Synthetic user only: Back preserves profile, cancellation no PATCH, exact factoryId/isActive/default reason and active access in same profile after reload. Backend access authority/persistence, realtime and physical Back not inferred.","PASS","runtime-admin-access-restore-isolated.json"
"desktop","Админка / доступ пользователя","Disable / history Back / Cancel / error / retry / profile close / reload","Synthetic user only: no command on Back or Cancel; exact reason/factoryId/isActive/operationId payload; visible Russian 409 keeps the reason and active state; retry yields disabled access in the same profile, user list and browser-memory reload. Backend access authority/persistence/realtime and physical Android Back are not inferred.","PASS","runtime-admin-access-deactivate-isolated.json"
"360","Админка / доступ пользователя","Disable / history Back / Cancel / error / retry / profile close / reload","Synthetic user only: no command on Back or Cancel; exact reason/factoryId/isActive/operationId payload; visible Russian 409 keeps the reason and active state; retry yields disabled access in the same profile, user list and browser-memory reload. Backend access authority/persistence/realtime and physical Android Back are not inferred.","PASS","runtime-admin-access-deactivate-isolated.json"
"390","Админка / доступ пользователя","Disable / history Back / Cancel / error / retry / profile close / reload","Synthetic user only: no command on Back or Cancel; exact reason/factoryId/isActive/operationId payload; visible Russian 409 keeps the reason and active state; retry yields disabled access in the same profile, user list and browser-memory reload. Backend access authority/persistence/realtime and physical Android Back are not inferred.","PASS","runtime-admin-access-deactivate-isolated.json"
"430","Админка / доступ пользователя","Disable / history Back / Cancel / error / retry / profile close / reload","Synthetic user only: no command on Back or Cancel; exact reason/factoryId/isActive/operationId payload; visible Russian 409 keeps the reason and active state; retry yields disabled access in the same profile, user list and browser-memory reload. Backend access authority/persistence/realtime and physical Android Back are not inferred.","PASS","runtime-admin-access-deactivate-isolated.json"
"desktop","Админка / сброс пароля","Подтвердить / 409 / retry / visible success / profile reload","Synthetic user only: controlled Russian 409 retained the exact phrase; retry sent the exact reason/operationId command, returned to the same profile with visible success feedback and reload issued no repeated command. Backend credential persistence/session invalidation/audit and physical Android Back are not inferred.","PASS","runtime-admin-password-reset-submit-outcome-isolated.json"
"360","Админка / сброс пароля","Подтвердить / 409 / retry / visible success / profile reload","Synthetic user only: controlled Russian 409 retained the exact phrase; retry sent the exact reason/operationId command, returned to the same profile with visible success feedback and reload issued no repeated command. Backend credential persistence/session invalidation/audit and physical Android Back are not inferred.","PASS","runtime-admin-password-reset-submit-outcome-isolated.json"
"390","Админка / сброс пароля","Подтвердить / 409 / retry / visible success / profile reload","Synthetic user only: controlled Russian 409 retained the exact phrase; retry sent the exact reason/operationId command, returned to the same profile with visible success feedback and reload issued no repeated command. Backend credential persistence/session invalidation/audit and physical Android Back are not inferred.","PASS","runtime-admin-password-reset-submit-outcome-isolated.json"
"430","Админка / сброс пароля","Подтвердить / 409 / retry / visible success / profile reload","Synthetic user only: controlled Russian 409 retained the exact phrase; retry sent the exact reason/operationId command, returned to the same profile with visible success feedback and reload issued no repeated command. Backend credential persistence/session invalidation/audit and physical Android Back are not inferred.","PASS","runtime-admin-password-reset-submit-outcome-isolated.json"
"desktop","Админка / делегирование","Preview / Apply / focus+layer Back / Cancel / error / retry / reload","Synthetic browser-only candidates: exact source/target/factory preview and exact source/factory/reason/operationId apply; Back and Cancel issue no apply; visible Russian 409 retains reason and preview; retry refreshes target department/job title and survives reload. Backend delegation authority/intersection/persistence/audit/realtime and physical Android Back are not inferred.","PASS","runtime-admin-delegation-apply-outcome-isolated.json"
"360","Админка / делегирование","Preview / Apply / focus+layer Back / Cancel / error / retry / reload","Synthetic browser-only candidates: exact source/target/factory preview and exact source/factory/reason/operationId apply; Back and Cancel issue no apply; visible Russian 409 retains reason and preview; retry refreshes target department/job title and survives reload. Backend delegation authority/intersection/persistence/audit/realtime and physical Android Back are not inferred.","PASS","runtime-admin-delegation-apply-outcome-isolated.json"
"390","Админка / делегирование","Preview / Apply / focus+layer Back / Cancel / error / retry / reload","Synthetic browser-only candidates: exact source/target/factory preview and exact source/factory/reason/operationId apply; Back and Cancel issue no apply; visible Russian 409 retains reason and preview; retry refreshes target department/job title and survives reload. Backend delegation authority/intersection/persistence/audit/realtime and physical Android Back are not inferred.","PASS","runtime-admin-delegation-apply-outcome-isolated.json"
"430","Админка / делегирование","Preview / Apply / focus+layer Back / Cancel / error / retry / reload","Synthetic browser-only candidates: exact source/target/factory preview and exact source/factory/reason/operationId apply; Back and Cancel issue no apply; visible Russian 409 retains reason and preview; retry refreshes target department/job title and survives reload. Backend delegation authority/intersection/persistence/audit/realtime and physical Android Back are not inferred.","PASS","runtime-admin-delegation-apply-outcome-isolated.json"
"desktop","Возвраты / частичная выдача","Выдать количество / reload / история / повторное открытие / browser Back","The exact partial-release POST carried trimmed quantity/comment plus canonical operationId. Browser memory then exposed the reduced balance and release history through the normal reload and reopen flow; no backend write occurred.","PASS","runtime-returns-partial-release-submit-isolated.json"
"360","Возвраты / частичная выдача","Выдать количество / reload / история / повторное открытие / browser Back","The exact partial-release POST carried trimmed quantity/comment plus canonical operationId. Browser memory then exposed the reduced balance and release history through the normal reload and reopen flow; no backend write occurred.","PASS","runtime-returns-partial-release-submit-isolated.json"
"390","Возвраты / частичная выдача","Выдать количество / reload / история / повторное открытие / browser Back","The exact partial-release POST carried trimmed quantity/comment plus canonical operationId. Browser memory then exposed the reduced balance and release history through the normal reload and reopen flow; no backend write occurred.","PASS","runtime-returns-partial-release-submit-isolated.json"
"430","Возвраты / частичная выдача","Выдать количество / reload / история / повторное открытие / browser Back","The exact partial-release POST carried trimmed quantity/comment plus canonical operationId. Browser memory then exposed the reduced balance and release history through the normal reload and reopen flow; no backend write occurred.","PASS","runtime-returns-partial-release-submit-isolated.json"
"desktop","Гость / заявка назначения","Отправить заявку / pending / reload","The exact assignment option, comment and prefixed operationId reached the browser-intercepted POST once; the card switched to pending, hid duplicate submission and restored the same pending request after reload. No backend write occurred.","PASS","runtime-guest-assignment-request-submit-isolated.json"
"360","Гость / заявка назначения","Отправить заявку / pending / reload","The exact assignment option, comment and prefixed operationId reached the browser-intercepted POST once; the card switched to pending, hid duplicate submission and restored the same pending request after reload. No backend write occurred.","PASS","runtime-guest-assignment-request-submit-isolated.json"
"390","Гость / заявка назначения","Отправить заявку / pending / reload","The exact assignment option, comment and prefixed operationId reached the browser-intercepted POST once; the card switched to pending, hid duplicate submission and restored the same pending request after reload. No backend write occurred.","PASS","runtime-guest-assignment-request-submit-isolated.json"
"430","Гость / заявка назначения","Отправить заявку / pending / reload","The exact assignment option, comment and prefixed operationId reached the browser-intercepted POST once; the card switched to pending, hid duplicate submission and restored the same pending request after reload. No backend write occurred.","PASS","runtime-guest-assignment-request-submit-isolated.json"
"desktop","Заказы / фильтры остатков","Категория / отдел / Показать / Сбросить","GET фильтр применён и сброшен; category=runtime-gap, department=proved.","PASS","runtime-orders-readonly.json"
"desktop","Заказы / остаток","Подробнее / edit draft / Back","Detail GET 200; вложенный черновик отменён через canonical confirm; верхний слой закрылся раньше списка.","PASS","runtime-orders-readonly.json"
"desktop","Заказы / новая позиция","Открыть / нижние действия / отменить черновик","Форма и нижние attachment controls доступны; черновик закрыт через canonical confirm без submit.","PASS","runtime-orders-readonly.json"
"desktop","Заказы / новая заявка","Открыть / нижние действия / отменить черновик","Форма, комментарий и attachment controls доступны; черновик закрыт без submit.","PASS","runtime-orders-readonly.json"
"360","Заказы / фильтры остатков","Категория / отдел / Показать / Сбросить","GET фильтр применён и сброшен; category=runtime-gap, department=proved.","PASS","runtime-orders-readonly.json"
"360","Заказы / остаток","Подробнее / edit draft / Back","Detail GET 200; вложенный черновик отменён через canonical confirm; верхний слой закрылся раньше списка.","PASS","runtime-orders-readonly.json"
"360","Заказы / новая позиция","Открыть / нижние действия / отменить черновик","Форма и нижние attachment controls доступны; черновик закрыт через canonical confirm без submit.","PASS","runtime-orders-readonly.json"
"360","Заказы / новая заявка","Открыть / нижние действия / отменить черновик","Форма, комментарий и attachment controls доступны; черновик закрыт без submit.","PASS","runtime-orders-readonly.json"
"390","Заказы / фильтры остатков","Категория / отдел / Показать / Сбросить","GET фильтр применён и сброшен; category=runtime-gap, department=proved.","PASS","runtime-orders-readonly.json"
"390","Заказы / остаток","Подробнее / edit draft / Back","Detail GET 200; вложенный черновик отменён через canonical confirm; верхний слой закрылся раньше списка.","PASS","runtime-orders-readonly.json"
"390","Заказы / новая позиция","Открыть / нижние действия / отменить черновик","Форма и нижние attachment controls доступны; черновик закрыт через canonical confirm без submit.","PASS","runtime-orders-readonly.json"
"390","Заказы / новая заявка","Открыть / нижние действия / отменить черновик","Форма, комментарий и attachment controls доступны; черновик закрыт без submit.","PASS","runtime-orders-readonly.json"
"430","Заказы / фильтры остатков","Категория / отдел / Показать / Сбросить","GET фильтр применён и сброшен; category=runtime-gap, department=proved.","PASS","runtime-orders-readonly.json"
"430","Заказы / остаток","Подробнее / edit draft / Back","Detail GET 200; вложенный черновик отменён через canonical confirm; верхний слой закрылся раньше списка.","PASS","runtime-orders-readonly.json"
"430","Заказы / новая позиция","Открыть / нижние действия / отменить черновик","Форма и нижние attachment controls доступны; черновик закрыт через canonical confirm без submit.","PASS","runtime-orders-readonly.json"
"430","Заказы / новая заявка","Открыть / нижние действия / отменить черновик","Форма, комментарий и attachment controls доступны; черновик закрыт без submit.","PASS","runtime-orders-readonly.json"
"desktop","Заказы / фильтры остатков","Категория / Отдел / Показать","Непустая категория и отдел переданы в GET query; summary отображает применённые значения.","PASS","runtime-orders-missing-controls-readonly.json"
"desktop","Заказы / фильтры остатков","Выборочная выдача / Сбросить","Browser-only response: second category/department item present initially, absent with filter, restored by reset. Backend predicate/authority not inferred.","PASS","runtime-orders-missing-controls-readonly.json"
"desktop","Заказы / остаток / Заказать","Начальное количество до/после capture","Exact DOM value1 before and after screenshot; no default change or submit. Earlier blank-looking image remains an unproven transient visual observation.","PASS","runtime-orders-missing-controls-readonly.json"
"desktop","Заказы / остаток","Израсходовать / Заказать / Пополнить / В архив / Back / Закрыть окно","Каждое действие открыло правильную существующую форму; clean Browser Back закрыл только верхний слой; повторно открытая detail-карточка закрылась UI-кнопкой; записей не было.","PASS","runtime-orders-missing-controls-readonly.json"
"desktop","Заказы / заявка","Открыть / Закрыть окно / К заказу / Отклонить / Back","Детали закрыты отдельно через Browser Back и UI-кнопку; обе формы решений открыты и закрыты послойно без submit.","PASS","runtime-orders-missing-controls-readonly.json"
"desktop","Заказы / архив","Подробнее / Восстановить / Back","Архивная detail-карточка и restore confirmation доступны; Back сначала закрыл confirmation, затем detail; POST отсутствует.","PASS","runtime-orders-missing-controls-readonly.json"
"360","Заказы / фильтры остатков","Категория / Отдел / Показать","Непустая категория и отдел переданы в GET query; summary отображает применённые значения.","PASS","runtime-orders-missing-controls-readonly.json"
"360","Заказы / фильтры остатков","Выборочная выдача / Сбросить","Browser-only response: second category/department item present initially, absent with filter, restored by reset. Backend predicate/authority not inferred.","PASS","runtime-orders-missing-controls-readonly.json"
"360","Заказы / остаток / Заказать","Начальное количество до/после capture","Exact DOM value1 before and after screenshot; no default change or submit. Earlier blank-looking image remains an unproven transient visual observation.","PASS","runtime-orders-missing-controls-readonly.json"
"360","Заказы / остаток","Израсходовать / Заказать / Пополнить / В архив / Back / Закрыть окно","Каждое действие открыло правильную существующую форму; clean Browser Back закрыл только верхний слой; повторно открытая detail-карточка закрылась UI-кнопкой; записей не было.","PASS","runtime-orders-missing-controls-readonly.json"
"360","Заказы / заявка","Открыть / Закрыть окно / К заказу / Отклонить / Back","Детали закрыты отдельно через Browser Back и UI-кнопку; обе формы решений открыты и закрыты послойно без submit.","PASS","runtime-orders-missing-controls-readonly.json"
"360","Заказы / архив","Подробнее / Восстановить / Back","Архивная detail-карточка и restore confirmation доступны; Back сначала закрыл confirmation, затем detail; POST отсутствует.","PASS","runtime-orders-missing-controls-readonly.json"
"390","Заказы / фильтры остатков","Категория / Отдел / Показать","Непустая категория и отдел переданы в GET query; summary отображает применённые значения.","PASS","runtime-orders-missing-controls-readonly.json"
"390","Заказы / фильтры остатков","Выборочная выдача / Сбросить","Browser-only response: second category/department item present initially, absent with filter, restored by reset. Backend predicate/authority not inferred.","PASS","runtime-orders-missing-controls-readonly.json"
"390","Заказы / остаток / Заказать","Начальное количество до/после capture","Exact DOM value1 before and after screenshot; no default change or submit. Earlier blank-looking image remains an unproven transient visual observation.","PASS","runtime-orders-missing-controls-readonly.json"
"390","Заказы / остаток","Израсходовать / Заказать / Пополнить / В архив / Back / Закрыть окно","Каждое действие открыло правильную существующую форму; clean Browser Back закрыл только верхний слой; повторно открытая detail-карточка закрылась UI-кнопкой; записей не было.","PASS","runtime-orders-missing-controls-readonly.json"
"390","Заказы / заявка","Открыть / Закрыть окно / К заказу / Отклонить / Back","Детали закрыты отдельно через Browser Back и UI-кнопку; обе формы решений открыты и закрыты послойно без submit.","PASS","runtime-orders-missing-controls-readonly.json"
"390","Заказы / архив","Подробнее / Восстановить / Back","Архивная detail-карточка и restore confirmation доступны; Back сначала закрыл confirmation, затем detail; POST отсутствует.","PASS","runtime-orders-missing-controls-readonly.json"
"430","Заказы / фильтры остатков","Категория / Отдел / Показать","Непустая категория и отдел переданы в GET query; summary отображает применённые значения.","PASS","runtime-orders-missing-controls-readonly.json"
"430","Заказы / фильтры остатков","Выборочная выдача / Сбросить","Browser-only response: second category/department item present initially, absent with filter, restored by reset. Backend predicate/authority not inferred.","PASS","runtime-orders-missing-controls-readonly.json"
"430","Заказы / остаток / Заказать","Начальное количество до/после capture","Exact DOM value1 before and after screenshot; no default change or submit. Earlier blank-looking image remains an unproven transient visual observation.","PASS","runtime-orders-missing-controls-readonly.json"
"430","Заказы / остаток","Израсходовать / Заказать / Пополнить / В архив / Back / Закрыть окно","Каждое действие открыло правильную существующую форму; clean Browser Back закрыл только верхний слой; повторно открытая detail-карточка закрылась UI-кнопкой; записей не было.","PASS","runtime-orders-missing-controls-readonly.json"
"430","Заказы / заявка","Открыть / Закрыть окно / К заказу / Отклонить / Back","Детали закрыты отдельно через Browser Back и UI-кнопку; обе формы решений открыты и закрыты послойно без submit.","PASS","runtime-orders-missing-controls-readonly.json"
"430","Заказы / архив","Подробнее / Восстановить / Back","Архивная detail-карточка и restore confirmation доступны; Back сначала закрыл confirmation, затем detail; POST отсутствует.","PASS","runtime-orders-missing-controls-readonly.json"
"desktop","Заказы / редактирование остатка","Сохранить / ошибка / Stay / discard / reload","Exact browser-intercepted edit command and result lifecycle; backend persistence/RBAC/audit and physical Android behavior are not inferred.","PASS","runtime-orders-edit-outcome-isolated.json"
"360","Заказы / редактирование остатка","Сохранить / ошибка / Stay / discard / reload","Exact browser-intercepted edit command and result lifecycle; backend persistence/RBAC/audit and physical Android behavior are not inferred.","PASS","runtime-orders-edit-outcome-isolated.json"
"390","Заказы / редактирование остатка","Сохранить / ошибка / Stay / discard / reload","Exact browser-intercepted edit command and result lifecycle; backend persistence/RBAC/audit and physical Android behavior are not inferred.","PASS","runtime-orders-edit-outcome-isolated.json"
"430","Заказы / редактирование остатка","Сохранить / ошибка / Stay / discard / reload","Exact browser-intercepted edit command and result lifecycle; backend persistence/RBAC/audit and physical Android behavior are not inferred.","PASS","runtime-orders-edit-outcome-isolated.json"
"desktop","Заказы / расход и пополнение","Израсходовать / Пополнить / ошибка / Cancel / reload","Exact browser-intercepted quantity commands and result lifecycle; backend persistence/authority and physical Android behavior are not inferred.","PASS","runtime-orders-quantity-outcome-isolated.json"
"360","Заказы / расход и пополнение","Израсходовать / Пополнить / ошибка / Cancel / reload","Exact browser-intercepted quantity commands and result lifecycle; backend persistence/authority and physical Android behavior are not inferred.","PASS","runtime-orders-quantity-outcome-isolated.json"
"390","Заказы / расход и пополнение","Израсходовать / Пополнить / ошибка / Cancel / reload","Exact browser-intercepted quantity commands and result lifecycle; backend persistence/authority and physical Android behavior are not inferred.","PASS","runtime-orders-quantity-outcome-isolated.json"
"430","Заказы / расход и пополнение","Израсходовать / Пополнить / ошибка / Cancel / reload","Exact browser-intercepted quantity commands and result lifecycle; backend persistence/authority and physical Android behavior are not inferred.","PASS","runtime-orders-quantity-outcome-isolated.json"
"desktop","Заказы / создание позиции","Сохранить / ошибка / Stay / discard / reload","Exact browser-intercepted create/result lifecycle; backend persistence/RBAC/audit and physical Android behavior are not inferred.","PASS","runtime-orders-create-item-outcome-isolated.json"
"360","Заказы / создание позиции","Сохранить / ошибка / Stay / discard / reload","Exact browser-intercepted create/result lifecycle; backend persistence/RBAC/audit and physical Android behavior are not inferred.","PASS","runtime-orders-create-item-outcome-isolated.json"
"390","Заказы / создание позиции","Сохранить / ошибка / Stay / discard / reload","Exact browser-intercepted create/result lifecycle; backend persistence/RBAC/audit and physical Android behavior are not inferred.","PASS","runtime-orders-create-item-outcome-isolated.json"
"430","Заказы / создание позиции","Сохранить / ошибка / Stay / discard / reload","Exact browser-intercepted create/result lifecycle; backend persistence/RBAC/audit and physical Android behavior are not inferred.","PASS","runtime-orders-create-item-outcome-isolated.json"
"desktop","Заказы / заявка из остатка","Заказать / duplicate block / detail / reload","Exact browser-intercepted linked-request lifecycle; backend persistence/authority/duplicate enforcement and physical Android behavior are not inferred.","PASS","runtime-orders-from-item-outcome-isolated.json"
"360","Заказы / заявка из остатка","Заказать / duplicate block / detail / reload","Exact browser-intercepted linked-request lifecycle; backend persistence/authority/duplicate enforcement and physical Android behavior are not inferred.","PASS","runtime-orders-from-item-outcome-isolated.json"
"390","Заказы / заявка из остатка","Заказать / duplicate block / detail / reload","Exact browser-intercepted linked-request lifecycle; backend persistence/authority/duplicate enforcement and physical Android behavior are not inferred.","PASS","runtime-orders-from-item-outcome-isolated.json"
"430","Заказы / заявка из остатка","Заказать / duplicate block / detail / reload","Exact browser-intercepted linked-request lifecycle; backend persistence/authority/duplicate enforcement and physical Android behavior are not inferred.","PASS","runtime-orders-from-item-outcome-isolated.json"
"desktop","Заказы / архив остатка","В архив / Восстановить / detail / reload","Exact browser-intercepted archive/restore lifecycle; backend persistence/authority/audit and physical Android behavior are not inferred.","PASS","runtime-orders-item-archive-restore-outcome-isolated.json"
"360","Заказы / архив остатка","В архив / Восстановить / detail / reload","Exact browser-intercepted archive/restore lifecycle; backend persistence/authority/audit and physical Android behavior are not inferred.","PASS","runtime-orders-item-archive-restore-outcome-isolated.json"
"390","Заказы / архив остатка","В архив / Восстановить / detail / reload","Exact browser-intercepted archive/restore lifecycle; backend persistence/authority/audit and physical Android behavior are not inferred.","PASS","runtime-orders-item-archive-restore-outcome-isolated.json"
"430","Заказы / архив остатка","В архив / Восстановить / detail / reload","Exact browser-intercepted archive/restore lifecycle; backend persistence/authority/audit and physical Android behavior are not inferred.","PASS","runtime-orders-item-archive-restore-outcome-isolated.json"
"desktop","Заказы / ручные заявки и решения","Создать две заявки / К заказу / Отклонить / архив / детали / reload","Exact browser-intercepted create and ORDERED/NOT_NEEDED close payloads converge active/archive lists and detail across reload. Backend persistence/RBAC/factory authority, audit/concurrency and physical Android behavior are not inferred.","PASS","runtime-orders-manual-request-decisions-isolated.json"
"360","Заказы / ручные заявки и решения","Создать две заявки / К заказу / Отклонить / архив / детали / reload","Exact browser-intercepted create and ORDERED/NOT_NEEDED close payloads converge active/archive lists and detail across reload. Backend persistence/RBAC/factory authority, audit/concurrency and physical Android behavior are not inferred.","PASS","runtime-orders-manual-request-decisions-isolated.json"
"390","Заказы / ручные заявки и решения","Создать две заявки / К заказу / Отклонить / архив / детали / reload","Exact browser-intercepted create and ORDERED/NOT_NEEDED close payloads converge active/archive lists and detail across reload. Backend persistence/RBAC/factory authority, audit/concurrency and physical Android behavior are not inferred.","PASS","runtime-orders-manual-request-decisions-isolated.json"
"430","Заказы / ручные заявки и решения","Создать две заявки / К заказу / Отклонить / архив / детали / reload","Exact browser-intercepted create and ORDERED/NOT_NEEDED close payloads converge active/archive lists and detail across reload. Backend persistence/RBAC/factory authority, audit/concurrency and physical Android behavior are not inferred.","PASS","runtime-orders-manual-request-decisions-isolated.json"
"desktop","Сообщить об ошибке / ADMIN","Открыть запись / browser Back / Закрыть окно","List/detail GET 200; browser Back и UI Close закрывают только верхний слой; три status actions видимы, но не нажимались.","PASS","runtime-report-admin-readonly-with-detail-before-fixture-visibility.json"
"360","Сообщить об ошибке / ADMIN","Открыть запись / browser Back / Закрыть окно","List/detail GET 200; browser Back и UI Close закрывают только верхний слой; три status actions видимы, но не нажимались.","PASS","runtime-report-admin-readonly-with-detail-before-fixture-visibility.json"
"390","Сообщить об ошибке / ADMIN","Открыть запись / browser Back / Закрыть окно","List/detail GET 200; browser Back и UI Close закрывают только верхний слой; три status actions видимы, но не нажимались.","PASS","runtime-report-admin-readonly-with-detail-before-fixture-visibility.json"
"430","Сообщить об ошибке / ADMIN","Открыть запись / browser Back / Закрыть окно","List/detail GET 200; browser Back и UI Close закрывают только верхний слой; три status actions видимы, но не нажимались.","PASS","runtime-report-admin-readonly-with-detail-before-fixture-visibility.json"
"desktop","Общий shell","Клик внутри панели не закрывает backdrop","Click по содержимому mobile-nav-sheet остановлен canonical stopPropagation; sheet и sections state сохранились.","PASS","runtime-app-shell-readonly.json"
"desktop","Общий shell / настройки","Изменить быстрый слот / восстановить","Первый quick slot изменён через picker, UI обновился, затем исходные четыре слота восстановлены; API mutation отсутствует.","PASS","runtime-app-shell-readonly.json"
"desktop","Общий shell / остальные разделы","Открыть раздел из Ещё / browser Back","Раздел «История смен» открыт именно через mobile-sheet item, sheet закрыт, browser Back восстановил Смену; только разрешённые GET.","PASS","runtime-app-shell-readonly.json"
"desktop","Общий shell","Ещё / Закрыть / Настройки / быстрый слот / Back / смена завода / logout","Sections/settings/picker form one LIFO stack; UI Close, backdrop, UI Back and browser Back restore the parent. Sound/vibration toggles changed and returned to their original local values. One nav destination opened and browser Back restored Shift. Factory selection cleared only local context, Завод 4 was selected again, logout reached login, and the same pilot ADMIN session was restored. Product API mutations before logout were absent; restoration creates only expected auth/audit traces.","PASS","runtime-app-shell-readonly.json"
"360","Общий shell","Клик внутри панели не закрывает backdrop","Click по содержимому mobile-nav-sheet остановлен canonical stopPropagation; sheet и sections state сохранились.","PASS","runtime-app-shell-readonly.json"
"360","Общий shell / настройки","Изменить быстрый слот / восстановить","Первый quick slot изменён через picker, UI обновился, затем исходные четыре слота восстановлены; API mutation отсутствует.","PASS","runtime-app-shell-readonly.json"
"360","Общий shell / остальные разделы","Открыть раздел из Ещё / browser Back","Раздел «История смен» открыт именно через mobile-sheet item, sheet закрыт, browser Back восстановил Смену; только разрешённые GET.","PASS","runtime-app-shell-readonly.json"
"360","Общий shell","Ещё / Закрыть / Настройки / быстрый слот / Back / смена завода / logout","Sections/settings/picker form one LIFO stack; UI Close, backdrop, UI Back and browser Back restore the parent. Sound/vibration toggles changed and returned to their original local values. One nav destination opened and browser Back restored Shift. Factory selection cleared only local context, Завод 4 was selected again, logout reached login, and the same pilot ADMIN session was restored. Product API mutations before logout were absent; restoration creates only expected auth/audit traces.","PASS","runtime-app-shell-readonly.json"
"390","Общий shell","Клик внутри панели не закрывает backdrop","Click по содержимому mobile-nav-sheet остановлен canonical stopPropagation; sheet и sections state сохранились.","PASS","runtime-app-shell-readonly.json"
"390","Общий shell / настройки","Изменить быстрый слот / восстановить","Первый quick slot изменён через picker, UI обновился, затем исходные четыре слота восстановлены; API mutation отсутствует.","PASS","runtime-app-shell-readonly.json"
"390","Общий shell / остальные разделы","Открыть раздел из Ещё / browser Back","Раздел «История смен» открыт именно через mobile-sheet item, sheet закрыт, browser Back восстановил Смену; только разрешённые GET.","PASS","runtime-app-shell-readonly.json"
"390","Общий shell","Ещё / Закрыть / Настройки / быстрый слот / Back / смена завода / logout","Sections/settings/picker form one LIFO stack; UI Close, backdrop, UI Back and browser Back restore the parent. Sound/vibration toggles changed and returned to their original local values. One nav destination opened and browser Back restored Shift. Factory selection cleared only local context, Завод 4 was selected again, logout reached login, and the same pilot ADMIN session was restored. Product API mutations before logout were absent; restoration creates only expected auth/audit traces.","PASS","runtime-app-shell-readonly.json"
"430","Общий shell","Клик внутри панели не закрывает backdrop","Click по содержимому mobile-nav-sheet остановлен canonical stopPropagation; sheet и sections state сохранились.","PASS","runtime-app-shell-readonly.json"
"430","Общий shell / настройки","Изменить быстрый слот / восстановить","Первый quick slot изменён через picker, UI обновился, затем исходные четыре слота восстановлены; API mutation отсутствует.","PASS","runtime-app-shell-readonly.json"
"430","Общий shell / остальные разделы","Открыть раздел из Ещё / browser Back","Раздел «История смен» открыт именно через mobile-sheet item, sheet закрыт, browser Back восстановил Смену; только разрешённые GET.","PASS","runtime-app-shell-readonly.json"
"430","Общий shell","Ещё / Закрыть / Настройки / быстрый слот / Back / смена завода / logout","Sections/settings/picker form one LIFO stack; UI Close, backdrop, UI Back and browser Back restore the parent. Sound/vibration toggles changed and returned to their original local values. One nav destination opened and browser Back restored Shift. Factory selection cleared only local context, Завод 4 was selected again, logout reached login, and the same pilot ADMIN session was restored. Product API mutations before logout were absent; restoration creates only expected auth/audit traces.","PASS","runtime-app-shell-readonly.json"
"desktop","Настройки / проверка сигнала","Проверить сигнал / browser Back","При выключенных локальных настройках звука и вибрации canonical action показала точное русское объяснение. Browser Back вернул список разделов, затем закрыл sheet; backend writes отсутствовали. Физический звук/вибрация этим тестом не доказываются.","PASS","runtime-device-signal-readonly.json"
"360","Настройки / проверка сигнала","Проверить сигнал / browser Back","При выключенных локальных настройках звука и вибрации canonical action показала точное русское объяснение. Browser Back вернул список разделов, затем закрыл sheet; backend writes отсутствовали. Физический звук/вибрация этим тестом не доказываются.","PASS","runtime-device-signal-readonly.json"
"390","Настройки / проверка сигнала","Проверить сигнал / browser Back","При выключенных локальных настройках звука и вибрации canonical action показала точное русское объяснение. Browser Back вернул список разделов, затем закрыл sheet; backend writes отсутствовали. Физический звук/вибрация этим тестом не доказываются.","PASS","runtime-device-signal-readonly.json"
"430","Настройки / проверка сигнала","Проверить сигнал / browser Back","При выключенных локальных настройках звука и вибрации canonical action показала точное русское объяснение. Browser Back вернул список разделов, затем закрыл sheet; backend writes отсутствовали. Физический звук/вибрация этим тестом не доказываются.","PASS","runtime-device-signal-readonly.json"
"desktop","Чаты / список","Фильтры / поиск","Пять локальных фильтров переключаются; exact title search оставляет выбранную карточку и очистка восстанавливает исходный count.","PASS","runtime-chats-readonly.json"
"desktop","Чаты / создать","Тип / отдел","Тип DEPARTMENT и реальный отдел выбраны только в локальном черновике; затем форма возвращена к CUSTOM без save.","PASS","runtime-chats-readonly.json"
"desktop","Чаты / локальные формы","Создать чат / Личный чат / focus Back / layer Back / Отмена","Create title/description/private flag changed only locally; first browser Back blurred, second closed modal. Direct picker opened and Cancel returned list. Save/Open chat not invoked.","PASS","runtime-chats-readonly.json"
"desktop","Чаты / диалог","Обновить","Desktop header refresh повторно запросил exact chat GET и получил 200; выбранный диалог сохранился.","PASS","runtime-chats-readonly.json"
"desktop","Чаты / опрос","Открыть / поля / вариант / flags / Отмена","Тема, два обязательных варианта, add/remove третьего и три флага изменены локально; Create только enabled, не нажат; Отмена вернула диалог без API write.","PASS","runtime-chats-readonly.json"
"desktop","Чаты / диалог","Открыть / refresh / сведения / профиль / attachment / poll / emoji / message actions / reply / LIFO Back","Detail/media GET 200; product read POST was intercepted before backend. Desktop refresh GET 200; browser Back вернул список. Info Готово/browser Back, participant profile Close, attachment Cancel, poll local draft/cancel, emoji category/insert and action sheet close before selected dialog. Poll/create/send/reaction/edit/delete mutations were not invoked.","PASS","runtime-chats-readonly.json"
"360","Чаты / список","Фильтры / поиск","Пять локальных фильтров переключаются; exact title search оставляет выбранную карточку и очистка восстанавливает исходный count.","PASS","runtime-chats-readonly.json"
"360","Чаты / создать","Тип / отдел","Тип DEPARTMENT и реальный отдел выбраны только в локальном черновике; затем форма возвращена к CUSTOM без save.","PASS","runtime-chats-readonly.json"
"360","Чаты / локальные формы","Создать чат / Личный чат / focus Back / layer Back / Отмена","Create title/description/private flag changed only locally; first browser Back blurred, second closed modal. Direct picker opened and Cancel returned list. Save/Open chat not invoked.","PASS","runtime-chats-readonly.json"
"360","Чаты / опрос","Открыть / поля / вариант / flags / Отмена","Тема, два обязательных варианта, add/remove третьего и три флага изменены локально; Create только enabled, не нажат; Отмена вернула диалог без API write.","PASS","runtime-chats-readonly.json"
"360","Чаты / диалог","К списку чатов","Responsive screen Back закрыл выбранный диалог и восстановил список без mutation.","PASS","runtime-chats-readonly.json"
"360","Чаты / диалог","Открыть / refresh / сведения / профиль / attachment / poll / emoji / message actions / reply / LIFO Back","Detail/media GET 200; product read POST was intercepted before backend. Mobile screen Back вернул список. Info Готово/browser Back, participant profile Close, attachment Cancel, poll local draft/cancel, emoji category/insert and action sheet close before selected dialog. Poll/create/send/reaction/edit/delete mutations were not invoked.","PASS","runtime-chats-readonly.json"
"390","Чаты / список","Фильтры / поиск","Пять локальных фильтров переключаются; exact title search оставляет выбранную карточку и очистка восстанавливает исходный count.","PASS","runtime-chats-readonly.json"
"390","Чаты / создать","Тип / отдел","Тип DEPARTMENT и реальный отдел выбраны только в локальном черновике; затем форма возвращена к CUSTOM без save.","PASS","runtime-chats-readonly.json"
"390","Чаты / локальные формы","Создать чат / Личный чат / focus Back / layer Back / Отмена","Create title/description/private flag changed only locally; first browser Back blurred, second closed modal. Direct picker opened and Cancel returned list. Save/Open chat not invoked.","PASS","runtime-chats-readonly.json"
"390","Чаты / опрос","Открыть / поля / вариант / flags / Отмена","Тема, два обязательных варианта, add/remove третьего и три флага изменены локально; Create только enabled, не нажат; Отмена вернула диалог без API write.","PASS","runtime-chats-readonly.json"
"390","Чаты / диалог","К списку чатов","Responsive screen Back закрыл выбранный диалог и восстановил список без mutation.","PASS","runtime-chats-readonly.json"
"390","Чаты / диалог","Открыть / refresh / сведения / профиль / attachment / poll / emoji / message actions / reply / LIFO Back","Detail/media GET 200; product read POST was intercepted before backend. Mobile screen Back вернул список. Info Готово/browser Back, participant profile Close, attachment Cancel, poll local draft/cancel, emoji category/insert and action sheet close before selected dialog. Poll/create/send/reaction/edit/delete mutations were not invoked.","PASS","runtime-chats-readonly.json"
"430","Чаты / список","Фильтры / поиск","Пять локальных фильтров переключаются; exact title search оставляет выбранную карточку и очистка восстанавливает исходный count.","PASS","runtime-chats-readonly.json"
"430","Чаты / создать","Тип / отдел","Тип DEPARTMENT и реальный отдел выбраны только в локальном черновике; затем форма возвращена к CUSTOM без save.","PASS","runtime-chats-readonly.json"
"430","Чаты / локальные формы","Создать чат / Личный чат / focus Back / layer Back / Отмена","Create title/description/private flag changed only locally; first browser Back blurred, second closed modal. Direct picker opened and Cancel returned list. Save/Open chat not invoked.","PASS","runtime-chats-readonly.json"
"430","Чаты / опрос","Открыть / поля / вариант / flags / Отмена","Тема, два обязательных варианта, add/remove третьего и три флага изменены локально; Create только enabled, не нажат; Отмена вернула диалог без API write.","PASS","runtime-chats-readonly.json"
"430","Чаты / диалог","К списку чатов","Responsive screen Back закрыл выбранный диалог и восстановил список без mutation.","PASS","runtime-chats-readonly.json"
"430","Чаты / диалог","Открыть / refresh / сведения / профиль / attachment / poll / emoji / message actions / reply / LIFO Back","Detail/media GET 200; product read POST was intercepted before backend. Mobile screen Back вернул список. Info Готово/browser Back, participant profile Close, attachment Cancel, poll local draft/cancel, emoji category/insert and action sheet close before selected dialog. Poll/create/send/reaction/edit/delete mutations were not invoked.","PASS","runtime-chats-readonly.json"
"desktop","Чаты / сообщения и опросы","Профиль автора / bubble / action menu / reaction / copy / reply / send / edit / delete / vote / poll create / new messages down","Every local layer and exact browser-memory POST/PATCH/DELETE outcome was asserted, including cancel paths and refreshed text/reaction/poll state. No request reached the backend; server ownership, RBAC, persistence, audit and realtime authority are not inferred.","PASS","runtime-chats-message-actions-submit-isolated.json"
"360","Чаты / сообщения и опросы","Профиль автора / bubble / action menu / reaction / copy / reply / send / edit / delete / vote / poll create / new messages down","Every local layer and exact browser-memory POST/PATCH/DELETE outcome was asserted, including cancel paths and refreshed text/reaction/poll state. No request reached the backend; server ownership, RBAC, persistence, audit and realtime authority are not inferred.","PASS","runtime-chats-message-actions-submit-isolated.json"
"390","Чаты / сообщения и опросы","Профиль автора / bubble / action menu / reaction / copy / reply / send / edit / delete / vote / poll create / new messages down","Every local layer and exact browser-memory POST/PATCH/DELETE outcome was asserted, including cancel paths and refreshed text/reaction/poll state. No request reached the backend; server ownership, RBAC, persistence, audit and realtime authority are not inferred.","PASS","runtime-chats-message-actions-submit-isolated.json"
"430","Чаты / сообщения и опросы","Профиль автора / bubble / action menu / reaction / copy / reply / send / edit / delete / vote / poll create / new messages down","Every local layer and exact browser-memory POST/PATCH/DELETE outcome was asserted, including cancel paths and refreshed text/reaction/poll state. No request reached the backend; server ownership, RBAC, persistence, audit and realtime authority are not inferred.","PASS","runtime-chats-message-actions-submit-isolated.json"
"desktop","Чаты / голосовой черновик","Повторить / Отмена / Готово / Перезаписать / Убрать","A realistic asynchronous browser MediaRecorder proved retry, true cancellation without a latent file, one finished draft, replacement recording and local removal. No chat or attachment request reached the backend; physical microphone permission and capture remain PENDING.","PASS","runtime-chats-voice-draft-isolated.json"
"360","Чаты / голосовой черновик","Повторить / Отмена / Готово / Перезаписать / Убрать","A realistic asynchronous browser MediaRecorder proved retry, true cancellation without a latent file, one finished draft, replacement recording and local removal. No chat or attachment request reached the backend; physical microphone permission and capture remain PENDING.","PASS","runtime-chats-voice-draft-isolated.json"
"390","Чаты / голосовой черновик","Повторить / Отмена / Готово / Перезаписать / Убрать","A realistic asynchronous browser MediaRecorder proved retry, true cancellation without a latent file, one finished draft, replacement recording and local removal. No chat or attachment request reached the backend; physical microphone permission and capture remain PENDING.","PASS","runtime-chats-voice-draft-isolated.json"
"430","Чаты / голосовой черновик","Повторить / Отмена / Готово / Перезаписать / Убрать","A realistic asynchronous browser MediaRecorder proved retry, true cancellation without a latent file, one finished draft, replacement recording and local removal. No chat or attachment request reached the backend; physical microphone permission and capture remain PENDING.","PASS","runtime-chats-voice-draft-isolated.json"
"desktop","Чаты / создание и личный чат","Закрыть / Отмена / участник убрать-добавить / Сохранить / Изменить / Открыть чат","Close and Cancel performed no mutation. Group create sent the exact member-scoped payload and opened the refreshed group. Direct selection could be cleared and restored; exact direct POST opened the intended person chat after a canonical page reload. No request reached the backend.","PASS","runtime-chats-create-direct-submit-isolated.json"
"360","Чаты / создание и личный чат","Закрыть / Отмена / участник убрать-добавить / Сохранить / Изменить / Открыть чат","Close and Cancel performed no mutation. Group create sent the exact member-scoped payload and opened the refreshed group. Direct selection could be cleared and restored; exact direct POST opened the intended person chat after a canonical page reload. No request reached the backend.","PASS","runtime-chats-create-direct-submit-isolated.json"
"390","Чаты / создание и личный чат","Закрыть / Отмена / участник убрать-добавить / Сохранить / Изменить / Открыть чат","Close and Cancel performed no mutation. Group create sent the exact member-scoped payload and opened the refreshed group. Direct selection could be cleared and restored; exact direct POST opened the intended person chat after a canonical page reload. No request reached the backend.","PASS","runtime-chats-create-direct-submit-isolated.json"
"430","Чаты / создание и личный чат","Закрыть / Отмена / участник убрать-добавить / Сохранить / Изменить / Открыть чат","Close and Cancel performed no mutation. Group create sent the exact member-scoped payload and opened the refreshed group. Direct selection could be cleared and restored; exact direct POST opened the intended person chat after a canonical page reload. No request reached the backend.","PASS","runtime-chats-create-direct-submit-isolated.json"
"desktop","Чаты / участники и жизненный цикл","Профиль / canonical profile / promote / demote / remove / add / transfer / leave / archive / block / hide","Each distinct browser-memory command produced the exact refreshed member/chat consequence. Confirmation cancel preserved state; confirmed remove, transfer, leave, archive, block/unblock and hide affected only their intended synthetic chat. No request reached the backend; server authority, RBAC, audit and realtime are not inferred.","PASS","runtime-chats-info-member-actions-isolated.json"
"360","Чаты / участники и жизненный цикл","Профиль / canonical profile / promote / demote / remove / add / transfer / leave / archive / block / hide","Each distinct browser-memory command produced the exact refreshed member/chat consequence. Confirmation cancel preserved state; confirmed remove, transfer, leave, archive, block/unblock and hide affected only their intended synthetic chat. No request reached the backend; server authority, RBAC, audit and realtime are not inferred.","PASS","runtime-chats-info-member-actions-isolated.json"
"390","Чаты / участники и жизненный цикл","Профиль / canonical profile / promote / demote / remove / add / transfer / leave / archive / block / hide","Each distinct browser-memory command produced the exact refreshed member/chat consequence. Confirmation cancel preserved state; confirmed remove, transfer, leave, archive, block/unblock and hide affected only their intended synthetic chat. No request reached the backend; server authority, RBAC, audit and realtime are not inferred.","PASS","runtime-chats-info-member-actions-isolated.json"
"430","Чаты / участники и жизненный цикл","Профиль / canonical profile / promote / demote / remove / add / transfer / leave / archive / block / hide","Each distinct browser-memory command produced the exact refreshed member/chat consequence. Confirmation cancel preserved state; confirmed remove, transfer, leave, archive, block/unblock and hide affected only their intended synthetic chat. No request reached the backend; server authority, RBAC, audit and realtime are not inferred.","PASS","runtime-chats-info-member-actions-isolated.json"
"desktop","Чек-листы / в работе","Начать новый чек-лист","The workspace action switched to the existing available-checklists tab without creating a run or issuing an API write.","PASS","runtime-checklists-readonly.json"
"desktop","Чек-листы / доступные","Detail / preview / start confirmation / Back","Template history GET and local preview/confirmation were exercised; start submit was not invoked.","PASS","runtime-checklists-readonly.json"
"desktop","Чек-листы / библиотека","Preview / expand / pristine edit / focus-first Back / layer Back","Template preview and pristine editor were opened locally; first Back blurred the auto-focused name field, second Back closed the builder; no save/archive/reorder request.","PASS","runtime-checklists-readonly.json"
"desktop","Чек-листы / библиотека","Duplicate / add-row / edit-row / archive-row / archive-template local layers; template archive GET","Existing-template actions opened the expected local layer; each mutation confirmation was dismissed. Archive opened the selected template journal through GET, then returned to the library.","PASS","runtime-checklists-readonly.json"
"desktop","Чек-листы / конструктор","Local fields / SELECT and NUMBER row / flags / preview / focus Back / discard","Builder and item editor title/description/options/type/unit/range/required flags changed local state only; explicit discard closed without API writes.","PASS","runtime-checklists-readonly.json"
"desktop","Чек-листы / конструктор","Department / line / shift / role selectors; copy / reorder / edit / toggle rows; preview navigation","Real configured options were selected when available; two local rows were reordered, toggled and edited; preview moved next/back and closed; final builder discard left server state unchanged.","PASS","runtime-checklists-readonly.json"
"desktop","Чек-листы / архив","Archive run / filters GET / reopen / reset / close","Five filter values reached archive GET, persisted across Back/reopen and were restored locally; no download or mutation.","PASS","runtime-checklists-readonly.json"
"desktop","Чек-листы / архив","Date/template/line/user/department filters; journal/table; Excel; shift summary/PDF","Configured filter values reached exact GET parameters, modes switched locally, Excel and shift report/PDF completed through GET, and all filters were reset without mutation.","PASS","runtime-checklists-readonly.json"
"360","Чек-листы / в работе","Начать новый чек-лист","The workspace action switched to the existing available-checklists tab without creating a run or issuing an API write.","PASS","runtime-checklists-readonly.json"
"360","Чек-листы / доступные","Detail / preview / start confirmation / Back","Template history GET and local preview/confirmation were exercised; start submit was not invoked.","PASS","runtime-checklists-readonly.json"
"360","Чек-листы / библиотека","Preview / expand / pristine edit / focus-first Back / layer Back","Template preview and pristine editor were opened locally; first Back blurred the auto-focused name field, second Back closed the builder; no save/archive/reorder request.","PASS","runtime-checklists-readonly.json"
"360","Чек-листы / библиотека","Duplicate / add-row / edit-row / archive-row / archive-template local layers; template archive GET","Existing-template actions opened the expected local layer; each mutation confirmation was dismissed. Archive opened the selected template journal through GET, then returned to the library.","PASS","runtime-checklists-readonly.json"
"360","Чек-листы / конструктор","Local fields / SELECT and NUMBER row / flags / preview / focus Back / discard","Builder and item editor title/description/options/type/unit/range/required flags changed local state only; explicit discard closed without API writes.","PASS","runtime-checklists-readonly.json"
"360","Чек-листы / конструктор","Department / line / shift / role selectors; copy / reorder / edit / toggle rows; preview navigation","Real configured options were selected when available; two local rows were reordered, toggled and edited; preview moved next/back and closed; final builder discard left server state unchanged.","PASS","runtime-checklists-readonly.json"
"360","Чек-листы / архив","Archive run / filters GET / reopen / reset / close","Five filter values reached archive GET, persisted across Back/reopen and were restored locally; no download or mutation.","PASS","runtime-checklists-readonly.json"
"360","Чек-листы / архив","Date/template/line/user/department filters; journal/table; Excel; shift summary/PDF","Configured filter values reached exact GET parameters, modes switched locally, Excel and shift report/PDF completed through GET, and all filters were reset without mutation.","PASS","runtime-checklists-readonly.json"
"390","Чек-листы / в работе","Начать новый чек-лист","The workspace action switched to the existing available-checklists tab without creating a run or issuing an API write.","PASS","runtime-checklists-readonly.json"
"390","Чек-листы / доступные","Detail / preview / start confirmation / Back","Template history GET and local preview/confirmation were exercised; start submit was not invoked.","PASS","runtime-checklists-readonly.json"
"390","Чек-листы / библиотека","Preview / expand / pristine edit / focus-first Back / layer Back","Template preview and pristine editor were opened locally; first Back blurred the auto-focused name field, second Back closed the builder; no save/archive/reorder request.","PASS","runtime-checklists-readonly.json"
"390","Чек-листы / библиотека","Duplicate / add-row / edit-row / archive-row / archive-template local layers; template archive GET","Existing-template actions opened the expected local layer; each mutation confirmation was dismissed. Archive opened the selected template journal through GET, then returned to the library.","PASS","runtime-checklists-readonly.json"
"390","Чек-листы / конструктор","Local fields / SELECT and NUMBER row / flags / preview / focus Back / discard","Builder and item editor title/description/options/type/unit/range/required flags changed local state only; explicit discard closed without API writes.","PASS","runtime-checklists-readonly.json"
"390","Чек-листы / конструктор","Department / line / shift / role selectors; copy / reorder / edit / toggle rows; preview navigation","Real configured options were selected when available; two local rows were reordered, toggled and edited; preview moved next/back and closed; final builder discard left server state unchanged.","PASS","runtime-checklists-readonly.json"
"390","Чек-листы / архив","Archive run / filters GET / reopen / reset / close","Five filter values reached archive GET, persisted across Back/reopen and were restored locally; no download or mutation.","PASS","runtime-checklists-readonly.json"
"390","Чек-листы / архив","Date/template/line/user/department filters; journal/table; Excel; shift summary/PDF","Configured filter values reached exact GET parameters, modes switched locally, Excel and shift report/PDF completed through GET, and all filters were reset without mutation.","PASS","runtime-checklists-readonly.json"
"430","Чек-листы / в работе","Начать новый чек-лист","The workspace action switched to the existing available-checklists tab without creating a run or issuing an API write.","PASS","runtime-checklists-readonly.json"
"430","Чек-листы / доступные","Detail / preview / start confirmation / Back","Template history GET and local preview/confirmation were exercised; start submit was not invoked.","PASS","runtime-checklists-readonly.json"
"430","Чек-листы / библиотека","Preview / expand / pristine edit / focus-first Back / layer Back","Template preview and pristine editor were opened locally; first Back blurred the auto-focused name field, second Back closed the builder; no save/archive/reorder request.","PASS","runtime-checklists-readonly.json"
"430","Чек-листы / библиотека","Duplicate / add-row / edit-row / archive-row / archive-template local layers; template archive GET","Existing-template actions opened the expected local layer; each mutation confirmation was dismissed. Archive opened the selected template journal through GET, then returned to the library.","PASS","runtime-checklists-readonly.json"
"430","Чек-листы / конструктор","Local fields / SELECT and NUMBER row / flags / preview / focus Back / discard","Builder and item editor title/description/options/type/unit/range/required flags changed local state only; explicit discard closed without API writes.","PASS","runtime-checklists-readonly.json"
"430","Чек-листы / конструктор","Department / line / shift / role selectors; copy / reorder / edit / toggle rows; preview navigation","Real configured options were selected when available; two local rows were reordered, toggled and edited; preview moved next/back and closed; final builder discard left server state unchanged.","PASS","runtime-checklists-readonly.json"
"430","Чек-листы / архив","Archive run / filters GET / reopen / reset / close","Five filter values reached archive GET, persisted across Back/reopen and were restored locally; no download or mutation.","PASS","runtime-checklists-readonly.json"
"430","Чек-листы / архив","Date/template/line/user/department filters; journal/table; Excel; shift summary/PDF","Configured filter values reached exact GET parameters, modes switched locally, Excel and shift report/PDF completed through GET, and all filters were reset without mutation.","PASS","runtime-checklists-readonly.json"
"desktop","Чек-листы / несохранённый ответ","Browser Back / confirmation LIFO / exact draft","Actual history Back opens confirmation, second history Back closes only confirmation and retains runner text without intercepted writes. Physical Android Back is not inferred.","PASS","runtime-checklists-runner-submit-isolated.json"
"desktop","Чек-листы / несохранённый ответ","Dirty exit / Stay / exact draft / discard","Explicit text edit requires the discard dialog; Stay retains exact text; second exit discards with no additional intercepted command. Browser Back and physical Android Back are not inferred.","PASS","runtime-checklists-runner-submit-isolated.json"
"desktop","Чек-листы / focused runner","Open / Back / row types / retry / row navigation / plan / pause / resume / final review / close","Synthetic runs exercised exact row payloads, one network retry, desktop plan and numbered navigation, pause/resume, missing-row return, periodic return and final manual close. All state lived in browser routes; backend authority, persistence, idempotency, RBAC and audit are not inferred.","PASS","runtime-checklists-runner-submit-isolated.json"
"360","Чек-листы / несохранённый ответ","Browser Back / confirmation LIFO / exact draft","Actual history Back opens confirmation, second history Back closes only confirmation and retains runner text without intercepted writes. Physical Android Back is not inferred.","PASS","runtime-checklists-runner-submit-isolated.json"
"360","Чек-листы / несохранённый ответ","Dirty exit / Stay / exact draft / discard","Explicit text edit requires the discard dialog; Stay retains exact text; second exit discards with no additional intercepted command. Browser Back and physical Android Back are not inferred.","PASS","runtime-checklists-runner-submit-isolated.json"
"360","Чек-листы / focused runner","Open / Back / row types / retry / row navigation / plan / pause / resume / final review / close","Synthetic runs exercised exact row payloads, one network retry, sticky Back/Next navigation, pause/resume, missing-row return, periodic return and final manual close. Desktop-only plan and numbered navigation are not claimed for this width. All state lived in browser routes; backend authority, persistence, idempotency, RBAC and audit are not inferred.","PASS","runtime-checklists-runner-submit-isolated.json"
"390","Чек-листы / несохранённый ответ","Browser Back / confirmation LIFO / exact draft","Actual history Back opens confirmation, second history Back closes only confirmation and retains runner text without intercepted writes. Physical Android Back is not inferred.","PASS","runtime-checklists-runner-submit-isolated.json"
"390","Чек-листы / несохранённый ответ","Dirty exit / Stay / exact draft / discard","Explicit text edit requires the discard dialog; Stay retains exact text; second exit discards with no additional intercepted command. Browser Back and physical Android Back are not inferred.","PASS","runtime-checklists-runner-submit-isolated.json"
"390","Чек-листы / focused runner","Open / Back / row types / retry / row navigation / plan / pause / resume / final review / close","Synthetic runs exercised exact row payloads, one network retry, sticky Back/Next navigation, pause/resume, missing-row return, periodic return and final manual close. Desktop-only plan and numbered navigation are not claimed for this width. All state lived in browser routes; backend authority, persistence, idempotency, RBAC and audit are not inferred.","PASS","runtime-checklists-runner-submit-isolated.json"
"430","Чек-листы / несохранённый ответ","Browser Back / confirmation LIFO / exact draft","Actual history Back opens confirmation, second history Back closes only confirmation and retains runner text without intercepted writes. Physical Android Back is not inferred.","PASS","runtime-checklists-runner-submit-isolated.json"
"430","Чек-листы / несохранённый ответ","Dirty exit / Stay / exact draft / discard","Explicit text edit requires the discard dialog; Stay retains exact text; second exit discards with no additional intercepted command. Browser Back and physical Android Back are not inferred.","PASS","runtime-checklists-runner-submit-isolated.json"
"430","Чек-листы / focused runner","Open / Back / row types / retry / row navigation / plan / pause / resume / final review / close","Synthetic runs exercised exact row payloads, one network retry, sticky Back/Next navigation, pause/resume, missing-row return, periodic return and final manual close. Desktop-only plan and numbered navigation are not claimed for this width. All state lived in browser routes; backend authority, persistence, idempotency, RBAC and audit are not inferred.","PASS","runtime-checklists-runner-submit-isolated.json"
"desktop","Чек-листы / архив и шаблоны","Occurrence / manual close / reorder / edit submit / start / empty preview / archive run / PDF / restore","History detail and return, exact manual close, two row-order PATCHes, active-template version save, start, empty-preview close, both archive-run entry points, PDF and restore were asserted against browser-memory state. Backend persistence, RBAC, audit and file contents are not inferred.","PASS","runtime-checklists-archive-template-submit-isolated.json"
"360","Чек-листы / архив и шаблоны","Occurrence / manual close / reorder / edit submit / start / empty preview / archive run / PDF / restore","History detail and return, exact manual close, two row-order PATCHes, active-template version save, start, empty-preview close, both archive-run entry points, PDF and restore were asserted against browser-memory state. Backend persistence, RBAC, audit and file contents are not inferred.","PASS","runtime-checklists-archive-template-submit-isolated.json"
"390","Чек-листы / архив и шаблоны","Occurrence / manual close / reorder / edit submit / start / empty preview / archive run / PDF / restore","History detail and return, exact manual close, two row-order PATCHes, active-template version save, start, empty-preview close, both archive-run entry points, PDF and restore were asserted against browser-memory state. Backend persistence, RBAC, audit and file contents are not inferred.","PASS","runtime-checklists-archive-template-submit-isolated.json"
"430","Чек-листы / архив и шаблоны","Occurrence / manual close / reorder / edit submit / start / empty preview / archive run / PDF / restore","History detail and return, exact manual close, two row-order PATCHes, active-template version save, start, empty-preview close, both archive-run entry points, PDF and restore were asserted against browser-memory state. Backend persistence, RBAC, audit and file contents are not inferred.","PASS","runtime-checklists-archive-template-submit-isolated.json"
"desktop","Чек-листы / мягкий архив пункта и шаблона","Удалить пункт / Подтвердить / В архив / ошибка / retry / reload / browser Back","Exact row PATCH and two template archive attempts were intercepted. The row became visibly archived after reload; the failed template submit retained identity and Russian error; retry removed the template from the active library, exposed it in archive after reload, and left the already active run open. Browser Back closed only archive filters without another command. Backend persistence/RBAC/audit are not inferred.","PASS","runtime-checklists-template-soft-archive-outcomes-isolated.json"
"360","Чек-листы / мягкий архив пункта и шаблона","Удалить пункт / Подтвердить / В архив / ошибка / retry / reload / browser Back","Exact row PATCH and two template archive attempts were intercepted. The row became visibly archived after reload; the failed template submit retained identity and Russian error; retry removed the template from the active library, exposed it in archive after reload, and left the already active run open. Browser Back closed only archive filters without another command. Backend persistence/RBAC/audit are not inferred.","PASS","runtime-checklists-template-soft-archive-outcomes-isolated.json"
"390","Чек-листы / мягкий архив пункта и шаблона","Удалить пункт / Подтвердить / В архив / ошибка / retry / reload / browser Back","Exact row PATCH and two template archive attempts were intercepted. The row became visibly archived after reload; the failed template submit retained identity and Russian error; retry removed the template from the active library, exposed it in archive after reload, and left the already active run open. Browser Back closed only archive filters without another command. Backend persistence/RBAC/audit are not inferred.","PASS","runtime-checklists-template-soft-archive-outcomes-isolated.json"
"430","Чек-листы / мягкий архив пункта и шаблона","Удалить пункт / Подтвердить / В архив / ошибка / retry / reload / browser Back","Exact row PATCH and two template archive attempts were intercepted. The row became visibly archived after reload; the failed template submit retained identity and Russian error; retry removed the template from the active library, exposed it in archive after reload, and left the already active run open. Browser Back closed only archive filters without another command. Backend persistence/RBAC/audit are not inferred.","PASS","runtime-checklists-template-soft-archive-outcomes-isolated.json"
"desktop","Смена","Выбрать смену / inner click / Закрыть / backdrop / browser Back","Inner click preserves the picker; explicit Close, backdrop and browser Back each close only the upper layer. Current shift remains visible and no command is sent.","PASS","runtime-shift-workbench-readonly.json"
"desktop","Смена / будущая","Добавить линию в план / browser Back","The existing future-line picker opens for the selected future shift and browser Back closes only the picker while preserving the selected target. No line is added.","PASS","runtime-shift-workbench-readonly.json"
"desktop","Смена / будущая","Будущая смена / выбранная дата","A future shift opens through the canonical picker and its local target remains selected after a GET-backed refresh; current shift is not mutated.","PASS","runtime-shift-workbench-readonly.json"
"desktop","Смена / люди / переназначение","Переназначить / Куда назначить / browser Back","The assigned-person control opens the canonical target sheet and browser Back restores the same people sheet without sending a command.","PASS","runtime-shift-workbench-readonly.json"
"desktop","Смена / люди / назначение","Куда назначить / inner click / Закрыть / browser Back","The target sheet stays open on an inner click; explicit Close and browser Back each close only that layer and restore the same people sheet.","PASS","runtime-shift-workbench-readonly.json"
"desktop","Смена / люди","Browser-only present-person fixture / restore original read model","One free and one assigned synthetic WORKER are prepended only to the intercepted GET response so both distinct assignment controls remain deterministic across shift boundaries. No user, attendance or assignment is written.","PASS","runtime-shift-workbench-readonly.json"
"desktop","Смена / назначение / линия","Линия / inner click / browser Back","The line picker opens without selecting a slot; an inner click keeps it open and Back restores the target sheet without a command.","PASS","runtime-shift-workbench-readonly.json"
"desktop","Смена / назначение / рабочая зона","Рабочая зона / direct board / browser Back","With one configured work area, the canonical flow opens its slot board directly. Back restores the target sheet without assigning a person.","PASS","runtime-shift-workbench-readonly.json"
"desktop","Смена / назначение / мойка","Мойка / browser Back","The existing active-wash selector opens and Back restores the target sheet; no assignment confirmation is sent.","PASS","runtime-shift-workbench-readonly.json"
"desktop","Смена / назначение / домой","Отправить домой / локальный комментарий / Отмена","The required-comment form keeps a local draft and explicit Cancel returns to the target sheet without calling send-home.","PASS","runtime-shift-workbench-readonly.json"
"desktop","Смена / люди","Panel inner click / backdrop / фильтр / ручной поиск / focus-first Back / layer Back","Inner click preserves the people sheet and backdrop closes it; local workforce filter and short-query validation do not assign anyone. Back first blurs search, then closes manual search and restores the people sheet.","PASS","runtime-shift-workbench-readonly.json"
"desktop","Смена / следующая","Назначить не отметившегося / focus-first Back / layer Back","The canonical future-context employee search shows short-query validation; Back first blurs the input and then closes only the search layer, restoring the planning panel without selecting anyone.","PASS","runtime-shift-workbench-readonly.json"
"desktop","Смена / следующая","Плановые линии / Я буду / Наёмники / локальный фильтр","Three planning read models and local filter are shown without invoking assignment, no-call or line-plan commands.","PASS","runtime-shift-workbench-readonly.json"
"desktop","Смена / следующая","Добавить линию в план / inner click / Закрыть","The next-shift line picker stays open after an inner click and explicit Close restores the current planning state. No line is added.","PASS","runtime-shift-workbench-readonly.json"
"desktop","Смена / прошлые","Архивная карточка / detail tabs","Past-shift GET detail and existing read-only tabs opened; no current or historical record was changed.","PASS","runtime-shift-workbench-readonly.json"
"360","Смена","Выбрать смену / inner click / Закрыть / backdrop / browser Back","Inner click preserves the picker; explicit Close, backdrop and browser Back each close only the upper layer. Current shift remains visible and no command is sent.","PASS","runtime-shift-workbench-readonly.json"
"360","Смена / будущая","Добавить линию в план / browser Back","The existing future-line picker opens for the selected future shift and browser Back closes only the picker while preserving the selected target. No line is added.","PASS","runtime-shift-workbench-readonly.json"
"360","Смена / будущая","Будущая смена / выбранная дата","A future shift opens through the canonical picker and its local target remains selected after a GET-backed refresh; current shift is not mutated.","PASS","runtime-shift-workbench-readonly.json"
"360","Смена / люди / переназначение","Переназначить / Куда назначить / browser Back","The assigned-person control opens the canonical target sheet and browser Back restores the same people sheet without sending a command.","PASS","runtime-shift-workbench-readonly.json"
"360","Смена / люди / назначение","Куда назначить / inner click / Закрыть / browser Back","The target sheet stays open on an inner click; explicit Close and browser Back each close only that layer and restore the same people sheet.","PASS","runtime-shift-workbench-readonly.json"
"360","Смена / люди","Browser-only present-person fixture / restore original read model","One free and one assigned synthetic WORKER are prepended only to the intercepted GET response so both distinct assignment controls remain deterministic across shift boundaries. No user, attendance or assignment is written.","PASS","runtime-shift-workbench-readonly.json"
"360","Смена / назначение / линия","Линия / inner click / browser Back","The line picker opens without selecting a slot; an inner click keeps it open and Back restores the target sheet without a command.","PASS","runtime-shift-workbench-readonly.json"
"360","Смена / назначение / рабочая зона","Рабочая зона / direct board / browser Back","With one configured work area, the canonical flow opens its slot board directly. Back restores the target sheet without assigning a person.","PASS","runtime-shift-workbench-readonly.json"
"360","Смена / назначение / мойка","Мойка / browser Back","The existing active-wash selector opens and Back restores the target sheet; no assignment confirmation is sent.","PASS","runtime-shift-workbench-readonly.json"
"360","Смена / назначение / домой","Отправить домой / локальный комментарий / Отмена","The required-comment form keeps a local draft and explicit Cancel returns to the target sheet without calling send-home.","PASS","runtime-shift-workbench-readonly.json"
"360","Смена / люди","Panel inner click / backdrop / фильтр / ручной поиск / focus-first Back / layer Back","Inner click preserves the people sheet and backdrop closes it; local workforce filter and short-query validation do not assign anyone. Back first blurs search, then closes manual search and restores the people sheet.","PASS","runtime-shift-workbench-readonly.json"
"360","Смена / следующая","Назначить не отметившегося / focus-first Back / layer Back","The canonical future-context employee search shows short-query validation; Back first blurs the input and then closes only the search layer, restoring the planning panel without selecting anyone.","PASS","runtime-shift-workbench-readonly.json"
"360","Смена / следующая","Плановые линии / Я буду / Наёмники / локальный фильтр","Three planning read models and local filter are shown without invoking assignment, no-call or line-plan commands.","PASS","runtime-shift-workbench-readonly.json"
"360","Смена / следующая","Добавить линию в план / inner click / Закрыть","The next-shift line picker stays open after an inner click and explicit Close restores the current planning state. No line is added.","PASS","runtime-shift-workbench-readonly.json"
"360","Смена / прошлые","Архивная карточка / detail tabs","Past-shift GET detail and existing read-only tabs opened; no current or historical record was changed.","PASS","runtime-shift-workbench-readonly.json"
"390","Смена","Выбрать смену / inner click / Закрыть / backdrop / browser Back","Inner click preserves the picker; explicit Close, backdrop and browser Back each close only the upper layer. Current shift remains visible and no command is sent.","PASS","runtime-shift-workbench-readonly.json"
"390","Смена / будущая","Добавить линию в план / browser Back","The existing future-line picker opens for the selected future shift and browser Back closes only the picker while preserving the selected target. No line is added.","PASS","runtime-shift-workbench-readonly.json"
"390","Смена / будущая","Будущая смена / выбранная дата","A future shift opens through the canonical picker and its local target remains selected after a GET-backed refresh; current shift is not mutated.","PASS","runtime-shift-workbench-readonly.json"
"390","Смена / люди / переназначение","Переназначить / Куда назначить / browser Back","The assigned-person control opens the canonical target sheet and browser Back restores the same people sheet without sending a command.","PASS","runtime-shift-workbench-readonly.json"
"390","Смена / люди / назначение","Куда назначить / inner click / Закрыть / browser Back","The target sheet stays open on an inner click; explicit Close and browser Back each close only that layer and restore the same people sheet.","PASS","runtime-shift-workbench-readonly.json"
"390","Смена / люди","Browser-only present-person fixture / restore original read model","One free and one assigned synthetic WORKER are prepended only to the intercepted GET response so both distinct assignment controls remain deterministic across shift boundaries. No user, attendance or assignment is written.","PASS","runtime-shift-workbench-readonly.json"
"390","Смена / назначение / линия","Линия / inner click / browser Back","The line picker opens without selecting a slot; an inner click keeps it open and Back restores the target sheet without a command.","PASS","runtime-shift-workbench-readonly.json"
"390","Смена / назначение / рабочая зона","Рабочая зона / direct board / browser Back","With one configured work area, the canonical flow opens its slot board directly. Back restores the target sheet without assigning a person.","PASS","runtime-shift-workbench-readonly.json"
"390","Смена / назначение / мойка","Мойка / browser Back","The existing active-wash selector opens and Back restores the target sheet; no assignment confirmation is sent.","PASS","runtime-shift-workbench-readonly.json"
"390","Смена / назначение / домой","Отправить домой / локальный комментарий / Отмена","The required-comment form keeps a local draft and explicit Cancel returns to the target sheet without calling send-home.","PASS","runtime-shift-workbench-readonly.json"
"390","Смена / люди","Panel inner click / backdrop / фильтр / ручной поиск / focus-first Back / layer Back","Inner click preserves the people sheet and backdrop closes it; local workforce filter and short-query validation do not assign anyone. Back first blurs search, then closes manual search and restores the people sheet.","PASS","runtime-shift-workbench-readonly.json"
"390","Смена / следующая","Назначить не отметившегося / focus-first Back / layer Back","The canonical future-context employee search shows short-query validation; Back first blurs the input and then closes only the search layer, restoring the planning panel without selecting anyone.","PASS","runtime-shift-workbench-readonly.json"
"390","Смена / следующая","Плановые линии / Я буду / Наёмники / локальный фильтр","Three planning read models and local filter are shown without invoking assignment, no-call or line-plan commands.","PASS","runtime-shift-workbench-readonly.json"
"390","Смена / следующая","Добавить линию в план / inner click / Закрыть","The next-shift line picker stays open after an inner click and explicit Close restores the current planning state. No line is added.","PASS","runtime-shift-workbench-readonly.json"
"390","Смена / прошлые","Архивная карточка / detail tabs","Past-shift GET detail and existing read-only tabs opened; no current or historical record was changed.","PASS","runtime-shift-workbench-readonly.json"
"430","Смена","Выбрать смену / inner click / Закрыть / backdrop / browser Back","Inner click preserves the picker; explicit Close, backdrop and browser Back each close only the upper layer. Current shift remains visible and no command is sent.","PASS","runtime-shift-workbench-readonly.json"
"430","Смена / будущая","Добавить линию в план / browser Back","The existing future-line picker opens for the selected future shift and browser Back closes only the picker while preserving the selected target. No line is added.","PASS","runtime-shift-workbench-readonly.json"
"430","Смена / будущая","Будущая смена / выбранная дата","A future shift opens through the canonical picker and its local target remains selected after a GET-backed refresh; current shift is not mutated.","PASS","runtime-shift-workbench-readonly.json"
"430","Смена / люди / переназначение","Переназначить / Куда назначить / browser Back","The assigned-person control opens the canonical target sheet and browser Back restores the same people sheet without sending a command.","PASS","runtime-shift-workbench-readonly.json"
"430","Смена / люди / назначение","Куда назначить / inner click / Закрыть / browser Back","The target sheet stays open on an inner click; explicit Close and browser Back each close only that layer and restore the same people sheet.","PASS","runtime-shift-workbench-readonly.json"
"430","Смена / люди","Browser-only present-person fixture / restore original read model","One free and one assigned synthetic WORKER are prepended only to the intercepted GET response so both distinct assignment controls remain deterministic across shift boundaries. No user, attendance or assignment is written.","PASS","runtime-shift-workbench-readonly.json"
"430","Смена / назначение / линия","Линия / inner click / browser Back","The line picker opens without selecting a slot; an inner click keeps it open and Back restores the target sheet without a command.","PASS","runtime-shift-workbench-readonly.json"
"430","Смена / назначение / рабочая зона","Рабочая зона / direct board / browser Back","With one configured work area, the canonical flow opens its slot board directly. Back restores the target sheet without assigning a person.","PASS","runtime-shift-workbench-readonly.json"
"430","Смена / назначение / мойка","Мойка / browser Back","The existing active-wash selector opens and Back restores the target sheet; no assignment confirmation is sent.","PASS","runtime-shift-workbench-readonly.json"
"430","Смена / назначение / домой","Отправить домой / локальный комментарий / Отмена","The required-comment form keeps a local draft and explicit Cancel returns to the target sheet without calling send-home.","PASS","runtime-shift-workbench-readonly.json"
"430","Смена / люди","Panel inner click / backdrop / фильтр / ручной поиск / focus-first Back / layer Back","Inner click preserves the people sheet and backdrop closes it; local workforce filter and short-query validation do not assign anyone. Back first blurs search, then closes manual search and restores the people sheet.","PASS","runtime-shift-workbench-readonly.json"
"430","Смена / следующая","Назначить не отметившегося / focus-first Back / layer Back","The canonical future-context employee search shows short-query validation; Back first blurs the input and then closes only the search layer, restoring the planning panel without selecting anyone.","PASS","runtime-shift-workbench-readonly.json"
"430","Смена / следующая","Плановые линии / Я буду / Наёмники / локальный фильтр","Three planning read models and local filter are shown without invoking assignment, no-call or line-plan commands.","PASS","runtime-shift-workbench-readonly.json"
"430","Смена / следующая","Добавить линию в план / inner click / Закрыть","The next-shift line picker stays open after an inner click and explicit Close restores the current planning state. No line is added.","PASS","runtime-shift-workbench-readonly.json"
"430","Смена / прошлые","Архивная карточка / detail tabs","Past-shift GET detail and existing read-only tabs opened; no current or historical record was changed.","PASS","runtime-shift-workbench-readonly.json"
"desktop","Смена / сотрудник","Подробнее / browser Back / Обновить / Закрыть","The attendance-row profile opens from an exact GET fixture. Browser Back and explicit Close each restore the same Shift row; Refresh performs exactly one additional profile GET and keeps the card open. No API write is sent.","PASS","runtime-shift-attendance-profile-readonly.json"
"360","Смена / сотрудник","Подробнее / browser Back / Обновить / Закрыть","The attendance-row profile opens from an exact GET fixture. Browser Back and explicit Close each restore the same Shift row; Refresh performs exactly one additional profile GET and keeps the card open. No API write is sent.","PASS","runtime-shift-attendance-profile-readonly.json"
"390","Смена / сотрудник","Подробнее / browser Back / Обновить / Закрыть","The attendance-row profile opens from an exact GET fixture. Browser Back and explicit Close each restore the same Shift row; Refresh performs exactly one additional profile GET and keeps the card open. No API write is sent.","PASS","runtime-shift-attendance-profile-readonly.json"
"430","Смена / сотрудник","Подробнее / browser Back / Обновить / Закрыть","The attendance-row profile opens from an exact GET fixture. Browser Back and explicit Close each restore the same Shift row; Refresh performs exactly one additional profile GET and keeps the card open. No API write is sent.","PASS","runtime-shift-attendance-profile-readonly.json"
"desktop","Смена / следующая / сотрудник","Профиль / browser Back / Назначить / browser Back / Закрыть","The WILL_BE person profile and future-assignment board open from distinct controls. Browser Back and explicit Close each restore the same planning panel; no assignment is submitted.","PASS","runtime-shift-future-person-actions-isolated.json"
"desktop","Смена / следующая / не вызывать","Черновик / Отмена / focus-first Back / layer Back / подтверждение / обновлённый список","Cancel and two-level Back keep the WILL_BE row and send no request. Confirm sends one exact comment payload; the browser-memory refresh removes only that row and shows success feedback.","PASS","runtime-shift-future-person-actions-isolated.json"
"desktop","Смена / следующая / наёмник","Профиль / browser Back / Назначить / Закрыть","The contractor profile and future-assignment board open from their own card and return to the contractors panel without sending an assignment.","PASS","runtime-shift-future-person-actions-isolated.json"
"360","Смена / следующая / сотрудник","Профиль / browser Back / Назначить / browser Back / Закрыть","The WILL_BE person profile and future-assignment board open from distinct controls. Browser Back and explicit Close each restore the same planning panel; no assignment is submitted.","PASS","runtime-shift-future-person-actions-isolated.json"
"360","Смена / следующая / не вызывать","Черновик / Отмена / focus-first Back / layer Back / подтверждение / обновлённый список","Cancel and two-level Back keep the WILL_BE row and send no request. Confirm sends one exact comment payload; the browser-memory refresh removes only that row and shows success feedback.","PASS","runtime-shift-future-person-actions-isolated.json"
"360","Смена / следующая / наёмник","Профиль / browser Back / Назначить / Закрыть","The contractor profile and future-assignment board open from their own card and return to the contractors panel without sending an assignment.","PASS","runtime-shift-future-person-actions-isolated.json"
"390","Смена / следующая / сотрудник","Профиль / browser Back / Назначить / browser Back / Закрыть","The WILL_BE person profile and future-assignment board open from distinct controls. Browser Back and explicit Close each restore the same planning panel; no assignment is submitted.","PASS","runtime-shift-future-person-actions-isolated.json"
"390","Смена / следующая / не вызывать","Черновик / Отмена / focus-first Back / layer Back / подтверждение / обновлённый список","Cancel and two-level Back keep the WILL_BE row and send no request. Confirm sends one exact comment payload; the browser-memory refresh removes only that row and shows success feedback.","PASS","runtime-shift-future-person-actions-isolated.json"
"390","Смена / следующая / наёмник","Профиль / browser Back / Назначить / Закрыть","The contractor profile and future-assignment board open from their own card and return to the contractors panel without sending an assignment.","PASS","runtime-shift-future-person-actions-isolated.json"
"430","Смена / следующая / сотрудник","Профиль / browser Back / Назначить / browser Back / Закрыть","The WILL_BE person profile and future-assignment board open from distinct controls. Browser Back and explicit Close each restore the same planning panel; no assignment is submitted.","PASS","runtime-shift-future-person-actions-isolated.json"
"430","Смена / следующая / не вызывать","Черновик / Отмена / focus-first Back / layer Back / подтверждение / обновлённый список","Cancel and two-level Back keep the WILL_BE row and send no request. Confirm sends one exact comment payload; the browser-memory refresh removes only that row and shows success feedback.","PASS","runtime-shift-future-person-actions-isolated.json"
"430","Смена / следующая / наёмник","Профиль / browser Back / Назначить / Закрыть","The contractor profile and future-assignment board open from their own card and return to the contractors panel without sending an assignment.","PASS","runtime-shift-future-person-actions-isolated.json"
"desktop","История смен","Дата / detail / browser Back / Назад к календарю","Archived personal shift 2026-08-09, дневная смена opened by GET; both Back paths restored the calendar and sent no command.","PASS","runtime-shift-history-readonly.json"
"desktop","История смен","Предыдущий месяц / Следующий месяц","Both month controls reached the existing read-only past-shift endpoint and restored the calendar without a command.","PASS","runtime-shift-history-readonly.json"
"360","История смен","Дата / detail / browser Back / Назад к календарю","Archived personal shift 2026-08-09, дневная смена opened by GET; both Back paths restored the calendar and sent no command.","PASS","runtime-shift-history-readonly.json"
"360","История смен","Предыдущий месяц / Следующий месяц","Both month controls reached the existing read-only past-shift endpoint and restored the calendar without a command.","PASS","runtime-shift-history-readonly.json"
"390","История смен","Дата / detail / browser Back / Назад к календарю","Archived personal shift 2026-08-09, дневная смена opened by GET; both Back paths restored the calendar and sent no command.","PASS","runtime-shift-history-readonly.json"
"390","История смен","Предыдущий месяц / Следующий месяц","Both month controls reached the existing read-only past-shift endpoint and restored the calendar without a command.","PASS","runtime-shift-history-readonly.json"
"430","История смен","Дата / detail / browser Back / Назад к календарю","Archived personal shift 2026-08-09, дневная смена opened by GET; both Back paths restored the calendar and sent no command.","PASS","runtime-shift-history-readonly.json"
"430","История смен","Предыдущий месяц / Следующий месяц","Both month controls reached the existing read-only past-shift endpoint and restored the calendar without a command.","PASS","runtime-shift-history-readonly.json"
"desktop","Смена","В работе / Простой / Заявки","Operational KPI controls switch the existing read models without commands or route loss.","PASS","runtime-shift-current-line-readonly.json"
"desktop","Смена / линия","Быстрый Простой / поля события / Отмена / быстрый Остановить / browser Back","Both compact line actions open only local drafts. Time mode, effective time, reason and comment remain local; Cancel and browser Back restore the same running line without a command.","PASS","runtime-shift-current-line-readonly.json"
"desktop","Смена / линия","Подробнее / Настройки и активность / Обновить","Exact line dashboard and activity are loaded by GET and refresh preserves the same line context.","PASS","runtime-shift-current-line-readonly.json"
"desktop","Смена / линия / слот","Действия / inner click / backdrop / Закрыть / browser Back","The occupied-slot action sheet is layered over the same dashboard. Its inner click is contained; backdrop, explicit Close and browser Back each restore the dashboard without a command.","PASS","runtime-shift-current-line-readonly.json"
"desktop","Смена / линия / слот","Профиль / browser Back","The employee profile is loaded through the existing GET route and Back restores the same line dashboard.","PASS","runtime-shift-current-line-readonly.json"
"desktop","Смена / линия / слот","Заменить / candidate inner click / ручной поиск / focus-first Back / layer Back / Назад","Slot-first replacement opens the canonical candidate picker. Manual search validates locally; Back unwinds focus and search before explicit candidate Back restores the dashboard. No candidate is chosen.","PASS","runtime-shift-current-line-readonly.json"
"desktop","Смена / линия / слот","Browser-only occupied-slot fixture / restore real board","One existing GET candidate was projected into one free slot only in browser memory; after the interaction family the route was removed and the real assignment board was reloaded. Backend writes remained zero.","PASS","runtime-shift-current-line-readonly.json"
"desktop","Смена / линия","Все действия / Зафиксировать простой / focus-first Back / layer Back","Premium action sheet closes before dashboard; downtime draft remains local and Back closes only the top layer after blur.","PASS","runtime-shift-current-line-readonly.json"
"desktop","Смена / линия / действия","Остановить / Срочная заявка / Завершить смену / Статистика и активность","Each available action opens its canonical local draft and Cancel restores the same dashboard; the statistics action expands the existing details block. No command is confirmed.","PASS","runtime-shift-current-line-readonly.json"
"desktop","Смена / линия / план","План / add-row draft / focus-first Back / nested Back / Close","Current assignment is opened by GET. Local row draft is discarded; browser Back unwinds row before plan, and explicit Close returns to the same line list.","PASS","runtime-shift-current-line-readonly.json"
"360","Смена","В работе / Простой / Заявки","Operational KPI controls switch the existing read models without commands or route loss.","PASS","runtime-shift-current-line-readonly.json"
"360","Смена / линия","Быстрый Простой / поля события / Отмена / быстрый Остановить / browser Back","Both compact line actions open only local drafts. Time mode, effective time, reason and comment remain local; Cancel and browser Back restore the same running line without a command.","PASS","runtime-shift-current-line-readonly.json"
"360","Смена / линия","Подробнее / Настройки и активность / Обновить","Exact line dashboard and activity are loaded by GET and refresh preserves the same line context.","PASS","runtime-shift-current-line-readonly.json"
"360","Смена / линия / слот","Действия / inner click / backdrop / Закрыть / browser Back","The occupied-slot action sheet is layered over the same dashboard. Its inner click is contained; backdrop, explicit Close and browser Back each restore the dashboard without a command.","PASS","runtime-shift-current-line-readonly.json"
"360","Смена / линия / слот","Профиль / browser Back","The employee profile is loaded through the existing GET route and Back restores the same line dashboard.","PASS","runtime-shift-current-line-readonly.json"
"360","Смена / линия / слот","Заменить / candidate inner click / ручной поиск / focus-first Back / layer Back / Назад","Slot-first replacement opens the canonical candidate picker. Manual search validates locally; Back unwinds focus and search before explicit candidate Back restores the dashboard. No candidate is chosen.","PASS","runtime-shift-current-line-readonly.json"
"360","Смена / линия / слот","Browser-only occupied-slot fixture / restore real board","One existing GET candidate was projected into one free slot only in browser memory; after the interaction family the route was removed and the real assignment board was reloaded. Backend writes remained zero.","PASS","runtime-shift-current-line-readonly.json"
"360","Смена / линия","Все действия / Зафиксировать простой / focus-first Back / layer Back","Premium action sheet closes before dashboard; downtime draft remains local and Back closes only the top layer after blur.","PASS","runtime-shift-current-line-readonly.json"
"360","Смена / линия / действия","Остановить / Срочная заявка / Завершить смену / Статистика и активность","Each available action opens its canonical local draft and Cancel restores the same dashboard; the statistics action expands the existing details block. No command is confirmed.","PASS","runtime-shift-current-line-readonly.json"
"360","Смена / линия / план","План / add-row draft / focus-first Back / nested Back / Close","Current assignment is opened by GET. Local row draft is discarded; browser Back unwinds row before plan, and explicit Close returns to the same line list.","PASS","runtime-shift-current-line-readonly.json"
"390","Смена","В работе / Простой / Заявки","Operational KPI controls switch the existing read models without commands or route loss.","PASS","runtime-shift-current-line-readonly.json"
"390","Смена / линия","Быстрый Простой / поля события / Отмена / быстрый Остановить / browser Back","Both compact line actions open only local drafts. Time mode, effective time, reason and comment remain local; Cancel and browser Back restore the same running line without a command.","PASS","runtime-shift-current-line-readonly.json"
"390","Смена / линия","Подробнее / Настройки и активность / Обновить","Exact line dashboard and activity are loaded by GET and refresh preserves the same line context.","PASS","runtime-shift-current-line-readonly.json"
"390","Смена / линия / слот","Действия / inner click / backdrop / Закрыть / browser Back","The occupied-slot action sheet is layered over the same dashboard. Its inner click is contained; backdrop, explicit Close and browser Back each restore the dashboard without a command.","PASS","runtime-shift-current-line-readonly.json"
"390","Смена / линия / слот","Профиль / browser Back","The employee profile is loaded through the existing GET route and Back restores the same line dashboard.","PASS","runtime-shift-current-line-readonly.json"
"390","Смена / линия / слот","Заменить / candidate inner click / ручной поиск / focus-first Back / layer Back / Назад","Slot-first replacement opens the canonical candidate picker. Manual search validates locally; Back unwinds focus and search before explicit candidate Back restores the dashboard. No candidate is chosen.","PASS","runtime-shift-current-line-readonly.json"
"390","Смена / линия / слот","Browser-only occupied-slot fixture / restore real board","One existing GET candidate was projected into one free slot only in browser memory; after the interaction family the route was removed and the real assignment board was reloaded. Backend writes remained zero.","PASS","runtime-shift-current-line-readonly.json"
"390","Смена / линия","Все действия / Зафиксировать простой / focus-first Back / layer Back","Premium action sheet closes before dashboard; downtime draft remains local and Back closes only the top layer after blur.","PASS","runtime-shift-current-line-readonly.json"
"390","Смена / линия / действия","Остановить / Срочная заявка / Завершить смену / Статистика и активность","Each available action opens its canonical local draft and Cancel restores the same dashboard; the statistics action expands the existing details block. No command is confirmed.","PASS","runtime-shift-current-line-readonly.json"
"390","Смена / линия / план","План / add-row draft / focus-first Back / nested Back / Close","Current assignment is opened by GET. Local row draft is discarded; browser Back unwinds row before plan, and explicit Close returns to the same line list.","PASS","runtime-shift-current-line-readonly.json"
"430","Смена","В работе / Простой / Заявки","Operational KPI controls switch the existing read models without commands or route loss.","PASS","runtime-shift-current-line-readonly.json"
"430","Смена / линия","Быстрый Простой / поля события / Отмена / быстрый Остановить / browser Back","Both compact line actions open only local drafts. Time mode, effective time, reason and comment remain local; Cancel and browser Back restore the same running line without a command.","PASS","runtime-shift-current-line-readonly.json"
"430","Смена / линия","Подробнее / Настройки и активность / Обновить","Exact line dashboard and activity are loaded by GET and refresh preserves the same line context.","PASS","runtime-shift-current-line-readonly.json"
"430","Смена / линия / слот","Действия / inner click / backdrop / Закрыть / browser Back","The occupied-slot action sheet is layered over the same dashboard. Its inner click is contained; backdrop, explicit Close and browser Back each restore the dashboard without a command.","PASS","runtime-shift-current-line-readonly.json"
"430","Смена / линия / слот","Профиль / browser Back","The employee profile is loaded through the existing GET route and Back restores the same line dashboard.","PASS","runtime-shift-current-line-readonly.json"
"430","Смена / линия / слот","Заменить / candidate inner click / ручной поиск / focus-first Back / layer Back / Назад","Slot-first replacement opens the canonical candidate picker. Manual search validates locally; Back unwinds focus and search before explicit candidate Back restores the dashboard. No candidate is chosen.","PASS","runtime-shift-current-line-readonly.json"
"430","Смена / линия / слот","Browser-only occupied-slot fixture / restore real board","One existing GET candidate was projected into one free slot only in browser memory; after the interaction family the route was removed and the real assignment board was reloaded. Backend writes remained zero.","PASS","runtime-shift-current-line-readonly.json"
"430","Смена / линия","Все действия / Зафиксировать простой / focus-first Back / layer Back","Premium action sheet closes before dashboard; downtime draft remains local and Back closes only the top layer after blur.","PASS","runtime-shift-current-line-readonly.json"
"430","Смена / линия / действия","Остановить / Срочная заявка / Завершить смену / Статистика и активность","Each available action opens its canonical local draft and Cancel restores the same dashboard; the statistics action expands the existing details block. No command is confirmed.","PASS","runtime-shift-current-line-readonly.json"
"430","Смена / линия / план","План / add-row draft / focus-first Back / nested Back / Close","Current assignment is opened by GET. Local row draft is discarded; browser Back unwinds row before plan, and explicit Close returns to the same line list.","PASS","runtime-shift-current-line-readonly.json"
"desktop","Смена / WORKER / линия","Подробнее / история / read-only actions","The exact current-shift detail is loaded by GET. Composition and activity remain visible while management, slot and downtime-correction actions are absent.","PASS","runtime-shift-worker-line-detail-readonly.json"
"desktop","Смена / WORKER / линия","browser Back / Закрыть","Browser Back and explicit Close each dismiss only the line detail and restore the same read-only Shift card.","PASS","runtime-shift-worker-line-detail-readonly.json"
"360","Смена / WORKER / линия","Подробнее / история / read-only actions","The exact current-shift detail is loaded by GET. Composition and activity remain visible while management, slot and downtime-correction actions are absent.","PASS","runtime-shift-worker-line-detail-readonly.json"
"360","Смена / WORKER / линия","browser Back / Закрыть","Browser Back and explicit Close each dismiss only the line detail and restore the same read-only Shift card.","PASS","runtime-shift-worker-line-detail-readonly.json"
"390","Смена / WORKER / линия","Подробнее / история / read-only actions","The exact current-shift detail is loaded by GET. Composition and activity remain visible while management, slot and downtime-correction actions are absent.","PASS","runtime-shift-worker-line-detail-readonly.json"
"390","Смена / WORKER / линия","browser Back / Закрыть","Browser Back and explicit Close each dismiss only the line detail and restore the same read-only Shift card.","PASS","runtime-shift-worker-line-detail-readonly.json"
"430","Смена / WORKER / линия","Подробнее / история / read-only actions","The exact current-shift detail is loaded by GET. Composition and activity remain visible while management, slot and downtime-correction actions are absent.","PASS","runtime-shift-worker-line-detail-readonly.json"
"430","Смена / WORKER / линия","browser Back / Закрыть","Browser Back and explicit Close each dismiss only the line detail and restore the same read-only Shift card.","PASS","runtime-shift-worker-line-detail-readonly.json"
"desktop","Смена / оперативные заявки","Открыть заявки / target / browser Back","The aggregate row opens Tasks and browser Back restores the same two-row requests view rather than the default lines view.","PASS","runtime-shift-current-request-navigation-readonly.json"
"desktop","Смена / оперативные заявки","Подробнее / target / browser Back","The exact task row opens Tasks and browser Back restores the same requests view and projected rows.","PASS","runtime-shift-current-request-navigation-readonly.json"
"360","Смена / оперативные заявки","Открыть заявки / target / browser Back","The aggregate row opens Tasks and browser Back restores the same two-row requests view rather than the default lines view.","PASS","runtime-shift-current-request-navigation-readonly.json"
"360","Смена / оперативные заявки","Подробнее / target / browser Back","The exact task row opens Tasks and browser Back restores the same requests view and projected rows.","PASS","runtime-shift-current-request-navigation-readonly.json"
"390","Смена / оперативные заявки","Открыть заявки / target / browser Back","The aggregate row opens Tasks and browser Back restores the same two-row requests view rather than the default lines view.","PASS","runtime-shift-current-request-navigation-readonly.json"
"390","Смена / оперативные заявки","Подробнее / target / browser Back","The exact task row opens Tasks and browser Back restores the same requests view and projected rows.","PASS","runtime-shift-current-request-navigation-readonly.json"
"430","Смена / оперативные заявки","Открыть заявки / target / browser Back","The aggregate row opens Tasks and browser Back restores the same two-row requests view rather than the default lines view.","PASS","runtime-shift-current-request-navigation-readonly.json"
"430","Смена / оперативные заявки","Подробнее / target / browser Back","The exact task row opens Tasks and browser Back restores the same requests view and projected rows.","PASS","runtime-shift-current-request-navigation-readonly.json"
"desktop","Смена / активный простой","Подробнее / browser Back","The projected active-downtime line opens its canonical dashboard, and one browser Back restores the same downtime row without a write.","PASS","runtime-shift-current-downtime-actions-isolated.json"
"desktop","Смена / активный простой","Вернуть в работу / browser Back / Отмена","The confirmation draft names the exact line. Browser Back and explicit Cancel each dismiss only the draft, restore the same downtime row and send no status command.","PASS","runtime-shift-current-downtime-actions-isolated.json"
"desktop","Смена / активный простой","Подтвердить / refreshed outcome","One browser-intercepted PATCH carries status WORK and expectedVersion 7. The refreshed line is RUNNING, the success message is visible, and the downtime list is empty after the dashboard closes. Backend persistence/RBAC/audit are not inferred.","PASS","runtime-shift-current-downtime-actions-isolated.json"
"360","Смена / активный простой","Подробнее / browser Back","The projected active-downtime line opens its canonical dashboard, and one browser Back restores the same downtime row without a write.","PASS","runtime-shift-current-downtime-actions-isolated.json"
"360","Смена / активный простой","Вернуть в работу / browser Back / Отмена","The confirmation draft names the exact line. Browser Back and explicit Cancel each dismiss only the draft, restore the same downtime row and send no status command.","PASS","runtime-shift-current-downtime-actions-isolated.json"
"360","Смена / активный простой","Подтвердить / refreshed outcome","One browser-intercepted PATCH carries status WORK and expectedVersion 7. The refreshed line is RUNNING, the success message is visible, and the downtime list is empty after the dashboard closes. Backend persistence/RBAC/audit are not inferred.","PASS","runtime-shift-current-downtime-actions-isolated.json"
"390","Смена / активный простой","Подробнее / browser Back","The projected active-downtime line opens its canonical dashboard, and one browser Back restores the same downtime row without a write.","PASS","runtime-shift-current-downtime-actions-isolated.json"
"390","Смена / активный простой","Вернуть в работу / browser Back / Отмена","The confirmation draft names the exact line. Browser Back and explicit Cancel each dismiss only the draft, restore the same downtime row and send no status command.","PASS","runtime-shift-current-downtime-actions-isolated.json"
"390","Смена / активный простой","Подтвердить / refreshed outcome","One browser-intercepted PATCH carries status WORK and expectedVersion 7. The refreshed line is RUNNING, the success message is visible, and the downtime list is empty after the dashboard closes. Backend persistence/RBAC/audit are not inferred.","PASS","runtime-shift-current-downtime-actions-isolated.json"
"430","Смена / активный простой","Подробнее / browser Back","The projected active-downtime line opens its canonical dashboard, and one browser Back restores the same downtime row without a write.","PASS","runtime-shift-current-downtime-actions-isolated.json"
"430","Смена / активный простой","Вернуть в работу / browser Back / Отмена","The confirmation draft names the exact line. Browser Back and explicit Cancel each dismiss only the draft, restore the same downtime row and send no status command.","PASS","runtime-shift-current-downtime-actions-isolated.json"
"430","Смена / активный простой","Подтвердить / refreshed outcome","One browser-intercepted PATCH carries status WORK and expectedVersion 7. The refreshed line is RUNNING, the success message is visible, and the downtime list is empty after the dashboard closes. Backend persistence/RBAC/audit are not inferred.","PASS","runtime-shift-current-downtime-actions-isolated.json"
"desktop","Смена / следующая / плановые линии","Открыть черновик / browser Back","The empty-state control opens the first canonical line board for NIGHT/2026-09-07, and one Back restores the same planned-lines panel without a write.","PASS","runtime-shift-future-planned-line-navigation-isolated.json"
"desktop","Смена / следующая","Плановая линия / browser Back","The main next-shift planned-line row opens the exact NIGHT plan and Back restores the row.","PASS","runtime-shift-future-planned-line-navigation-isolated.json"
"desktop","Смена / следующая / панель плановых линий","Открыть назначение / Закрыть","The panel-card action opens the same exact NIGHT plan; explicit Close restores the same card.","PASS","runtime-shift-future-planned-line-navigation-isolated.json"
"desktop","Смена / будущая","Плановая линия / browser Back","The selected future-shift row opens DAY/2026-09-08 rather than the next shift, and Back restores that future plan.","PASS","runtime-shift-future-planned-line-navigation-isolated.json"
"360","Смена / следующая / плановые линии","Открыть черновик / browser Back","The empty-state control opens the first canonical line board for NIGHT/2026-09-07, and one Back restores the same planned-lines panel without a write.","PASS","runtime-shift-future-planned-line-navigation-isolated.json"
"360","Смена / следующая","Плановая линия / browser Back","The main next-shift planned-line row opens the exact NIGHT plan and Back restores the row.","PASS","runtime-shift-future-planned-line-navigation-isolated.json"
"360","Смена / следующая / панель плановых линий","Открыть назначение / Закрыть","The panel-card action opens the same exact NIGHT plan; explicit Close restores the same card.","PASS","runtime-shift-future-planned-line-navigation-isolated.json"
"360","Смена / будущая","Плановая линия / browser Back","The selected future-shift row opens DAY/2026-09-08 rather than the next shift, and Back restores that future plan.","PASS","runtime-shift-future-planned-line-navigation-isolated.json"
"390","Смена / следующая / плановые линии","Открыть черновик / browser Back","The empty-state control opens the first canonical line board for NIGHT/2026-09-07, and one Back restores the same planned-lines panel without a write.","PASS","runtime-shift-future-planned-line-navigation-isolated.json"
"390","Смена / следующая","Плановая линия / browser Back","The main next-shift planned-line row opens the exact NIGHT plan and Back restores the row.","PASS","runtime-shift-future-planned-line-navigation-isolated.json"
"390","Смена / следующая / панель плановых линий","Открыть назначение / Закрыть","The panel-card action opens the same exact NIGHT plan; explicit Close restores the same card.","PASS","runtime-shift-future-planned-line-navigation-isolated.json"
"390","Смена / будущая","Плановая линия / browser Back","The selected future-shift row opens DAY/2026-09-08 rather than the next shift, and Back restores that future plan.","PASS","runtime-shift-future-planned-line-navigation-isolated.json"
"430","Смена / следующая / плановые линии","Открыть черновик / browser Back","The empty-state control opens the first canonical line board for NIGHT/2026-09-07, and one Back restores the same planned-lines panel without a write.","PASS","runtime-shift-future-planned-line-navigation-isolated.json"
"430","Смена / следующая","Плановая линия / browser Back","The main next-shift planned-line row opens the exact NIGHT plan and Back restores the row.","PASS","runtime-shift-future-planned-line-navigation-isolated.json"
"430","Смена / следующая / панель плановых линий","Открыть назначение / Закрыть","The panel-card action opens the same exact NIGHT plan; explicit Close restores the same card.","PASS","runtime-shift-future-planned-line-navigation-isolated.json"
"430","Смена / будущая","Плановая линия / browser Back","The selected future-shift row opens DAY/2026-09-08 rather than the next shift, and Back restores that future plan.","PASS","runtime-shift-future-planned-line-navigation-isolated.json"
"desktop","Смена / сотрудник","Причина возврата / Запросить возврат","Empty submit shows the Russian validation without a request; one exact intercepted reason hides the action only after refreshed /shift/me reports a pending request.","PASS","runtime-shift-worker-self-actions-isolated.json"
"desktop","Смена / следующая / сотрудник","Комментарий / Я буду / Отменить","One exact mark refreshes the self state to active; empty cancellation is blocked locally; one exact cancellation refreshes it back to no mark on desktop/360/390/430.","PASS","runtime-shift-worker-self-actions-isolated.json"
"360","Смена / сотрудник","Причина возврата / Запросить возврат","Empty submit shows the Russian validation without a request; one exact intercepted reason hides the action only after refreshed /shift/me reports a pending request.","PASS","runtime-shift-worker-self-actions-isolated.json"
"360","Смена / следующая / сотрудник","Комментарий / Я буду / Отменить","One exact mark refreshes the self state to active; empty cancellation is blocked locally; one exact cancellation refreshes it back to no mark on desktop/360/390/430.","PASS","runtime-shift-worker-self-actions-isolated.json"
"390","Смена / сотрудник","Причина возврата / Запросить возврат","Empty submit shows the Russian validation without a request; one exact intercepted reason hides the action only after refreshed /shift/me reports a pending request.","PASS","runtime-shift-worker-self-actions-isolated.json"
"390","Смена / следующая / сотрудник","Комментарий / Я буду / Отменить","One exact mark refreshes the self state to active; empty cancellation is blocked locally; one exact cancellation refreshes it back to no mark on desktop/360/390/430.","PASS","runtime-shift-worker-self-actions-isolated.json"
"430","Смена / сотрудник","Причина возврата / Запросить возврат","Empty submit shows the Russian validation without a request; one exact intercepted reason hides the action only after refreshed /shift/me reports a pending request.","PASS","runtime-shift-worker-self-actions-isolated.json"
"430","Смена / следующая / сотрудник","Комментарий / Я буду / Отменить","One exact mark refreshes the self state to active; empty cancellation is blocked locally; one exact cancellation refreshes it back to no mark on desktop/360/390/430.","PASS","runtime-shift-worker-self-actions-isolated.json"
"desktop","Смена / старший подрядчика / текущая смена","Прибыл / Не прибыл / Добавить как замену","Three separate exact company-pool commands refresh only their intended rows to arrived, absent and replacement-arrived states.","PASS","runtime-shift-contractor-lead-actions-isolated.json"
"desktop","Смена / старший подрядчика / следующая смена","Чекбокс / Выбрать всех / Снять всех / Приведу","Local selection controls converge to two explicit users; one exact plan command uses NIGHT/2026-09-07, clears selection and shows the refreshed saved plan.","PASS","runtime-shift-contractor-lead-actions-isolated.json"
"360","Смена / старший подрядчика / текущая смена","Прибыл / Не прибыл / Добавить как замену","Three separate exact company-pool commands refresh only their intended rows to arrived, absent and replacement-arrived states.","PASS","runtime-shift-contractor-lead-actions-isolated.json"
"360","Смена / старший подрядчика / следующая смена","Чекбокс / Выбрать всех / Снять всех / Приведу","Local selection controls converge to two explicit users; one exact plan command uses NIGHT/2026-09-07, clears selection and shows the refreshed saved plan.","PASS","runtime-shift-contractor-lead-actions-isolated.json"
"390","Смена / старший подрядчика / текущая смена","Прибыл / Не прибыл / Добавить как замену","Three separate exact company-pool commands refresh only their intended rows to arrived, absent and replacement-arrived states.","PASS","runtime-shift-contractor-lead-actions-isolated.json"
"390","Смена / старший подрядчика / следующая смена","Чекбокс / Выбрать всех / Снять всех / Приведу","Local selection controls converge to two explicit users; one exact plan command uses NIGHT/2026-09-07, clears selection and shows the refreshed saved plan.","PASS","runtime-shift-contractor-lead-actions-isolated.json"
"430","Смена / старший подрядчика / текущая смена","Прибыл / Не прибыл / Добавить как замену","Three separate exact company-pool commands refresh only their intended rows to arrived, absent and replacement-arrived states.","PASS","runtime-shift-contractor-lead-actions-isolated.json"
"430","Смена / старший подрядчика / следующая смена","Чекбокс / Выбрать всех / Снять всех / Приведу","Local selection controls converge to two explicit users; one exact plan command uses NIGHT/2026-09-07, clears selection and shows the refreshed saved plan.","PASS","runtime-shift-contractor-lead-actions-isolated.json"
"desktop","Смена / линия / свободный слот","Назначить / свободный сотрудник / refreshed slot","A free candidate command carries the exact slot and canonical UUID, closes the picker and refreshes only that browser-memory slot.","PASS","runtime-shift-current-slot-assignment-isolated.json"
"desktop","Смена / линия / перестановка","Переставить / Отмена / Подтвердить перестановку / refreshed slot","Cancel sends no command; the second explicit confirmation carries the source assignment and refreshes the intended slot without a backend write.","PASS","runtime-shift-current-slot-assignment-isolated.json"
"desktop","Смена / линия / потребность","Уменьшить / увеличить / ввод / Отмена / Сохранить потребность","Stepper and input remain local until save. Cancel sends no request; save performs one preview and one patch, then the refreshed board renders the third slot.","PASS","runtime-shift-current-slot-assignment-isolated.json"
"360","Смена / линия / свободный слот","Назначить / свободный сотрудник / refreshed slot","A free candidate command carries the exact slot and canonical UUID, closes the picker and refreshes only that browser-memory slot.","PASS","runtime-shift-current-slot-assignment-isolated.json"
"360","Смена / линия / перестановка","Переставить / Отмена / Подтвердить перестановку / refreshed slot","Cancel sends no command; the second explicit confirmation carries the source assignment and refreshes the intended slot without a backend write.","PASS","runtime-shift-current-slot-assignment-isolated.json"
"360","Смена / линия / потребность","Уменьшить / увеличить / ввод / Отмена / Сохранить потребность","Stepper and input remain local until save. Cancel sends no request; save performs one preview and one patch, then the refreshed board renders the third slot.","PASS","runtime-shift-current-slot-assignment-isolated.json"
"390","Смена / линия / свободный слот","Назначить / свободный сотрудник / refreshed slot","A free candidate command carries the exact slot and canonical UUID, closes the picker and refreshes only that browser-memory slot.","PASS","runtime-shift-current-slot-assignment-isolated.json"
"390","Смена / линия / перестановка","Переставить / Отмена / Подтвердить перестановку / refreshed slot","Cancel sends no command; the second explicit confirmation carries the source assignment and refreshes the intended slot without a backend write.","PASS","runtime-shift-current-slot-assignment-isolated.json"
"390","Смена / линия / потребность","Уменьшить / увеличить / ввод / Отмена / Сохранить потребность","Stepper and input remain local until save. Cancel sends no request; save performs one preview and one patch, then the refreshed board renders the third slot.","PASS","runtime-shift-current-slot-assignment-isolated.json"
"430","Смена / линия / свободный слот","Назначить / свободный сотрудник / refreshed slot","A free candidate command carries the exact slot and canonical UUID, closes the picker and refreshes only that browser-memory slot.","PASS","runtime-shift-current-slot-assignment-isolated.json"
"430","Смена / линия / перестановка","Переставить / Отмена / Подтвердить перестановку / refreshed slot","Cancel sends no command; the second explicit confirmation carries the source assignment and refreshes the intended slot without a backend write.","PASS","runtime-shift-current-slot-assignment-isolated.json"
"430","Смена / линия / потребность","Уменьшить / увеличить / ввод / Отмена / Сохранить потребность","Stepper and input remain local until save. Cancel sends no request; save performs one preview and one patch, then the refreshed board renders the third slot.","PASS","runtime-shift-current-slot-assignment-isolated.json"
"desktop","Смена / рабочая зона / доска","Открыть / Выбрать сотрудника / inner click / Назад / Закрыть","The exact work-area board and candidate layer open; inner clicks stay contained, explicit Back restores the board and explicit Close restores the Shift card.","PASS","runtime-shift-current-work-area-assignment-isolated.json"
"desktop","Смена / рабочая зона / назначение","Назначить / Переставить / Отмена / Подтвердить / refreshed slots","A free and a movable worker reach exact slots; Cancel sends no command and confirmation carries the source assignment.","PASS","runtime-shift-current-work-area-assignment-isolated.json"
"desktop","Смена / рабочая зона / потребность","Изменить / stepper / input / Отмена / Сохранить","Local requirement controls discard without a request; exact preview and patch refresh the third slot.","PASS","runtime-shift-current-work-area-assignment-isolated.json"
"desktop","Смена / рабочая зона / слот","Действия / backdrop","The occupied-slot action sheet opens and backdrop closes only that upper layer while preserving the board.","PASS","runtime-shift-current-work-area-assignment-isolated.json"
"360","Смена / рабочая зона / доска","Открыть / Выбрать сотрудника / inner click / Назад / Закрыть","The exact work-area board and candidate layer open; inner clicks stay contained, explicit Back restores the board and explicit Close restores the Shift card.","PASS","runtime-shift-current-work-area-assignment-isolated.json"
"360","Смена / рабочая зона / назначение","Назначить / Переставить / Отмена / Подтвердить / refreshed slots","A free and a movable worker reach exact slots; Cancel sends no command and confirmation carries the source assignment.","PASS","runtime-shift-current-work-area-assignment-isolated.json"
"360","Смена / рабочая зона / потребность","Изменить / stepper / input / Отмена / Сохранить","Local requirement controls discard without a request; exact preview and patch refresh the third slot.","PASS","runtime-shift-current-work-area-assignment-isolated.json"
"360","Смена / рабочая зона / слот","Действия / backdrop","The occupied-slot action sheet opens and backdrop closes only that upper layer while preserving the board.","PASS","runtime-shift-current-work-area-assignment-isolated.json"
"390","Смена / рабочая зона / доска","Открыть / Выбрать сотрудника / inner click / Назад / Закрыть","The exact work-area board and candidate layer open; inner clicks stay contained, explicit Back restores the board and explicit Close restores the Shift card.","PASS","runtime-shift-current-work-area-assignment-isolated.json"
"390","Смена / рабочая зона / назначение","Назначить / Переставить / Отмена / Подтвердить / refreshed slots","A free and a movable worker reach exact slots; Cancel sends no command and confirmation carries the source assignment.","PASS","runtime-shift-current-work-area-assignment-isolated.json"
"390","Смена / рабочая зона / потребность","Изменить / stepper / input / Отмена / Сохранить","Local requirement controls discard without a request; exact preview and patch refresh the third slot.","PASS","runtime-shift-current-work-area-assignment-isolated.json"
"390","Смена / рабочая зона / слот","Действия / backdrop","The occupied-slot action sheet opens and backdrop closes only that upper layer while preserving the board.","PASS","runtime-shift-current-work-area-assignment-isolated.json"
"430","Смена / рабочая зона / доска","Открыть / Выбрать сотрудника / inner click / Назад / Закрыть","The exact work-area board and candidate layer open; inner clicks stay contained, explicit Back restores the board and explicit Close restores the Shift card.","PASS","runtime-shift-current-work-area-assignment-isolated.json"
"430","Смена / рабочая зона / назначение","Назначить / Переставить / Отмена / Подтвердить / refreshed slots","A free and a movable worker reach exact slots; Cancel sends no command and confirmation carries the source assignment.","PASS","runtime-shift-current-work-area-assignment-isolated.json"
"430","Смена / рабочая зона / потребность","Изменить / stepper / input / Отмена / Сохранить","Local requirement controls discard without a request; exact preview and patch refresh the third slot.","PASS","runtime-shift-current-work-area-assignment-isolated.json"
"430","Смена / рабочая зона / слот","Действия / backdrop","The occupied-slot action sheet opens and backdrop closes only that upper layer while preserving the board.","PASS","runtime-shift-current-work-area-assignment-isolated.json"
"desktop","Смена / будущая / назначение / линия","Выбрать слот линии / browser Back","The selected person reaches the exact planned-line board; browser Back closes that board and restores the future planning panel.","PASS","runtime-shift-future-nonline-assignment-isolated.json"
"desktop","Смена / будущая / назначение / мойка","Запланировать / refreshed assignment / Освободить","One exact WASH command refreshes the selected-person plan; the scoped current-plan release removes only that browser-memory assignment.","PASS","runtime-shift-future-nonline-assignment-isolated.json"
"desktop","Смена / будущая / назначение / рабочая зона","Назначить / inner click / backdrop / Отмена / Подтвердить","Work-area assignment confirmation preserves the parent board, backdrop and Cancel send no command, and confirm carries the exact source assignment and UUID.","PASS","runtime-shift-future-nonline-assignment-isolated.json"
"desktop","Смена / будущая / назначение / занятый слот","Профиль / browser Back / Заменить / Освободить","Profile Back restores the occupied slot; replace names the displaced assignment and release clears only the refreshed browser-memory slot.","PASS","runtime-shift-future-nonline-assignment-isolated.json"
"desktop","Смена / будущая / назначение / свободный слот","Назначить / refreshed slot","After release, the same selected person is assigned directly to the exact free slot and the refreshed board shows that outcome.","PASS","runtime-shift-future-nonline-assignment-isolated.json"
"360","Смена / будущая / назначение / линия","Выбрать слот линии / browser Back","The selected person reaches the exact planned-line board; browser Back closes that board and restores the future planning panel.","PASS","runtime-shift-future-nonline-assignment-isolated.json"
"360","Смена / будущая / назначение / мойка","Запланировать / refreshed assignment / Освободить","One exact WASH command refreshes the selected-person plan; the scoped current-plan release removes only that browser-memory assignment.","PASS","runtime-shift-future-nonline-assignment-isolated.json"
"360","Смена / будущая / назначение / рабочая зона","Назначить / inner click / backdrop / Отмена / Подтвердить","Work-area assignment confirmation preserves the parent board, backdrop and Cancel send no command, and confirm carries the exact source assignment and UUID.","PASS","runtime-shift-future-nonline-assignment-isolated.json"
"360","Смена / будущая / назначение / занятый слот","Профиль / browser Back / Заменить / Освободить","Profile Back restores the occupied slot; replace names the displaced assignment and release clears only the refreshed browser-memory slot.","PASS","runtime-shift-future-nonline-assignment-isolated.json"
"360","Смена / будущая / назначение / свободный слот","Назначить / refreshed slot","After release, the same selected person is assigned directly to the exact free slot and the refreshed board shows that outcome.","PASS","runtime-shift-future-nonline-assignment-isolated.json"
"390","Смена / будущая / назначение / линия","Выбрать слот линии / browser Back","The selected person reaches the exact planned-line board; browser Back closes that board and restores the future planning panel.","PASS","runtime-shift-future-nonline-assignment-isolated.json"
"390","Смена / будущая / назначение / мойка","Запланировать / refreshed assignment / Освободить","One exact WASH command refreshes the selected-person plan; the scoped current-plan release removes only that browser-memory assignment.","PASS","runtime-shift-future-nonline-assignment-isolated.json"
"390","Смена / будущая / назначение / рабочая зона","Назначить / inner click / backdrop / Отмена / Подтвердить","Work-area assignment confirmation preserves the parent board, backdrop and Cancel send no command, and confirm carries the exact source assignment and UUID.","PASS","runtime-shift-future-nonline-assignment-isolated.json"
"390","Смена / будущая / назначение / занятый слот","Профиль / browser Back / Заменить / Освободить","Profile Back restores the occupied slot; replace names the displaced assignment and release clears only the refreshed browser-memory slot.","PASS","runtime-shift-future-nonline-assignment-isolated.json"
"390","Смена / будущая / назначение / свободный слот","Назначить / refreshed slot","After release, the same selected person is assigned directly to the exact free slot and the refreshed board shows that outcome.","PASS","runtime-shift-future-nonline-assignment-isolated.json"
"430","Смена / будущая / назначение / линия","Выбрать слот линии / browser Back","The selected person reaches the exact planned-line board; browser Back closes that board and restores the future planning panel.","PASS","runtime-shift-future-nonline-assignment-isolated.json"
"430","Смена / будущая / назначение / мойка","Запланировать / refreshed assignment / Освободить","One exact WASH command refreshes the selected-person plan; the scoped current-plan release removes only that browser-memory assignment.","PASS","runtime-shift-future-nonline-assignment-isolated.json"
"430","Смена / будущая / назначение / рабочая зона","Назначить / inner click / backdrop / Отмена / Подтвердить","Work-area assignment confirmation preserves the parent board, backdrop and Cancel send no command, and confirm carries the exact source assignment and UUID.","PASS","runtime-shift-future-nonline-assignment-isolated.json"
"430","Смена / будущая / назначение / занятый слот","Профиль / browser Back / Заменить / Освободить","Profile Back restores the occupied slot; replace names the displaced assignment and release clears only the refreshed browser-memory slot.","PASS","runtime-shift-future-nonline-assignment-isolated.json"
"430","Смена / будущая / назначение / свободный слот","Назначить / refreshed slot","After release, the same selected person is assigned directly to the exact free slot and the refreshed board shows that outcome.","PASS","runtime-shift-future-nonline-assignment-isolated.json"
"desktop","Смена / запуск линии / выбор","Запустить новую линию / inner click / backdrop / Назад","The exact start picker opens with stopped and inactive lines. Inner click preserves it; backdrop and explicit Back each close only the picker, restore Shift and send no command.","PASS","runtime-shift-current-start-line-picker-isolated.json"
"desktop","Смена / запуск остановленной линии","Вернуть / browser Back / Отмена","The stopped-line choice opens the exact return-to-work draft. Browser Back and Cancel each discard it and restore Shift without a status command.","PASS","runtime-shift-current-start-line-picker-isolated.json"
"desktop","Смена / запуск неактивной линии","Запустить / browser Back / Отмена / selected template","The inactive-line choice opens its activation draft with the configured default staffing template. Browser Back and Cancel each discard it and restore Shift without creating shift state.","PASS","runtime-shift-current-start-line-picker-isolated.json"
"360","Смена / запуск линии / выбор","Запустить новую линию / inner click / backdrop / Назад","The exact start picker opens with stopped and inactive lines. Inner click preserves it; backdrop and explicit Back each close only the picker, restore Shift and send no command.","PASS","runtime-shift-current-start-line-picker-isolated.json"
"360","Смена / запуск остановленной линии","Вернуть / browser Back / Отмена","The stopped-line choice opens the exact return-to-work draft. Browser Back and Cancel each discard it and restore Shift without a status command.","PASS","runtime-shift-current-start-line-picker-isolated.json"
"360","Смена / запуск неактивной линии","Запустить / browser Back / Отмена / selected template","The inactive-line choice opens its activation draft with the configured default staffing template. Browser Back and Cancel each discard it and restore Shift without creating shift state.","PASS","runtime-shift-current-start-line-picker-isolated.json"
"390","Смена / запуск линии / выбор","Запустить новую линию / inner click / backdrop / Назад","The exact start picker opens with stopped and inactive lines. Inner click preserves it; backdrop and explicit Back each close only the picker, restore Shift and send no command.","PASS","runtime-shift-current-start-line-picker-isolated.json"
"390","Смена / запуск остановленной линии","Вернуть / browser Back / Отмена","The stopped-line choice opens the exact return-to-work draft. Browser Back and Cancel each discard it and restore Shift without a status command.","PASS","runtime-shift-current-start-line-picker-isolated.json"
"390","Смена / запуск неактивной линии","Запустить / browser Back / Отмена / selected template","The inactive-line choice opens its activation draft with the configured default staffing template. Browser Back and Cancel each discard it and restore Shift without creating shift state.","PASS","runtime-shift-current-start-line-picker-isolated.json"
"430","Смена / запуск линии / выбор","Запустить новую линию / inner click / backdrop / Назад","The exact start picker opens with stopped and inactive lines. Inner click preserves it; backdrop and explicit Back each close only the picker, restore Shift and send no command.","PASS","runtime-shift-current-start-line-picker-isolated.json"
"430","Смена / запуск остановленной линии","Вернуть / browser Back / Отмена","The stopped-line choice opens the exact return-to-work draft. Browser Back and Cancel each discard it and restore Shift without a status command.","PASS","runtime-shift-current-start-line-picker-isolated.json"
"430","Смена / запуск неактивной линии","Запустить / browser Back / Отмена / selected template","The inactive-line choice opens its activation draft with the configured default staffing template. Browser Back and Cancel each discard it and restore Shift without creating shift state.","PASS","runtime-shift-current-start-line-picker-isolated.json"
"desktop","Смена / назначение / работающая линия","Выбрать линию / line slot Back / picker Back","The exact working-line option opens the selected-person slot board. Its Back restores the line picker, whose Back restores the same target sheet; no assignment command is sent.","PASS","runtime-shift-current-person-target-pickers-isolated.json"
"desktop","Смена / назначение / рабочая зона","picker inner click / backdrop / Назад / Выбрать / board browser Back","With two browser-memory work areas, inner click stays contained; backdrop and explicit Back restore the target sheet; choosing the exact area opens its slot board and browser Back restores the target sheet without assignment.","PASS","runtime-shift-current-person-target-pickers-isolated.json"
"360","Смена / назначение / работающая линия","Выбрать линию / line slot Back / picker Back","The exact working-line option opens the selected-person slot board. Its Back restores the line picker, whose Back restores the same target sheet; no assignment command is sent.","PASS","runtime-shift-current-person-target-pickers-isolated.json"
"360","Смена / назначение / рабочая зона","picker inner click / backdrop / Назад / Выбрать / board browser Back","With two browser-memory work areas, inner click stays contained; backdrop and explicit Back restore the target sheet; choosing the exact area opens its slot board and browser Back restores the target sheet without assignment.","PASS","runtime-shift-current-person-target-pickers-isolated.json"
"390","Смена / назначение / работающая линия","Выбрать линию / line slot Back / picker Back","The exact working-line option opens the selected-person slot board. Its Back restores the line picker, whose Back restores the same target sheet; no assignment command is sent.","PASS","runtime-shift-current-person-target-pickers-isolated.json"
"390","Смена / назначение / рабочая зона","picker inner click / backdrop / Назад / Выбрать / board browser Back","With two browser-memory work areas, inner click stays contained; backdrop and explicit Back restore the target sheet; choosing the exact area opens its slot board and browser Back restores the target sheet without assignment.","PASS","runtime-shift-current-person-target-pickers-isolated.json"
"430","Смена / назначение / работающая линия","Выбрать линию / line slot Back / picker Back","The exact working-line option opens the selected-person slot board. Its Back restores the line picker, whose Back restores the same target sheet; no assignment command is sent.","PASS","runtime-shift-current-person-target-pickers-isolated.json"
"430","Смена / назначение / рабочая зона","picker inner click / backdrop / Назад / Выбрать / board browser Back","With two browser-memory work areas, inner click stays contained; backdrop and explicit Back restore the target sheet; choosing the exact area opens its slot board and browser Back restores the target sheet without assignment.","PASS","runtime-shift-current-person-target-pickers-isolated.json"
"desktop","Смена / занятый слот / переназначение","Переназначить / точный сотрудник / browser Back","The occupied-slot person is resolved from the browser-memory workforce read model; Reassign opens the canonical target sheet and browser Back restores the exact line list without a command.","PASS","runtime-shift-current-occupied-slot-actions-isolated.json"
"desktop","Смена / занятый слот / домой","Домой / empty validation / focus-first Back / layer Back / Подтвердить","Empty submit is blocked, the required comment survives focus Back, layer Back cancels with no request, and a fresh exact submit sends one target user/comment command before the browser-memory read model shows HOME.","PASS","runtime-shift-current-occupied-slot-actions-isolated.json"
"desktop","Смена / занятый слот / освобождение","Освободить / exact UUID command / refreshed available person","One release command carries the exact target and canonical operation UUID; the browser-memory read model removes the slot assignment and opens the available-people sheet on that same person. At maximum sheet scroll the skill legend remains above the sticky footer (overlap 0.0 px).","PASS","runtime-shift-current-occupied-slot-actions-isolated.json"
"360","Смена / занятый слот / переназначение","Переназначить / точный сотрудник / browser Back","The occupied-slot person is resolved from the browser-memory workforce read model; Reassign opens the canonical target sheet and browser Back restores the exact line list without a command.","PASS","runtime-shift-current-occupied-slot-actions-isolated.json"
"360","Смена / занятый слот / домой","Домой / empty validation / focus-first Back / layer Back / Подтвердить","Empty submit is blocked, the required comment survives focus Back, layer Back cancels with no request, and a fresh exact submit sends one target user/comment command before the browser-memory read model shows HOME.","PASS","runtime-shift-current-occupied-slot-actions-isolated.json"
"360","Смена / занятый слот / освобождение","Освободить / exact UUID command / refreshed available person","One release command carries the exact target and canonical operation UUID; the browser-memory read model removes the slot assignment and opens the available-people sheet on that same person. At maximum sheet scroll the skill legend remains above the sticky footer (overlap 0.0 px).","PASS","runtime-shift-current-occupied-slot-actions-isolated.json"
"390","Смена / занятый слот / переназначение","Переназначить / точный сотрудник / browser Back","The occupied-slot person is resolved from the browser-memory workforce read model; Reassign opens the canonical target sheet and browser Back restores the exact line list without a command.","PASS","runtime-shift-current-occupied-slot-actions-isolated.json"
"390","Смена / занятый слот / домой","Домой / empty validation / focus-first Back / layer Back / Подтвердить","Empty submit is blocked, the required comment survives focus Back, layer Back cancels with no request, and a fresh exact submit sends one target user/comment command before the browser-memory read model shows HOME.","PASS","runtime-shift-current-occupied-slot-actions-isolated.json"
"390","Смена / занятый слот / освобождение","Освободить / exact UUID command / refreshed available person","One release command carries the exact target and canonical operation UUID; the browser-memory read model removes the slot assignment and opens the available-people sheet on that same person. At maximum sheet scroll the skill legend remains above the sticky footer (overlap 0.0 px).","PASS","runtime-shift-current-occupied-slot-actions-isolated.json"
"430","Смена / занятый слот / переназначение","Переназначить / точный сотрудник / browser Back","The occupied-slot person is resolved from the browser-memory workforce read model; Reassign opens the canonical target sheet and browser Back restores the exact line list without a command.","PASS","runtime-shift-current-occupied-slot-actions-isolated.json"
"430","Смена / занятый слот / домой","Домой / empty validation / focus-first Back / layer Back / Подтвердить","Empty submit is blocked, the required comment survives focus Back, layer Back cancels with no request, and a fresh exact submit sends one target user/comment command before the browser-memory read model shows HOME.","PASS","runtime-shift-current-occupied-slot-actions-isolated.json"
"430","Смена / занятый слот / освобождение","Освободить / exact UUID command / refreshed available person","One release command carries the exact target and canonical operation UUID; the browser-memory read model removes the slot assignment and opens the available-people sheet on that same person. At maximum sheet scroll the skill legend remains above the sticky footer (overlap 0.0 px).","PASS","runtime-shift-current-occupied-slot-actions-isolated.json"
"desktop","Смена / линия / мойка","Открыть мойку / Все действия → Открыть мойку / layered browser Back","Both current-line WASH entry points open the canonical Wash screen with the exact pending session id. Layered Back returns to the same Shift line and no command is sent.","PASS","runtime-shift-current-line-state-navigation-isolated.json"
"desktop","Смена / линия / оттайка","Открыть оттайку / Все действия → Открыть оттайку / browser Back","Both current-line DEFROST entry points open the canonical Defrost screen. Browser Back restores the same Shift line and no command is sent.","PASS","runtime-shift-current-line-state-navigation-isolated.json"
"desktop","Смена / линия / остановлена","Вернуть в работу / Все действия → Вернуть в работу / browser Back / Отмена","The direct and action-sheet STOPPED controls open the same line-specific return draft. Back and Cancel restore the dashboard without a status command.","PASS","runtime-shift-current-line-state-navigation-isolated.json"
"desktop","Смена / линия / работает","Зафиксировать простой / Отмена","The direct RUNNING control opens the canonical downtime draft with event fields, and Cancel restores the dashboard without a command.","PASS","runtime-shift-current-line-state-navigation-isolated.json"
"desktop","Смена / линия / dashboard / план","План / browser Back / Закрыть","Dashboard Plan issues the exact line GET, renders its current NIGHT assignment, and both browser Back and explicit Close restore the same dashboard.","PASS","runtime-shift-current-line-state-navigation-isolated.json"
"360","Смена / линия / мойка","Открыть мойку / Все действия → Открыть мойку / layered browser Back","Both current-line WASH entry points open the canonical Wash screen with the exact pending session id. Layered Back returns to the same Shift line and no command is sent.","PASS","runtime-shift-current-line-state-navigation-isolated.json"
"360","Смена / линия / оттайка","Открыть оттайку / Все действия → Открыть оттайку / browser Back","Both current-line DEFROST entry points open the canonical Defrost screen. Browser Back restores the same Shift line and no command is sent.","PASS","runtime-shift-current-line-state-navigation-isolated.json"
"360","Смена / линия / остановлена","Вернуть в работу / Все действия → Вернуть в работу / browser Back / Отмена","The direct and action-sheet STOPPED controls open the same line-specific return draft. Back and Cancel restore the dashboard without a status command.","PASS","runtime-shift-current-line-state-navigation-isolated.json"
"360","Смена / линия / работает","Зафиксировать простой / Отмена","The direct RUNNING control opens the canonical downtime draft with event fields, and Cancel restores the dashboard without a command.","PASS","runtime-shift-current-line-state-navigation-isolated.json"
"360","Смена / линия / dashboard / план","План / browser Back / Закрыть","Dashboard Plan issues the exact line GET, renders its current NIGHT assignment, and both browser Back and explicit Close restore the same dashboard.","PASS","runtime-shift-current-line-state-navigation-isolated.json"
"390","Смена / линия / мойка","Открыть мойку / Все действия → Открыть мойку / layered browser Back","Both current-line WASH entry points open the canonical Wash screen with the exact pending session id. Layered Back returns to the same Shift line and no command is sent.","PASS","runtime-shift-current-line-state-navigation-isolated.json"
"390","Смена / линия / оттайка","Открыть оттайку / Все действия → Открыть оттайку / browser Back","Both current-line DEFROST entry points open the canonical Defrost screen. Browser Back restores the same Shift line and no command is sent.","PASS","runtime-shift-current-line-state-navigation-isolated.json"
"390","Смена / линия / остановлена","Вернуть в работу / Все действия → Вернуть в работу / browser Back / Отмена","The direct and action-sheet STOPPED controls open the same line-specific return draft. Back and Cancel restore the dashboard without a status command.","PASS","runtime-shift-current-line-state-navigation-isolated.json"
"390","Смена / линия / работает","Зафиксировать простой / Отмена","The direct RUNNING control opens the canonical downtime draft with event fields, and Cancel restores the dashboard without a command.","PASS","runtime-shift-current-line-state-navigation-isolated.json"
"390","Смена / линия / dashboard / план","План / browser Back / Закрыть","Dashboard Plan issues the exact line GET, renders its current NIGHT assignment, and both browser Back and explicit Close restore the same dashboard.","PASS","runtime-shift-current-line-state-navigation-isolated.json"
"430","Смена / линия / мойка","Открыть мойку / Все действия → Открыть мойку / layered browser Back","Both current-line WASH entry points open the canonical Wash screen with the exact pending session id. Layered Back returns to the same Shift line and no command is sent.","PASS","runtime-shift-current-line-state-navigation-isolated.json"
"430","Смена / линия / оттайка","Открыть оттайку / Все действия → Открыть оттайку / browser Back","Both current-line DEFROST entry points open the canonical Defrost screen. Browser Back restores the same Shift line and no command is sent.","PASS","runtime-shift-current-line-state-navigation-isolated.json"
"430","Смена / линия / остановлена","Вернуть в работу / Все действия → Вернуть в работу / browser Back / Отмена","The direct and action-sheet STOPPED controls open the same line-specific return draft. Back and Cancel restore the dashboard without a status command.","PASS","runtime-shift-current-line-state-navigation-isolated.json"
"430","Смена / линия / работает","Зафиксировать простой / Отмена","The direct RUNNING control opens the canonical downtime draft with event fields, and Cancel restores the dashboard without a command.","PASS","runtime-shift-current-line-state-navigation-isolated.json"
"430","Смена / линия / dashboard / план","План / browser Back / Закрыть","Dashboard Plan issues the exact line GET, renders its current NIGHT assignment, and both browser Back and explicit Close restore the same dashboard.","PASS","runtime-shift-current-line-state-navigation-isolated.json"
"desktop","Смена / будущий план / линия","Добавить линию / строка линии / browser Back","The exact line-picker row opens the canonical NIGHT planning board. Nested assignment detail and profiles close first and restore that same board.","PASS","runtime-shift-future-planning-board-actions-isolated.json"
"desktop","Смена / будущий план / ручной поиск","Назначить не отметившегося / Закрыть / Вернуться / browser Back","All three local dismiss paths restore the same planning board and clear the search layer without a command.","PASS","runtime-shift-future-planning-board-actions-isolated.json"
"desktop","Смена / будущий план / шаблон","Шаблон / inner click / backdrop / browser Back / Отмена / Применить шаблон","Four exact preview requests are read-only projections; each close path preserves the board, and one intercepted apply refreshes the selected template with the original operation id.","PASS","runtime-shift-future-planning-board-actions-isolated.json"
"desktop","Смена / будущий план / занятый слот","Профиль / Заменить / Переназначить / подтверждение / Освободить","The occupied-slot profile returns to its parent. Replacement carries exact source/replaced ids, and release clears only that refreshed browser-memory assignment.","PASS","runtime-shift-future-planning-board-actions-isolated.json"
"desktop","Смена / будущий план / свободный слот","Выбрать слот / Профиль / Выбрать / Назначить / refreshed outcome","The free candidate profile returns to the selected slot; exact assignment updates only the intended browser-memory slot.","PASS","runtime-shift-future-planning-board-actions-isolated.json"
"360","Смена / будущий план / линия","Добавить линию / строка линии / browser Back","The exact line-picker row opens the canonical NIGHT planning board. Nested assignment detail and profiles close first and restore that same board.","PASS","runtime-shift-future-planning-board-actions-isolated.json"
"360","Смена / будущий план / ручной поиск","Назначить не отметившегося / Закрыть / Вернуться / browser Back","All three local dismiss paths restore the same planning board and clear the search layer without a command.","PASS","runtime-shift-future-planning-board-actions-isolated.json"
"360","Смена / будущий план / шаблон","Шаблон / inner click / backdrop / browser Back / Отмена / Применить шаблон","Four exact preview requests are read-only projections; each close path preserves the board, and one intercepted apply refreshes the selected template with the original operation id.","PASS","runtime-shift-future-planning-board-actions-isolated.json"
"360","Смена / будущий план / занятый слот","Профиль / Заменить / Переназначить / подтверждение / Освободить","The occupied-slot profile returns to its parent. Replacement carries exact source/replaced ids, and release clears only that refreshed browser-memory assignment.","PASS","runtime-shift-future-planning-board-actions-isolated.json"
"360","Смена / будущий план / свободный слот","Выбрать слот / Профиль / Выбрать / Назначить / refreshed outcome","The free candidate profile returns to the selected slot; exact assignment updates only the intended browser-memory slot.","PASS","runtime-shift-future-planning-board-actions-isolated.json"
"390","Смена / будущий план / линия","Добавить линию / строка линии / browser Back","The exact line-picker row opens the canonical NIGHT planning board. Nested assignment detail and profiles close first and restore that same board.","PASS","runtime-shift-future-planning-board-actions-isolated.json"
"390","Смена / будущий план / ручной поиск","Назначить не отметившегося / Закрыть / Вернуться / browser Back","All three local dismiss paths restore the same planning board and clear the search layer without a command.","PASS","runtime-shift-future-planning-board-actions-isolated.json"
"390","Смена / будущий план / шаблон","Шаблон / inner click / backdrop / browser Back / Отмена / Применить шаблон","Four exact preview requests are read-only projections; each close path preserves the board, and one intercepted apply refreshes the selected template with the original operation id.","PASS","runtime-shift-future-planning-board-actions-isolated.json"
"390","Смена / будущий план / занятый слот","Профиль / Заменить / Переназначить / подтверждение / Освободить","The occupied-slot profile returns to its parent. Replacement carries exact source/replaced ids, and release clears only that refreshed browser-memory assignment.","PASS","runtime-shift-future-planning-board-actions-isolated.json"
"390","Смена / будущий план / свободный слот","Выбрать слот / Профиль / Выбрать / Назначить / refreshed outcome","The free candidate profile returns to the selected slot; exact assignment updates only the intended browser-memory slot.","PASS","runtime-shift-future-planning-board-actions-isolated.json"
"430","Смена / будущий план / линия","Добавить линию / строка линии / browser Back","The exact line-picker row opens the canonical NIGHT planning board. Nested assignment detail and profiles close first and restore that same board.","PASS","runtime-shift-future-planning-board-actions-isolated.json"
"430","Смена / будущий план / ручной поиск","Назначить не отметившегося / Закрыть / Вернуться / browser Back","All three local dismiss paths restore the same planning board and clear the search layer without a command.","PASS","runtime-shift-future-planning-board-actions-isolated.json"
"430","Смена / будущий план / шаблон","Шаблон / inner click / backdrop / browser Back / Отмена / Применить шаблон","Four exact preview requests are read-only projections; each close path preserves the board, and one intercepted apply refreshes the selected template with the original operation id.","PASS","runtime-shift-future-planning-board-actions-isolated.json"
"430","Смена / будущий план / занятый слот","Профиль / Заменить / Переназначить / подтверждение / Освободить","The occupied-slot profile returns to its parent. Replacement carries exact source/replaced ids, and release clears only that refreshed browser-memory assignment.","PASS","runtime-shift-future-planning-board-actions-isolated.json"
"430","Смена / будущий план / свободный слот","Выбрать слот / Профиль / Выбрать / Назначить / refreshed outcome","The free candidate profile returns to the selected slot; exact assignment updates only the intended browser-memory slot.","PASS","runtime-shift-future-planning-board-actions-isolated.json"
"desktop","Смена / текущая линия / шаблон","Активный шаблон / предпросмотр / Отмена","The exact current template selection performs one browser-intercepted preview, shows the intended template and Cancel restores the same dashboard without applying it.","PASS","runtime-shift-current-line-plan-correction-and-drafts-isolated.json"
"desktop","Смена / текущая линия / уточнение простоя","Начало / окончание / комментарий / browser Back / Отмена / Сохранить","Back and Cancel send no correction. One exact factory-local payload updates the refreshed browser-memory event and remains visible.","PASS","runtime-shift-current-line-plan-correction-and-drafts-isolated.json"
"desktop","Смена / текущее задание","Обновить / Изменить / Отмена / Сохранить / Удалить","Refresh retains the exact row. Back and Cancel do not write; one PATCH updates it and one DELETE removes it in the refreshed browser-memory read model.","PASS","runtime-shift-current-line-plan-correction-and-drafts-isolated.json"
"desktop","Смена / линия / локальные черновики","Заявка из простоя / отдел / Начать мойку / browser Back / Отмена","Both action-sheet entries open the line-specific draft. Department selection is retained in the task draft; Back and Cancel restore the dashboard without task or wash mutation.","PASS","runtime-shift-current-line-plan-correction-and-drafts-isolated.json"
"360","Смена / текущая линия / шаблон","Активный шаблон / предпросмотр / Отмена","The exact current template selection performs one browser-intercepted preview, shows the intended template and Cancel restores the same dashboard without applying it.","PASS","runtime-shift-current-line-plan-correction-and-drafts-isolated.json"
"360","Смена / текущая линия / уточнение простоя","Начало / окончание / комментарий / browser Back / Отмена / Сохранить","Back and Cancel send no correction. One exact factory-local payload updates the refreshed browser-memory event and remains visible.","PASS","runtime-shift-current-line-plan-correction-and-drafts-isolated.json"
"360","Смена / текущее задание","Обновить / Изменить / Отмена / Сохранить / Удалить","Refresh retains the exact row. Back and Cancel do not write; one PATCH updates it and one DELETE removes it in the refreshed browser-memory read model.","PASS","runtime-shift-current-line-plan-correction-and-drafts-isolated.json"
"360","Смена / линия / локальные черновики","Заявка из простоя / отдел / Начать мойку / browser Back / Отмена","Both action-sheet entries open the line-specific draft. Department selection is retained in the task draft; Back and Cancel restore the dashboard without task or wash mutation.","PASS","runtime-shift-current-line-plan-correction-and-drafts-isolated.json"
"390","Смена / текущая линия / шаблон","Активный шаблон / предпросмотр / Отмена","The exact current template selection performs one browser-intercepted preview, shows the intended template and Cancel restores the same dashboard without applying it.","PASS","runtime-shift-current-line-plan-correction-and-drafts-isolated.json"
"390","Смена / текущая линия / уточнение простоя","Начало / окончание / комментарий / browser Back / Отмена / Сохранить","Back and Cancel send no correction. One exact factory-local payload updates the refreshed browser-memory event and remains visible.","PASS","runtime-shift-current-line-plan-correction-and-drafts-isolated.json"
"390","Смена / текущее задание","Обновить / Изменить / Отмена / Сохранить / Удалить","Refresh retains the exact row. Back and Cancel do not write; one PATCH updates it and one DELETE removes it in the refreshed browser-memory read model.","PASS","runtime-shift-current-line-plan-correction-and-drafts-isolated.json"
"390","Смена / линия / локальные черновики","Заявка из простоя / отдел / Начать мойку / browser Back / Отмена","Both action-sheet entries open the line-specific draft. Department selection is retained in the task draft; Back and Cancel restore the dashboard without task or wash mutation.","PASS","runtime-shift-current-line-plan-correction-and-drafts-isolated.json"
"430","Смена / текущая линия / шаблон","Активный шаблон / предпросмотр / Отмена","The exact current template selection performs one browser-intercepted preview, shows the intended template and Cancel restores the same dashboard without applying it.","PASS","runtime-shift-current-line-plan-correction-and-drafts-isolated.json"
"430","Смена / текущая линия / уточнение простоя","Начало / окончание / комментарий / browser Back / Отмена / Сохранить","Back and Cancel send no correction. One exact factory-local payload updates the refreshed browser-memory event and remains visible.","PASS","runtime-shift-current-line-plan-correction-and-drafts-isolated.json"
"430","Смена / текущее задание","Обновить / Изменить / Отмена / Сохранить / Удалить","Refresh retains the exact row. Back and Cancel do not write; one PATCH updates it and one DELETE removes it in the refreshed browser-memory read model.","PASS","runtime-shift-current-line-plan-correction-and-drafts-isolated.json"
"430","Смена / линия / локальные черновики","Заявка из простоя / отдел / Начать мойку / browser Back / Отмена","Both action-sheet entries open the line-specific draft. Department selection is retained in the task draft; Back and Cancel restore the dashboard without task or wash mutation.","PASS","runtime-shift-current-line-plan-correction-and-drafts-isolated.json"
"desktop","Смена / назначение / прямой слот","Назначить","The person-first free-slot command carries the exact line, position, slot and canonical UUID, then refreshes the browser-memory slot with the intended employee.","PASS","runtime-shift-current-person-direct-assignment-and-wash-select-isolated.json"
"desktop","Смена / назначение / активная мойка","Активная мойка / browser Back / Отмена","The exact second active wash can be selected. Browser Back and Cancel each restore the same assignment-target sheet without a wash command.","PASS","runtime-shift-current-person-direct-assignment-and-wash-select-isolated.json"
"360","Смена / назначение / прямой слот","Назначить","The person-first free-slot command carries the exact line, position, slot and canonical UUID, then refreshes the browser-memory slot with the intended employee.","PASS","runtime-shift-current-person-direct-assignment-and-wash-select-isolated.json"
"360","Смена / назначение / активная мойка","Активная мойка / browser Back / Отмена","The exact second active wash can be selected. Browser Back and Cancel each restore the same assignment-target sheet without a wash command.","PASS","runtime-shift-current-person-direct-assignment-and-wash-select-isolated.json"
"390","Смена / назначение / прямой слот","Назначить","The person-first free-slot command carries the exact line, position, slot and canonical UUID, then refreshes the browser-memory slot with the intended employee.","PASS","runtime-shift-current-person-direct-assignment-and-wash-select-isolated.json"
"390","Смена / назначение / активная мойка","Активная мойка / browser Back / Отмена","The exact second active wash can be selected. Browser Back and Cancel each restore the same assignment-target sheet without a wash command.","PASS","runtime-shift-current-person-direct-assignment-and-wash-select-isolated.json"
"430","Смена / назначение / прямой слот","Назначить","The person-first free-slot command carries the exact line, position, slot and canonical UUID, then refreshes the browser-memory slot with the intended employee.","PASS","runtime-shift-current-person-direct-assignment-and-wash-select-isolated.json"
"430","Смена / назначение / активная мойка","Активная мойка / browser Back / Отмена","The exact second active wash can be selected. Browser Back and Cancel each restore the same assignment-target sheet without a wash command.","PASS","runtime-shift-current-person-direct-assignment-and-wash-select-isolated.json"
"desktop","Смена / сотрудник","Имя сотрудника / профиль / browser Back","The exact non-manager person-name control loaded the browser-memory profile and browser Back restored the same current-shift card without a command.","PASS","runtime-shift-readonly-profile-and-history-choice-isolated.json"
"desktop","История смен / один день","День / Ночь / browser Back / Назад к календарю","A date with two browser-memory shifts rendered both exact choice controls. Each loaded the intended key; browser Back and explicit Back restored the same date choice without mutation.","PASS","runtime-shift-readonly-profile-and-history-choice-isolated.json"
"360","Смена / сотрудник","Имя сотрудника / профиль / browser Back","The exact non-manager person-name control loaded the browser-memory profile and browser Back restored the same current-shift card without a command.","PASS","runtime-shift-readonly-profile-and-history-choice-isolated.json"
"360","История смен / один день","День / Ночь / browser Back / Назад к календарю","A date with two browser-memory shifts rendered both exact choice controls. Each loaded the intended key; browser Back and explicit Back restored the same date choice without mutation.","PASS","runtime-shift-readonly-profile-and-history-choice-isolated.json"
"390","Смена / сотрудник","Имя сотрудника / профиль / browser Back","The exact non-manager person-name control loaded the browser-memory profile and browser Back restored the same current-shift card without a command.","PASS","runtime-shift-readonly-profile-and-history-choice-isolated.json"
"390","История смен / один день","День / Ночь / browser Back / Назад к календарю","A date with two browser-memory shifts rendered both exact choice controls. Each loaded the intended key; browser Back and explicit Back restored the same date choice without mutation.","PASS","runtime-shift-readonly-profile-and-history-choice-isolated.json"
"430","Смена / сотрудник","Имя сотрудника / профиль / browser Back","The exact non-manager person-name control loaded the browser-memory profile and browser Back restored the same current-shift card without a command.","PASS","runtime-shift-readonly-profile-and-history-choice-isolated.json"
"430","История смен / один день","День / Ночь / browser Back / Назад к календарю","A date with two browser-memory shifts rendered both exact choice controls. Each loaded the intended key; browser Back and explicit Back restored the same date choice without mutation.","PASS","runtime-shift-readonly-profile-and-history-choice-isolated.json"
"desktop","Смена / предыдущая передача","Открыть / browser Back / Закрыть","Each open loaded the exact previous handover and intercepted its read receipt. Browser Back and explicit Close each removed only the handover layer and restored the current shift.","PASS","runtime-shift-handover-and-template-selector-isolated.json"
"desktop","Смена / передача / оперативный хвост","Комментарий / Обновить / Открыть","Refresh reloaded the browser-memory summary without losing the local comment. The exact task item closed the upper layer and navigated to Tasks without submitting the handover.","PASS","runtime-shift-handover-and-template-selector-isolated.json"
"desktop","Смена / передача / сохранение","Передать следующей смене / Закрыть","Exactly one intercepted handover POST carried the trimmed comment. The returned immutable snapshot replaced the draft, and Close restored Shift without a second submit.","PASS","runtime-shift-handover-and-template-selector-isolated.json"
"desktop","Смена / запуск линии","Шаблон состава / Без шаблона / browser Back","The exact activation selector changed from the configured default to no template. Browser Back discarded the draft and restored Shift without a line command.","PASS","runtime-shift-handover-and-template-selector-isolated.json"
"360","Смена / предыдущая передача","Открыть / browser Back / Закрыть","Each open loaded the exact previous handover and intercepted its read receipt. Browser Back and explicit Close each removed only the handover layer and restored the current shift.","PASS","runtime-shift-handover-and-template-selector-isolated.json"
"360","Смена / передача / оперативный хвост","Комментарий / Обновить / Открыть","Refresh reloaded the browser-memory summary without losing the local comment. The exact task item closed the upper layer and navigated to Tasks without submitting the handover.","PASS","runtime-shift-handover-and-template-selector-isolated.json"
"360","Смена / передача / сохранение","Передать следующей смене / Закрыть","Exactly one intercepted handover POST carried the trimmed comment. The returned immutable snapshot replaced the draft, and Close restored Shift without a second submit.","PASS","runtime-shift-handover-and-template-selector-isolated.json"
"360","Смена / запуск линии","Шаблон состава / Без шаблона / browser Back","The exact activation selector changed from the configured default to no template. Browser Back discarded the draft and restored Shift without a line command.","PASS","runtime-shift-handover-and-template-selector-isolated.json"
"390","Смена / предыдущая передача","Открыть / browser Back / Закрыть","Each open loaded the exact previous handover and intercepted its read receipt. Browser Back and explicit Close each removed only the handover layer and restored the current shift.","PASS","runtime-shift-handover-and-template-selector-isolated.json"
"390","Смена / передача / оперативный хвост","Комментарий / Обновить / Открыть","Refresh reloaded the browser-memory summary without losing the local comment. The exact task item closed the upper layer and navigated to Tasks without submitting the handover.","PASS","runtime-shift-handover-and-template-selector-isolated.json"
"390","Смена / передача / сохранение","Передать следующей смене / Закрыть","Exactly one intercepted handover POST carried the trimmed comment. The returned immutable snapshot replaced the draft, and Close restored Shift without a second submit.","PASS","runtime-shift-handover-and-template-selector-isolated.json"
"390","Смена / запуск линии","Шаблон состава / Без шаблона / browser Back","The exact activation selector changed from the configured default to no template. Browser Back discarded the draft and restored Shift without a line command.","PASS","runtime-shift-handover-and-template-selector-isolated.json"
"430","Смена / предыдущая передача","Открыть / browser Back / Закрыть","Each open loaded the exact previous handover and intercepted its read receipt. Browser Back and explicit Close each removed only the handover layer and restored the current shift.","PASS","runtime-shift-handover-and-template-selector-isolated.json"
"430","Смена / передача / оперативный хвост","Комментарий / Обновить / Открыть","Refresh reloaded the browser-memory summary without losing the local comment. The exact task item closed the upper layer and navigated to Tasks without submitting the handover.","PASS","runtime-shift-handover-and-template-selector-isolated.json"
"430","Смена / передача / сохранение","Передать следующей смене / Закрыть","Exactly one intercepted handover POST carried the trimmed comment. The returned immutable snapshot replaced the draft, and Close restored Shift without a second submit.","PASS","runtime-shift-handover-and-template-selector-isolated.json"
"430","Смена / запуск линии","Шаблон состава / Без шаблона / browser Back","The exact activation selector changed from the configured default to no template. Browser Back discarded the draft and restored Shift without a line command.","PASS","runtime-shift-handover-and-template-selector-isolated.json"
"desktop","Shell / обновление PWA","Обновить","The conditional update banner rendered, the exact control posted {type: SKIP_WAITING}, became disabled with applying feedback, and the scheduled reload restored the authenticated application. Physical install/update behavior remains pending on a real device.","PASS","runtime-pwa-update-control-isolated.json"
"360","Shell / обновление PWA","Обновить","The conditional update banner rendered, the exact control posted {type: SKIP_WAITING}, became disabled with applying feedback, and the scheduled reload restored the authenticated application. Physical install/update behavior remains pending on a real device.","PASS","runtime-pwa-update-control-isolated.json"
"390","Shell / обновление PWA","Обновить","The conditional update banner rendered, the exact control posted {type: SKIP_WAITING}, became disabled with applying feedback, and the scheduled reload restored the authenticated application. Physical install/update behavior remains pending on a real device.","PASS","runtime-pwa-update-control-isolated.json"
"430","Shell / обновление PWA","Обновить","The conditional update banner rendered, the exact control posted {type: SKIP_WAITING}, became disabled with applying feedback, and the scheduled reload restored the authenticated application. Physical install/update behavior remains pending on a real device.","PASS","runtime-pwa-update-control-isolated.json"
"desktop","Гость / заявка назначения","Открыть / option / comment / focus Back / layer Back / recovery / Отмена","Canonical option и comment менялись только локально; disabled/enabled submit проверен, session draft восстановился после reopen, POST не выполнялся.","PASS","runtime-guest-assignment-request-readonly.json"
"360","Гость / заявка назначения","Открыть / option / comment / focus Back / layer Back / recovery / Отмена","Canonical option и comment менялись только локально; disabled/enabled submit проверен, session draft восстановился после reopen, POST не выполнялся.","PASS","runtime-guest-assignment-request-readonly.json"
"390","Гость / заявка назначения","Открыть / option / comment / focus Back / layer Back / recovery / Отмена","Canonical option и comment менялись только локально; disabled/enabled submit проверен, session draft восстановился после reopen, POST не выполнялся.","PASS","runtime-guest-assignment-request-readonly.json"
"430","Гость / заявка назначения","Открыть / option / comment / focus Back / layer Back / recovery / Отмена","Canonical option и comment менялись только локально; disabled/enabled submit проверен, session draft восстановился после reopen, POST не выполнялся.","PASS","runtime-guest-assignment-request-readonly.json"
"desktop","Пересменка / архив / изолированный компонент","Карточка -> browser Back / Закрыть окно","Архив закрывается до списка; запись и /read не отправляются. Live API pending.","PASS_COMPONENT_ONLY","docs/full-ui-interaction-sweep/review-pack/20260912-036-component-1789232421552/runtime.json"
"360","Пересменка / архив / изолированный компонент","Карточка -> browser Back / Закрыть окно","Архив закрывается до списка; запись и /read не отправляются. Live API pending.","PASS_COMPONENT_ONLY","docs/full-ui-interaction-sweep/review-pack/20260912-036-component-1789232421552/runtime.json"
"390","Пересменка / архив / изолированный компонент","Карточка -> browser Back / Закрыть окно","Архив закрывается до списка; запись и /read не отправляются. Live API pending.","PASS_COMPONENT_ONLY","docs/full-ui-interaction-sweep/review-pack/20260912-036-component-1789232421552/runtime.json"
"430","Пересменка / архив / изолированный компонент","Карточка -> browser Back / Закрыть окно","Архив закрывается до списка; запись и /read не отправляются. Live API pending.","PASS_COMPONENT_ONLY","docs/full-ui-interaction-sweep/review-pack/20260912-036-component-1789232421552/runtime.json"
