"controlId","surface","source","line","control","type","role","expected","mutation","result","evidence"
"frontend/src/App.tsx:860","Auth / shell","frontend/src/App.tsx","860","notificationsUnreadCount > 0 ? `Уведомления: ${notificationsUnreadCount}` : 'Уведомления'","button","current authorized role","() => openScreen('Notifications')","NO","PASS","frontend/e2e/full-ui-interaction-sweep.spec.ts notifications-readonly; runtime-notifications-readonly.json; topbar bell opens loaded notification feed and screen Back returns previous Shift screen; all four widths"
"frontend/src/App.tsx:898","Auth / shell","frontend/src/App.tsx","898","button:button @898","button","current authorized role","applyPwaUpdate","YES","PASS","frontend/e2e/full-ui-interaction-sweep.spec.ts pwa-update-control-isolated; runtime-pwa-update-control-isolated.json; the conditional banner rendered, the exact button posted {type: SKIP_WAITING}, entered disabled applying feedback and the scheduled reload restored the authenticated shell on desktop/360/390/430. Physical installed-PWA update behavior remains pending; all four widths"
"frontend/src/App.tsx:907","Auth / shell","frontend/src/App.tsx","907","button:button @907","button","current authorized role","() => openScreen(item.id)","NO","PASS","frontend/e2e/full-ui-interaction-sweep.spec.ts app-shell-readonly; runtime-app-shell-readonly.json; sections/settings/picker LIFO, Close/backdrop, sound/vibration restored, quick and navigation outcomes; no product writes; push/logout/factory/PWA update excluded; all four widths"
"frontend/src/App.tsx:922","Auth / shell","frontend/src/App.tsx","922","Ещё","button","current authorized role","() => { setMobileMoreOpen((value) => { const next = !value; if (next) setMobileSheetView('sections'); return next; }); }","NO","PASS","frontend/e2e/full-ui-interaction-sweep.spec.ts app-shell-readonly; runtime-app-shell-readonly.json; sections/settings/picker LIFO, Close/backdrop, sound/vibration restored, quick and navigation outcomes; no product writes; push/logout/factory/PWA update excluded; all four widths"
"frontend/src/App.tsx:963","Auth / shell","frontend/src/App.tsx","963","button:button @963","button","current authorized role","() => openScreen(item.id)","NO","PASS","frontend/e2e/full-ui-interaction-sweep.spec.ts app-shell-readonly; runtime-app-shell-readonly.json; sections/settings/picker LIFO, Close/backdrop, sound/vibration restored, quick and navigation outcomes; no product writes; push/logout/factory/PWA update excluded; all four widths"
"frontend/src/App.tsx:975","Auth / shell","frontend/src/App.tsx","975","Настройки","button","current authorized role","() => { setMobileSheetView('settings'); setMobileMoreOpen(true); }","NO","PASS","frontend/e2e/full-ui-interaction-sweep.spec.ts app-shell-readonly; runtime-app-shell-readonly.json; sections/settings/picker LIFO, Close/backdrop, sound/vibration restored, quick and navigation outcomes; no product writes; push/logout/factory/PWA update excluded; all four widths"
"frontend/src/App.tsx:989","Auth / shell","frontend/src/App.tsx","989","div @989","custom-clickable","current authorized role","() => { setMobileMoreOpen(false); setMobileSheetView('sections'); setQuickSlotPickerIndex(null); }","NO","PASS","frontend/e2e/full-ui-interaction-sweep.spec.ts app-shell-readonly; runtime-app-shell-readonly.json; sections/settings/picker LIFO, Close/backdrop, sound/vibration restored, quick and navigation outcomes; no product writes; push/logout/factory/PWA update excluded; all four widths"
"frontend/src/App.tsx:990","Auth / shell","frontend/src/App.tsx","990","mobileSheetView === 'settings' ? 'Настройки' : 'Остальные разделы'","custom-clickable","current authorized role","(event) => event.stopPropagation()","NO","PASS","frontend/e2e/full-ui-interaction-sweep.spec.ts app-shell-readonly; runtime-app-shell-readonly.json; content click stopped propagation and preserved open sections sheet; backdrop close itself NOT inferred; all four widths"
"frontend/src/App.tsx:996","Auth / shell","frontend/src/App.tsx","996","Назад","button","current authorized role","() => { if (quickSlotPickerIndex !== null) setQuickSlotPickerIndex(null); else setMobileSheetView('sections'); }","NO","PASS","frontend/e2e/full-ui-interaction-sweep.spec.ts notifications-readonly; runtime-notifications-readonly.json; settings/sections LIFO exercised by UI and history Back while parent feed remains; all four widths"
"frontend/src/App.tsx:1001","Auth / shell","frontend/src/App.tsx","1001","Закрыть","button","current authorized role","() => { setMobileMoreOpen(false); setMobileSheetView('sections'); setQuickSlotPickerIndex(null); }","YES","PASS","frontend/e2e/full-ui-interaction-sweep.spec.ts app-shell-readonly; runtime-app-shell-readonly.json; sections/settings/picker LIFO, Close/backdrop, sound/vibration restored, quick and navigation outcomes; no product writes; push/logout/factory/PWA update excluded; all four widths"
"frontend/src/App.tsx:1016","Auth / shell","frontend/src/App.tsx","1016","Сменить завод","button","current authorized role","changeFactory","NO","PASS","frontend/e2e/full-ui-interaction-sweep.spec.ts app-shell-readonly; runtime-app-shell-readonly.json; factory context cleared, auto picker Back/trigger/reopen proved, Завод 4 restored, logout reached login, same pilot ADMIN session restored on all four widths; no product API mutation before logout, only expected auth/audit restoration traces; all four widths"
"frontend/src/App.tsx:1017","Auth / shell","frontend/src/App.tsx","1017","Выйти из аккаунта","button","current authorized role","() => appStore.clearAuth()","NO","PASS","frontend/e2e/full-ui-interaction-sweep.spec.ts app-shell-readonly; runtime-app-shell-readonly.json; factory context cleared, auto picker Back/trigger/reopen proved, Завод 4 restored, logout reached login, same pilot ADMIN session restored on all four widths; no product API mutation before logout, only expected auth/audit restoration traces; all four widths"
"frontend/src/App.tsx:1031","Auth / shell","frontend/src/App.tsx","1031","Изменить","button","current authorized role","() => setQuickSlotPickerIndex(index)","NO","PASS","frontend/e2e/full-ui-interaction-sweep.spec.ts app-shell-readonly; runtime-app-shell-readonly.json; sections/settings/picker LIFO, Close/backdrop, sound/vibration restored, quick and navigation outcomes; no product writes; push/logout/factory/PWA update excluded; all four widths"
"frontend/src/App.tsx:1060","Auth / shell","frontend/src/App.tsx","1060","Звук","button","current authorized role","() => setDeviceFlag(SOUND_STORAGE_KEY, !deviceFlags.sound)","NO","PASS","frontend/e2e/full-ui-interaction-sweep.spec.ts app-shell-readonly; runtime-app-shell-readonly.json; sections/settings/picker LIFO, Close/backdrop, sound/vibration restored, quick and navigation outcomes; no product writes; push/logout/factory/PWA update excluded; all four widths"
"frontend/src/App.tsx:1063","Auth / shell","frontend/src/App.tsx","1063","Вибрация","button","current authorized role","() => setDeviceFlag(VIBRATION_STORAGE_KEY, !deviceFlags.vibration)","NO","PASS","frontend/e2e/full-ui-interaction-sweep.spec.ts app-shell-readonly; runtime-app-shell-readonly.json; sections/settings/picker LIFO, Close/backdrop, sound/vibration restored, quick and navigation outcomes; no product writes; push/logout/factory/PWA update excluded; all four widths"
"frontend/src/App.tsx:1067","Auth / shell","frontend/src/App.tsx","1067","Проверить сигнал","button","current authorized role","() => void testDeviceSignals()","NO","PASS","frontend/e2e/full-ui-interaction-sweep.spec.ts device-signal-readonly; runtime-device-signal-readonly.json; with browser-local sound and vibration disabled, the canonical action displayed its exact Russian notice and browser Back restored sections then Shift on desktop/360/390/430; no backend write; physical signal is not claimed; all four widths"
"frontend/src/App.tsx:1072","Auth / shell","frontend/src/App.tsx","1072","Отключить уведомления","button","current authorized role","() => void disableDeviceNotifications()","NO","PASS","frontend/e2e/full-ui-interaction-sweep.spec.ts device-notification-toggle-isolated; runtime-device-notification-toggle-isolated.json; exact unsubscribe POST executed once, local preference cleared and layered browser Back restored Shift on desktop/360/390/430; backend persistence/RBAC and physical delivery are not inferred; all four widths"
"frontend/src/App.tsx:1076","Auth / shell","frontend/src/App.tsx","1076","Включить уведомления","button","current authorized role","() => void enableDeviceNotifications()","NO","PASS","frontend/e2e/full-ui-interaction-sweep.spec.ts device-notification-toggle-isolated; runtime-device-notification-toggle-isolated.json; Playwright-granted browser permission enabled the local preference, canonical unavailable push status showed the fallback and no subscribe POST occurred on desktop/360/390/430; physical permission and delivery are not inferred; all four widths"
"frontend/src/App.tsx:1100","Auth / shell","frontend/src/App.tsx","1100","button:button @1100","button","current authorized role","() => openScreen(item.id)","NO","PASS","frontend/e2e/full-ui-interaction-sweep.spec.ts app-shell-readonly; runtime-app-shell-readonly.json; actual mobile-sheet destination opened, exact screen appeared and browser Back restored Shift; GET only; all four widths"
"frontend/src/App.tsx:1113","Auth / shell","frontend/src/App.tsx","1113","Настройки","button","current authorized role","() => setMobileSheetView('settings')","NO","PASS","frontend/e2e/full-ui-interaction-sweep.spec.ts notifications-readonly; runtime-notifications-readonly.json; settings/sections LIFO exercised by UI and history Back while parent feed remains; all four widths"
"frontend/src/App.tsx:1127","Auth / shell","frontend/src/App.tsx","1127","Назад","button","current authorized role","() => setQuickSlotPickerIndex(null)","NO","PASS","frontend/e2e/full-ui-interaction-sweep.spec.ts app-shell-readonly; runtime-app-shell-readonly.json; sections/settings/picker LIFO, Close/backdrop, sound/vibration restored, quick and navigation outcomes; no product writes; push/logout/factory/PWA update excluded; all four widths"
"frontend/src/App.tsx:1136","Auth / shell","frontend/src/App.tsx","1136","button:button @1136","button","current authorized role","() => { const next = mobileQuickItems.map((item) => item.id); next[quickSlotPickerIndex] = candidate.id; const unique = next.filter((id, index, list) => list.indexOf(id) === index)","NO","PASS","frontend/e2e/full-ui-interaction-sweep.spec.ts app-shell-readonly; runtime-app-shell-readonly.json; quick slot changed through picker, rendered selection proved, then original four-slot preference restored; no API write; all four widths"
"frontend/src/components/ActionModal.tsx:106","Shared / ActionModal","frontend/src/components/ActionModal.tsx","106","field.label","input","authorized role for capability","(event) => setValues((current) => ({ ...current, [field.name]: event.target.checked }))","NO","PASS","frontend/e2e/full-ui-interaction-sweep.spec.ts shared ActionModal local field state; runtime-shift-log-draft.json; checkbox and select values changed, survived dirty stay, and reset after discard/reopen; valid submit NOT claimed; all four widths"
"frontend/src/components/ActionModal.tsx:122","Shared / ActionModal","frontend/src/components/ActionModal.tsx","122","field.label","select","authorized role for capability","(event) => setValues((current) => ({ ...current, [field.name]: event.target.value }))","NO","PASS","frontend/e2e/full-ui-interaction-sweep.spec.ts shared ActionModal local field state; runtime-shift-log-draft.json; checkbox and select values changed, survived dirty stay, and reset after discard/reopen; valid submit NOT claimed; all four widths"
"frontend/src/components/ActionModal.tsx:140","Shared / ActionModal","frontend/src/components/ActionModal.tsx","140","field.label","textarea","authorized role for capability","(event) => setValues((current) => ({ ...current, [field.name]: event.target.value }))","NO","PASS","frontend/e2e/full-ui-interaction-sweep.spec.ts people-readonly; runtime-people-readonly.json; shared input/textarea dirty handling and requestCancel across skill/note/password contexts; submit NOT executed; all four widths"
"frontend/src/components/ActionModal.tsx:151","Shared / ActionModal","frontend/src/components/ActionModal.tsx","151","field.label","input","authorized role for capability","(event) => setValues((current) => ({ ...current, [field.name]: event.target.value }))","NO","PASS","frontend/e2e/full-ui-interaction-sweep.spec.ts people-readonly; runtime-people-readonly.json; shared input/textarea dirty handling and requestCancel across skill/note/password contexts; submit NOT executed; all four widths"
"frontend/src/components/ActionModal.tsx:170","Shared / ActionModal","frontend/src/components/ActionModal.tsx","170","button:button @170","button","authorized role for capability","requestCancel","NO","PASS","frontend/e2e/full-ui-interaction-sweep.spec.ts people-readonly; runtime-people-readonly.json; shared input/textarea dirty handling and requestCancel across skill/note/password contexts; submit NOT executed; all four widths"
"frontend/src/components/ActionModal.tsx:171","Shared / ActionModal","frontend/src/components/ActionModal.tsx","171","button:submit @171","button","authorized role for capability","native form interaction","YES","PASS","frontend/e2e/full-ui-interaction-sweep.spec.ts fourteen distinct ActionModal consumer lifecycles: retained Checklist, Stock, OKK, ShiftLog and Wash runtimes plus Orders edit, take/restock, create item, linked request, archive/restore and manual request/decision runtimes prove exact callbacks, controlled error/draft retention where applicable and result/reload convergence on desktop/360/390/430. Commands/read models were browser-intercepted; backend persistence/RBAC/audit/concurrency are not inferred; all four widths"
"frontend/src/components/AdminConfirmDialog.tsx:54","Shared / AdminConfirmDialog","frontend/src/components/AdminConfirmDialog.tsx","54","input @54","input","authorized role for capability","(event) => setText(event.target.value)","NO","PASS","frontend/e2e/full-ui-interaction-sweep.spec.ts admin-edit-cancel; runtime-admin-edit-cancel.json; wrong confirmation phrase remains disabled, exact ПАРОЛЬ enables action, cancel/reopen clears local field; submit NOT executed; all four widths; all four widths"
"frontend/src/components/AdminConfirmDialog.tsx:60","Shared / AdminConfirmDialog","frontend/src/components/AdminConfirmDialog.tsx","60","reasonPlaceholder","textarea","authorized role for capability","(event) => setReason(event.target.value)","NO","PASS","frontend/e2e/full-ui-interaction-sweep.spec.ts admin-preview; runtime-admin-preview.json; reason >=3 enables action, focus-first/layer Back and Cancel preserve parent preview, reopen clears local field; apply NOT executed; all four widths; all four widths"
"frontend/src/components/AdminConfirmDialog.tsx:73","Shared / AdminConfirmDialog","frontend/src/components/AdminConfirmDialog.tsx","73","Отмена","button","authorized role for capability","onCancel","NO","PASS","frontend/e2e/full-ui-interaction-sweep.spec.ts admin-layers; runtime-admin-layers.json; cancel without submission; all four widths"
"frontend/src/components/AdminConfirmDialog.tsx:74","Shared / AdminConfirmDialog","frontend/src/components/AdminConfirmDialog.tsx","74","button:button @74","button","authorized role for capability","() => onConfirm(reason.trim() || undefined)","YES","PASS","frontend/e2e/full-ui-interaction-sweep.spec.ts admin-confirm-submit-isolated; runtime-admin-confirm-submit-isolated.json; shared confirm trimmed and forwarded the exact reason plus canonical operationId, closed after the browser-intercepted PATCH and completed the normal Admin reload on desktop/360/390/430. No backend write occurred; persistence/RBAC are not inferred; all four widths"
"frontend/src/components/AppConfirmDialog.tsx:35","Shared / AppConfirmDialog","frontend/src/components/AppConfirmDialog.tsx","35","button:button @35","button","authorized role for capability","onCancel","NO","PASS","frontend/e2e/full-ui-interaction-sweep.spec.ts shared AppConfirmDialog callback forwarding; runtime-tasks-readonly.json; ActionModal consumer exercised Stay/onCancel and discard/onConfirm with preserved/cleared draft and no POST on all four widths; other consumers NOT claimed; all four widths"
"frontend/src/components/AppConfirmDialog.tsx:36","Shared / AppConfirmDialog","frontend/src/components/AppConfirmDialog.tsx","36","button:button @36","button","authorized role for capability","onConfirm","YES","PASS","frontend/e2e/full-ui-interaction-sweep.spec.ts shared AppConfirmDialog callback forwarding; runtime-tasks-readonly.json; ActionModal consumer exercised Stay/onCancel and discard/onConfirm with preserved/cleared draft and no POST on all four widths; other consumers NOT claimed; all four widths"
"frontend/src/components/AttachmentInputButton.tsx:47","Shared / AttachmentInputButton","frontend/src/components/AttachmentInputButton.tsx","47","title","button","authorized role for capability","openPicker","NO","PASS","frontend/e2e/full-ui-interaction-sweep.spec.ts report-draft; runtime-report-draft.json; real Playwright filechooser from Выбрать фото delivered local PNG into shared picker without upload; all four widths; all four widths"
"frontend/src/components/AttachmentInputButton.tsx:56","Shared / AttachmentInputButton","frontend/src/components/AttachmentInputButton.tsx","56","input:file @56","input","authorized role for capability","(event) => { const files = Array.from(event.currentTarget.files ?? []); event.currentTarget.value = ''; if (files.length) onFiles(files); }","NO","PASS","frontend/e2e/full-ui-interaction-sweep.spec.ts report-draft; runtime-report-draft.json; real Playwright filechooser from Выбрать фото delivered local PNG into shared picker without upload; all four widths; all four widths"
"frontend/src/components/AttachmentPicker.tsx:57","Shared / AttachmentPicker","frontend/src/components/AttachmentPicker.tsx","57","Добавить вложение","button","authorized role for capability","() => setActionsOpen(true)","NO","PASS","frontend/e2e/full-ui-interaction-sweep.spec.ts report-draft; runtime-report-draft.json; single trigger opens source sheet, browser Back preserves form, local PNG preview appears and Убрать clears it; no upload/submit; all four widths; all four widths"
"frontend/src/components/AttachmentPicker.tsx:109","Shared / AttachmentPicker","frontend/src/components/AttachmentPicker.tsx","109","Убрать","button","authorized role for capability","() => onChange(value.filter((_item, itemIndex) => itemIndex !== index))","NO","PASS","frontend/e2e/full-ui-interaction-sweep.spec.ts report-draft; runtime-report-draft.json; single trigger opens source sheet, browser Back preserves form, local PNG preview appears and Убрать clears it; no upload/submit; all four widths; all four widths"
"frontend/src/components/AttachmentPreviewList.tsx:180","Shared / AttachmentPreviewList","frontend/src/components/AttachmentPreviewList.tsx","180","button:button @180","button","authorized role for capability","() => void openPreview(attachment)","NO","PASS","frontend/e2e/full-ui-interaction-sweep.spec.ts attachment-loading-error-audio-readonly; runtime-attachment-loading-error-audio-readonly.json; held browser-only responses exposed canonical pending video/audio actions, completed both viewers, retried a safe 403 and restored the inline card after UI-SWEEP-061 on desktop/360/390/430. UI/browser Back closed only the viewer and no backend mutation occurred. UI-SWEEP-060 remains open because duplicate pending GETs reproduced on desktop/360; backend/RBAC is not inferred; all four widths"
"frontend/src/components/AttachmentPreviewList.tsx:206","Shared / AttachmentPreviewList","frontend/src/components/AttachmentPreviewList.tsx","206","Загрузка видео...","button","authorized role for capability","() => void openPreview(attachment)","NO","PASS","frontend/e2e/full-ui-interaction-sweep.spec.ts attachment-loading-error-audio-readonly; runtime-attachment-loading-error-audio-readonly.json; held browser-only responses exposed canonical pending video/audio actions, completed both viewers, retried a safe 403 and restored the inline card after UI-SWEEP-061 on desktop/360/390/430. UI/browser Back closed only the viewer and no backend mutation occurred. UI-SWEEP-060 remains open because duplicate pending GETs reproduced on desktop/360; backend/RBAC is not inferred; all four widths"
"frontend/src/components/AttachmentPreviewList.tsx:215","Shared / AttachmentPreviewList","frontend/src/components/AttachmentPreviewList.tsx","215","Открыть видео","button","authorized role for capability","() => void openPreview(attachment)","NO","PASS","frontend/e2e/full-ui-interaction-sweep.spec.ts attachment-inline-media-readonly; runtime-attachment-inline-media-readonly.json; canonical inline five-image gallery, valid in-memory WebM through inline Открыть видео and grid video thumbnail, plus UI/browser Back restoration passed on desktop/360/390/430. Chat/media/attachment responses were isolated browser mocks, read POST was intercepted and no backend mutation occurred. Loading/error/audio actions and backend/RBAC are not inferred; visual evidence reviewed after UI-SWEEP-059; all four widths"
"frontend/src/components/AttachmentPreviewList.tsx:232","Shared / AttachmentPreviewList","frontend/src/components/AttachmentPreviewList.tsx","232","Загрузить","button","authorized role for capability","() => void openPreview(attachment)","NO","PASS","frontend/e2e/full-ui-interaction-sweep.spec.ts attachment-loading-error-audio-readonly; runtime-attachment-loading-error-audio-readonly.json; held browser-only responses exposed canonical pending video/audio actions, completed both viewers, retried a safe 403 and restored the inline card after UI-SWEEP-061 on desktop/360/390/430. UI/browser Back closed only the viewer and no backend mutation occurred. UI-SWEEP-060 remains open because duplicate pending GETs reproduced on desktop/360; backend/RBAC is not inferred; all four widths"
"frontend/src/components/AttachmentPreviewList.tsx:250","Shared / AttachmentPreviewList","frontend/src/components/AttachmentPreviewList.tsx","250","`Открыть фото: ${attachmentDisplayName(attachment)}`","button","authorized role for capability","() => void openPreview(attachment)","NO","PASS","frontend/e2e/full-ui-interaction-sweep.spec.ts archive-file-open; runtime-archive-file-open.json; one guarded archive image opened on four widths, zoom in/out changed scale, authenticated blob link opened, UI/browser close restored parent; video/audio/gallery navigation not exercised; all four widths"
"frontend/src/components/AttachmentPreviewList.tsx:254","Shared / AttachmentPreviewList","frontend/src/components/AttachmentPreviewList.tsx","254","Видео","button","authorized role for capability","() => void openPreview(attachment)","NO","PASS","frontend/e2e/full-ui-interaction-sweep.spec.ts attachment-inline-media-readonly; runtime-attachment-inline-media-readonly.json; canonical inline five-image gallery, valid in-memory WebM through inline Открыть видео and grid video thumbnail, plus UI/browser Back restoration passed on desktop/360/390/430. Chat/media/attachment responses were isolated browser mocks, read POST was intercepted and no backend mutation occurred. Loading/error/audio actions and backend/RBAC are not inferred; visual evidence reviewed after UI-SWEEP-059; all four widths"
"frontend/src/components/AttachmentPreviewList.tsx:266","Shared / AttachmentPreviewList","frontend/src/components/AttachmentPreviewList.tsx","266","Открыть","button","authorized role for capability","() => void openPreview(attachment)","NO","PASS","frontend/e2e/full-ui-interaction-sweep.spec.ts archive-file-open; runtime-archive-file-open.json; one guarded archive image opened on four widths, zoom in/out changed scale, authenticated blob link opened, UI/browser close restored parent; video/audio/gallery navigation not exercised; all four widths"
"frontend/src/components/AttachmentPreviewList.tsx:277","Shared / AttachmentPreviewList","frontend/src/components/AttachmentPreviewList.tsx","277","`Открыть фото ${index + 1} из ${imageAttachments.length}`","button","authorized role for capability","() => void openPreview(attachment)","NO","PASS","frontend/e2e/full-ui-interaction-sweep.spec.ts attachment-inline-media-readonly; runtime-attachment-inline-media-readonly.json; canonical inline five-image gallery, valid in-memory WebM through inline Открыть видео and grid video thumbnail, plus UI/browser Back restoration passed on desktop/360/390/430. Chat/media/attachment responses were isolated browser mocks, read POST was intercepted and no backend mutation occurred. Loading/error/audio actions and backend/RBAC are not inferred; visual evidence reviewed after UI-SWEEP-059; all four widths"
"frontend/src/components/AttachmentPreviewList.tsx:316","Shared / AttachmentPreviewList","frontend/src/components/AttachmentPreviewList.tsx","316","`Открыть фото ${selectedIndex + 1} из ${imageAttachments.length}`","button","authorized role for capability","() => void openPreview(attachment)","NO","PASS","frontend/e2e/full-ui-interaction-sweep.spec.ts attachment-preview-gallery-readonly; runtime-attachment-preview-gallery-readonly.json; canonical focus preview opened two browser-only images, next/previous boundaries and exact counter changed on desktop/360/390/430, while UI/browser Back restored the announcement and no API mutation occurred. Browser mocks do not prove attachment backend/RBAC; all four widths"
"frontend/src/components/AttachmentPreviewList.tsx:358","Shared / AttachmentPreviewList","frontend/src/components/AttachmentPreviewList.tsx","358","Закрыть","button","authorized role for capability","closePreview","NO","PASS","frontend/e2e/full-ui-interaction-sweep.spec.ts archive-file-open; runtime-archive-file-open.json; one guarded archive image opened on four widths, zoom in/out changed scale, authenticated blob link opened, UI/browser close restored parent; video/audio/gallery navigation not exercised; all four widths"
"frontend/src/components/AttachmentPreviewList.tsx:376","Shared / AttachmentPreviewList","frontend/src/components/AttachmentPreviewList.tsx","376","Предыдущее фото","button","authorized role for capability","() => void moveImagePreview(-1)","NO","PASS","frontend/e2e/full-ui-interaction-sweep.spec.ts attachment-preview-gallery-readonly; runtime-attachment-preview-gallery-readonly.json; canonical focus preview opened two browser-only images, next/previous boundaries and exact counter changed on desktop/360/390/430, while UI/browser Back restored the announcement and no API mutation occurred. Browser mocks do not prove attachment backend/RBAC; all four widths"
"frontend/src/components/AttachmentPreviewList.tsx:395","Shared / AttachmentPreviewList","frontend/src/components/AttachmentPreviewList.tsx","395","Следующее фото","button","authorized role for capability","() => void moveImagePreview(1)","NO","PASS","frontend/e2e/full-ui-interaction-sweep.spec.ts attachment-preview-gallery-readonly; runtime-attachment-preview-gallery-readonly.json; canonical focus preview opened two browser-only images, next/previous boundaries and exact counter changed on desktop/360/390/430, while UI/browser Back restored the announcement and no API mutation occurred. Browser mocks do not prove attachment backend/RBAC; all four widths"
"frontend/src/components/AttachmentPreviewList.tsx:406","Shared / AttachmentPreviewList","frontend/src/components/AttachmentPreviewList.tsx","406","Уменьшить фото","button","authorized role for capability","() => setPreviewScale((current) => Math.max(1, current - 0.5))","NO","PASS","frontend/e2e/full-ui-interaction-sweep.spec.ts archive-file-open; runtime-archive-file-open.json; one guarded archive image opened on four widths, zoom in/out changed scale, authenticated blob link opened, UI/browser close restored parent; video/audio/gallery navigation not exercised; all four widths"
"frontend/src/components/AttachmentPreviewList.tsx:415","Shared / AttachmentPreviewList","frontend/src/components/AttachmentPreviewList.tsx","415","Увеличить фото","button","authorized role for capability","() => setPreviewScale((current) => Math.min(3, current + 0.5))","NO","PASS","frontend/e2e/full-ui-interaction-sweep.spec.ts archive-file-open; runtime-archive-file-open.json; one guarded archive image opened on four widths, zoom in/out changed scale, authenticated blob link opened, UI/browser close restored parent; video/audio/gallery navigation not exercised; all four widths"
"frontend/src/components/AttachmentPreviewList.tsx:436","Shared / AttachmentPreviewList","frontend/src/components/AttachmentPreviewList.tsx","436","Скачать/открыть","link","authorized role for capability","objectUrls[preview.id]","NO","PASS","frontend/e2e/full-ui-interaction-sweep.spec.ts archive-file-open; runtime-archive-file-open.json; one guarded archive image opened on four widths, zoom in/out changed scale, authenticated blob link opened, UI/browser close restored parent; video/audio/gallery navigation not exercised; all four widths"
"frontend/src/components/AttachmentUploadFeedback.tsx:35","Shared / AttachmentUploadFeedback","frontend/src/components/AttachmentUploadFeedback.tsx","35","Отменить","button","authorized role for capability","onCancel","NO","PASS","frontend/e2e/full-ui-interaction-sweep.spec.ts report-upload-feedback-readonly; runtime-report-upload-feedback-readonly.json; shared XHR held at 50%, Cancel aborted through the product AbortController, browser Back preserved the dirty cancelled state behind the canonical confirmation, and Repeat reached visible success on desktop/360/390/430. Report/upload responses were isolated browser mocks and no backend write occurred; this evidence does not claim backend/RBAC proof; all four widths"
"frontend/src/components/AttachmentUploadFeedback.tsx:36","Shared / AttachmentUploadFeedback","frontend/src/components/AttachmentUploadFeedback.tsx","36","Повторить","button","authorized role for capability","onRetry","NO","PASS","frontend/e2e/full-ui-interaction-sweep.spec.ts report-upload-feedback-readonly; runtime-report-upload-feedback-readonly.json; shared XHR held at 50%, Cancel aborted through the product AbortController, browser Back preserved the dirty cancelled state behind the canonical confirmation, and Repeat reached visible success on desktop/360/390/430. Report/upload responses were isolated browser mocks and no backend write occurred; this evidence does not claim backend/RBAC proof; all four widths"
"frontend/src/components/ChecklistItemEditor.tsx:56","Shared / ChecklistItemEditor","frontend/src/components/ChecklistItemEditor.tsx","56","input @56","input","authorized role for capability","(event) => patch({ title: event.target.value })","NO","PASS","frontend/e2e/full-ui-interaction-sweep.spec.ts checklists-readonly; runtime-checklists-readonly.json; local builder item title/description/SELECT options/NUMBER unit-range/answer-required-comment-photo-active flags saved only into unsaved template state and discarded; no API write; all four widths"
"frontend/src/components/ChecklistItemEditor.tsx:59","Shared / ChecklistItemEditor","frontend/src/components/ChecklistItemEditor.tsx","59","select @59","select","authorized role for capability","(event) => patch({ rowType: event.target.value })","NO","PASS","frontend/e2e/full-ui-interaction-sweep.spec.ts checklists-readonly; runtime-checklists-readonly.json; local builder item title/description/SELECT options/NUMBER unit-range/answer-required-comment-photo-active flags saved only into unsaved template state and discarded; no API write; all four widths"
"frontend/src/components/ChecklistItemEditor.tsx:64","Shared / ChecklistItemEditor","frontend/src/components/ChecklistItemEditor.tsx","64","Коротко объясните, что нужно проверить","textarea","authorized role for capability","(event) => patch({ description: event.target.value })","NO","PASS","frontend/e2e/full-ui-interaction-sweep.spec.ts checklists-readonly; runtime-checklists-readonly.json; local builder item title/description/SELECT options/NUMBER unit-range/answer-required-comment-photo-active flags saved only into unsaved template state and discarded; no API write; all four widths"
"frontend/src/components/ChecklistItemEditor.tsx:70","Shared / ChecklistItemEditor","frontend/src/components/ChecklistItemEditor.tsx","70","select @70","select","authorized role for capability","(event) => patch({ unit: event.target.value })","NO","PASS","frontend/e2e/full-ui-interaction-sweep.spec.ts checklists-readonly; runtime-checklists-readonly.json; local builder item title/description/SELECT options/NUMBER unit-range/answer-required-comment-photo-active flags saved only into unsaved template state and discarded; no API write; all four widths"
"frontend/src/components/ChecklistItemEditor.tsx:75","Shared / ChecklistItemEditor","frontend/src/components/ChecklistItemEditor.tsx","75","input:number @75","input","authorized role for capability","(event) => patch({ minValue: event.target.value })","NO","PASS","frontend/e2e/full-ui-interaction-sweep.spec.ts checklists-readonly; runtime-checklists-readonly.json; local builder item title/description/SELECT options/NUMBER unit-range/answer-required-comment-photo-active flags saved only into unsaved template state and discarded; no API write; all four widths"
"frontend/src/components/ChecklistItemEditor.tsx:78","Shared / ChecklistItemEditor","frontend/src/components/ChecklistItemEditor.tsx","78","input:number @78","input","authorized role for capability","(event) => patch({ maxValue: event.target.value })","NO","PASS","frontend/e2e/full-ui-interaction-sweep.spec.ts checklists-readonly; runtime-checklists-readonly.json; local builder item title/description/SELECT options/NUMBER unit-range/answer-required-comment-photo-active flags saved only into unsaved template state and discarded; no API write; all four widths"
"frontend/src/components/ChecklistItemEditor.tsx:81","Shared / ChecklistItemEditor","frontend/src/components/ChecklistItemEditor.tsx","81","input:number @81","input","authorized role for capability","(event) => patch({ targetValue: event.target.value })","NO","PASS","frontend/e2e/full-ui-interaction-sweep.spec.ts checklists-readonly; runtime-checklists-readonly.json; local builder item title/description/SELECT options/NUMBER unit-range/answer-required-comment-photo-active flags saved only into unsaved template state and discarded; no API write; all four widths"
"frontend/src/components/ChecklistItemEditor.tsx:88","Shared / ChecklistItemEditor","frontend/src/components/ChecklistItemEditor.tsx","88","Каждый вариант с новой строки","textarea","authorized role for capability","(event) => patch({ optionsText: event.target.value })","NO","PASS","frontend/e2e/full-ui-interaction-sweep.spec.ts checklists-readonly; runtime-checklists-readonly.json; local builder item title/description/SELECT options/NUMBER unit-range/answer-required-comment-photo-active flags saved only into unsaved template state and discarded; no API write; all four widths"
"frontend/src/components/ChecklistItemEditor.tsx:95","Shared / ChecklistItemEditor","frontend/src/components/ChecklistItemEditor.tsx","95","input:checkbox @95","input","authorized role for capability","(event) => patch({ requiredAnswer: event.target.checked })","NO","PASS","frontend/e2e/full-ui-interaction-sweep.spec.ts checklists-readonly; runtime-checklists-readonly.json; local builder item title/description/SELECT options/NUMBER unit-range/answer-required-comment-photo-active flags saved only into unsaved template state and discarded; no API write; all four widths"
"frontend/src/components/ChecklistItemEditor.tsx:100","Shared / ChecklistItemEditor","frontend/src/components/ChecklistItemEditor.tsx","100","input:checkbox @100","input","authorized role for capability","(event) => patch({ isRequired: event.target.checked })","NO","PASS","frontend/e2e/full-ui-interaction-sweep.spec.ts checklists-readonly; runtime-checklists-readonly.json; local builder item title/description/SELECT options/NUMBER unit-range/answer-required-comment-photo-active flags saved only into unsaved template state and discarded; no API write; all four widths"
"frontend/src/components/ChecklistItemEditor.tsx:105","Shared / ChecklistItemEditor","frontend/src/components/ChecklistItemEditor.tsx","105","input:checkbox @105","input","authorized role for capability","(event) => patch({ requiresComment: event.target.checked })","NO","PASS","frontend/e2e/full-ui-interaction-sweep.spec.ts checklists-readonly; runtime-checklists-readonly.json; local builder item title/description/SELECT options/NUMBER unit-range/answer-required-comment-photo-active flags saved only into unsaved template state and discarded; no API write; all four widths"
"frontend/src/components/ChecklistItemEditor.tsx:111","Shared / ChecklistItemEditor","frontend/src/components/ChecklistItemEditor.tsx","111","input:checkbox @111","input","authorized role for capability","(event) => patch({ requiresPhoto: event.target.checked })","NO","PASS","frontend/e2e/full-ui-interaction-sweep.spec.ts checklists-readonly; runtime-checklists-readonly.json; local builder item title/description/SELECT options/NUMBER unit-range/answer-required-comment-photo-active flags saved only into unsaved template state and discarded; no API write; all four widths"
"frontend/src/components/ChecklistItemEditor.tsx:117","Shared / ChecklistItemEditor","frontend/src/components/ChecklistItemEditor.tsx","117","input:checkbox @117","input","authorized role for capability","(event) => patch({ isActive: event.target.checked })","NO","PASS","frontend/e2e/full-ui-interaction-sweep.spec.ts checklists-readonly; runtime-checklists-readonly.json; local builder item title/description/SELECT options/NUMBER unit-range/answer-required-comment-photo-active flags saved only into unsaved template state and discarded; no API write; all four widths"
"frontend/src/components/CommentBox.tsx:34","Shared / CommentBox","frontend/src/components/CommentBox.tsx","34","placeholder","textarea","authorized role for capability","(event) => setMessage(event.target.value)","NO","PASS","frontend/e2e/full-ui-interaction-sweep.spec.ts tasks-readonly; runtime-tasks-readonly.json; shared comment textarea retains draft through focus-first Back and closes only on layer Back; send/upload NOT executed; all four widths; all four widths"
"frontend/src/components/CommentBox.tsx:37","Shared / CommentBox","frontend/src/components/CommentBox.tsx","37","Отправить","button","authorized role for capability","native form interaction","YES","PASS","frontend/e2e/full-ui-interaction-sweep.spec.ts task-comment-submit-isolated; runtime-task-comment-submit-isolated.json; shared submit disabled/enabled state, trimmed POST payload, reload-flow result, repeated detail open and browser Back on desktop/360/390/430. The comment POST and following detail were browser-intercepted; no backend write occurred and backend persistence/RBAC are not inferred; all four widths"
"frontend/src/components/CompactPeoplePicker.tsx:67","Shared / CompactPeoplePicker","frontend/src/components/CompactPeoplePicker.tsx","67","Минимум 2 буквы или 4 цифры","input","authorized role for capability","(event) => onQueryChange(event.target.value)","NO","PASS","frontend/e2e/full-ui-interaction-sweep.spec.ts admin-layers; runtime-admin-layers.json; shared picker in delegation context; all four widths"
"frontend/src/components/CompactPeoplePicker.tsx:90","Shared / CompactPeoplePicker","frontend/src/components/CompactPeoplePicker.tsx","90","button:button @90","button","authorized role for capability","() => onSelect(item)","NO","PASS","frontend/e2e/full-ui-interaction-sweep.spec.ts admin-layers; runtime-admin-layers.json; shared picker in delegation context; all four widths"
"frontend/src/components/GuestAssignmentRequestCard.tsx:141","Shared / GuestAssignmentRequestCard","frontend/src/components/GuestAssignmentRequestCard.tsx","141","Выберите назначение","select","authorized role for capability","(event) => setAssignmentOptionId(event.target.value)","YES","PASS","frontend/e2e/full-ui-interaction-sweep.spec.ts guest-assignment-request-readonly; runtime-guest-assignment-request-readonly.json; canonical option/comment draft, focus-first and layer Back, session recovery, explicit Cancel and geometry containment; no POST; all four widths"
"frontend/src/components/GuestAssignmentRequestCard.tsx:151","Shared / GuestAssignmentRequestCard","frontend/src/components/GuestAssignmentRequestCard.tsx","151","Коротко уточните, куда вас назначить","textarea","authorized role for capability","(event) => setComment(event.target.value)","YES","PASS","frontend/e2e/full-ui-interaction-sweep.spec.ts guest-assignment-request-readonly; runtime-guest-assignment-request-readonly.json; canonical option/comment draft, focus-first and layer Back, session recovery, explicit Cancel and geometry containment; no POST; all four widths"
"frontend/src/components/GuestAssignmentRequestCard.tsx:154","Shared / GuestAssignmentRequestCard","frontend/src/components/GuestAssignmentRequestCard.tsx","154","Отмена","button","authorized role for capability","() => setExpanded(false)","NO","PASS","frontend/e2e/full-ui-interaction-sweep.spec.ts guest-assignment-request-readonly; runtime-guest-assignment-request-readonly.json; canonical option/comment draft, focus-first and layer Back, session recovery, explicit Cancel and geometry containment; no POST; all four widths"
"frontend/src/components/GuestAssignmentRequestCard.tsx:155","Shared / GuestAssignmentRequestCard","frontend/src/components/GuestAssignmentRequestCard.tsx","155","button:button @155","button","authorized role for capability","() => void submit()","YES","PASS","frontend/e2e/full-ui-interaction-sweep.spec.ts guest-assignment-request-submit-isolated; runtime-guest-assignment-request-submit-isolated.json; exact assignment option, trimmed comment and canonical prefixed operationId reached the browser-intercepted POST once, then pending state hid duplicate submission and survived normal reload on desktop/360/390/430. No backend write occurred; persistence/RBAC/Admin review are not inferred; all four widths"
"frontend/src/components/GuestAssignmentRequestCard.tsx:163","Shared / GuestAssignmentRequestCard","frontend/src/components/GuestAssignmentRequestCard.tsx","163","Подать заявку на назначение","button","authorized role for capability","() => setExpanded(true)","YES","PASS","frontend/e2e/full-ui-interaction-sweep.spec.ts guest-assignment-request-readonly; runtime-guest-assignment-request-readonly.json; canonical option/comment draft, focus-first and layer Back, session recovery, explicit Cancel and geometry containment; no POST; all four widths"
"frontend/src/components/HelpTooltip.tsx:42","Shared / HelpTooltip","frontend/src/components/HelpTooltip.tsx","42","`Подсказка: ${title}`","button","authorized role for capability","(event) => { event.preventDefault(); event.stopPropagation(); setOpen((value) => !value); }","NO","PASS","frontend/e2e/full-ui-interaction-sweep.spec.ts shared-help-tooltip-readonly + touch; runtime-shared-help-tooltip-readonly.json and runtime-shared-help-tooltip-touch.json; desktop hover/toggle/outside/Escape plus hasTouch tap/outside; no writes; physical Android NOT claimed; all four widths"
"frontend/src/components/PeopleSearchPanel.tsx:109","Shared / PeopleSearchPanel","frontend/src/components/PeopleSearchPanel.tsx","109","Поиск: фамилия, имя или телефон","input","authorized role for capability","(event) => onChange(event.target.value)","NO","PASS","frontend/e2e/full-ui-interaction-sweep.spec.ts people-readonly; runtime-people-readonly.json; q+PEOPLE_DIRECTORY GET, exact result profile, retained query and clear hint; retry state NOT proved; all four widths"
"frontend/src/components/PeopleSearchPanel.tsx:118","Shared / PeopleSearchPanel","frontend/src/components/PeopleSearchPanel.tsx","118","Очистить","button","authorized role for capability","() => onChange('')","NO","PASS","frontend/e2e/full-ui-interaction-sweep.spec.ts people-readonly; runtime-people-readonly.json; q+PEOPLE_DIRECTORY GET, exact result profile, retained query and clear hint; retry state NOT proved; all four widths"
"frontend/src/components/PeopleSearchPanel.tsx:128","Shared / PeopleSearchPanel","frontend/src/components/PeopleSearchPanel.tsx","128","Повторить","button","authorized role for capability","() => setRetryKey((value) => value + 1)","NO","PASS","frontend/e2e/full-ui-interaction-sweep.spec.ts people-readonly; runtime-people-readonly.json; isolated first GET 503, visible Russian error, retry issues a second real GET 200 and restores results on desktop/360/390/430; all four widths"
"frontend/src/components/PeopleSearchPanel.tsx:143","Shared / PeopleSearchPanel","frontend/src/components/PeopleSearchPanel.tsx","143","button:button @143","button","authorized role for capability","() => onSelect(result, response?.context ?? null)","NO","PASS","frontend/e2e/full-ui-interaction-sweep.spec.ts people-readonly; runtime-people-readonly.json; q+PEOPLE_DIRECTORY GET, exact result profile, retained query and clear hint; retry state NOT proved; all four widths"
"frontend/src/components/PremiumShell.tsx:70","Shared / PremiumShell","frontend/src/components/PremiumShell.tsx","70","button:button @70","button","authorized role for capability","item.onClick","NO","PASS","frontend/e2e/full-ui-interaction-sweep.spec.ts defrost-readonly; runtime-defrost-readonly.json; interactive KPI items switch state and result list/empty state on all widths; all four widths"
"frontend/src/components/PremiumShell.tsx:131","Shared / PremiumShell","frontend/src/components/PremiumShell.tsx","131","div @131","custom-clickable","authorized role for capability","onClose","NO","PASS","frontend/e2e/full-ui-interaction-sweep.spec.ts premium-sheet shared controls; runtime-archive-readonly-actions.json; content propagation isolation plus explicit header/backdrop close preserve parent state; all consumer contracts NOT claimed; all four widths"
"frontend/src/components/PremiumShell.tsx:132","Shared / PremiumShell","frontend/src/components/PremiumShell.tsx","132","section @132","custom-clickable","authorized role for capability","(event) => event.stopPropagation()","NO","PASS","frontend/e2e/full-ui-interaction-sweep.spec.ts premium-sheet shared controls; runtime-archive-readonly-actions.json; content propagation isolation plus explicit header/backdrop close preserve parent state; all consumer contracts NOT claimed; all four widths"
"frontend/src/components/PremiumShell.tsx:146","Shared / PremiumShell","frontend/src/components/PremiumShell.tsx","146","button:button @146","button","authorized role for capability","onClose","NO","PASS","frontend/e2e/full-ui-interaction-sweep.spec.ts premium-sheet shared controls; runtime-archive-readonly-actions.json; content propagation isolation plus explicit header/backdrop close preserve parent state; all consumer contracts NOT claimed; all four widths"
"frontend/src/components/PremiumShell.tsx:178","Shared / PremiumShell","frontend/src/components/PremiumShell.tsx","178","›","button","authorized role for capability","onClick","NO","PASS","frontend/e2e/full-ui-interaction-sweep.spec.ts premium-action-item callback forwarding; runtime-archive-downloads.json; shared onClick reached two real download callbacks at all four widths; other consumer business outcomes NOT claimed; all four widths"
"frontend/src/components/QuantityRelease.tsx:127","Shared / QuantityRelease","frontend/src/components/QuantityRelease.tsx","127","Отмена","button","authorized role for capability","onClose","NO","PASS","frontend/e2e/full-ui-interaction-sweep.spec.ts okk release draft plus lifecycle outcome; runtime-okk-create-release-drafts.json and runtime-okk-create-release-complete-outcomes-isolated.json; shared quantity controls, preview, disabled/enabled state, cancel/reopen and exact release submit/result passed on desktop/360/390/430. Browser-intercepted command/read model only; backend persistence/RBAC/audit/concurrency are not inferred; all four widths"
"frontend/src/components/QuantityRelease.tsx:128","Shared / QuantityRelease","frontend/src/components/QuantityRelease.tsx","128","button:submit @128","button","authorized role for capability","native form interaction","YES","PASS","frontend/e2e/full-ui-interaction-sweep.spec.ts returns-partial-release-submit-isolated; runtime-returns-partial-release-submit-isolated.json; exact partial-release submit carried trimmed quantity/comment plus canonical operationId, then the browser-memory result appeared through normal reload, history, repeated detail open and browser Back on desktop/360/390/430. No backend write occurred; persistence/RBAC/idempotency are not inferred; all four widths"
"frontend/src/components/QuantityRelease.tsx:140","Shared / QuantityRelease","frontend/src/components/QuantityRelease.tsx","140","Например, 30","input","authorized role for capability","(event) => setQuantity(event.target.value)","NO","PASS","frontend/e2e/full-ui-interaction-sweep.spec.ts okk release draft plus lifecycle outcome; runtime-okk-create-release-drafts.json and runtime-okk-create-release-complete-outcomes-isolated.json; shared quantity controls, preview, disabled/enabled state, cancel/reopen and exact release submit/result passed on desktop/360/390/430. Browser-intercepted command/read model only; backend persistence/RBAC/audit/concurrency are not inferred; all four widths"
"frontend/src/components/QuantityRelease.tsx:155","Shared / QuantityRelease","frontend/src/components/QuantityRelease.tsx","155","Например, передано на переборку","textarea","authorized role for capability","(event) => setComment(event.target.value)","NO","PASS","frontend/e2e/full-ui-interaction-sweep.spec.ts okk release draft plus lifecycle outcome; runtime-okk-create-release-drafts.json and runtime-okk-create-release-complete-outcomes-isolated.json; shared quantity controls, preview, disabled/enabled state, cancel/reopen and exact release submit/result passed on desktop/360/390/430. Browser-intercepted command/read model only; backend persistence/RBAC/audit/concurrency are not inferred; all four widths"
"frontend/src/screens/AdminConfigScreen.tsx:1780","Admin","frontend/src/screens/AdminConfigScreen.tsx","1780","button:button @1780","button","ADMIN or delegated manager","() => openAdminSection(group.section)","NO","PASS","frontend/e2e/full-ui-interaction-sweep.spec.ts admin-overview-actions-readonly; runtime-admin-overview-actions-readonly.json; a real health warning action opened its configured section and visible Overview navigation restored the overview on all four widths; no Admin mutation; all four widths"
"frontend/src/screens/AdminConfigScreen.tsx:1783","Admin","frontend/src/screens/AdminConfigScreen.tsx","1783","button:button @1783","button","ADMIN or delegated manager","() => setExpandedHealthGroups((current) => ({ ...current, [group.key]: !current[group.key] }))","NO","PASS","frontend/e2e/full-ui-interaction-sweep.spec.ts admin-overview-actions-readonly; runtime-admin-overview-actions-readonly.json; a real health group expanded and collapsed on all four widths; no Admin mutation; responsive result manually reviewed after UI-SWEEP-052; all four widths"
"frontend/src/screens/AdminConfigScreen.tsx:1805","Admin","frontend/src/screens/AdminConfigScreen.tsx","1805","button:button @1805","button","ADMIN or delegated manager","() => setShowAllHealthGroups((value) => !value)","NO","PASS","frontend/e2e/full-ui-interaction-sweep.spec.ts admin-health-additional-groups-isolated; runtime-admin-health-additional-groups-isolated.json; a six-group browser-only config-health response rendered five groups, expanded to six and collapsed back to five on all four widths; no Admin mutation; backend config-health generation/RBAC not inferred; all four widths"
"frontend/src/screens/AdminConfigScreen.tsx:1826","Admin","frontend/src/screens/AdminConfigScreen.tsx","1826","Обновить","button","ADMIN or delegated manager","() => void load(selectedFactoryId)","NO","PASS","frontend/e2e/full-ui-interaction-sweep.spec.ts admin-overview-actions-readonly; runtime-admin-overview-actions-readonly.json; refresh issued canonical GET /api/admin/overview, received HTTP 200 and restored the overview on all four widths; all four widths"
"frontend/src/screens/AdminConfigScreen.tsx:1836","Admin","frontend/src/screens/AdminConfigScreen.tsx","1836","В восстановлении:","button","ADMIN or delegated manager","() => openAdminSection('Восстановление')","NO","PASS","frontend/e2e/full-ui-interaction-sweep.spec.ts admin-overview-actions-readonly; runtime-admin-overview-actions-readonly.json; recovery summary opened the existing section and visible Overview navigation returned on all four widths; no Admin mutation; all four widths"
"frontend/src/screens/AdminConfigScreen.tsx:1839","Admin","frontend/src/screens/AdminConfigScreen.tsx","1839","Диагностика данных:","button","ADMIN or delegated manager","() => openAdminSection('Диагностика данных')","NO","PASS","frontend/e2e/full-ui-interaction-sweep.spec.ts admin-overview-actions-readonly; runtime-admin-overview-actions-readonly.json; diagnostic summary opened the existing section and visible Overview navigation returned on all four widths; no Admin mutation; all four widths"
"frontend/src/screens/AdminConfigScreen.tsx:1854","Admin","frontend/src/screens/AdminConfigScreen.tsx","1854","button:button @1854","button","ADMIN or delegated manager","() => openAdminSection(action.section)","NO","PASS","frontend/e2e/full-ui-interaction-sweep.spec.ts admin-overview-actions-readonly; runtime-admin-overview-actions-readonly.json; all eight distinct quick actions opened their intended Admin sections on all four widths and returned through visible navigation; no create/save/status mutation; all four widths"
"frontend/src/screens/AdminConfigScreen.tsx:1879","Admin","frontend/src/screens/AdminConfigScreen.tsx","1879","Обновить","button","ADMIN or delegated manager","() => void load(selectedFactoryId)","NO","PASS","frontend/e2e/full-ui-interaction-sweep.spec.ts admin-factory-list-readonly; runtime-admin-factory-list-readonly.json; selected factory reloaded through canonical Admin GETs, config-health returned HTTP 200 and screen remained usable on all four widths; no Admin mutation; all four widths"
"frontend/src/screens/AdminConfigScreen.tsx:1883","Admin","frontend/src/screens/AdminConfigScreen.tsx","1883","· ·","button","ADMIN or delegated manager","() => void reloadFactory(factory.id)","NO","PASS","frontend/e2e/full-ui-interaction-sweep.spec.ts admin-factory-list-readonly; runtime-admin-factory-list-readonly.json; a real context-list factory reloaded through canonical GETs and became active on all four widths; UI-SWEEP-053 fixture visibility remains independently open; all four widths"
"frontend/src/screens/AdminConfigScreen.tsx:1897","Admin","frontend/src/screens/AdminConfigScreen.tsx","1897","button:button @1897","button","ADMIN or delegated manager","() => setShowFactoryDiagnostics((value) => !value)","NO","PASS","frontend/e2e/full-ui-interaction-sweep.spec.ts admin-factory-list-readonly; runtime-admin-factory-list-readonly.json; local diagnostic factory list expanded, collapsed and reopened clean after browser Back on all four widths; no Admin mutation; all four widths"
"frontend/src/screens/AdminConfigScreen.tsx:1903","Admin","frontend/src/screens/AdminConfigScreen.tsx","1903","· ·","button","ADMIN or delegated manager","() => void reloadFactory(factory.id)","NO","PASS","frontend/e2e/full-ui-interaction-sweep.spec.ts admin-factory-list-readonly; runtime-admin-factory-list-readonly.json; a real diagnostic-list factory reloaded through canonical GETs and remained selected on all four widths; UI-SWEEP-053 fixture visibility remains independently open; all four widths"
"frontend/src/screens/AdminConfigScreen.tsx:1942","Admin","frontend/src/screens/AdminConfigScreen.tsx","1942","Например: Завод 5","input","ADMIN or delegated manager","(event) => { setFactoryForm((current) => ({ ...current, name: event.target.value })); setSetupPreview(null); }","NO","PASS","frontend/e2e/full-ui-interaction-sweep.spec.ts admin-factory-create-draft-readonly; runtime-admin-factory-create-draft-readonly.json; this exact local wizard control was exercised across COPY/EMPTY modes with a real source factory and category, focus Back/screen Back and clean reopen reset the wizard on all four widths; preview/create/import/export and non-GET requests NOT exercised; all four widths"
"frontend/src/screens/AdminConfigScreen.tsx:1945","Admin","frontend/src/screens/AdminConfigScreen.tsx","1945","код-завода-5","input","ADMIN or delegated manager","(event) => { setFactoryForm((current) => ({ ...current, code: event.target.value })); setSetupPreview(null); }","NO","PASS","frontend/e2e/full-ui-interaction-sweep.spec.ts admin-factory-create-draft-readonly; runtime-admin-factory-create-draft-readonly.json; this exact local wizard control was exercised across COPY/EMPTY modes with a real source factory and category, focus Back/screen Back and clean reopen reset the wizard on all four widths; preview/create/import/export and non-GET requests NOT exercised; all four widths"
"frontend/src/screens/AdminConfigScreen.tsx:1948","Admin","frontend/src/screens/AdminConfigScreen.tsx","1948","Город, площадка или заметка для аудита","input","ADMIN or delegated manager","(event) => setFactoryForm((current) => ({ ...current, description: event.target.value }))","NO","PASS","frontend/e2e/full-ui-interaction-sweep.spec.ts admin-factory-create-draft-readonly; runtime-admin-factory-create-draft-readonly.json; this exact local wizard control was exercised across COPY/EMPTY modes with a real source factory and category, focus Back/screen Back and clean reopen reset the wizard on all four widths; preview/create/import/export and non-GET requests NOT exercised; all four widths"
"frontend/src/screens/AdminConfigScreen.tsx:1951","Admin","frontend/src/screens/AdminConfigScreen.tsx","1951","Активен Черновик / отключён","select","ADMIN or delegated manager","(event) => setFactoryForm((current) => ({ ...current, isActive: event.target.value === 'active' }))","NO","PASS","frontend/e2e/full-ui-interaction-sweep.spec.ts admin-factory-create-draft-readonly; runtime-admin-factory-create-draft-readonly.json; this exact local wizard control was exercised across COPY/EMPTY modes with a real source factory and category, focus Back/screen Back and clean reopen reset the wizard on all four widths; preview/create/import/export and non-GET requests NOT exercised; all four widths"
"frontend/src/screens/AdminConfigScreen.tsx:1962","Admin","frontend/src/screens/AdminConfigScreen.tsx","1962","Пустой завод Создать завод без линий и отделов. Всё настраивается вручную.","button","ADMIN or delegated manager","() => { setSetupMode('EMPTY'); setSetupPreview(null); }","NO","PASS","frontend/e2e/full-ui-interaction-sweep.spec.ts admin-factory-create-draft-readonly; runtime-admin-factory-create-draft-readonly.json; this exact local wizard control was exercised across COPY/EMPTY modes with a real source factory and category, focus Back/screen Back and clean reopen reset the wizard on all four widths; preview/create/import/export and non-GET requests NOT exercised; all four widths"
"frontend/src/screens/AdminConfigScreen.tsx:1966","Admin","frontend/src/screens/AdminConfigScreen.tsx","1966","Скопировать с завода Скопировать структуру, но не историю и не пользователей.","button","ADMIN or delegated manager","() => { setSetupMode('COPY'); setSetupPreview(null); }","NO","PASS","frontend/e2e/full-ui-interaction-sweep.spec.ts admin-factory-create-draft-readonly; runtime-admin-factory-create-draft-readonly.json; this exact local wizard control was exercised across COPY/EMPTY modes with a real source factory and category, focus Back/screen Back and clean reopen reset the wizard on all four widths; preview/create/import/export and non-GET requests NOT exercised; all four widths"
"frontend/src/screens/AdminConfigScreen.tsx:1974","Admin","frontend/src/screens/AdminConfigScreen.tsx","1974","select @1974","select","ADMIN or delegated manager","(event) => { setSetupSourceFactoryId(event.target.value); setSetupPreview(null); }","NO","PASS","frontend/e2e/full-ui-interaction-sweep.spec.ts admin-factory-create-draft-readonly; runtime-admin-factory-create-draft-readonly.json; this exact local wizard control was exercised across COPY/EMPTY modes with a real source factory and category, focus Back/screen Back and clean reopen reset the wizard on all four widths; preview/create/import/export and non-GET requests NOT exercised; all four widths"
"frontend/src/screens/AdminConfigScreen.tsx:1981","Admin","frontend/src/screens/AdminConfigScreen.tsx","1981","input:checkbox @1981","input","ADMIN or delegated manager","(event) => { setSetupCategories((current) => ({ ...current, [category.key]: event.target.checked })); setSetupPreview(null); }","NO","PASS","frontend/e2e/full-ui-interaction-sweep.spec.ts admin-factory-create-draft-readonly; runtime-admin-factory-create-draft-readonly.json; this exact local wizard control was exercised across COPY/EMPTY modes with a real source factory and category, focus Back/screen Back and clean reopen reset the wizard on all four widths; preview/create/import/export and non-GET requests NOT exercised; all four widths"
"frontend/src/screens/AdminConfigScreen.tsx:2003","Admin","frontend/src/screens/AdminConfigScreen.tsx","2003","Показать предпросмотр","button","ADMIN or delegated manager","() => void previewFactorySetup()","NO","PASS","frontend/e2e/full-ui-interaction-sweep.spec.ts admin-factory-preview-import-validation-readonly; runtime-admin-factory-preview-import-validation-readonly.json; canonical setup preview returned writesDatabase=false and an intentionally invalid import file returned server validation errors before audit write on all four widths; create/apply/export NOT exercised; focus/screen Back and clean reopen passed; all four widths"
"frontend/src/screens/AdminConfigScreen.tsx:2006","Admin","frontend/src/screens/AdminConfigScreen.tsx","2006","Создать завод","button","ADMIN or delegated manager","() => setPendingAction({ title: 'Создать завод', description: 'Будет создан новый завод и скопирована только выбранная конфигурация. История смен, заявки, чаты, вложения и архивы н","YES","PASS","frontend/e2e/full-ui-interaction-sweep.spec.ts admin-factory-create-submit-isolated + admin-factory-copy-submit-outcome-isolated; runtime-admin-factory-create-submit-isolated.json + runtime-admin-factory-copy-submit-outcome-isolated.json; exact protected EMPTY and COPY payloads are separately proved on all four widths; COPY shows a Russian rejection with retained draft, retries with a fresh operationId, renders the result and reloads one synthetic factory with correct count forms; backend writes absent; server persistence/RBAC/audit not inferred; all four widths"
"frontend/src/screens/AdminConfigScreen.tsx:2083","Admin","frontend/src/screens/AdminConfigScreen.tsx","2083","Сформировать экспорт","button","ADMIN or delegated manager","() => void exportFactoryConfig()","NO","PASS","frontend/e2e/full-ui-interaction-sweep.spec.ts admin-config-export-readonly; runtime-admin-config-export-readonly.json; canonical config-export GET returned HTTP 200, rendered the safe preview and produced a real JSON browser download on all four widths; file input overlap measured 0px after UI-SWEEP-068; no Admin mutation; export backend RBAC beyond the authenticated ADMIN route not inferred; all four widths"
"frontend/src/screens/AdminConfigScreen.tsx:2086","Admin","frontend/src/screens/AdminConfigScreen.tsx","2086","Скачать файл","button","ADMIN or delegated manager","downloadFactoryConfig","NO","PASS","frontend/e2e/full-ui-interaction-sweep.spec.ts admin-config-export-readonly; runtime-admin-config-export-readonly.json; canonical config-export GET returned HTTP 200, rendered the safe preview and produced a real JSON browser download on all four widths; file input overlap measured 0px after UI-SWEEP-068; no Admin mutation; export backend RBAC beyond the authenticated ADMIN route not inferred; all four widths"
"frontend/src/screens/AdminConfigScreen.tsx:2114","Admin","frontend/src/screens/AdminConfigScreen.tsx","2114","input:file @2114","input","ADMIN or delegated manager","(event) => void readImportFile(event.target.files?.[0])","NO","PASS","frontend/e2e/full-ui-interaction-sweep.spec.ts admin-factory-preview-import-validation-readonly; runtime-admin-factory-preview-import-validation-readonly.json; canonical setup preview returned writesDatabase=false and an intentionally invalid import file returned server validation errors before audit write on all four widths; create/apply/export NOT exercised; focus/screen Back and clean reopen passed; all four widths"
"frontend/src/screens/AdminConfigScreen.tsx:2117","Admin","frontend/src/screens/AdminConfigScreen.tsx","2117","Например: Завод 5","input","ADMIN or delegated manager","(event) => { setImportTarget((current) => ({ ...current, name: event.target.value })); setImportPreview(null); }","NO","PASS","frontend/e2e/full-ui-interaction-sweep.spec.ts admin-factory-preview-import-validation-readonly; runtime-admin-factory-preview-import-validation-readonly.json; canonical setup preview returned writesDatabase=false and an intentionally invalid import file returned server validation errors before audit write on all four widths; create/apply/export NOT exercised; focus/screen Back and clean reopen passed; all four widths"
"frontend/src/screens/AdminConfigScreen.tsx:2120","Admin","frontend/src/screens/AdminConfigScreen.tsx","2120","код-завода-5","input","ADMIN or delegated manager","(event) => { setImportTarget((current) => ({ ...current, code: event.target.value })); setImportPreview(null); }","NO","PASS","frontend/e2e/full-ui-interaction-sweep.spec.ts admin-factory-preview-import-validation-readonly; runtime-admin-factory-preview-import-validation-readonly.json; canonical setup preview returned writesDatabase=false and an intentionally invalid import file returned server validation errors before audit write on all four widths; create/apply/export NOT exercised; focus/screen Back and clean reopen passed; all four widths"
"frontend/src/screens/AdminConfigScreen.tsx:2123","Admin","frontend/src/screens/AdminConfigScreen.tsx","2123","Активен Черновик / отключён","select","ADMIN or delegated manager","(event) => setImportTarget((current) => ({ ...current, isActive: event.target.value === 'active' }))","NO","PASS","frontend/e2e/full-ui-interaction-sweep.spec.ts admin-factory-preview-import-validation-readonly; runtime-admin-factory-preview-import-validation-readonly.json; canonical setup preview returned writesDatabase=false and an intentionally invalid import file returned server validation errors before audit write on all four widths; create/apply/export NOT exercised; focus/screen Back and clean reopen passed; all four widths"
"frontend/src/screens/AdminConfigScreen.tsx:2135","Admin","frontend/src/screens/AdminConfigScreen.tsx","2135","Проверить файл","button","ADMIN or delegated manager","() => void previewFactoryConfigImport()","NO","PASS","frontend/e2e/full-ui-interaction-sweep.spec.ts admin-factory-preview-import-validation-readonly; runtime-admin-factory-preview-import-validation-readonly.json; canonical setup preview returned writesDatabase=false and an intentionally invalid import file returned server validation errors before audit write on all four widths; create/apply/export NOT exercised; focus/screen Back and clean reopen passed; all four widths"
"frontend/src/screens/AdminConfigScreen.tsx:2138","Admin","frontend/src/screens/AdminConfigScreen.tsx","2138","Создать завод из файла","button","ADMIN or delegated manager","() => setPendingAction({ title: 'Импортировать конфигурацию', description: 'Будет создан новый завод из файла конфигурации. История работы, пользователи, доступы, вложения и секрет","YES","PASS","frontend/e2e/full-ui-interaction-sweep.spec.ts admin-factory-import-submit-isolated; runtime-admin-factory-import-submit-isolated.json; valid configuration was previewed, exact protected import payload submitted once and browser-only imported inactive factory context reloaded on all four widths; history remained excluded; backend writes absent; server persistence/RBAC/audit not inferred; all four widths"
"frontend/src/screens/AdminConfigScreen.tsx:2203","Admin","frontend/src/screens/AdminConfigScreen.tsx","2203","button:button @2203","button","ADMIN or delegated manager","() => setPendingAction({ title: selectedFactory.isActive ? `Деактивировать ${selectedFactory.name}` : `Восстановить ${selectedFactory.name}`, description: 'Завод физически не удаля","NO","PASS","frontend/e2e/full-ui-interaction-sweep.spec.ts admin-factory-status-submit-outcome-isolated; runtime-admin-factory-status-confirm-readonly.json + runtime-admin-factory-status-submit-outcome-isolated.json; protected deactivate Back/Cancel plus synthetic browser-only Russian 409 retention, exact inactive retry payload/result/reload and the distinct Restore Back/Cancel/active payload/result/reload are proved on desktop/360/390/430. Backend persistence, last-factory guard, RBAC, audit and concurrency are not inferred; all four widths"
"frontend/src/screens/AdminConfigScreen.tsx:2259","Admin","frontend/src/screens/AdminConfigScreen.tsx","2259","Как это работает","button","ADMIN or delegated manager","() => setDelegationHelpOpen(true)","NO","PASS","frontend/e2e/full-ui-interaction-sweep.spec.ts admin-layers; runtime-admin-layers.json; only local draft selection; all four widths"
"frontend/src/screens/AdminConfigScreen.tsx:2268","Admin","frontend/src/screens/AdminConfigScreen.tsx","2268","button:button @2268","button","ADMIN or delegated manager","() => { setDelegationSearch(''); setDelegationPicker('source'); }","NO","PASS","frontend/e2e/full-ui-interaction-sweep.spec.ts admin-layers; runtime-admin-layers.json; only local draft selection; all four widths"
"frontend/src/screens/AdminConfigScreen.tsx:2288","Admin","frontend/src/screens/AdminConfigScreen.tsx","2288","button:button @2288","button","ADMIN or delegated manager","() => { setDelegationSearch(''); setDelegationPicker('target'); }","NO","PASS","frontend/e2e/full-ui-interaction-sweep.spec.ts admin-preview + admin-delegation-target-search-readonly; runtime-admin-preview.json + runtime-admin-delegation-target-search-readonly.json; selected recipient/server preview plus distinct target partial-surname and phone filtering, Russian empty state, focus/layer Back and retained prior recipient passed on desktop/360/390/430 without Apply. Synthetic search candidates; backend candidate authority/hierarchy/factory scope, applied grant/realtime and physical Android Back not inferred; all four widths"
"frontend/src/screens/AdminConfigScreen.tsx:2346","Admin","frontend/src/screens/AdminConfigScreen.tsx","2346","Проверить права","button","ADMIN or delegated manager","() => void previewDelegation()","NO","PASS","frontend/e2e/full-ui-interaction-sweep.spec.ts admin-preview; runtime-admin-preview.json; server plan + confirmation open/cancel only; permission-copy-apply NOT exercised; all four widths"
"frontend/src/screens/AdminConfigScreen.tsx:2349","Admin","frontend/src/screens/AdminConfigScreen.tsx","2349","Назначить в мой отдел","button","ADMIN or delegated manager","() => applyDelegation()","YES","PASS","frontend/e2e/full-ui-interaction-sweep.spec.ts admin-delegation-apply-outcome-isolated; runtime-admin-preview.json + runtime-admin-delegation-apply-outcome-isolated.json; real server preview plus synthetic browser-only exact Apply, focus/layer Back and Cancel without command, Russian 409 with retained reason/preview, retry and browser-memory reload passed on desktop/360/390/430. Backend permission subset/hierarchy/factory authority, persistence/audit/realtime and physical Android Back not inferred; all four widths"
"frontend/src/screens/AdminConfigScreen.tsx:2418","Admin","frontend/src/screens/AdminConfigScreen.tsx","2418","Поиск по пользователю, роли или отделу","input","ADMIN or delegated manager","(event) => setSearch(event.target.value)","NO","PASS","frontend/e2e/full-ui-interaction-sweep.spec.ts admin-user-access-draft-readonly; runtime-admin-user-access-draft-readonly.json; real user search plus configured user/role/company/department/job-title options, fixed factory context, focus/screen Back and clean reopen passed on all four widths; grant/save mutations NOT exercised; UI-SWEEP-050 remains open for pilot company visibility; all four widths"
"frontend/src/screens/AdminConfigScreen.tsx:2433","Admin","frontend/src/screens/AdminConfigScreen.tsx","2433","Выберите пользователя","select","ADMIN or delegated manager","(event) => setAccessForm((current) => ({ ...current, userId: event.target.value }))","NO","PASS","frontend/e2e/full-ui-interaction-sweep.spec.ts admin-user-access-draft-readonly; runtime-admin-user-access-draft-readonly.json; real user search plus configured user/role/company/department/job-title options, fixed factory context, focus/screen Back and clean reopen passed on all four widths; grant/save mutations NOT exercised; UI-SWEEP-050 remains open for pilot company visibility; all four widths"
"frontend/src/screens/AdminConfigScreen.tsx:2445","Admin","frontend/src/screens/AdminConfigScreen.tsx","2445","select @2445","select","ADMIN or delegated manager","native form interaction","NO","PASS","frontend/e2e/full-ui-interaction-sweep.spec.ts admin-user-access-draft-readonly; runtime-admin-user-access-draft-readonly.json; real user search plus configured user/role/company/department/job-title options, fixed factory context, focus/screen Back and clean reopen passed on all four widths; grant/save mutations NOT exercised; UI-SWEEP-050 remains open for pilot company visibility; all four widths"
"frontend/src/screens/AdminConfigScreen.tsx:2453","Admin","frontend/src/screens/AdminConfigScreen.tsx","2453","select @2453","select","ADMIN or delegated manager","(event) => setAccessForm((current) => ({ ...current, role: event.target.value, departmentId: ['CONTRACTOR', 'CONTRACTOR_LEAD'].includes(event.target.value) ? '' : current.departmen","NO","PASS","frontend/e2e/full-ui-interaction-sweep.spec.ts admin-user-access-draft-readonly; runtime-admin-user-access-draft-readonly.json; real user search plus configured user/role/company/department/job-title options, fixed factory context, focus/screen Back and clean reopen passed on all four widths; grant/save mutations NOT exercised; UI-SWEEP-050 remains open for pilot company visibility; all four widths"
"frontend/src/screens/AdminConfigScreen.tsx:2471","Admin","frontend/src/screens/AdminConfigScreen.tsx","2471","Выберите фирму","select","ADMIN or delegated manager","(event) => setAccessForm((current) => ({ ...current, companyId: event.target.value }))","NO","PASS","frontend/e2e/full-ui-interaction-sweep.spec.ts admin-user-access-draft-readonly; runtime-admin-user-access-draft-readonly.json; real user search plus configured user/role/company/department/job-title options, fixed factory context, focus/screen Back and clean reopen passed on all four widths; grant/save mutations NOT exercised; UI-SWEEP-050 remains open for pilot company visibility; all four widths"
"frontend/src/screens/AdminConfigScreen.tsx:2482","Admin","frontend/src/screens/AdminConfigScreen.tsx","2482","Без отдела","select","ADMIN or delegated manager","(event) => setAccessForm((current) => ({ ...current, departmentId: event.target.value, jobTitleId: '' }))","NO","PASS","frontend/e2e/full-ui-interaction-sweep.spec.ts admin-user-access-draft-readonly; runtime-admin-user-access-draft-readonly.json; real user search plus configured user/role/company/department/job-title options, fixed factory context, focus/screen Back and clean reopen passed on all four widths; grant/save mutations NOT exercised; UI-SWEEP-050 remains open for pilot company visibility; all four widths"
"frontend/src/screens/AdminConfigScreen.tsx:2491","Admin","frontend/src/screens/AdminConfigScreen.tsx","2491","Без должности","select","ADMIN or delegated manager","(event) => setAccessForm((current) => ({ ...current, jobTitleId: event.target.value }))","NO","PASS","frontend/e2e/full-ui-interaction-sweep.spec.ts admin-user-access-draft-readonly; runtime-admin-user-access-draft-readonly.json; real user search plus configured user/role/company/department/job-title options, fixed factory context, focus/screen Back and clean reopen passed on all four widths; grant/save mutations NOT exercised; UI-SWEEP-050 remains open for pilot company visibility; all four widths"
"frontend/src/screens/AdminConfigScreen.tsx:2500","Admin","frontend/src/screens/AdminConfigScreen.tsx","2500","Выдать доступ","button","ADMIN or delegated manager","() => void grantFactoryAccess()","YES","PASS","frontend/e2e/full-ui-interaction-sweep.spec.ts admin-factory-access-submit-isolated; runtime-admin-factory-access-submit-isolated.json; safe browser-only candidate submitted the exact factoryId/WORKER/null-scope payload once, disappeared from the addable group and appeared in the granted-access list on all four widths; backend write absent; server authorization/persistence/audit not inferred; all four widths"
"frontend/src/screens/AdminConfigScreen.tsx:2534","Admin","frontend/src/screens/AdminConfigScreen.tsx","2534","Без должности","select","ADMIN or delegated manager","(event) => setAssignmentJobTitles((current) => ({ ...current, [request.id]: event.target.value }))","YES","PASS","frontend/e2e/full-ui-interaction-sweep.spec.ts admin-assignment-request-decisions-isolated; runtime-admin-assignment-request-decisions-isolated.json; a synthetic department-scoped job title was selected, exact accept and reason-required reject payloads each removed only their intended browser-memory request, and focus/layer Back caused no mutation on all four widths; UI-SWEEP-071 assignment-row heading separation fixed and reviewed; backend writes absent; server assignment authority/RBAC/audit are not inferred; all four widths"
"frontend/src/screens/AdminConfigScreen.tsx:2541","Admin","frontend/src/screens/AdminConfigScreen.tsx","2541","Принять","button","ADMIN or delegated manager","() => acceptAssignmentRequest(request)","YES","PASS","frontend/e2e/full-ui-interaction-sweep.spec.ts admin-assignment-request-decisions-isolated; runtime-admin-assignment-request-decisions-isolated.json; a synthetic department-scoped job title was selected, exact accept and reason-required reject payloads each removed only their intended browser-memory request, and focus/layer Back caused no mutation on all four widths; UI-SWEEP-071 assignment-row heading separation fixed and reviewed; backend writes absent; server assignment authority/RBAC/audit are not inferred; all four widths"
"frontend/src/screens/AdminConfigScreen.tsx:2542","Admin","frontend/src/screens/AdminConfigScreen.tsx","2542","Отклонить","button","ADMIN or delegated manager","() => rejectAssignmentRequest(request)","YES","PASS","frontend/e2e/full-ui-interaction-sweep.spec.ts admin-assignment-request-decisions-isolated; runtime-admin-assignment-request-decisions-isolated.json; a synthetic department-scoped job title was selected, exact accept and reason-required reject payloads each removed only their intended browser-memory request, and focus/layer Back caused no mutation on all four widths; UI-SWEEP-071 assignment-row heading separation fixed and reviewed; backend writes absent; server assignment authority/RBAC/audit are not inferred; all four widths"
"frontend/src/screens/AdminConfigScreen.tsx:2565","Admin","frontend/src/screens/AdminConfigScreen.tsx","2565","Профиль","button","ADMIN or delegated manager","() => void openProfile(user.id)","NO","PASS","frontend/e2e/full-ui-interaction-sweep.spec.ts admin-edit-cancel; runtime-admin-edit-cancel.json; draft edit/cancel/reopen only; Save success NOT exercised; all four widths"
"frontend/src/screens/AdminConfigScreen.tsx:2566","Admin","frontend/src/screens/AdminConfigScreen.tsx","2566","button:button @2566","button","ADMIN or delegated manager","() => void confirmWithPreview( `/admin/users/${user.id}/block-status/preview`, { blocked: !user.blockedAt }, user.blockedAt ? `Разблокировать ${pilotUserName(user.id, user.displayN","YES","PASS","frontend/e2e/full-ui-interaction-sweep.spec.ts admin-user-access-confirm-readonly + admin-user-block-submit-outcome-isolated; exact block preview, required phrase, focus/layer/screen Back and Cancel plus controlled Russian 409 retention, exact blocked:true retry, dimmed blocked state/reload and distinct blocked:false unblock state/reload passed on desktop/360/390/430. Synthetic browser-only user; backend persistence/factory authority/audit/session invalidation/realtime and physical Android Back are not inferred; all four widths"
"frontend/src/screens/AdminConfigScreen.tsx:2589","Admin","frontend/src/screens/AdminConfigScreen.tsx","2589","Сбросить пароль","button","ADMIN or delegated manager","() => setPendingAction({ title: `Сбросить пароль для ${pilotUserName(selectedProfile.id, selectedProfile.displayName)}`, description: 'Пользователь задаст новый пароль при следующе","YES","PASS","frontend/e2e/full-ui-interaction-sweep.spec.ts admin-edit-cancel + admin-password-reset-submit-outcome-isolated; exact confirmation text, disabled/Cancel/clean reopen, controlled Russian 409 with retained phrase, exact reason/operationId retry, visible success in the same profile and reload without a repeated command passed on desktop/360/390/430. Synthetic browser-only user; backend credential persistence/session invalidation/authority/audit and physical Android Back not inferred; all four widths"
"frontend/src/screens/AdminConfigScreen.tsx:2602","Admin","frontend/src/screens/AdminConfigScreen.tsx","2602","Закрыть","button","ADMIN or delegated manager","() => setSelectedProfile(null)","NO","PASS","frontend/e2e/full-ui-interaction-sweep.spec.ts admin-edit-cancel; runtime-admin-edit-cancel.json; draft edit/cancel/reopen only; Save success NOT exercised; all four widths"
"frontend/src/screens/AdminConfigScreen.tsx:2614","Admin","frontend/src/screens/AdminConfigScreen.tsx","2614","input @2614","input","ADMIN or delegated manager","(event) => setIdentityForm((current) => ({ ...current, lastName: event.target.value }))","NO","PASS","frontend/e2e/full-ui-interaction-sweep.spec.ts admin-edit-cancel; runtime-admin-edit-cancel.json; draft edit/cancel/reopen only; Save success NOT exercised; all four widths"
"frontend/src/screens/AdminConfigScreen.tsx:2623","Admin","frontend/src/screens/AdminConfigScreen.tsx","2623","input @2623","input","ADMIN or delegated manager","(event) => setIdentityForm((current) => ({ ...current, firstName: event.target.value }))","NO","PASS","frontend/e2e/full-ui-interaction-sweep.spec.ts admin-edit-cancel; runtime-admin-edit-cancel.json; draft edit/cancel/reopen only; Save success NOT exercised; all four widths"
"frontend/src/screens/AdminConfigScreen.tsx:2632","Admin","frontend/src/screens/AdminConfigScreen.tsx","2632","input @2632","input","ADMIN or delegated manager","(event) => setIdentityForm((current) => ({ ...current, middleName: event.target.value }))","NO","PASS","frontend/e2e/full-ui-interaction-sweep.spec.ts admin-edit-cancel; runtime-admin-edit-cancel.json; draft edit/cancel/reopen only; Save success NOT exercised; all four widths"
"frontend/src/screens/AdminConfigScreen.tsx:2641","Admin","frontend/src/screens/AdminConfigScreen.tsx","2641","Сохранить ФИО","button","ADMIN or delegated manager","() => void saveIdentity()","YES","PASS","frontend/e2e/full-ui-interaction-sweep.spec.ts admin-identity-job-settings-submit-isolated; runtime-admin-identity-job-settings-submit-isolated.json; exact user identity and existing job-title settings payloads each submitted once, then canonical browser-only profile/hierarchy refresh plus reopen retained the result on all four widths; dirty Save reset; UI-SWEEP-070 mobile subnav fixed and reviewed; backend writes absent; server persistence/RBAC/audit not inferred; all four widths"
"frontend/src/screens/AdminConfigScreen.tsx:2652","Admin","frontend/src/screens/AdminConfigScreen.tsx","2652","button:button @2652","button","ADMIN or delegated manager","() => setPendingAction({ title: `${access.isActive ? 'Отключить' : 'Восстановить'} доступ${access.factoryName ? `: «${access.factoryName}»` : ' к заводу'}`, description: access.isA","YES","PASS","frontend/e2e/full-ui-interaction-sweep.spec.ts admin-access-lifecycle-isolated; runtime-admin-access-restore-isolated.json + runtime-admin-access-deactivate-isolated.json; exact restore and reason-required disable branches, history Back/Cancel without command, Russian 409 with retained reason, retry, profile/list refresh and browser-memory reload passed on desktop/360/390/430. Synthetic browser-only access; backend authority/persistence/audit/realtime and physical Android Back not inferred; all four widths"
"frontend/src/screens/AdminConfigScreen.tsx:2714","Admin","frontend/src/screens/AdminConfigScreen.tsx","2714","Никому, верхний уровень","select","ADMIN or delegated manager","(event) => setJobTitleParentEdits((current) => ({ ...current, [title.id]: event.target.value }))","NO","PASS","frontend/e2e/full-ui-interaction-sweep.spec.ts admin-existing-job-title-draft-readonly; runtime-admin-existing-job-title-draft-readonly.json; a real existing title changed parent and shift duration only in local state, Save enabled but was not clicked, then focus Back/screen Back and clean reopen restored server values on all four widths; UI-SWEEP-051 layout manually reviewed after fix; all four widths"
"frontend/src/screens/AdminConfigScreen.tsx:2724","Admin","frontend/src/screens/AdminConfigScreen.tsx","2724","12 часов 24 часа / сутки","select","ADMIN or delegated manager","(event) => setJobTitleDurationEdits((current) => ({ ...current, [title.id]: event.target.value }))","NO","PASS","frontend/e2e/full-ui-interaction-sweep.spec.ts admin-existing-job-title-draft-readonly; runtime-admin-existing-job-title-draft-readonly.json; a real existing title changed parent and shift duration only in local state, Save enabled but was not clicked, then focus Back/screen Back and clean reopen restored server values on all four widths; UI-SWEEP-051 layout manually reviewed after fix; all four widths"
"frontend/src/screens/AdminConfigScreen.tsx:2734","Admin","frontend/src/screens/AdminConfigScreen.tsx","2734","Сохранить настройки","button","ADMIN or delegated manager","() => void quickAction(async () => { await apiClient.patch(`/admin/job-titles/${title.id}`, { parentJobTitleId: parentValue || null, shiftDurationHours: Number(durationValue), reas","YES","PASS","frontend/e2e/full-ui-interaction-sweep.spec.ts admin-identity-job-settings-submit-isolated; runtime-admin-identity-job-settings-submit-isolated.json; exact user identity and existing job-title settings payloads each submitted once, then canonical browser-only profile/hierarchy refresh plus reopen retained the result on all four widths; dirty Save reset; UI-SWEEP-070 mobile subnav fixed and reviewed; backend writes absent; server persistence/RBAC/audit not inferred; all four widths"
"frontend/src/screens/AdminConfigScreen.tsx:2761","Admin","frontend/src/screens/AdminConfigScreen.tsx","2761","button:button @2761","button","ADMIN or delegated manager","() => setPendingAction({ title: title.isActive ? `Отключить должность ${title.name}` : `Восстановить должность ${title.name}`, description: 'Должность физически не удаляется и не м","NO","PASS","frontend/e2e/full-ui-interaction-sweep.spec.ts admin-job-title-deactivate-submit-outcome-isolated; runtime-admin-existing-job-title-draft-readonly.json + runtime-admin-job-title-deactivate-submit-outcome-isolated.json; real confirmation Back/Cancel plus synthetic Russian 409 reason retention, exact inactive retry, disabled parent/duration fields, Restore and browser-memory reload are proved on desktop/360/390/430. Backend persistence/hierarchy authority/audit/concurrency are not inferred; all four widths"
"frontend/src/screens/AdminConfigScreen.tsx:2811","Admin","frontend/src/screens/AdminConfigScreen.tsx","2811","Например: Электрик","input","ADMIN or delegated manager","(event) => setJobTitleForm((current) => ({ ...current, name: event.target.value }))","NO","PASS","frontend/e2e/full-ui-interaction-sweep.spec.ts admin-organization-drafts-readonly; runtime-admin-organization-drafts-readonly.json; this exact local job-title field was changed, focus Back blurred first, screen Back left Admin, and reopening proved a clean form on all four widths; create/POST NOT exercised; all four widths"
"frontend/src/screens/AdminConfigScreen.tsx:2814","Admin","frontend/src/screens/AdminConfigScreen.tsx","2814","электрик","input","ADMIN or delegated manager","(event) => setJobTitleForm((current) => ({ ...current, code: event.target.value }))","NO","PASS","frontend/e2e/full-ui-interaction-sweep.spec.ts admin-organization-drafts-readonly; runtime-admin-organization-drafts-readonly.json; this exact local job-title field was changed, focus Back blurred first, screen Back left Admin, and reopening proved a clean form on all four widths; create/POST NOT exercised; all four widths"
"frontend/src/screens/AdminConfigScreen.tsx:2820","Admin","frontend/src/screens/AdminConfigScreen.tsx","2820","select @2820","select","ADMIN or delegated manager","(event) => setJobTitleForm((current) => ({ ...current, baseRole: event.target.value }))","NO","PASS","frontend/e2e/full-ui-interaction-sweep.spec.ts admin-organization-drafts-readonly; runtime-admin-organization-drafts-readonly.json; this exact local job-title field was changed, focus Back blurred first, screen Back left Admin, and reopening proved a clean form on all four widths; create/POST NOT exercised; all four widths"
"frontend/src/screens/AdminConfigScreen.tsx:2825","Admin","frontend/src/screens/AdminConfigScreen.tsx","2825","12 часов 24 часа / сутки","select","ADMIN or delegated manager","(event) => setJobTitleForm((current) => ({ ...current, shiftDurationHours: event.target.value }))","NO","PASS","frontend/e2e/full-ui-interaction-sweep.spec.ts admin-organization-drafts-readonly; runtime-admin-organization-drafts-readonly.json; this exact local job-title field was changed, focus Back blurred first, screen Back left Admin, and reopening proved a clean form on all four widths; create/POST NOT exercised; all four widths"
"frontend/src/screens/AdminConfigScreen.tsx:2834","Admin","frontend/src/screens/AdminConfigScreen.tsx","2834","Без отдела","select","ADMIN or delegated manager","(event) => setJobTitleForm((current) => ({ ...current, departmentId: event.target.value, parentJobTitleId: '' }))","NO","PASS","frontend/e2e/full-ui-interaction-sweep.spec.ts admin-organization-drafts-readonly; runtime-admin-organization-drafts-readonly.json; this exact local job-title field was changed, focus Back blurred first, screen Back left Admin, and reopening proved a clean form on all four widths; create/POST NOT exercised; all four widths"
"frontend/src/screens/AdminConfigScreen.tsx:2843","Admin","frontend/src/screens/AdminConfigScreen.tsx","2843","Никому, верхний уровень","select","ADMIN or delegated manager","(event) => setJobTitleForm((current) => ({ ...current, parentJobTitleId: event.target.value }))","NO","PASS","frontend/e2e/full-ui-interaction-sweep.spec.ts admin-organization-hierarchy-company-readonly; runtime-admin-organization-hierarchy-company-readonly.json; a configured department exposed and selected a real parent job title only in local create state on all four widths; no submit or non-GET request; all four widths"
"frontend/src/screens/AdminConfigScreen.tsx:2852","Admin","frontend/src/screens/AdminConfigScreen.tsx","2852","Например: КИПиА","input","ADMIN or delegated manager","(event) => setJobTitleForm((current) => ({ ...current, permissionPreset: event.target.value }))","NO","PASS","frontend/e2e/full-ui-interaction-sweep.spec.ts admin-organization-drafts-readonly; runtime-admin-organization-drafts-readonly.json; this exact local job-title field was changed, focus Back blurred first, screen Back left Admin, and reopening proved a clean form on all four widths; create/POST NOT exercised; all four widths"
"frontend/src/screens/AdminConfigScreen.tsx:2855","Admin","frontend/src/screens/AdminConfigScreen.tsx","2855","Что делает эта должность","input","ADMIN or delegated manager","(event) => setJobTitleForm((current) => ({ ...current, description: event.target.value }))","NO","PASS","frontend/e2e/full-ui-interaction-sweep.spec.ts admin-organization-drafts-readonly; runtime-admin-organization-drafts-readonly.json; this exact local job-title field was changed, focus Back blurred first, screen Back left Admin, and reopening proved a clean form on all four widths; create/POST NOT exercised; all four widths"
"frontend/src/screens/AdminConfigScreen.tsx:2859","Admin","frontend/src/screens/AdminConfigScreen.tsx","2859","Создать должность","button","ADMIN or delegated manager","() => void createJobTitle()","YES","PASS","frontend/e2e/full-ui-interaction-sweep.spec.ts admin-organization-create-submit-isolated; runtime-admin-organization-create-submit-isolated.json; exact factory-scoped department, job-title and external-company create payloads each submitted once, cleared their forms and survived section reopen through canonical browser-only refreshed read models on all four widths; backend writes absent; server persistence/RBAC/audit not inferred; all four widths"
"frontend/src/screens/AdminConfigScreen.tsx:2869","Admin","frontend/src/screens/AdminConfigScreen.tsx","2869","Например: Персонал Сервис","input","ADMIN or delegated manager","(event) => setExternalCompanyName(event.target.value)","NO","PASS","frontend/e2e/full-ui-interaction-sweep.spec.ts admin-organization-hierarchy-company-readonly; runtime-admin-organization-hierarchy-company-readonly.json; local external-company name enabled Create without clicking, then focus Back/screen Back and clean reopen reset both drafts on all four widths; UI-SWEEP-050 fixture visibility remains a bounded finding; all four widths"
"frontend/src/screens/AdminConfigScreen.tsx:2873","Admin","frontend/src/screens/AdminConfigScreen.tsx","2873","Создать фирму","button","ADMIN or delegated manager","() => void createExternalCompany()","YES","PASS","frontend/e2e/full-ui-interaction-sweep.spec.ts admin-organization-create-submit-isolated; runtime-admin-organization-create-submit-isolated.json; exact factory-scoped department, job-title and external-company create payloads each submitted once, cleared their forms and survived section reopen through canonical browser-only refreshed read models on all four widths; backend writes absent; server persistence/RBAC/audit not inferred; all four widths"
"frontend/src/screens/AdminConfigScreen.tsx:2881","Admin","frontend/src/screens/AdminConfigScreen.tsx","2881","button:button @2881","button","ADMIN or delegated manager","() => setPendingAction({ title: company.isActive ? `Отключить фирму ${company.name}` : `Восстановить фирму ${company.name}`, description: 'Фирма не удаляется физически. История сот","NO","PASS","frontend/e2e/full-ui-interaction-sweep.spec.ts admin-company-deactivate-submit-outcome-isolated; runtime-admin-external-company-confirm-readonly.json + runtime-admin-company-deactivate-submit-outcome-isolated.json; real confirmation Back/Cancel plus synthetic Russian 409 reason retention, exact inactive retry/result and browser-memory reload are proved on desktop/360/390/430; the distinct Restore submit remains separately proved. Backend persistence/authority/audit/concurrency are not inferred; UI-SWEEP-050 remains independently open; all four widths"
"frontend/src/screens/AdminConfigScreen.tsx:2971","Admin","frontend/src/screens/AdminConfigScreen.tsx","2971","select @2971","select","ADMIN or delegated manager","(event) => void selectRolePermissions(event.target.value)","NO","PASS","frontend/e2e/full-ui-interaction-sweep.spec.ts admin-role-permissions-draft-readonly; runtime-admin-role-permissions-draft-readonly.json; a different real role loaded by GET, advanced/search/select-clear/one checkbox changed only the local draft, and the exact preview-only POST returned the server diff on all four widths; PATCH/save was blocked; focus Back, screen Back and clean reopen passed; all four widths"
"frontend/src/screens/AdminConfigScreen.tsx:2974","Admin","frontend/src/screens/AdminConfigScreen.tsx","2974","Предпросмотр","button","ADMIN or delegated manager","() => void previewRolePermissions()","NO","PASS","frontend/e2e/full-ui-interaction-sweep.spec.ts admin-role-permissions-draft-readonly; runtime-admin-role-permissions-draft-readonly.json; a different real role loaded by GET, advanced/search/select-clear/one checkbox changed only the local draft, and the exact preview-only POST returned the server diff on all four widths; PATCH/save was blocked; focus Back, screen Back and clean reopen passed; all four widths"
"frontend/src/screens/AdminConfigScreen.tsx:2975","Admin","frontend/src/screens/AdminConfigScreen.tsx","2975","button:button @2975","button","ADMIN or delegated manager","() => setShowAdvancedPermissions((value) => !value)","NO","PASS","frontend/e2e/full-ui-interaction-sweep.spec.ts admin-role-permissions-draft-readonly; runtime-admin-role-permissions-draft-readonly.json; a different real role loaded by GET, advanced/search/select-clear/one checkbox changed only the local draft, and the exact preview-only POST returned the server diff on all four widths; PATCH/save was blocked; focus Back, screen Back and clean reopen passed; all four widths"
"frontend/src/screens/AdminConfigScreen.tsx:2978","Admin","frontend/src/screens/AdminConfigScreen.tsx","2978","Сохранить матрицу","button","ADMIN or delegated manager","() => setPendingAction({ title: `Сохранить права для ${roleLabel(selectedRole)}`, description: 'Сервер применит проверенную матрицу прав. Работники и наёмные работники не могут пол","YES","PASS","frontend/e2e/full-ui-interaction-sweep.spec.ts admin-role-matrix-submit-isolated; runtime-admin-role-matrix-submit-isolated.json; one visible WORKER permission was selected, exact preview enabled Save, layer Back closed confirmation without PATCH, and exact confirmed payload survived canonical Admin reload plus section reopen on all four widths; writes were browser-intercepted; backend authority, persistence and audit are not inferred; all four widths"
"frontend/src/screens/AdminConfigScreen.tsx:3002","Admin","frontend/src/screens/AdminConfigScreen.tsx","3002","Например: заявки или просмотр","input","ADMIN or delegated manager","(event) => setPermissionSearch(event.target.value)","NO","PASS","frontend/e2e/full-ui-interaction-sweep.spec.ts admin-role-permissions-draft-readonly; runtime-admin-role-permissions-draft-readonly.json; a different real role loaded by GET, advanced/search/select-clear/one checkbox changed only the local draft, and the exact preview-only POST returned the server diff on all four widths; PATCH/save was blocked; focus Back, screen Back and clean reopen passed; all four widths"
"frontend/src/screens/AdminConfigScreen.tsx:3010","Admin","frontend/src/screens/AdminConfigScreen.tsx","3010","Выбрать показанные","button","ADMIN or delegated manager","selectVisiblePermissions","NO","PASS","frontend/e2e/full-ui-interaction-sweep.spec.ts admin-role-permissions-draft-readonly; runtime-admin-role-permissions-draft-readonly.json; a different real role loaded by GET, advanced/search/select-clear/one checkbox changed only the local draft, and the exact preview-only POST returned the server diff on all four widths; PATCH/save was blocked; focus Back, screen Back and clean reopen passed; all four widths"
"frontend/src/screens/AdminConfigScreen.tsx:3011","Admin","frontend/src/screens/AdminConfigScreen.tsx","3011","Очистить показанные","button","ADMIN or delegated manager","clearVisiblePermissions","NO","PASS","frontend/e2e/full-ui-interaction-sweep.spec.ts admin-role-permissions-draft-readonly; runtime-admin-role-permissions-draft-readonly.json; a different real role loaded by GET, advanced/search/select-clear/one checkbox changed only the local draft, and the exact preview-only POST returned the server diff on all four widths; PATCH/save was blocked; focus Back, screen Back and clean reopen passed; all four widths"
"frontend/src/screens/AdminConfigScreen.tsx:3028","Admin","frontend/src/screens/AdminConfigScreen.tsx","3028","input:checkbox @3028","input","ADMIN or delegated manager","() => togglePermission(permission.code)","NO","PASS","frontend/e2e/full-ui-interaction-sweep.spec.ts admin-role-permissions-draft-readonly; runtime-admin-role-permissions-draft-readonly.json; a different real role loaded by GET, advanced/search/select-clear/one checkbox changed only the local draft, and the exact preview-only POST returned the server diff on all four widths; PATCH/save was blocked; focus Back, screen Back and clean reopen passed; all four widths"
"frontend/src/screens/AdminConfigScreen.tsx:3060","Admin","frontend/src/screens/AdminConfigScreen.tsx","3060","Например: Электрики","input","ADMIN or delegated manager","(event) => setDepartmentForm((current) => ({ ...current, name: event.target.value }))","NO","PASS","frontend/e2e/full-ui-interaction-sweep.spec.ts admin-organization-drafts-readonly; runtime-admin-organization-drafts-readonly.json; this exact local department field was changed, focus Back blurred first, screen Back left Admin, and reopening proved a clean form on all four widths; create/POST NOT exercised; all four widths"
"frontend/src/screens/AdminConfigScreen.tsx:3063","Admin","frontend/src/screens/AdminConfigScreen.tsx","3063","электрики","input","ADMIN or delegated manager","(event) => setDepartmentForm((current) => ({ ...current, code: event.target.value }))","NO","PASS","frontend/e2e/full-ui-interaction-sweep.spec.ts admin-organization-drafts-readonly; runtime-admin-organization-drafts-readonly.json; this exact local department field was changed, focus Back blurred first, screen Back left Admin, and reopening proved a clean form on all four widths; create/POST NOT exercised; all four widths"
"frontend/src/screens/AdminConfigScreen.tsx:3069","Admin","frontend/src/screens/AdminConfigScreen.tsx","3069","Локальный отдел Общая служба","select","ADMIN or delegated manager","(event) => setDepartmentForm((current) => ({ ...current, scope: event.target.value }))","NO","PASS","frontend/e2e/full-ui-interaction-sweep.spec.ts admin-organization-drafts-readonly; runtime-admin-organization-drafts-readonly.json; this exact local department field was changed, focus Back blurred first, screen Back left Admin, and reopening proved a clean form on all four widths; create/POST NOT exercised; all four widths"
"frontend/src/screens/AdminConfigScreen.tsx:3076","Admin","frontend/src/screens/AdminConfigScreen.tsx","3076","Создать","button","ADMIN or delegated manager","() => void createDepartment()","YES","PASS","frontend/e2e/full-ui-interaction-sweep.spec.ts admin-organization-create-submit-isolated; runtime-admin-organization-create-submit-isolated.json; exact factory-scoped department, job-title and external-company create payloads each submitted once, cleared their forms and survived section reopen through canonical browser-only refreshed read models on all four widths; backend writes absent; server persistence/RBAC/audit not inferred; all four widths"
"frontend/src/screens/AdminConfigScreen.tsx:3088","Admin","frontend/src/screens/AdminConfigScreen.tsx","3088","Отключение не удаляет историю. Если есть активные связи, сервер применит безопасные ограничения.","button","ADMIN or delegated manager","() => setPendingAction({ title: department.isActive ? `Деактивировать ${department.name}` : `Восстановить ${department.name}`, description: 'Отдел физически не удаляется. История и","NO","PASS","frontend/e2e/full-ui-interaction-sweep.spec.ts admin-department-deactivate-submit-outcome-isolated; runtime-admin-department-confirm-readonly.json + runtime-admin-department-deactivate-submit-outcome-isolated.json; a real active department proves focus/layer Back and Cancel, while a synthetic local department proves Russian 409 reason retention, exact inactive retry payload/result and browser-memory reload on desktop/360/390/430. Backend persistence, department/factory authority, audit and concurrency are not inferred; all four widths"
"frontend/src/screens/AdminConfigScreen.tsx:3136","Admin","frontend/src/screens/AdminConfigScreen.tsx","3136","Например: Пицца Цезарь","input","ADMIN or delegated manager","(event) => setLineForm((current) => ({ ...current, name: event.target.value }))","NO","PASS","frontend/e2e/full-ui-interaction-sweep.spec.ts admin-lines-local-navigation-readonly; runtime-admin-lines-local-navigation-readonly.json; a local unsaved line name enabled Create without clicking it, one real line management panel opened, and Positions/Templates received the exact line context on all four widths; focus Back, screen Back and clean reopen passed; all non-GET Admin requests were blocked; all four widths"
"frontend/src/screens/AdminConfigScreen.tsx:3141","Admin","frontend/src/screens/AdminConfigScreen.tsx","3141","Создать линию","button","ADMIN or delegated manager","() => void createLine()","YES","PASS","frontend/e2e/full-ui-interaction-sweep.spec.ts admin-line-create-rename-position-submit-isolated; runtime-admin-line-create-rename-position-submit-isolated.json; exact line create, rename and line-position create payloads each submitted once and survived canonical browser-only factory-context refresh plus section reopen on all four widths; STOP fixture matched the canonical line status contract; backend writes absent; server persistence/RBAC/audit not inferred; all four widths"
"frontend/src/screens/AdminConfigScreen.tsx:3158","Admin","frontend/src/screens/AdminConfigScreen.tsx","3158","Открыть управление линией: название, позиции, шаблоны и безопасное отключение","button","ADMIN or delegated manager","() => { setExpandedLineId((current) => (current === line.id ? '' : line.id)); setLineEditForm({ lineId: '', name: '' }); }","NO","PASS","frontend/e2e/full-ui-interaction-sweep.spec.ts admin-lines-local-navigation-readonly; runtime-admin-lines-local-navigation-readonly.json; a local unsaved line name enabled Create without clicking it, one real line management panel opened, and Positions/Templates received the exact line context on all four widths; focus Back, screen Back and clean reopen passed; all non-GET Admin requests were blocked; all four widths"
"frontend/src/screens/AdminConfigScreen.tsx:3178","Admin","frontend/src/screens/AdminConfigScreen.tsx","3178","input @3178","input","ADMIN or delegated manager","(event) => setLineEditForm((current) => ({ ...current, name: event.target.value }))","NO","PASS","frontend/e2e/full-ui-interaction-sweep.spec.ts admin-edit-cancel; runtime-admin-edit-cancel.json; draft edit/cancel/reopen only; Save success NOT exercised; all four widths"
"frontend/src/screens/AdminConfigScreen.tsx:3182","Admin","frontend/src/screens/AdminConfigScreen.tsx","3182","Сохранить название","button","ADMIN or delegated manager","() => void updateLineName()","YES","PASS","frontend/e2e/full-ui-interaction-sweep.spec.ts admin-line-create-rename-position-submit-isolated; runtime-admin-line-create-rename-position-submit-isolated.json; exact line create, rename and line-position create payloads each submitted once and survived canonical browser-only factory-context refresh plus section reopen on all four widths; STOP fixture matched the canonical line status contract; backend writes absent; server persistence/RBAC/audit not inferred; all four widths"
"frontend/src/screens/AdminConfigScreen.tsx:3183","Admin","frontend/src/screens/AdminConfigScreen.tsx","3183","Отмена","button","ADMIN or delegated manager","() => setLineEditForm({ lineId: '', name: '' })","NO","PASS","frontend/e2e/full-ui-interaction-sweep.spec.ts admin-edit-cancel; runtime-admin-edit-cancel.json; draft edit/cancel/reopen only; Save success NOT exercised; all four widths"
"frontend/src/screens/AdminConfigScreen.tsx:3188","Admin","frontend/src/screens/AdminConfigScreen.tsx","3188","Переименовать","button","ADMIN or delegated manager","() => setLineEditForm({ lineId: line.id, name: line.name })","NO","PASS","frontend/e2e/full-ui-interaction-sweep.spec.ts admin-edit-cancel; runtime-admin-edit-cancel.json; draft edit/cancel/reopen only; Save success NOT exercised; all four widths"
"frontend/src/screens/AdminConfigScreen.tsx:3196","Admin","frontend/src/screens/AdminConfigScreen.tsx","3196","Позиции линии","button","ADMIN or delegated manager","() => { setPositionForm((current) => ({ ...current, lineId: line.id })); openAdminSection('Позиции на линиях'); }","NO","PASS","frontend/e2e/full-ui-interaction-sweep.spec.ts admin-lines-local-navigation-readonly; runtime-admin-lines-local-navigation-readonly.json; a local unsaved line name enabled Create without clicking it, one real line management panel opened, and Positions/Templates received the exact line context on all four widths; focus Back, screen Back and clean reopen passed; all non-GET Admin requests were blocked; all four widths"
"frontend/src/screens/AdminConfigScreen.tsx:3207","Admin","frontend/src/screens/AdminConfigScreen.tsx","3207","Шаблоны состава","button","ADMIN or delegated manager","() => { setTemplateForm({ templateId: '', lineId: line.id, name: '', items: staffingTemplateDraftItems(line), }); openAdminSection('Шаблоны состава'); }","NO","PASS","frontend/e2e/full-ui-interaction-sweep.spec.ts admin-lines-local-navigation-readonly; runtime-admin-lines-local-navigation-readonly.json; a local unsaved line name enabled Create without clicking it, one real line management panel opened, and Positions/Templates received the exact line context on all four widths; focus Back, screen Back and clean reopen passed; all non-GET Admin requests were blocked; all four widths"
"frontend/src/screens/AdminConfigScreen.tsx:3223","Admin","frontend/src/screens/AdminConfigScreen.tsx","3223","line.deletedAt ? 'Вернуть линию в рабочие списки' : 'Скрыть линию из рабочих списков без удаления истории'","button","ADMIN or delegated manager","() => setPendingAction({ title: line.deletedAt ? `Восстановить линию ${line.name}` : `Отключить линию ${line.name}`, description: 'Линия физически не удаляется. История смен, прост","NO","PASS","frontend/e2e/full-ui-interaction-sweep.spec.ts admin-line-deactivate-submit-outcome-isolated; runtime-admin-line-confirm-readonly.json + runtime-admin-line-deactivate-submit-outcome-isolated.json; real-line focus/layer Back and Cancel plus synthetic stopped-line Russian 409 reason retention, exact inactive retry payload/result and browser-memory reload are proved on desktop/360/390/430. No operational start/stop command is sent; backend persistence, authority, audit and concurrency are not inferred; all four widths"
"frontend/src/screens/AdminConfigScreen.tsx:3279","Admin","frontend/src/screens/AdminConfigScreen.tsx","3279","Выберите линию","select","ADMIN or delegated manager","(event) => setPositionForm((current) => ({ ...current, lineId: event.target.value }))","NO","PASS","frontend/e2e/full-ui-interaction-sweep.spec.ts admin-line-position-draft-readonly; runtime-admin-line-position-draft-readonly.json; this exact local line-position control used a real line, changed local draft state, remained above mobile navigation, then focus Back/screen Back and clean reopen proved reset on all four widths; create/POST NOT exercised; visual checkbox layout reviewed after UI-SWEEP-049; all four widths"
"frontend/src/screens/AdminConfigScreen.tsx:3285","Admin","frontend/src/screens/AdminConfigScreen.tsx","3285","Например: Упаковщик","input","ADMIN or delegated manager","(event) => setPositionForm((current) => ({ ...current, name: event.target.value }))","NO","PASS","frontend/e2e/full-ui-interaction-sweep.spec.ts admin-line-position-draft-readonly; runtime-admin-line-position-draft-readonly.json; this exact local line-position control used a real line, changed local draft state, remained above mobile navigation, then focus Back/screen Back and clean reopen proved reset on all four widths; create/POST NOT exercised; visual checkbox layout reviewed after UI-SWEEP-049; all four widths"
"frontend/src/screens/AdminConfigScreen.tsx:3288","Admin","frontend/src/screens/AdminConfigScreen.tsx","3288","Упаковщик","input","ADMIN or delegated manager","(event) => setPositionForm((current) => ({ ...current, displayName: event.target.value }))","NO","PASS","frontend/e2e/full-ui-interaction-sweep.spec.ts admin-line-position-draft-readonly; runtime-admin-line-position-draft-readonly.json; this exact local line-position control used a real line, changed local draft state, remained above mobile navigation, then focus Back/screen Back and clean reopen proved reset on all four widths; create/POST NOT exercised; visual checkbox layout reviewed after UI-SWEEP-049; all four widths"
"frontend/src/screens/AdminConfigScreen.tsx:3291","Admin","frontend/src/screens/AdminConfigScreen.tsx","3291","упаковка","input","ADMIN or delegated manager","(event) => setPositionForm((current) => ({ ...current, skillCode: event.target.value }))","NO","PASS","frontend/e2e/full-ui-interaction-sweep.spec.ts admin-line-position-draft-readonly; runtime-admin-line-position-draft-readonly.json; this exact local line-position control used a real line, changed local draft state, remained above mobile navigation, then focus Back/screen Back and clean reopen proved reset on all four widths; create/POST NOT exercised; visual checkbox layout reviewed after UI-SWEEP-049; all four widths"
"frontend/src/screens/AdminConfigScreen.tsx:3294","Admin","frontend/src/screens/AdminConfigScreen.tsx","3294","input:number @3294","input","ADMIN or delegated manager","(event) => setPositionForm((current) => ({ ...current, sortOrder: event.target.value }))","NO","PASS","frontend/e2e/full-ui-interaction-sweep.spec.ts admin-line-position-draft-readonly; runtime-admin-line-position-draft-readonly.json; this exact local line-position control used a real line, changed local draft state, remained above mobile navigation, then focus Back/screen Back and clean reopen proved reset on all four widths; create/POST NOT exercised; visual checkbox layout reviewed after UI-SWEEP-049; all four widths"
"frontend/src/screens/AdminConfigScreen.tsx:3297","Admin","frontend/src/screens/AdminConfigScreen.tsx","3297","input:checkbox @3297","input","ADMIN or delegated manager","(event) => setPositionForm((current) => ({ ...current, isExtraSlot: event.target.checked, doesNotAffectShortage: event.target.checked || current.doesNotAffectShortage, }))","NO","PASS","frontend/e2e/full-ui-interaction-sweep.spec.ts admin-line-position-draft-readonly; runtime-admin-line-position-draft-readonly.json; this exact local line-position control used a real line, changed local draft state, remained above mobile navigation, then focus Back/screen Back and clean reopen proved reset on all four widths; create/POST NOT exercised; visual checkbox layout reviewed after UI-SWEEP-049; all four widths"
"frontend/src/screens/AdminConfigScreen.tsx:3309","Admin","frontend/src/screens/AdminConfigScreen.tsx","3309","input:checkbox @3309","input","ADMIN or delegated manager","(event) => setPositionForm((current) => ({ ...current, isFlexibleSkillGroup: event.target.checked }))","NO","PASS","frontend/e2e/full-ui-interaction-sweep.spec.ts admin-line-position-draft-readonly; runtime-admin-line-position-draft-readonly.json; this exact local line-position control used a real line, changed local draft state, remained above mobile navigation, then focus Back/screen Back and clean reopen proved reset on all four widths; create/POST NOT exercised; visual checkbox layout reviewed after UI-SWEEP-049; all four widths"
"frontend/src/screens/AdminConfigScreen.tsx:3317","Admin","frontend/src/screens/AdminConfigScreen.tsx","3317","input:checkbox @3317","input","ADMIN or delegated manager","(event) => setPositionForm((current) => ({ ...current, doesNotAffectShortage: event.target.checked }))","NO","PASS","frontend/e2e/full-ui-interaction-sweep.spec.ts admin-line-position-draft-readonly; runtime-admin-line-position-draft-readonly.json; this exact local line-position control used a real line, changed local draft state, remained above mobile navigation, then focus Back/screen Back and clean reopen proved reset on all four widths; create/POST NOT exercised; visual checkbox layout reviewed after UI-SWEEP-049; all four widths"
"frontend/src/screens/AdminConfigScreen.tsx:3326","Admin","frontend/src/screens/AdminConfigScreen.tsx","3326","Добавить позицию","button","ADMIN or delegated manager","() => void createPosition()","YES","PASS","frontend/e2e/full-ui-interaction-sweep.spec.ts admin-line-create-rename-position-submit-isolated; runtime-admin-line-create-rename-position-submit-isolated.json; exact line create, rename and line-position create payloads each submitted once and survived canonical browser-only factory-context refresh plus section reopen on all four widths; STOP fixture matched the canonical line status contract; backend writes absent; server persistence/RBAC/audit not inferred; all four widths"
"frontend/src/screens/AdminConfigScreen.tsx:3340","Admin","frontend/src/screens/AdminConfigScreen.tsx","3340","button:button @3340","button","ADMIN or delegated manager","() => setPendingAction({ title: position.isActive ? `Отключить позицию ${position.displayName ?? position.name}` : `Восстановить позицию ${position.displayName ?? position.name}`, ","NO","PASS","frontend/e2e/full-ui-interaction-sweep.spec.ts admin-nested-deactivate-submit-outcomes-isolated; runtime-admin-line-position-confirm-readonly.json + runtime-admin-nested-deactivate-submit-outcomes-isolated.json; real confirmation Back/Cancel plus synthetic Russian 409 reason retention, exact inactive retry/result and browser-memory reload are proved on desktop/360/390/430. Backend persistence/authority/audit/concurrency are not inferred; all four widths"
"frontend/src/screens/AdminConfigScreen.tsx:3378","Admin","frontend/src/screens/AdminConfigScreen.tsx","3378","Выберите линию","select","ADMIN or delegated manager","(event) => { const line = (data?.lines ?? []).find((item) => item.id === event.target.value) ?? null; setTemplateForm({ templateId: '', lineId: event.target.value, name: '', items:","NO","PASS","frontend/e2e/full-ui-interaction-sweep.spec.ts admin-staffing-template-local-draft-readonly; runtime-admin-staffing-template-local-draft-readonly.json; real line selection and Duplicate populated the canonical builder as a new local unsaved copy on all four widths; focus/screen Back and clean reopen discarded it; create/save/default POST/PATCH NOT exercised; all four widths"
"frontend/src/screens/AdminConfigScreen.tsx:3392","Admin","frontend/src/screens/AdminConfigScreen.tsx","3392","Утверждённый состав","input","ADMIN or delegated manager","(event) => setTemplateForm((current) => ({ ...current, name: event.target.value }))","NO","PASS","frontend/e2e/full-ui-interaction-sweep.spec.ts admin-template-draft; runtime-admin-template.json; inline edit/cancel, checkbox and each min/plan/max variant checked; Save NOT exercised; all four widths"
"frontend/src/screens/AdminConfigScreen.tsx:3406","Admin","frontend/src/screens/AdminConfigScreen.tsx","3406","`Включить ${item.positionName}`","input","ADMIN or delegated manager","(event) => setTemplateForm((current) => ({ ...current, items: current.items.map((entry, itemIndex) => itemIndex === index ? { ...entry, included: event.target.checked } : entry), }","NO","PASS","frontend/e2e/full-ui-interaction-sweep.spec.ts admin-template-draft; runtime-admin-template.json; inline edit/cancel, checkbox and each min/plan/max variant checked; Save NOT exercised; all four widths"
"frontend/src/screens/AdminConfigScreen.tsx:3419","Admin","frontend/src/screens/AdminConfigScreen.tsx","3419","`${field === 'minRequired' ? 'Минимум' : field === 'defaultPlanned' ? 'План' : 'Максимум'} ${item.positionName}`","input","ADMIN or delegated manager","(event) => setTemplateForm((current) => ({ ...current, items: current.items.map((entry, itemIndex) => itemIndex === index ? { ...entry, [field]: event.target.value } : entry), }))","NO","PASS","frontend/e2e/full-ui-interaction-sweep.spec.ts admin-template-draft; runtime-admin-template.json; inline edit/cancel, checkbox and each min/plan/max variant checked; Save NOT exercised; all four widths"
"frontend/src/screens/AdminConfigScreen.tsx:3441","Admin","frontend/src/screens/AdminConfigScreen.tsx","3441","button:button @3441","button","ADMIN or delegated manager","() => void saveTemplate()","YES","PASS","frontend/e2e/full-ui-interaction-sweep.spec.ts admin-staffing-template-submit-isolated; runtime-admin-staffing-template-submit-isolated.json; one canonical position produced an exact 1/2/3 template payload and refreshed available card, then exact remap preview, layer Back without submit and versioned confirmation survived canonical reload plus section reopen as the main template on all four widths; writes were browser-intercepted; backend persistence, remap authority, concurrency and audit are not inferred; all four widths"
"frontend/src/screens/AdminConfigScreen.tsx:3450","Admin","frontend/src/screens/AdminConfigScreen.tsx","3450","Отмена","button","ADMIN or delegated manager","() => setTemplateForm({ templateId: '', lineId: '', name: '', items: [] })","NO","PASS","frontend/e2e/full-ui-interaction-sweep.spec.ts admin-template-draft; runtime-admin-template.json; inline edit/cancel, checkbox and each min/plan/max variant checked; Save NOT exercised; all four widths"
"frontend/src/screens/AdminConfigScreen.tsx:3464","Admin","frontend/src/screens/AdminConfigScreen.tsx","3464","Редактировать шаблон","button","ADMIN or delegated manager","() => setTemplateForm({ templateId: template.id, lineId: line.id, name: template.name, items: staffingTemplateDraftItems(line, template), })","NO","PASS","frontend/e2e/full-ui-interaction-sweep.spec.ts admin-template-draft; runtime-admin-template.json; inline edit/cancel, checkbox and each min/plan/max variant checked; Save NOT exercised; all four widths"
"frontend/src/screens/AdminConfigScreen.tsx:3476","Admin","frontend/src/screens/AdminConfigScreen.tsx","3476","Дублировать","button","ADMIN or delegated manager","() => duplicateTemplate(line, template)","NO","PASS","frontend/e2e/full-ui-interaction-sweep.spec.ts admin-staffing-template-local-draft-readonly; runtime-admin-staffing-template-local-draft-readonly.json; real line selection and Duplicate populated the canonical builder as a new local unsaved copy on all four widths; focus/screen Back and clean reopen discarded it; create/save/default POST/PATCH NOT exercised; all four widths"
"frontend/src/screens/AdminConfigScreen.tsx:3480","Admin","frontend/src/screens/AdminConfigScreen.tsx","3480","Сделать основным","button","ADMIN or delegated manager","() => void makeTemplateDefault(line, template)","YES","PASS","frontend/e2e/full-ui-interaction-sweep.spec.ts admin-staffing-template-submit-isolated; runtime-admin-staffing-template-submit-isolated.json; one canonical position produced an exact 1/2/3 template payload and refreshed available card, then exact remap preview, layer Back without submit and versioned confirmation survived canonical reload plus section reopen as the main template on all four widths; writes were browser-intercepted; backend persistence, remap authority, concurrency and audit are not inferred; all four widths"
"frontend/src/screens/AdminConfigScreen.tsx:3484","Admin","frontend/src/screens/AdminConfigScreen.tsx","3484","button:button @3484","button","ADMIN or delegated manager","() => setPendingAction({ title: template.isActive ? `Отключить шаблон ${template.name}` : `Восстановить шаблон ${template.name}`, description: 'Шаблон физически не удаляется. Новые","NO","PASS","frontend/e2e/full-ui-interaction-sweep.spec.ts admin-nested-deactivate-submit-outcomes-isolated; runtime-admin-staffing-template-confirm-readonly.json + runtime-admin-nested-deactivate-submit-outcomes-isolated.json; real confirmation Back/Cancel plus synthetic Russian 409 reason retention, exact inactive retry/result and browser-memory reload are proved on desktop/360/390/430. Backend persistence/authority/audit/concurrency are not inferred; all four widths"
"frontend/src/screens/AdminConfigScreen.tsx:3526","Admin","frontend/src/screens/AdminConfigScreen.tsx","3526","Разбор коробов","input","ADMIN or delegated manager","(event) => setWorkAreaForm((current) => ({ ...current, name: event.target.value }))","NO","PASS","frontend/e2e/full-ui-interaction-sweep.spec.ts admin-work-area-drafts-readonly; runtime-admin-work-area-drafts-readonly.json; this exact local work-area field was changed and discarded by screen Back, clean reopen proved reset on all four widths; create/POST NOT exercised; all four widths"
"frontend/src/screens/AdminConfigScreen.tsx:3529","Admin","frontend/src/screens/AdminConfigScreen.tsx","3529","Без отдела","select","ADMIN or delegated manager","(event) => setWorkAreaForm((current) => ({ ...current, departmentId: event.target.value }))","NO","PASS","frontend/e2e/full-ui-interaction-sweep.spec.ts admin-work-area-drafts-readonly; runtime-admin-work-area-drafts-readonly.json; this exact local work-area field was changed and discarded by screen Back, clean reopen proved reset on all four widths; create/POST NOT exercised; all four widths"
"frontend/src/screens/AdminConfigScreen.tsx:3535","Admin","frontend/src/screens/AdminConfigScreen.tsx","3535","Рабочая зона Повременщики","select","ADMIN or delegated manager","(event) => setWorkAreaForm((current) => ({ ...current, assignmentKind: event.target.value as 'WORK_AREA' | 'TIME' }))","NO","PASS","frontend/e2e/full-ui-interaction-sweep.spec.ts admin-work-area-drafts-readonly; runtime-admin-work-area-drafts-readonly.json; this exact local work-area field was changed and discarded by screen Back, clean reopen proved reset on all four widths; create/POST NOT exercised; all four widths"
"frontend/src/screens/AdminConfigScreen.tsx:3541","Admin","frontend/src/screens/AdminConfigScreen.tsx","3541","Для повременщиков и подсобных работ","input","ADMIN or delegated manager","(event) => setWorkAreaForm((current) => ({ ...current, description: event.target.value }))","NO","PASS","frontend/e2e/full-ui-interaction-sweep.spec.ts admin-work-area-drafts-readonly; runtime-admin-work-area-drafts-readonly.json; this exact local work-area field was changed and discarded by screen Back, clean reopen proved reset on all four widths; create/POST NOT exercised; all four widths"
"frontend/src/screens/AdminConfigScreen.tsx:3545","Admin","frontend/src/screens/AdminConfigScreen.tsx","3545","Создать рабочую зону","button","ADMIN or delegated manager","() => void createWorkArea()","YES","PASS","frontend/e2e/full-ui-interaction-sweep.spec.ts admin-work-area-create-position-submit-isolated; runtime-admin-work-area-create-position-submit-isolated.json; exact TIME work-area and work-area-position payloads each submitted once, cleared their fields and survived canonical browser-only factory-context refresh plus section reopen on all four widths; min/plan/max remained 2/3/4; backend writes absent; server persistence/RBAC/audit not inferred; all four widths"
"frontend/src/screens/AdminConfigScreen.tsx:3552","Admin","frontend/src/screens/AdminConfigScreen.tsx","3552","Выберите зону","select","ADMIN or delegated manager","(event) => setWorkAreaPositionForm((current) => ({ ...current, workAreaId: event.target.value }))","NO","PASS","frontend/e2e/full-ui-interaction-sweep.spec.ts admin-work-area-drafts-readonly; runtime-admin-work-area-drafts-readonly.json; this exact position field used a real work-area option, changed local state, survived scroll proof, then focus Back/screen Back and clean reopen proved reset on all four widths; create/POST NOT exercised; all four widths"
"frontend/src/screens/AdminConfigScreen.tsx:3558","Admin","frontend/src/screens/AdminConfigScreen.tsx","3558","Грузчик","input","ADMIN or delegated manager","(event) => setWorkAreaPositionForm((current) => ({ ...current, title: event.target.value }))","NO","PASS","frontend/e2e/full-ui-interaction-sweep.spec.ts admin-work-area-drafts-readonly; runtime-admin-work-area-drafts-readonly.json; this exact position field used a real work-area option, changed local state, survived scroll proof, then focus Back/screen Back and clean reopen proved reset on all four widths; create/POST NOT exercised; all four widths"
"frontend/src/screens/AdminConfigScreen.tsx:3561","Admin","frontend/src/screens/AdminConfigScreen.tsx","3561","input:number @3561","input","ADMIN or delegated manager","(event) => setWorkAreaPositionForm((current) => ({ ...current, minRequired: event.target.value }))","NO","PASS","frontend/e2e/full-ui-interaction-sweep.spec.ts admin-work-area-drafts-readonly; runtime-admin-work-area-drafts-readonly.json; this exact position field used a real work-area option, changed local state, survived scroll proof, then focus Back/screen Back and clean reopen proved reset on all four widths; create/POST NOT exercised; all four widths"
"frontend/src/screens/AdminConfigScreen.tsx:3564","Admin","frontend/src/screens/AdminConfigScreen.tsx","3564","input:number @3564","input","ADMIN or delegated manager","(event) => setWorkAreaPositionForm((current) => ({ ...current, defaultPlanned: event.target.value }))","NO","PASS","frontend/e2e/full-ui-interaction-sweep.spec.ts admin-work-area-drafts-readonly; runtime-admin-work-area-drafts-readonly.json; this exact position field used a real work-area option, changed local state, survived scroll proof, then focus Back/screen Back and clean reopen proved reset on all four widths; create/POST NOT exercised; all four widths"
"frontend/src/screens/AdminConfigScreen.tsx:3567","Admin","frontend/src/screens/AdminConfigScreen.tsx","3567","input:number @3567","input","ADMIN or delegated manager","(event) => setWorkAreaPositionForm((current) => ({ ...current, maxRequired: event.target.value }))","NO","PASS","frontend/e2e/full-ui-interaction-sweep.spec.ts admin-work-area-drafts-readonly; runtime-admin-work-area-drafts-readonly.json; this exact position field used a real work-area option, changed local state, survived scroll proof, then focus Back/screen Back and clean reopen proved reset on all four widths; create/POST NOT exercised; all four widths"
"frontend/src/screens/AdminConfigScreen.tsx:3571","Admin","frontend/src/screens/AdminConfigScreen.tsx","3571","Добавить позицию","button","ADMIN or delegated manager","() => void createWorkAreaPosition()","YES","PASS","frontend/e2e/full-ui-interaction-sweep.spec.ts admin-work-area-create-position-submit-isolated; runtime-admin-work-area-create-position-submit-isolated.json; exact TIME work-area and work-area-position payloads each submitted once, cleared their fields and survived canonical browser-only factory-context refresh plus section reopen on all four widths; min/plan/max remained 2/3/4; backend writes absent; server persistence/RBAC/audit not inferred; all four widths"
"frontend/src/screens/AdminConfigScreen.tsx:3579","Admin","frontend/src/screens/AdminConfigScreen.tsx","3579","button:button @3579","button","ADMIN or delegated manager","() => setPendingAction({ title: area.isActive === false ? `Восстановить зону ${area.name}` : `Отключить зону ${area.name}`, description: 'Рабочая зона физически не удаляется и не с","NO","PASS","frontend/e2e/full-ui-interaction-sweep.spec.ts admin-nested-deactivate-submit-outcomes-isolated; runtime-admin-work-area-confirm-readonly.json + runtime-admin-nested-deactivate-submit-outcomes-isolated.json; real confirmation Back/Cancel plus synthetic Russian 409 reason retention, exact inactive retry/result and browser-memory reload are proved on desktop/360/390/430. Backend persistence/authority/audit/concurrency are not inferred; all four widths"
"frontend/src/screens/AdminConfigScreen.tsx:3600","Admin","frontend/src/screens/AdminConfigScreen.tsx","3600","button:button @3600","button","ADMIN or delegated manager","() => setPendingAction({ title: position.isActive === false ? `Восстановить позицию ${position.title}` : `Отключить позицию ${position.title}`, description: 'Позиция рабочей зоны ф","NO","PASS","frontend/e2e/full-ui-interaction-sweep.spec.ts admin-nested-deactivate-submit-outcomes-isolated; runtime-admin-work-area-confirm-readonly.json + runtime-admin-nested-deactivate-submit-outcomes-isolated.json; real confirmation Back/Cancel plus synthetic Russian 409 reason retention, exact inactive retry/result, canonical dimmed inactive variant and browser-memory reload are proved on desktop/360/390/430 after UI-SWEEP-121. Backend persistence/authority/audit/concurrency are not inferred; all four widths"
"frontend/src/screens/AdminConfigScreen.tsx:3653","Admin","frontend/src/screens/AdminConfigScreen.tsx","3653","Проверить путь сохранения","button","ADMIN or delegated manager","() => void confirmWithPreview( item.preview, { ...settingPayload(data?.settings[item.key]), reason: 'Проверка настроек админки' }, `Сохранить настройки: ${item.title}`, 'Текущие зн","YES","PASS","frontend/e2e/full-ui-interaction-sweep.spec.ts admin-module-settings-save-path-isolated; runtime-admin-module-settings-save-path-isolated.json; controlled current shift settings rendered in the fallback card, exact preview opened protected confirmation, focus/layer Back caused no PATCH, and exact НАСТРОЙКИ confirmation survived canonical Admin reload plus section reopen on all four widths; writes were browser-intercepted; backend persistence, settings authority and audit are not inferred; all four widths"
"frontend/src/screens/AdminConfigScreen.tsx:3714","Admin","frontend/src/screens/AdminConfigScreen.tsx","3714","Обновить","button","ADMIN or delegated manager","() => void load(selectedFactoryId)","NO","PASS","frontend/e2e/full-ui-interaction-sweep.spec.ts admin-recovery-diagnostics-readonly; runtime-admin-recovery-diagnostics-readonly.json; canonical recovery GET returned HTTP 200 and preserved the recovery center on all four widths; no restore or Admin mutation; all four widths"
"frontend/src/screens/AdminConfigScreen.tsx:3745","Admin","frontend/src/screens/AdminConfigScreen.tsx","3745","Восстановить","button","ADMIN or delegated manager","() => setPendingAction({ title: `Восстановить: ${diagnosticDisplayText(item.title, item.typeLabel)}`, description: 'Объект снова появится в рабочих списках выбранного завода. Истор","YES","PASS","frontend/e2e/full-ui-interaction-sweep.spec.ts admin-layers + admin-recovery-submit-outcome-isolated; runtime-admin-layers.json + runtime-admin-recovery-submit-outcome-isolated.json; ordinary Recovery confirmation Browser Back/Cancel without mutation plus controlled Russian 409 retention, exact canonical-reason retry, removed row, zero count and empty-state reload passed on desktop/360/390/430. Synthetic browser-only item; backend restore semantics/persistence/per-type invariants/factory authority/audit/concurrency and physical Android Back are not inferred; diagnostics Restore remains distinct; all four widths"
"frontend/src/screens/AdminConfigScreen.tsx:3773","Admin","frontend/src/screens/AdminConfigScreen.tsx","3773","Открыть диагностику","button","ADMIN or delegated manager","() => openAdminSection('Диагностика данных')","NO","PASS","frontend/e2e/full-ui-interaction-sweep.spec.ts admin-recovery-diagnostics-readonly; runtime-admin-recovery-diagnostics-readonly.json; recovery summary opened canonical Data diagnostics on all four widths without mutation; all four widths"
"frontend/src/screens/AdminConfigScreen.tsx:3793","Admin","frontend/src/screens/AdminConfigScreen.tsx","3793","Обновить","button","ADMIN or delegated manager","() => void load(selectedFactoryId)","NO","PASS","frontend/e2e/full-ui-interaction-sweep.spec.ts admin-recovery-diagnostics-readonly; runtime-admin-recovery-diagnostics-readonly.json; canonical data-hygiene summary GET returned HTTP 200 and preserved diagnostics on all four widths; no cleanup or Admin mutation; all four widths"
"frontend/src/screens/AdminConfigScreen.tsx:3832","Admin","frontend/src/screens/AdminConfigScreen.tsx","3832","Восстановить","button","ADMIN or delegated manager","() => setPendingAction({ title: `Восстановить: ${diagnosticDisplayText(item.title, item.typeLabel)}`, description: 'Запись вернётся в рабочую конфигурацию выбранного завода. Истори","YES","PASS","frontend/e2e/full-ui-interaction-sweep.spec.ts admin-recovery-confirm-retry-readonly; runtime-admin-recovery-confirm-retry-readonly.json; a real diagnostic recovery row opened the canonical confirmation and both layer Back and visible Cancel closed it on all four widths; restore POST NOT exercised; all four widths"
"frontend/src/screens/AdminConfigScreen.tsx:3870","Admin","frontend/src/screens/AdminConfigScreen.tsx","3870","Оставить как есть","button","ADMIN or delegated manager","() => openAdminSection('Восстановление')","YES","PASS","frontend/e2e/full-ui-interaction-sweep.spec.ts admin-recovery-diagnostics-readonly; runtime-admin-recovery-diagnostics-readonly.json; a real diagnostic row navigated to Recovery on all four widths without updating, deleting or restoring the record; all four widths"
"frontend/src/screens/AdminConfigScreen.tsx:3909","Admin","frontend/src/screens/AdminConfigScreen.tsx","3909","Повторить","button","ADMIN or delegated manager","() => void load(selectedFactoryId)","NO","PASS","frontend/e2e/full-ui-interaction-sweep.spec.ts admin-recovery-confirm-retry-readonly; runtime-admin-recovery-confirm-retry-readonly.json; bounded 503 exposed the canonical retry action and a recovered GET loaded /api/admin/overview with HTTP 200 on all four widths; no Admin mutation; all four widths"
"frontend/src/screens/AdminConfigScreen.tsx:3946","Admin","frontend/src/screens/AdminConfigScreen.tsx","3946","button:button @3946","button","ADMIN or delegated manager","() => openAdminSection(item)","NO","PASS","frontend/e2e/full-ui-interaction-sweep.spec.ts deep-readonly; runtime-deep-readonly.json; all four widths"
"frontend/src/screens/AnnouncementsScreen.tsx:406","Announcements","frontend/src/screens/AnnouncementsScreen.tsx","406","Предыдущая страница","button","authorized role for capability","() => movePage(-1)","NO","PASS","frontend/e2e/full-ui-interaction-sweep.spec.ts announcements-page-navigation-readonly; runtime-announcements-page-navigation-readonly.json; browser-only three-page announcement moved photo 1 → photo 2 → text → photo 2 → photo 1 with exact disabled boundaries on desktop/360/390/430; no API mutation; all 12 frames manually reviewed; all four widths"
"frontend/src/screens/AnnouncementsScreen.tsx:408","Announcements","frontend/src/screens/AnnouncementsScreen.tsx","408","Следующая страница","button","authorized role for capability","() => movePage(1)","NO","PASS","frontend/e2e/full-ui-interaction-sweep.spec.ts announcements-page-navigation-readonly; runtime-announcements-page-navigation-readonly.json; browser-only three-page announcement moved photo 1 → photo 2 → text → photo 2 → photo 1 with exact disabled boundaries on desktop/360/390/430; no API mutation; all 12 frames manually reviewed; all four widths"
"frontend/src/screens/AnnouncementsScreen.tsx:413","Announcements","frontend/src/screens/AnnouncementsScreen.tsx","413","button:button @413","button","authorized role for capability","() => void acknowledge(item)","NO","PASS","frontend/e2e/full-ui-interaction-sweep.spec.ts announcements-actions-isolated; runtime-announcements-actions-isolated.json; exact acknowledgement POST carried only a canonical UUID, updated unread/empty state and restored the item through archive GET on desktop/360/390/430. The mutation was browser-intercepted; backend persistence/RBAC/idempotency are not inferred; all four widths"
"frontend/src/screens/AnnouncementsScreen.tsx:429","Announcements","frontend/src/screens/AnnouncementsScreen.tsx","429","Назад","button","authorized role for capability","() => { if (tab !== 'new') openTab('new'); else window.dispatchEvent(new CustomEvent('zavod:navigate', { detail: { screen: 'Shift' } })); }","NO","PASS","frontend/e2e/full-ui-interaction-sweep.spec.ts announcements-readonly; runtime-announcements-readonly.json; screen-level Back from active Новые dispatched canonical navigation to Смена; no announcement mutation; 360/390/430; control hidden in desktop layout by design"
"frontend/src/screens/AnnouncementsScreen.tsx:444","Announcements","frontend/src/screens/AnnouncementsScreen.tsx","444","Архив","button","authorized role for capability","() => openTab('archive')","NO","PASS","frontend/e2e/full-ui-interaction-sweep.spec.ts announcements-readonly; runtime-announcements-readonly.json; mobile archive shortcut and Новые return each completed expected GET; no mutation; 360/390/430; responsive mobile-bar control hidden on desktop by design"
"frontend/src/screens/AnnouncementsScreen.tsx:453","Announcements","frontend/src/screens/AnnouncementsScreen.tsx","453","Новые","button","authorized role for capability","() => openTab('new')","NO","PASS","frontend/e2e/full-ui-interaction-sweep.spec.ts announcements-readonly; runtime-announcements-readonly.json; archive/manage/new tabs and explicit management refresh each reached expected read-only GET; no mutation; all four widths"
"frontend/src/screens/AnnouncementsScreen.tsx:454","Announcements","frontend/src/screens/AnnouncementsScreen.tsx","454","Архив","button","authorized role for capability","() => openTab('archive')","YES","PASS","frontend/e2e/full-ui-interaction-sweep.spec.ts announcements-readonly; runtime-announcements-readonly.json; archive tab GET 200, diagnostic marker absent, exact card detail and browser Back; no read-state mutation; all four widths"
"frontend/src/screens/AnnouncementsScreen.tsx:455","Announcements","frontend/src/screens/AnnouncementsScreen.tsx","455","Управление","button","authorized role for capability","() => openTab('manage')","NO","PASS","frontend/e2e/full-ui-interaction-sweep.spec.ts announcements-readonly; runtime-announcements-readonly.json; management tab GET 200 and diagnostic marker absent; all four widths"
"frontend/src/screens/AnnouncementsScreen.tsx:458","Announcements","frontend/src/screens/AnnouncementsScreen.tsx","458","Создать объявление","button","authorized role for capability","openCreate","YES","PASS","frontend/e2e/full-ui-interaction-sweep.spec.ts announcements-readonly; runtime-announcements-readonly.json; create form local title/text/selected-department draft, preview, browser Back and explicit Cancel; no save/upload mutation; all four widths"
"frontend/src/screens/AnnouncementsScreen.tsx:475","Announcements","frontend/src/screens/AnnouncementsScreen.tsx","475","Архив объявлений","button","authorized role for capability","() => openTab('archive')","YES","PASS","frontend/e2e/full-ui-interaction-sweep.spec.ts announcements-actions-isolated; runtime-announcements-actions-isolated.json; the empty-state Архив объявлений control opened the archive, selected the canonical tab and displayed the acknowledged item on desktop/360/390/430; read requests were browser-intercepted; all four widths"
"frontend/src/screens/AnnouncementsScreen.tsx:491","Announcements","frontend/src/screens/AnnouncementsScreen.tsx","491","button:button @491","button","authorized role for capability","() => setSelected(selected?.id === item.id ? null : item)","NO","PASS","frontend/e2e/full-ui-interaction-sweep.spec.ts announcements-readonly; runtime-announcements-readonly.json; archive card detail opens and browser Back restores selected archive tab; all four widths"
"frontend/src/screens/AnnouncementsScreen.tsx:503","Announcements","frontend/src/screens/AnnouncementsScreen.tsx","503","Создать объявление","button","authorized role for capability","openCreate","NO","PASS","frontend/e2e/full-ui-interaction-sweep.spec.ts announcements-readonly; runtime-announcements-readonly.json; management-local create entry opened the canonical editor and explicit Cancel restored management; no write; all four widths"
"frontend/src/screens/AnnouncementsScreen.tsx:504","Announcements","frontend/src/screens/AnnouncementsScreen.tsx","504","Обновить","button","authorized role for capability","() => void loadManaged()","NO","PASS","frontend/e2e/full-ui-interaction-sweep.spec.ts announcements-readonly; runtime-announcements-readonly.json; archive/manage/new tabs and explicit management refresh each reached expected read-only GET; no mutation; all four widths"
"frontend/src/screens/AnnouncementsScreen.tsx:516","Announcements","frontend/src/screens/AnnouncementsScreen.tsx","516","Журнал ознакомления","button","authorized role for capability","() => void openReport(item)","NO","PASS","frontend/e2e/full-ui-interaction-sweep.spec.ts announcements-readonly; runtime-announcements-readonly.json; acknowledgement report GET, edit title draft, focus-first Back, layer Back and explicit editor Close; no mutation; all four widths"
"frontend/src/screens/AnnouncementsScreen.tsx:517","Announcements","frontend/src/screens/AnnouncementsScreen.tsx","517","Редактировать","button","authorized role for capability","() => openEdit(item)","NO","PASS","frontend/e2e/full-ui-interaction-sweep.spec.ts announcements-readonly; runtime-announcements-readonly.json; acknowledgement report GET, edit title draft, focus-first Back, layer Back and explicit editor Close; no mutation; all four widths"
"frontend/src/screens/AnnouncementsScreen.tsx:518","Announcements","frontend/src/screens/AnnouncementsScreen.tsx","518","В архив","button","authorized role for capability","() => { setSelected(item); setModal('archive'); }","NO","PASS","frontend/e2e/full-ui-interaction-sweep.spec.ts announcements-archive-confirm-readonly; runtime-announcements-archive-confirm-readonly.json; browser-only management card opened the canonical archive confirmation, exact consequence and actions were visible, explicit Cancel, browser Back and header Close restored the same management card on desktop/360/390/430; archive submit was not invoked and no backend mutation occurred; UI-SWEEP-058 fixed; all four widths"
"frontend/src/screens/AnnouncementsScreen.tsx:535","Announcements","frontend/src/screens/AnnouncementsScreen.tsx","535","Закрыть","button","authorized role for capability","closeModal","YES","PASS","frontend/e2e/full-ui-interaction-sweep.spec.ts announcements-readonly; runtime-announcements-readonly.json; acknowledgement report GET, edit title draft, focus-first Back, layer Back and explicit editor Close; no mutation; all four widths"
"frontend/src/screens/AnnouncementsScreen.tsx:540","Announcements","frontend/src/screens/AnnouncementsScreen.tsx","540","input @540","input","authorized role for capability","(event) => setDraft((value) => ({ ...value, title: event.target.value }))","NO","PASS","frontend/e2e/full-ui-interaction-sweep.spec.ts announcements-readonly; runtime-announcements-readonly.json; create form local title/text/selected-department draft, preview, browser Back and explicit Cancel; no save/upload mutation; all four widths"
"frontend/src/screens/AnnouncementsScreen.tsx:544","Announcements","frontend/src/screens/AnnouncementsScreen.tsx","544","Обычное Важно","select","authorized role for capability","(event) => setDraft((value) => ({ ...value, priority: event.target.value }))","NO","PASS","frontend/e2e/full-ui-interaction-sweep.spec.ts announcements-readonly; runtime-announcements-readonly.json; create form local title/text/selected-department draft, preview, browser Back and explicit Cancel; no save/upload mutation; all four widths"
"frontend/src/screens/AnnouncementsScreen.tsx:552","Announcements","frontend/src/screens/AnnouncementsScreen.tsx","552","Весь завод","button","authorized role for capability","() => setDraft((value) => ({ ...value, audienceType: 'FACTORY', departmentIds: [] }))","NO","PASS","frontend/e2e/full-ui-interaction-sweep.spec.ts announcements-readonly; runtime-announcements-readonly.json; create form local title/text/selected-department draft, preview, browser Back and explicit Cancel; no save/upload mutation; all four widths"
"frontend/src/screens/AnnouncementsScreen.tsx:560","Announcements","frontend/src/screens/AnnouncementsScreen.tsx","560","Мой отдел","button","authorized role for capability","() => setDraft((value) => ({ ...value, audienceType: 'MY_DEPARTMENT', departmentIds: [] }))","NO","PASS","frontend/e2e/full-ui-interaction-sweep.spec.ts announcements-readonly; runtime-announcements-readonly.json; create form local title/text/selected-department draft, preview, browser Back and explicit Cancel; no save/upload mutation; all four widths"
"frontend/src/screens/AnnouncementsScreen.tsx:568","Announcements","frontend/src/screens/AnnouncementsScreen.tsx","568","Выбранные отделы","button","authorized role for capability","() => setDraft((value) => ({ ...value, audienceType: 'SELECTED' }))","NO","PASS","frontend/e2e/full-ui-interaction-sweep.spec.ts announcements-readonly; runtime-announcements-readonly.json; create form local title/text/selected-department draft, preview, browser Back and explicit Cancel; no save/upload mutation; all four widths"
"frontend/src/screens/AnnouncementsScreen.tsx:579","Announcements","frontend/src/screens/AnnouncementsScreen.tsx","579","Выбрать все","button","authorized role for capability","() => setDraft((value) => ({ ...value, departmentIds: departments.map((department) => department.id), }))","NO","PASS","frontend/e2e/full-ui-interaction-sweep.spec.ts announcements-readonly; runtime-announcements-readonly.json; create form local title/text/selected-department draft, preview, browser Back and explicit Cancel; no save/upload mutation; all four widths"
"frontend/src/screens/AnnouncementsScreen.tsx:589","Announcements","frontend/src/screens/AnnouncementsScreen.tsx","589","Снять все","button","authorized role for capability","() => setDraft((value) => ({ ...value, departmentIds: [] }))","NO","PASS","frontend/e2e/full-ui-interaction-sweep.spec.ts announcements-readonly; runtime-announcements-readonly.json; create form local title/text/selected-department draft, preview, browser Back and explicit Cancel; no save/upload mutation; all four widths"
"frontend/src/screens/AnnouncementsScreen.tsx:601","Announcements","frontend/src/screens/AnnouncementsScreen.tsx","601","button:button @601","button","authorized role for capability","() => setDraft((value) => ({ ...value, departmentIds: active ? value.departmentIds.filter((id) => id !== department.id) : [...value.departmentIds, department.id], }))","NO","PASS","frontend/e2e/full-ui-interaction-sweep.spec.ts announcements-readonly; runtime-announcements-readonly.json; create form local title/text/selected-department draft, preview, browser Back and explicit Cancel; no save/upload mutation; all four widths"
"frontend/src/screens/AnnouncementsScreen.tsx:627","Announcements","frontend/src/screens/AnnouncementsScreen.tsx","627","input:datetime-local @627","input","authorized role for capability","(event) => setDraft((value) => ({ ...value, visibleUntil: event.target.value }))","NO","PASS","frontend/e2e/full-ui-interaction-sweep.spec.ts announcements-readonly; runtime-announcements-readonly.json; create form local title/text/selected-department draft, preview, browser Back and explicit Cancel; no save/upload mutation; all four widths"
"frontend/src/screens/AnnouncementsScreen.tsx:631","Announcements","frontend/src/screens/AnnouncementsScreen.tsx","631","select @631","select","authorized role for capability","(event) => setDraft((value) => ({ ...value, recurrence: event.target.value as AnnouncementRecurrence, }))","NO","PASS","frontend/e2e/full-ui-interaction-sweep.spec.ts announcements-readonly; runtime-announcements-readonly.json; create form local title/text/selected-department draft, preview, browser Back and explicit Cancel; no save/upload mutation; all four widths"
"frontend/src/screens/AnnouncementsScreen.tsx:645","Announcements","frontend/src/screens/AnnouncementsScreen.tsx","645","textarea @645","textarea","authorized role for capability","(event) => setDraft((value) => ({ ...value, text: event.target.value }))","NO","PASS","frontend/e2e/full-ui-interaction-sweep.spec.ts announcements-readonly; runtime-announcements-readonly.json; create form local title/text/selected-department draft, preview, browser Back and explicit Cancel; no save/upload mutation; all four widths"
"frontend/src/screens/AnnouncementsScreen.tsx:657","Announcements","frontend/src/screens/AnnouncementsScreen.tsx","657","Отмена","button","authorized role for capability","closeModal","NO","PASS","frontend/e2e/full-ui-interaction-sweep.spec.ts announcements-readonly; runtime-announcements-readonly.json; create form local title/text/selected-department draft, preview, browser Back and explicit Cancel; no save/upload mutation; all four widths"
"frontend/src/screens/AnnouncementsScreen.tsx:658","Announcements","frontend/src/screens/AnnouncementsScreen.tsx","658","Сохранить","button","authorized role for capability","() => void saveAnnouncement()","YES","PASS","frontend/e2e/full-ui-interaction-sweep.spec.ts announcements-actions-isolated; runtime-announcements-actions-isolated.json; exact trimmed title/text, canonical audience/recurrence and UUID reached the create handler, then the management card appeared on desktop/360/390/430. The mutation was browser-intercepted; backend persistence/RBAC/idempotency are not inferred; all four widths"
"frontend/src/screens/AnnouncementsScreen.tsx:669","Announcements","frontend/src/screens/AnnouncementsScreen.tsx","669","Закрыть","button","authorized role for capability","closeModal","NO","PASS","frontend/e2e/full-ui-interaction-sweep.spec.ts announcements-archive-confirm-readonly; runtime-announcements-archive-confirm-readonly.json; browser-only management card opened the canonical archive confirmation, exact consequence and actions were visible, explicit Cancel, browser Back and header Close restored the same management card on desktop/360/390/430; archive submit was not invoked and no backend mutation occurred; UI-SWEEP-058 fixed; all four widths"
"frontend/src/screens/AnnouncementsScreen.tsx:673","Announcements","frontend/src/screens/AnnouncementsScreen.tsx","673","Отмена","button","authorized role for capability","closeModal","NO","PASS","frontend/e2e/full-ui-interaction-sweep.spec.ts announcements-archive-confirm-readonly; runtime-announcements-archive-confirm-readonly.json; browser-only management card opened the canonical archive confirmation, exact consequence and actions were visible, explicit Cancel, browser Back and header Close restored the same management card on desktop/360/390/430; archive submit was not invoked and no backend mutation occurred; UI-SWEEP-058 fixed; all four widths"
"frontend/src/screens/AnnouncementsScreen.tsx:674","Announcements","frontend/src/screens/AnnouncementsScreen.tsx","674","В архив","button","authorized role for capability","() => void archiveSelected()","YES","PASS","frontend/e2e/full-ui-interaction-sweep.spec.ts announcements-actions-isolated; runtime-announcements-actions-isolated.json; confirmation submit sent one UUID archive request, removed the action and preserved the item in browser-memory archive after reload on desktop/360/390/430. The mutation was browser-intercepted; backend persistence/RBAC/idempotency are not inferred; all four widths"
"frontend/src/screens/AnnouncementsScreen.tsx:685","Announcements","frontend/src/screens/AnnouncementsScreen.tsx","685","Закрыть","button","authorized role for capability","closeModal","NO","PASS","frontend/e2e/full-ui-interaction-sweep.spec.ts announcements-readonly; runtime-announcements-readonly.json; explicit acknowledgement-report Close restored the management list after GET 200; no mutation; all four widths"
"frontend/src/screens/ArchiveScreen.tsx:317","Archive","frontend/src/screens/ArchiveScreen.tsx","317","input:date @317","input","authorized role for capability","(event) => setDraftFilters((value) => ({ ...value, dateFrom: event.target.value }))","NO","PASS","frontend/e2e/full-ui-interaction-sweep.spec.ts archive-category-outcomes; runtime-archive-categories.json; all live ADMIN categories, query/heading, nested draft discard; applied filters NOT exercised; all four widths"
"frontend/src/screens/ArchiveScreen.tsx:318","Archive","frontend/src/screens/ArchiveScreen.tsx","318","input:date @318","input","authorized role for capability","(event) => setDraftFilters((value) => ({ ...value, dateTo: event.target.value }))","NO","PASS","frontend/e2e/full-ui-interaction-sweep.spec.ts archive-applied-filters; runtime-archive-applied.json; combined query -> empty result -> reopen/reset; individual positive-data predicate proof NOT claimed; all four widths"
"frontend/src/screens/ArchiveScreen.tsx:319","Archive","frontend/src/screens/ArchiveScreen.tsx","319","Название, линия, комментарий","input","authorized role for capability","(event) => setDraftFilters((value) => ({ ...value, search: event.target.value }))","NO","PASS","frontend/e2e/full-ui-interaction-sweep.spec.ts archive-category-outcomes; runtime-archive-categories.json; all live ADMIN categories, query/heading, nested draft discard; applied filters NOT exercised; all four widths"
"frontend/src/screens/ArchiveScreen.tsx:321","Archive","frontend/src/screens/ArchiveScreen.tsx","321","Все линии","select","authorized role for capability","(event) => setDraftFilters((value) => ({ ...value, lineId: event.target.value }))","NO","PASS","frontend/e2e/full-ui-interaction-sweep.spec.ts archive-applied-filters; runtime-archive-applied.json; combined query -> empty result -> reopen/reset; individual positive-data predicate proof NOT claimed; all four widths"
"frontend/src/screens/ArchiveScreen.tsx:326","Archive","frontend/src/screens/ArchiveScreen.tsx","326","Все доступные отделы","select","authorized role for capability","(event) => setDraftFilters((value) => ({ ...value, departmentId: event.target.value }))","NO","PASS","frontend/e2e/full-ui-interaction-sweep.spec.ts archive-applied-filters; runtime-archive-applied.json; combined query -> empty result -> reopen/reset; individual positive-data predicate proof NOT claimed; all four widths"
"frontend/src/screens/ArchiveScreen.tsx:331","Archive","frontend/src/screens/ArchiveScreen.tsx","331","Все чек-листы","select","authorized role for capability","(event) => setDraftFilters((value) => ({ ...value, templateId: event.target.value }))","NO","PASS","frontend/e2e/full-ui-interaction-sweep.spec.ts archive-applied-filters; runtime-archive-applied.json; combined query -> empty result -> reopen/reset; individual positive-data predicate proof NOT claimed; all four widths"
"frontend/src/screens/ArchiveScreen.tsx:336","Archive","frontend/src/screens/ArchiveScreen.tsx","336","Все статусы","select","authorized role for capability","(event) => setDraftFilters((value) => ({ ...value, status: event.target.value }))","NO","PASS","frontend/e2e/full-ui-interaction-sweep.spec.ts archive-applied-filters; runtime-archive-applied.json; combined query -> empty result -> reopen/reset; individual positive-data predicate proof NOT claimed; all four widths"
"frontend/src/screens/ArchiveScreen.tsx:342","Archive","frontend/src/screens/ArchiveScreen.tsx","342","Все типы Срочная Долгая","select","authorized role for capability","(event) => setDraftFilters((value) => ({ ...value, type: event.target.value }))","NO","PASS","frontend/e2e/full-ui-interaction-sweep.spec.ts archive-applied-filters; runtime-archive-applied.json; combined query -> empty result -> reopen/reset; individual positive-data predicate proof NOT claimed; all four widths"
"frontend/src/screens/ArchiveScreen.tsx:343","Archive","frontend/src/screens/ArchiveScreen.tsx","343","Все исполнители","select","authorized role for capability","(event) => setDraftFilters((value) => ({ ...value, assigneeId: event.target.value }))","YES","PASS","frontend/e2e/full-ui-interaction-sweep.spec.ts archive-applied-filters; runtime-archive-applied.json; combined query -> empty result -> reopen/reset; individual positive-data predicate proof NOT claimed; all four widths"
"frontend/src/screens/ArchiveScreen.tsx:344","Archive","frontend/src/screens/ArchiveScreen.tsx","344","Все причины","select","authorized role for capability","(event) => setDraftFilters((value) => ({ ...value, reason: event.target.value }))","NO","PASS","frontend/e2e/full-ui-interaction-sweep.spec.ts archive-applied-filters; runtime-archive-applied.json; combined query -> empty result -> reopen/reset; individual positive-data predicate proof NOT claimed; all four widths"
"frontend/src/screens/ArchiveScreen.tsx:345","Archive","frontend/src/screens/ArchiveScreen.tsx","345","input:checkbox @345","input","authorized role for capability","(event) => setDraftFilters((value) => ({ ...value, downtimeLinkedOnly: event.target.checked }))","NO","PASS","frontend/e2e/full-ui-interaction-sweep.spec.ts archive-applied-filters; runtime-archive-applied.json; combined query -> empty result -> reopen/reset; individual positive-data predicate proof NOT claimed; all four widths"
"frontend/src/screens/ArchiveScreen.tsx:349","Archive","frontend/src/screens/ArchiveScreen.tsx","349","Движения и заявки Израсходовано Пополнено","select","authorized role for capability","(event) => setDraftFilters((value) => ({ ...value, type: event.target.value }))","NO","PASS","frontend/e2e/full-ui-interaction-sweep.spec.ts archive-applied-filters; runtime-archive-applied.json; combined query -> empty result -> reopen/reset; individual positive-data predicate proof NOT claimed; all four widths"
"frontend/src/screens/ArchiveScreen.tsx:352","Archive","frontend/src/screens/ArchiveScreen.tsx","352","Все файлы","select","authorized role for capability","(event) => setDraftFilters((value) => ({ ...value, type: event.target.value }))","NO","PASS","frontend/e2e/full-ui-interaction-sweep.spec.ts archive-applied-filters; runtime-archive-applied.json; combined query -> empty result -> reopen/reset; individual positive-data predicate proof NOT claimed; all four widths"
"frontend/src/screens/ArchiveScreen.tsx:367","Archive","frontend/src/screens/ArchiveScreen.tsx","367","button:button @367","button","authorized role for capability","() => setDowntimeTab(key)","NO","PASS","frontend/e2e/full-ui-interaction-sweep.spec.ts archive-readonly-actions; runtime-archive-readonly-actions.json; exact search GET, summary analytics GETs, export sheet without download, reset GET and layered Back; no writes; all four widths"
"frontend/src/screens/ArchiveScreen.tsx:394","Archive","frontend/src/screens/ArchiveScreen.tsx","394","Уточнить время","button","authorized role for capability","() => setCorrectionTarget(row)","NO","PASS","frontend/e2e/full-ui-interaction-sweep.spec.ts archive-remaining-actions-isolated; runtime-archive-remaining-actions-isolated.json; exact correction entry opened above the summary sheet, preserved a dirty draft through Stay and discarded through the explicit UI flow on desktop/360/390/430. Submit/backend correction was not called; nested browser-history timing remains bounded as UI-SWEEP-047; all four widths"
"frontend/src/screens/ArchiveScreen.tsx:422","Archive","frontend/src/screens/ArchiveScreen.tsx","422","›","button","authorized role for capability","() => selectSection(section.key)","NO","PASS","frontend/e2e/full-ui-interaction-sweep.spec.ts archive-category-outcomes; runtime-archive-categories.json; all live ADMIN categories, query/heading, nested draft discard; applied filters NOT exercised; all four widths"
"frontend/src/screens/ArchiveScreen.tsx:429","Archive","frontend/src/screens/ArchiveScreen.tsx","429","Назад к разделам архива","button","authorized role for capability","goHome","YES","PASS","frontend/e2e/full-ui-interaction-sweep.spec.ts archive-category-outcomes; runtime-archive-categories.json; all live ADMIN categories, query/heading, nested draft discard; applied filters NOT exercised; all four widths"
"frontend/src/screens/ArchiveScreen.tsx:435","Archive","frontend/src/screens/ArchiveScreen.tsx","435","Поиск в архиве","input","authorized role for capability","(event) => setDraftFilters((value) => ({ ...value, search: event.target.value }))","YES","PASS","frontend/e2e/full-ui-interaction-sweep.spec.ts archive-readonly-actions; runtime-archive-readonly-actions.json; exact search GET, summary analytics GETs, export sheet without download, reset GET and layered Back; no writes; all four widths"
"frontend/src/screens/ArchiveScreen.tsx:436","Archive","frontend/src/screens/ArchiveScreen.tsx","436","Найти","button","authorized role for capability","native form interaction","NO","PASS","frontend/e2e/full-ui-interaction-sweep.spec.ts archive-readonly-actions; runtime-archive-readonly-actions.json; exact search GET, summary analytics GETs, export sheet without download, reset GET and layered Back; no writes; all four widths"
"frontend/src/screens/ArchiveScreen.tsx:438","Archive","frontend/src/screens/ArchiveScreen.tsx","438","Фильтры","button","authorized role for capability","() => setFiltersOpen(true)","NO","PASS","frontend/e2e/full-ui-interaction-sweep.spec.ts archive-category-outcomes; runtime-archive-categories.json; all live ADMIN categories, query/heading, nested draft discard; applied filters NOT exercised; all four widths"
"frontend/src/screens/ArchiveScreen.tsx:439","Archive","frontend/src/screens/ArchiveScreen.tsx","439","Сводка","button","authorized role for capability","openSummary","NO","PASS","frontend/e2e/full-ui-interaction-sweep.spec.ts archive-readonly-actions; runtime-archive-readonly-actions.json; exact search GET, summary analytics GETs, export sheet without download, reset GET and layered Back; no writes; all four widths"
"frontend/src/screens/ArchiveScreen.tsx:440","Archive","frontend/src/screens/ArchiveScreen.tsx","440","Экспорт архива","button","authorized role for capability","() => setExportOpen(true)","YES","PASS","frontend/e2e/full-ui-interaction-sweep.spec.ts archive-readonly-actions; runtime-archive-readonly-actions.json; exact search GET, summary analytics GETs, export sheet without download, reset GET and layered Back; no writes; all four widths"
"frontend/src/screens/ArchiveScreen.tsx:444","Archive","frontend/src/screens/ArchiveScreen.tsx","444","Сбросить","button","authorized role for capability","resetFilters","NO","PASS","frontend/e2e/full-ui-interaction-sweep.spec.ts archive-readonly-actions; runtime-archive-readonly-actions.json; exact search GET, summary analytics GETs, export sheet without download, reset GET and layered Back; no writes; all four widths"
"frontend/src/screens/ArchiveScreen.tsx:451","Archive","frontend/src/screens/ArchiveScreen.tsx","451","Сбросить фильтры","button","authorized role for capability","resetFilters","NO","PASS","frontend/e2e/full-ui-interaction-sweep.spec.ts archive-readonly-actions; runtime-archive-readonly-actions.json; exact search GET, summary analytics GETs, export sheet without download, reset GET and layered Back; no writes; all four widths"
"frontend/src/screens/ArchiveScreen.tsx:458","Archive","frontend/src/screens/ArchiveScreen.tsx","458","›","button","authorized role for capability","() => void openItemDetail(item)","NO","PASS","frontend/e2e/full-ui-interaction-sweep.spec.ts archive-details; runtime-archive-details.json; the exact generic record-detail handler reached matching detail endpoints for available source types and restored list/scroll through UI/browser Back on desktop/360/390/430. Empty stock/orders fixtures are not inferred; all four widths"
"frontend/src/screens/ArchiveScreen.tsx:469","Archive","frontend/src/screens/ArchiveScreen.tsx","469","· ›","button","authorized role for capability","() => { listScrollRef.current = window.scrollY; setAttachmentDetail(attachment); }","NO","PASS","frontend/e2e/full-ui-interaction-sweep.spec.ts archive-details + archive-pagination + archive-file-open; exact attachment-detail handler opened first- and second-page records, preserved list/scroll through UI/browser Back and rendered a guarded photo on desktop/360/390/430. Other attachment MIME types/owners are not inferred; all four widths"
"frontend/src/screens/ArchiveScreen.tsx:478","Archive","frontend/src/screens/ArchiveScreen.tsx","478","button:button @478","button","authorized role for capability","() => void loadContent(page + 1, true)","NO","PASS","frontend/e2e/full-ui-interaction-sweep.spec.ts archive-pagination; runtime-archive-pagination.json; exact page+1 handler requested attachment page=2, appended unique rows and preserved the combined list through detail Back on desktop/360/390/430. Other categories/final pages are not inferred; all four widths"
"frontend/src/screens/ArchiveScreen.tsx:482","Archive","frontend/src/screens/ArchiveScreen.tsx","482","Сбросить","button","authorized role for capability","resetFilters","NO","PASS","frontend/e2e/full-ui-interaction-sweep.spec.ts archive-applied-filters; runtime-archive-applied.json; combined query -> empty result -> reopen/reset; individual positive-data predicate proof NOT claimed; all four widths"
"frontend/src/screens/ArchiveScreen.tsx:482","Archive","frontend/src/screens/ArchiveScreen.tsx","482","Показать записи","button","authorized role for capability","applyFilters","NO","PASS","frontend/e2e/full-ui-interaction-sweep.spec.ts archive-applied-filters; runtime-archive-applied.json; combined query -> empty result -> reopen/reset; individual positive-data predicate proof NOT claimed; all four widths"
"frontend/src/screens/ArchiveScreen.tsx:488","Archive","frontend/src/screens/ArchiveScreen.tsx","488","PremiumActionItem @488","custom-clickable","authorized role for capability","() => void exportCurrentXlsx()","NO","PASS","frontend/e2e/full-ui-interaction-sweep.spec.ts archive-downloads; runtime-archive-downloads.json; exact XLSX handler produced non-empty ZIP-signature downloads for tasks and attachments and preserved the selected category on desktop/360/390/430. Other categories/workbook semantics are not inferred; all four widths"
"frontend/src/screens/ArchiveScreen.tsx:489","Archive","frontend/src/screens/ArchiveScreen.tsx","489","PremiumActionItem @489","custom-clickable","authorized role for capability","() => void printCurrentArchive()","YES","PASS","frontend/e2e/full-ui-interaction-sweep.spec.ts archive-remaining-actions-isolated; runtime-archive-remaining-actions-isolated.json; exact print handler fetched the selected browser fixture rows, closed the export sheet, rendered its success notice and called window.print once on desktop/360/390/430. Physical print/PDF output is not inferred; all four widths"
"frontend/src/screens/ArchiveScreen.tsx:490","Archive","frontend/src/screens/ArchiveScreen.tsx","490","PremiumActionItem @490","custom-clickable","authorized role for capability","() => void exportCurrentCsv()","NO","PASS","frontend/e2e/full-ui-interaction-sweep.spec.ts archive-downloads; runtime-archive-downloads.json; exact CSV handler produced non-empty UTF-8 downloads with expected category headers/rows for tasks and attachments and preserved selection on desktop/360/390/430. Other categories are not inferred; all four widths"
"frontend/src/screens/ArchiveScreen.tsx:499","Archive","frontend/src/screens/ArchiveScreen.tsx","499","Открыть исходный раздел","button","authorized role for capability","() => openSource(detail.sourceRoute)","NO","PASS","frontend/e2e/full-ui-interaction-sweep.spec.ts archive-source-navigation; runtime-archive-source.json; exact detail source-route handler opened tasks and defrost with GET 200, closed archive detail and restored the archive catalogue through browser Back on desktop/360/390/430. Other source routes/deep entity selection are not inferred; all four widths"
"frontend/src/screens/ArchiveScreen.tsx:504","Archive","frontend/src/screens/ArchiveScreen.tsx","504","Открыть источник","button","authorized role for capability","() => openSource(attachmentDetail.sourceRoute)","NO","PASS","frontend/e2e/full-ui-interaction-sweep.spec.ts archive-remaining-actions-isolated; runtime-archive-remaining-actions-isolated.json; exact attachment source handler opened Tasks, removed the attachment detail and browser Back restored the Archive catalogue on desktop/360/390/430. Other routes, deep entity selection and source RBAC are not inferred; all four widths"
"frontend/src/screens/BugReportScreen.tsx:239","Bug report","frontend/src/screens/BugReportScreen.tsx","239","select @239","select","current authorized role","(event) => setSection(event.target.value)","NO","PASS","frontend/e2e/full-ui-interaction-sweep.spec.ts report-draft; runtime-report-draft.json; WORKER fields survive Back and reload; submission NOT exercised; all four widths"
"frontend/src/screens/BugReportScreen.tsx:245","Bug report","frontend/src/screens/BugReportScreen.tsx","245","Например: не открывается заявка","input","current authorized role","(event) => setTitle(event.target.value)","NO","PASS","frontend/e2e/full-ui-interaction-sweep.spec.ts report-draft; runtime-report-draft.json; WORKER fields survive Back and reload; submission NOT exercised; all four widths"
"frontend/src/screens/BugReportScreen.tsx:256","Bug report","frontend/src/screens/BugReportScreen.tsx","256","Что нажали, что ожидали увидеть, что произошло. Не вставляйте пароли и секретные данные.","textarea","current authorized role","(event) => setDescription(event.target.value)","NO","PASS","frontend/e2e/full-ui-interaction-sweep.spec.ts report-draft; runtime-report-draft.json; WORKER fields survive Back and reload; submission NOT exercised; all four widths"
"frontend/src/screens/BugReportScreen.tsx:277","Bug report","frontend/src/screens/BugReportScreen.tsx","277","button:button @277","button","current authorized role","() => void submit()","YES","PASS","frontend/e2e/full-ui-interaction-sweep.spec.ts report-submit-status-isolated; runtime-report-submit-status-isolated.json; isolated browser POST/PATCH payloads, success reset/list refresh, status persistence after close/reopen and detail browser Back on desktop/360/390/430. Both mutations were intercepted and no backend write occurred; backend persistence/RBAC are not inferred; all four widths"
"frontend/src/screens/BugReportScreen.tsx:295","Bug report","frontend/src/screens/BugReportScreen.tsx","295","· · ·","button","current authorized role","() => void openReport(report.id)","NO","PASS","frontend/e2e/full-ui-interaction-sweep.spec.ts report-admin-readonly preserved detail evidence; runtime-report-admin-readonly-with-detail-before-fixture-visibility.json; list/detail GET, UI/browser Back and Close on four widths; diagnostic source is now hidden from the ordinary list; no status mutation; all four widths"
"frontend/src/screens/BugReportScreen.tsx:316","Bug report","frontend/src/screens/BugReportScreen.tsx","316","Закрыть окно","button","current authorized role","() => setSelectedReport(null)","NO","PASS","frontend/e2e/full-ui-interaction-sweep.spec.ts report-admin-readonly preserved detail evidence; runtime-report-admin-readonly-with-detail-before-fixture-visibility.json; list/detail GET, UI/browser Back and Close on four widths; diagnostic source is now hidden from the ordinary list; no status mutation; all four widths"
"frontend/src/screens/BugReportScreen.tsx:325","Bug report","frontend/src/screens/BugReportScreen.tsx","325","button:button @325","button","current authorized role","() => void updateStatus(selectedReport, item.value)","YES","PASS","frontend/e2e/full-ui-interaction-sweep.spec.ts report-submit-status-isolated; runtime-report-submit-status-isolated.json; isolated browser POST/PATCH payloads, success reset/list refresh, status persistence after close/reopen and detail browser Back on desktop/360/390/430. Both mutations were intercepted and no backend write occurred; backend persistence/RBAC are not inferred; all four widths"
"frontend/src/screens/ChatsScreen.tsx:1117","Chats","frontend/src/screens/ChatsScreen.tsx","1117","% голос(ов)","button","authorized role for capability","() => void votePoll(message, option.id)","NO","PASS","frontend/e2e/full-ui-interaction-sweep.spec.ts chats-message-actions-submit-isolated; runtime-chats-message-actions-submit-isolated.json; author profile, desktop/mobile message action entry, cancel, existing and quick reactions, copy, reply/remove/send, edit cancel/save, soft delete cancel/confirm, poll vote/create and new-message jump produced their exact browser-memory outcomes on desktop/360/390/430. Backend persistence/RBAC/audit/realtime are not inferred; UI-SWEEP-075/076 fixed and reviewed; all four widths"
"frontend/src/screens/ChatsScreen.tsx:1157","Chats","frontend/src/screens/ChatsScreen.tsx","1157","Личный чат","button","authorized role for capability","() => setModal('direct-chat')","NO","PASS","frontend/e2e/full-ui-interaction-sweep.spec.ts chats-create-direct-submit-isolated; runtime-chats-create-direct-submit-isolated.json; Close/Cancel preserved state, group member remove-add and exact create payload with UUID operationId refreshed the browser-memory list, while direct select/change/reselect and exact POST opened the intended chat on desktop/360/390/430. Backend persistence/RBAC/audit/realtime are not inferred; UI-SWEEP-079/080 fixed and reviewed; all four widths"
"frontend/src/screens/ChatsScreen.tsx:1162","Chats","frontend/src/screens/ChatsScreen.tsx","1162","Создать чат","button","authorized role for capability","() => setModal('create-chat')","YES","PASS","frontend/e2e/full-ui-interaction-sweep.spec.ts chats-create-direct-submit-isolated; runtime-chats-create-direct-submit-isolated.json; Close/Cancel preserved state, group member remove-add and exact create payload with UUID operationId refreshed the browser-memory list, while direct select/change/reselect and exact POST opened the intended chat on desktop/360/390/430. Backend persistence/RBAC/audit/realtime are not inferred; UI-SWEEP-079/080 fixed and reviewed; all four widths"
"frontend/src/screens/ChatsScreen.tsx:1179","Chats","frontend/src/screens/ChatsScreen.tsx","1179","Поиск по чатам","input","authorized role for capability","(event) => setSearch(event.target.value)","NO","PASS","frontend/e2e/full-ui-interaction-sweep.spec.ts chats-readonly; runtime-chats-readonly.json; five local filters and exact-title search/clear across all four widths; no writes; all four widths"
"frontend/src/screens/ChatsScreen.tsx:1183","Chats","frontend/src/screens/ChatsScreen.tsx","1183","Личный чат","button","authorized role for capability","() => setModal('direct-chat')","NO","PASS","frontend/e2e/full-ui-interaction-sweep.spec.ts chats-create-direct-submit-isolated; runtime-chats-create-direct-submit-isolated.json; Close/Cancel preserved state, group member remove-add and exact create payload with UUID operationId refreshed the browser-memory list, while direct select/change/reselect and exact POST opened the intended chat on desktop/360/390/430. Backend persistence/RBAC/audit/realtime are not inferred; UI-SWEEP-079/080 fixed and reviewed; all four widths"
"frontend/src/screens/ChatsScreen.tsx:1188","Chats","frontend/src/screens/ChatsScreen.tsx","1188","Создать чат","button","authorized role for capability","() => setModal('create-chat')","YES","PASS","frontend/e2e/full-ui-interaction-sweep.spec.ts chats-create-direct-submit-isolated; runtime-chats-create-direct-submit-isolated.json; Close/Cancel preserved state, group member remove-add and exact create payload with UUID operationId refreshed the browser-memory list, while direct select/change/reselect and exact POST opened the intended chat on desktop/360/390/430. Backend persistence/RBAC/audit/realtime are not inferred; UI-SWEEP-079/080 fixed and reviewed; all four widths"
"frontend/src/screens/ChatsScreen.tsx:1195","Chats","frontend/src/screens/ChatsScreen.tsx","1195","button:button @1195","button","authorized role for capability","() => setFilter(item.id)","NO","PASS","frontend/e2e/full-ui-interaction-sweep.spec.ts chats-readonly; runtime-chats-readonly.json; five local filters and exact-title search/clear across all four widths; no writes; all four widths"
"frontend/src/screens/ChatsScreen.tsx:1203","Chats","frontend/src/screens/ChatsScreen.tsx","1203","button:button @1203","button","authorized role for capability","() => void openChat(chat.id)","NO","PASS","frontend/e2e/full-ui-interaction-sweep.spec.ts chats-readonly; runtime-chats-readonly.json; exact chat GET, responsive info controls, info tabs/Done, attachment Cancel, emoji category/insert, local composer draft and LIFO Back across all four widths; read POST intercepted; send/upload/reaction mutation NOT exercised; all four widths"
"frontend/src/screens/ChatsScreen.tsx:1228","Chats","frontend/src/screens/ChatsScreen.tsx","1228","К списку чатов","button","authorized role for capability","() => setSelected(null)","NO","PASS","frontend/e2e/full-ui-interaction-sweep.spec.ts chats-readonly; runtime-chats-readonly.json; responsive screen Back closed selected chat and restored list without mutation; 360/390/430; control hidden in desktop layout by design"
"frontend/src/screens/ChatsScreen.tsx:1231","Chats","frontend/src/screens/ChatsScreen.tsx","1231","selected.directUser ? `Профиль: ${selected.directUser.displayName}` : 'Сведения о чате'","button","authorized role for capability","() => { if (selected.directUser) setParticipantProfile(selected.directUser); else { setInfoTab('members'); setModal('info'); } }","NO","PASS","frontend/e2e/full-ui-interaction-sweep.spec.ts chats-info-member-actions-isolated; runtime-chats-info-member-actions-isolated.json; profile/canonical profile, promote/demote, remove cancel-confirm, add, transfer cancel-confirm, leave, archive, block/unblock and hide produced their exact isolated refreshed outcomes on desktop/360/390/430. Backend persistence/RBAC/audit/realtime are not inferred; all four widths"
"frontend/src/screens/ChatsScreen.tsx:1246","Chats","frontend/src/screens/ChatsScreen.tsx","1246","Участники","button","authorized role for capability","() => { setInfoTab('members'); setModal('info'); }","NO","PASS","frontend/e2e/full-ui-interaction-sweep.spec.ts chats-readonly; runtime-chats-readonly.json; exact chat GET, responsive info controls, info tabs/Done, attachment Cancel, emoji category/insert, local composer draft and LIFO Back across all four widths; read POST intercepted; send/upload/reaction mutation NOT exercised; all four widths"
"frontend/src/screens/ChatsScreen.tsx:1255","Chats","frontend/src/screens/ChatsScreen.tsx","1255","Участники","button","authorized role for capability","() => { setInfoTab('members'); setModal('info'); }","NO","PASS","frontend/e2e/full-ui-interaction-sweep.spec.ts chats-readonly; runtime-chats-readonly.json; exact chat GET, responsive info controls, info tabs/Done, attachment Cancel, emoji category/insert, local composer draft and LIFO Back across all four widths; read POST intercepted; send/upload/reaction mutation NOT exercised; all four widths"
"frontend/src/screens/ChatsScreen.tsx:1258","Chats","frontend/src/screens/ChatsScreen.tsx","1258","Обновить","button","authorized role for capability","() => void openChat(selected.id)","NO","PASS","frontend/e2e/full-ui-interaction-sweep.spec.ts chats-readonly; runtime-chats-readonly.json; exact selected-chat GET returned 200 and preserved dialog; desktop; header action hidden in mobile layout by design"
"frontend/src/screens/ChatsScreen.tsx:1306","Chats","frontend/src/screens/ChatsScreen.tsx","1306","`Профиль: ${message.authorProfile.displayName}`","button","authorized role for capability","() => setParticipantProfile(message.authorProfile!)","NO","PASS","frontend/e2e/full-ui-interaction-sweep.spec.ts chats-message-actions-submit-isolated; runtime-chats-message-actions-submit-isolated.json; author profile, desktop/mobile message action entry, cancel, existing and quick reactions, copy, reply/remove/send, edit cancel/save, soft delete cancel/confirm, poll vote/create and new-message jump produced their exact browser-memory outcomes on desktop/360/390/430. Backend persistence/RBAC/audit/realtime are not inferred; UI-SWEEP-075/076 fixed and reviewed; all four widths"
"frontend/src/screens/ChatsScreen.tsx:1315","Chats","frontend/src/screens/ChatsScreen.tsx","1315","div @1315","custom-clickable","authorized role for capability","(event) => { if (isDeleted || (event.target as HTMLElement).closest('button, a, input, audio, video')) return; setSelectedMessage(message); }","YES","PASS","frontend/e2e/full-ui-interaction-sweep.spec.ts chats-message-actions-submit-isolated; runtime-chats-message-actions-submit-isolated.json; author profile, desktop/mobile message action entry, cancel, existing and quick reactions, copy, reply/remove/send, edit cancel/save, soft delete cancel/confirm, poll vote/create and new-message jump produced their exact browser-memory outcomes on desktop/360/390/430. Backend persistence/RBAC/audit/realtime are not inferred; UI-SWEEP-075/076 fixed and reviewed; all four widths"
"frontend/src/screens/ChatsScreen.tsx:1330","Chats","frontend/src/screens/ChatsScreen.tsx","1330","Действия сообщения","button","authorized role for capability","() => setSelectedMessage(message)","NO","PASS","frontend/e2e/full-ui-interaction-sweep.spec.ts chats-message-actions-submit-isolated; runtime-chats-message-actions-submit-isolated.json; author profile, desktop/mobile message action entry, cancel, existing and quick reactions, copy, reply/remove/send, edit cancel/save, soft delete cancel/confirm, poll vote/create and new-message jump produced their exact browser-memory outcomes on desktop/360/390/430. Backend persistence/RBAC/audit/realtime are not inferred; UI-SWEEP-075/076 fixed and reviewed; all four widths"
"frontend/src/screens/ChatsScreen.tsx:1347","Chats","frontend/src/screens/ChatsScreen.tsx","1347","reaction.users?.join(', ') || 'Реакция'","button","authorized role for capability","() => void toggleReaction(message, reaction.emoji)","NO","PASS","frontend/e2e/full-ui-interaction-sweep.spec.ts chats-message-actions-submit-isolated; runtime-chats-message-actions-submit-isolated.json; author profile, desktop/mobile message action entry, cancel, existing and quick reactions, copy, reply/remove/send, edit cancel/save, soft delete cancel/confirm, poll vote/create and new-message jump produced their exact browser-memory outcomes on desktop/360/390/430. Backend persistence/RBAC/audit/realtime are not inferred; UI-SWEEP-075/076 fixed and reviewed; all four widths"
"frontend/src/screens/ChatsScreen.tsx:1366","Chats","frontend/src/screens/ChatsScreen.tsx","1366","Новые сообщения · вниз","button","authorized role for capability","() => { const list = messageListRef.current; if (list) list.scrollTo({ top: list.scrollHeight, behavior: 'smooth' }); atLatestRef.current = true; setNewMessagesCount(0); }","NO","PASS","frontend/e2e/full-ui-interaction-sweep.spec.ts chats-message-actions-submit-isolated; runtime-chats-message-actions-submit-isolated.json; author profile, desktop/mobile message action entry, cancel, existing and quick reactions, copy, reply/remove/send, edit cancel/save, soft delete cancel/confirm, poll vote/create and new-message jump produced their exact browser-memory outcomes on desktop/360/390/430. Backend persistence/RBAC/audit/realtime are not inferred; UI-SWEEP-075/076 fixed and reviewed; all four widths"
"frontend/src/screens/ChatsScreen.tsx:1389","Chats","frontend/src/screens/ChatsScreen.tsx","1389","Убрать","button","authorized role for capability","() => setReplyTo(null)","NO","PASS","frontend/e2e/full-ui-interaction-sweep.spec.ts chats-message-actions-submit-isolated; runtime-chats-message-actions-submit-isolated.json; author profile, desktop/mobile message action entry, cancel, existing and quick reactions, copy, reply/remove/send, edit cancel/save, soft delete cancel/confirm, poll vote/create and new-message jump produced their exact browser-memory outcomes on desktop/360/390/430. Backend persistence/RBAC/audit/realtime are not inferred; UI-SWEEP-075/076 fixed and reviewed; all four widths"
"frontend/src/screens/ChatsScreen.tsx:1393","Chats","frontend/src/screens/ChatsScreen.tsx","1393","Прикрепить","button","authorized role for capability","() => { setShowAttach((value) => !value); setShowEmoji(false); }","NO","PASS","frontend/e2e/full-ui-interaction-sweep.spec.ts chats-readonly; runtime-chats-readonly.json; exact chat GET, responsive info controls, info tabs/Done, attachment Cancel, emoji category/insert, local composer draft and LIFO Back across all four widths; read POST intercepted; send/upload/reaction mutation NOT exercised; all four widths"
"frontend/src/screens/ChatsScreen.tsx:1396","Chats","frontend/src/screens/ChatsScreen.tsx","1396","Сообщение","textarea","authorized role for capability","(event) => { sendAttemptRef.current = null; setMessageText(event.target.value); }","NO","PASS","frontend/e2e/full-ui-interaction-sweep.spec.ts chats-message-actions-submit-isolated; runtime-chats-message-actions-submit-isolated.json; author profile, desktop/mobile message action entry, cancel, existing and quick reactions, copy, reply/remove/send, edit cancel/save, soft delete cancel/confirm, poll vote/create and new-message jump produced their exact browser-memory outcomes on desktop/360/390/430. Backend persistence/RBAC/audit/realtime are not inferred; UI-SWEEP-075/076 fixed and reviewed; all four widths"
"frontend/src/screens/ChatsScreen.tsx:1414","Chats","frontend/src/screens/ChatsScreen.tsx","1414","Эмодзи","button","authorized role for capability","() => { setShowEmoji((value) => !value); setShowAttach(false); }","NO","PASS","frontend/e2e/full-ui-interaction-sweep.spec.ts chats-readonly; runtime-chats-readonly.json; exact chat GET, responsive info controls, info tabs/Done, attachment Cancel, emoji category/insert, local composer draft and LIFO Back across all four widths; read POST intercepted; send/upload/reaction mutation NOT exercised; all four widths"
"frontend/src/screens/ChatsScreen.tsx:1418","Chats","frontend/src/screens/ChatsScreen.tsx","1418","➤ Отправить","button","authorized role for capability","() => void sendMessage()","YES","PASS","frontend/e2e/full-ui-interaction-sweep.spec.ts chats-message-actions-submit-isolated; runtime-chats-message-actions-submit-isolated.json; author profile, desktop/mobile message action entry, cancel, existing and quick reactions, copy, reply/remove/send, edit cancel/save, soft delete cancel/confirm, poll vote/create and new-message jump produced their exact browser-memory outcomes on desktop/360/390/430. Backend persistence/RBAC/audit/realtime are not inferred; UI-SWEEP-075/076 fixed and reviewed; all four widths"
"frontend/src/screens/ChatsScreen.tsx:1423","Chats","frontend/src/screens/ChatsScreen.tsx","1423","Записать голос","button","authorized role for capability","() => void startVoiceRecording()","YES","PASS","frontend/e2e/full-ui-interaction-sweep.spec.ts chats-voice-draft-isolated; runtime-chats-voice-draft-isolated.json; retry, asynchronous cancel, finish, rerecord and remove produced the exact local voice-draft outcomes on desktop/360/390/430. Physical microphone permission/capture and backend upload are not inferred; UI-SWEEP-077/078 fixed and reviewed; all four widths"
"frontend/src/screens/ChatsScreen.tsx:1432","Chats","frontend/src/screens/ChatsScreen.tsx","1432","Отмена","button","authorized role for capability","cancelVoiceRecording","NO","PASS","frontend/e2e/full-ui-interaction-sweep.spec.ts chats-voice-draft-isolated; runtime-chats-voice-draft-isolated.json; retry, asynchronous cancel, finish, rerecord and remove produced the exact local voice-draft outcomes on desktop/360/390/430. Physical microphone permission/capture and backend upload are not inferred; UI-SWEEP-077/078 fixed and reviewed; all four widths"
"frontend/src/screens/ChatsScreen.tsx:1433","Chats","frontend/src/screens/ChatsScreen.tsx","1433","Готово","button","authorized role for capability","stopVoiceRecording","NO","PASS","frontend/e2e/full-ui-interaction-sweep.spec.ts chats-voice-draft-isolated; runtime-chats-voice-draft-isolated.json; retry, asynchronous cancel, finish, rerecord and remove produced the exact local voice-draft outcomes on desktop/360/390/430. Physical microphone permission/capture and backend upload are not inferred; UI-SWEEP-077/078 fixed and reviewed; all four widths"
"frontend/src/screens/ChatsScreen.tsx:1439","Chats","frontend/src/screens/ChatsScreen.tsx","1439","Повторить","button","authorized role for capability","() => void startVoiceRecording()","YES","PASS","frontend/e2e/full-ui-interaction-sweep.spec.ts chats-voice-draft-isolated; runtime-chats-voice-draft-isolated.json; retry, asynchronous cancel, finish, rerecord and remove produced the exact local voice-draft outcomes on desktop/360/390/430. Physical microphone permission/capture and backend upload are not inferred; UI-SWEEP-077/078 fixed and reviewed; all four widths"
"frontend/src/screens/ChatsScreen.tsx:1457","Chats","frontend/src/screens/ChatsScreen.tsx","1457","Перезаписать","button","authorized role for capability","() => void startVoiceRecording()","YES","PASS","frontend/e2e/full-ui-interaction-sweep.spec.ts chats-voice-draft-isolated; runtime-chats-voice-draft-isolated.json; retry, asynchronous cancel, finish, rerecord and remove produced the exact local voice-draft outcomes on desktop/360/390/430. Physical microphone permission/capture and backend upload are not inferred; UI-SWEEP-077/078 fixed and reviewed; all four widths"
"frontend/src/screens/ChatsScreen.tsx:1459","Chats","frontend/src/screens/ChatsScreen.tsx","1459","Убрать","button","authorized role for capability","() => removePendingFile(file)","NO","PASS","frontend/e2e/full-ui-interaction-sweep.spec.ts chats-voice-draft-isolated; runtime-chats-voice-draft-isolated.json; retry, asynchronous cancel, finish, rerecord and remove produced the exact local voice-draft outcomes on desktop/360/390/430. Physical microphone permission/capture and backend upload are not inferred; UI-SWEEP-077/078 fixed and reviewed; all four widths"
"frontend/src/screens/ChatsScreen.tsx:1469","Chats","frontend/src/screens/ChatsScreen.tsx","1469","button:button @1469","button","authorized role for capability","() => setEmojiTab(category.id)","NO","PASS","frontend/e2e/full-ui-interaction-sweep.spec.ts chats-readonly; runtime-chats-readonly.json; exact chat GET, responsive info controls, info tabs/Done, attachment Cancel, emoji category/insert, local composer draft and LIFO Back across all four widths; read POST intercepted; send/upload/reaction mutation NOT exercised; all four widths"
"frontend/src/screens/ChatsScreen.tsx:1476","Chats","frontend/src/screens/ChatsScreen.tsx","1476","button:button @1476","button","authorized role for capability","() => insertEmoji(emoji)","NO","PASS","frontend/e2e/full-ui-interaction-sweep.spec.ts chats-readonly; runtime-chats-readonly.json; exact chat GET, responsive info controls, info tabs/Done, attachment Cancel, emoji category/insert, local composer draft and LIFO Back across all four widths; read POST intercepted; send/upload/reaction mutation NOT exercised; all four widths"
"frontend/src/screens/ChatsScreen.tsx:1502","Chats","frontend/src/screens/ChatsScreen.tsx","1502","📊 Опрос","button","authorized role for capability","() => { setModal('poll'); setShowAttach(false); }","NO","PASS","frontend/e2e/full-ui-interaction-sweep.spec.ts chats-readonly; runtime-chats-readonly.json; poll topic/options/add-remove/three flags/enabled state and Cancel exercised locally; Create NOT executed; all four widths"
"frontend/src/screens/ChatsScreen.tsx:1506","Chats","frontend/src/screens/ChatsScreen.tsx","1506","× Отмена","button","authorized role for capability","() => setShowAttach(false)","NO","PASS","frontend/e2e/full-ui-interaction-sweep.spec.ts chats-readonly; runtime-chats-readonly.json; exact chat GET, responsive info controls, info tabs/Done, attachment Cancel, emoji category/insert, local composer draft and LIFO Back across all four widths; read POST intercepted; send/upload/reaction mutation NOT exercised; all four widths"
"frontend/src/screens/ChatsScreen.tsx:1533","Chats","frontend/src/screens/ChatsScreen.tsx","1533","button:button @1533","button","authorized role for capability","() => void toggleReaction(selectedMessage, emoji)","NO","PASS","frontend/e2e/full-ui-interaction-sweep.spec.ts chats-message-actions-submit-isolated; runtime-chats-message-actions-submit-isolated.json; author profile, desktop/mobile message action entry, cancel, existing and quick reactions, copy, reply/remove/send, edit cancel/save, soft delete cancel/confirm, poll vote/create and new-message jump produced their exact browser-memory outcomes on desktop/360/390/430. Backend persistence/RBAC/audit/realtime are not inferred; UI-SWEEP-075/076 fixed and reviewed; all four widths"
"frontend/src/screens/ChatsScreen.tsx:1537","Chats","frontend/src/screens/ChatsScreen.tsx","1537","Ответить","button","authorized role for capability","() => beginReply(selectedMessage)","NO","PASS","frontend/e2e/full-ui-interaction-sweep.spec.ts chats-message-actions-submit-isolated; runtime-chats-message-actions-submit-isolated.json; author profile, desktop/mobile message action entry, cancel, existing and quick reactions, copy, reply/remove/send, edit cancel/save, soft delete cancel/confirm, poll vote/create and new-message jump produced their exact browser-memory outcomes on desktop/360/390/430. Backend persistence/RBAC/audit/realtime are not inferred; UI-SWEEP-075/076 fixed and reviewed; all four widths"
"frontend/src/screens/ChatsScreen.tsx:1538","Chats","frontend/src/screens/ChatsScreen.tsx","1538","Копировать","button","authorized role for capability","() => void copyMessage(selectedMessage)","NO","PASS","frontend/e2e/full-ui-interaction-sweep.spec.ts chats-message-actions-submit-isolated; runtime-chats-message-actions-submit-isolated.json; author profile, desktop/mobile message action entry, cancel, existing and quick reactions, copy, reply/remove/send, edit cancel/save, soft delete cancel/confirm, poll vote/create and new-message jump produced their exact browser-memory outcomes on desktop/360/390/430. Backend persistence/RBAC/audit/realtime are not inferred; UI-SWEEP-075/076 fixed and reviewed; all four widths"
"frontend/src/screens/ChatsScreen.tsx:1540","Chats","frontend/src/screens/ChatsScreen.tsx","1540","Изменить","button","authorized role for capability","() => beginEdit(selectedMessage)","NO","PASS","frontend/e2e/full-ui-interaction-sweep.spec.ts chats-message-actions-submit-isolated; runtime-chats-message-actions-submit-isolated.json; author profile, desktop/mobile message action entry, cancel, existing and quick reactions, copy, reply/remove/send, edit cancel/save, soft delete cancel/confirm, poll vote/create and new-message jump produced their exact browser-memory outcomes on desktop/360/390/430. Backend persistence/RBAC/audit/realtime are not inferred; UI-SWEEP-075/076 fixed and reviewed; all four widths"
"frontend/src/screens/ChatsScreen.tsx:1543","Chats","frontend/src/screens/ChatsScreen.tsx","1543","Удалить","button","authorized role for capability","() => beginDelete(selectedMessage)","YES","PASS","frontend/e2e/full-ui-interaction-sweep.spec.ts chats-message-actions-submit-isolated; runtime-chats-message-actions-submit-isolated.json; author profile, desktop/mobile message action entry, cancel, existing and quick reactions, copy, reply/remove/send, edit cancel/save, soft delete cancel/confirm, poll vote/create and new-message jump produced their exact browser-memory outcomes on desktop/360/390/430. Backend persistence/RBAC/audit/realtime are not inferred; UI-SWEEP-075/076 fixed and reviewed; all four widths"
"frontend/src/screens/ChatsScreen.tsx:1546","Chats","frontend/src/screens/ChatsScreen.tsx","1546","Отмена","button","authorized role for capability","() => setSelectedMessage(null)","NO","PASS","frontend/e2e/full-ui-interaction-sweep.spec.ts chats-message-actions-submit-isolated; runtime-chats-message-actions-submit-isolated.json; author profile, desktop/mobile message action entry, cancel, existing and quick reactions, copy, reply/remove/send, edit cancel/save, soft delete cancel/confirm, poll vote/create and new-message jump produced their exact browser-memory outcomes on desktop/360/390/430. Backend persistence/RBAC/audit/realtime are not inferred; UI-SWEEP-075/076 fixed and reviewed; all four widths"
"frontend/src/screens/ChatsScreen.tsx:1561","Chats","frontend/src/screens/ChatsScreen.tsx","1561","Закрыть","button","authorized role for capability","() => setParticipantProfile(null)","YES","PASS","frontend/e2e/full-ui-interaction-sweep.spec.ts chats-info-member-actions-isolated; runtime-chats-info-member-actions-isolated.json; profile/canonical profile, promote/demote, remove cancel-confirm, add, transfer cancel-confirm, leave, archive, block/unblock and hide produced their exact isolated refreshed outcomes on desktop/360/390/430. Backend persistence/RBAC/audit/realtime are not inferred; all four widths"
"frontend/src/screens/ChatsScreen.tsx:1562","Chats","frontend/src/screens/ChatsScreen.tsx","1562","Перейти в профиль","button","authorized role for capability","() => openCanonicalProfile(participantProfile)","NO","PASS","frontend/e2e/full-ui-interaction-sweep.spec.ts chats-info-member-actions-isolated; runtime-chats-info-member-actions-isolated.json; profile/canonical profile, promote/demote, remove cancel-confirm, add, transfer cancel-confirm, leave, archive, block/unblock and hide produced their exact isolated refreshed outcomes on desktop/360/390/430. Backend persistence/RBAC/audit/realtime are not inferred; all four widths"
"frontend/src/screens/ChatsScreen.tsx:1573","Chats","frontend/src/screens/ChatsScreen.tsx","1573","Закрыть","button","authorized role for capability","() => setModal(null)","YES","PASS","frontend/e2e/full-ui-interaction-sweep.spec.ts chats-create-direct-submit-isolated; runtime-chats-create-direct-submit-isolated.json; Close/Cancel preserved state, group member remove-add and exact create payload with UUID operationId refreshed the browser-memory list, while direct select/change/reselect and exact POST opened the intended chat on desktop/360/390/430. Backend persistence/RBAC/audit/realtime are not inferred; UI-SWEEP-079/080 fixed and reviewed; all four widths"
"frontend/src/screens/ChatsScreen.tsx:1578","Chats","frontend/src/screens/ChatsScreen.tsx","1578","Группа: Запуск Пицца Рондо","input","authorized role for capability","(event) => setNewChat((draft) => ({ ...draft, title: event.target.value }))","NO","PASS","frontend/e2e/full-ui-interaction-sweep.spec.ts chats-create-direct-submit-isolated; runtime-chats-create-direct-submit-isolated.json; Close/Cancel preserved state, group member remove-add and exact create payload with UUID operationId refreshed the browser-memory list, while direct select/change/reselect and exact POST opened the intended chat on desktop/360/390/430. Backend persistence/RBAC/audit/realtime are not inferred; UI-SWEEP-079/080 fixed and reviewed; all four widths"
"frontend/src/screens/ChatsScreen.tsx:1582","Chats","frontend/src/screens/ChatsScreen.tsx","1582","select @1582","select","authorized role for capability","(event) => setNewChat((draft) => ({ ...draft, type: event.target.value }))","NO","PASS","frontend/e2e/full-ui-interaction-sweep.spec.ts chats-create-direct-submit-isolated; runtime-chats-create-direct-submit-isolated.json; Close/Cancel preserved state, group member remove-add and exact create payload with UUID operationId refreshed the browser-memory list, while direct select/change/reselect and exact POST opened the intended chat on desktop/360/390/430. Backend persistence/RBAC/audit/realtime are not inferred; UI-SWEEP-079/080 fixed and reviewed; all four widths"
"frontend/src/screens/ChatsScreen.tsx:1589","Chats","frontend/src/screens/ChatsScreen.tsx","1589","Выберите отдел","select","authorized role for capability","(event) => setNewChat((draft) => ({ ...draft, departmentId: event.target.value }))","NO","PASS","frontend/e2e/full-ui-interaction-sweep.spec.ts chats-create-direct-submit-isolated; runtime-chats-create-direct-submit-isolated.json; Close/Cancel preserved state, group member remove-add and exact create payload with UUID operationId refreshed the browser-memory list, while direct select/change/reselect and exact POST opened the intended chat on desktop/360/390/430. Backend persistence/RBAC/audit/realtime are not inferred; UI-SWEEP-079/080 fixed and reviewed; all four widths"
"frontend/src/screens/ChatsScreen.tsx:1603","Chats","frontend/src/screens/ChatsScreen.tsx","1603","· убрать","button","authorized role for capability","() => setGroupMemberIds((current) => current.filter((id) => id !== userId))","NO","PASS","frontend/e2e/full-ui-interaction-sweep.spec.ts chats-create-direct-submit-isolated; runtime-chats-create-direct-submit-isolated.json; Close/Cancel preserved state, group member remove-add and exact create payload with UUID operationId refreshed the browser-memory list, while direct select/change/reselect and exact POST opened the intended chat on desktop/360/390/430. Backend persistence/RBAC/audit/realtime are not inferred; UI-SWEEP-079/080 fixed and reviewed; all four widths"
"frontend/src/screens/ChatsScreen.tsx:1626","Chats","frontend/src/screens/ChatsScreen.tsx","1626","Для чего нужен этот чат","textarea","authorized role for capability","(event) => setNewChat((draft) => ({ ...draft, description: event.target.value }))","NO","PASS","frontend/e2e/full-ui-interaction-sweep.spec.ts chats-create-direct-submit-isolated; runtime-chats-create-direct-submit-isolated.json; Close/Cancel preserved state, group member remove-add and exact create payload with UUID operationId refreshed the browser-memory list, while direct select/change/reselect and exact POST opened the intended chat on desktop/360/390/430. Backend persistence/RBAC/audit/realtime are not inferred; UI-SWEEP-079/080 fixed and reviewed; all four widths"
"frontend/src/screens/ChatsScreen.tsx:1629","Chats","frontend/src/screens/ChatsScreen.tsx","1629","input:checkbox @1629","input","authorized role for capability","(event) => setNewChat((draft) => ({ ...draft, isHidden: event.target.checked }))","NO","PASS","frontend/e2e/full-ui-interaction-sweep.spec.ts chats-create-direct-submit-isolated; runtime-chats-create-direct-submit-isolated.json; Close/Cancel preserved state, group member remove-add and exact create payload with UUID operationId refreshed the browser-memory list, while direct select/change/reselect and exact POST opened the intended chat on desktop/360/390/430. Backend persistence/RBAC/audit/realtime are not inferred; UI-SWEEP-079/080 fixed and reviewed; all four widths"
"frontend/src/screens/ChatsScreen.tsx:1634","Chats","frontend/src/screens/ChatsScreen.tsx","1634","Отмена","button","authorized role for capability","() => setModal(null)","NO","PASS","frontend/e2e/full-ui-interaction-sweep.spec.ts chats-create-direct-submit-isolated; runtime-chats-create-direct-submit-isolated.json; Close/Cancel preserved state, group member remove-add and exact create payload with UUID operationId refreshed the browser-memory list, while direct select/change/reselect and exact POST opened the intended chat on desktop/360/390/430. Backend persistence/RBAC/audit/realtime are not inferred; UI-SWEEP-079/080 fixed and reviewed; all four widths"
"frontend/src/screens/ChatsScreen.tsx:1635","Chats","frontend/src/screens/ChatsScreen.tsx","1635","Сохранить","button","authorized role for capability","() => void createChat()","YES","PASS","frontend/e2e/full-ui-interaction-sweep.spec.ts chats-create-direct-submit-isolated; runtime-chats-create-direct-submit-isolated.json; Close/Cancel preserved state, group member remove-add and exact create payload with UUID operationId refreshed the browser-memory list, while direct select/change/reselect and exact POST opened the intended chat on desktop/360/390/430. Backend persistence/RBAC/audit/realtime are not inferred; UI-SWEEP-079/080 fixed and reviewed; all four widths"
"frontend/src/screens/ChatsScreen.tsx:1646","Chats","frontend/src/screens/ChatsScreen.tsx","1646","Закрыть","button","authorized role for capability","() => setModal(null)","YES","PASS","frontend/e2e/full-ui-interaction-sweep.spec.ts chats-create-direct-submit-isolated; runtime-chats-create-direct-submit-isolated.json; Close/Cancel preserved state, group member remove-add and exact create payload with UUID operationId refreshed the browser-memory list, while direct select/change/reselect and exact POST opened the intended chat on desktop/360/390/430. Backend persistence/RBAC/audit/realtime are not inferred; UI-SWEEP-079/080 fixed and reviewed; all four widths"
"frontend/src/screens/ChatsScreen.tsx:1652","Chats","frontend/src/screens/ChatsScreen.tsx","1652","Изменить","button","authorized role for capability","() => setDirectUserId('')","NO","PASS","frontend/e2e/full-ui-interaction-sweep.spec.ts chats-create-direct-submit-isolated; runtime-chats-create-direct-submit-isolated.json; Close/Cancel preserved state, group member remove-add and exact create payload with UUID operationId refreshed the browser-memory list, while direct select/change/reselect and exact POST opened the intended chat on desktop/360/390/430. Backend persistence/RBAC/audit/realtime are not inferred; UI-SWEEP-079/080 fixed and reviewed; all four widths"
"frontend/src/screens/ChatsScreen.tsx:1671","Chats","frontend/src/screens/ChatsScreen.tsx","1671","Отмена","button","authorized role for capability","() => setModal(null)","NO","PASS","frontend/e2e/full-ui-interaction-sweep.spec.ts chats-create-direct-submit-isolated; runtime-chats-create-direct-submit-isolated.json; Close/Cancel preserved state, group member remove-add and exact create payload with UUID operationId refreshed the browser-memory list, while direct select/change/reselect and exact POST opened the intended chat on desktop/360/390/430. Backend persistence/RBAC/audit/realtime are not inferred; UI-SWEEP-079/080 fixed and reviewed; all four widths"
"frontend/src/screens/ChatsScreen.tsx:1672","Chats","frontend/src/screens/ChatsScreen.tsx","1672","Открыть чат","button","authorized role for capability","() => void createDirectChat()","YES","PASS","frontend/e2e/full-ui-interaction-sweep.spec.ts chats-create-direct-submit-isolated; runtime-chats-create-direct-submit-isolated.json; Close/Cancel preserved state, group member remove-add and exact create payload with UUID operationId refreshed the browser-memory list, while direct select/change/reselect and exact POST opened the intended chat on desktop/360/390/430. Backend persistence/RBAC/audit/realtime are not inferred; UI-SWEEP-079/080 fixed and reviewed; all four widths"
"frontend/src/screens/ChatsScreen.tsx:1686","Chats","frontend/src/screens/ChatsScreen.tsx","1686","Закрыть","button","authorized role for capability","() => setModal(null)","YES","PASS","frontend/e2e/full-ui-interaction-sweep.spec.ts chats-info-member-actions-isolated; runtime-chats-info-member-actions-isolated.json; profile/canonical profile, promote/demote, remove cancel-confirm, add, transfer cancel-confirm, leave, archive, block/unblock and hide produced their exact isolated refreshed outcomes on desktop/360/390/430. Backend persistence/RBAC/audit/realtime are not inferred; all four widths"
"frontend/src/screens/ChatsScreen.tsx:1694","Chats","frontend/src/screens/ChatsScreen.tsx","1694","button:button @1694","button","authorized role for capability","() => setInfoTab(item.id)","NO","PASS","frontend/e2e/full-ui-interaction-sweep.spec.ts chats-readonly; runtime-chats-readonly.json; exact chat GET, responsive info controls, info tabs/Done, attachment Cancel, emoji category/insert, local composer draft and LIFO Back across all four widths; read POST intercepted; send/upload/reaction mutation NOT exercised; all four widths"
"frontend/src/screens/ChatsScreen.tsx:1713","Chats","frontend/src/screens/ChatsScreen.tsx","1713","Профиль","button","authorized role for capability","() => { setModal(null); setParticipantProfile({ userId: member.userId!, displayName: member.displayName, roleLabel: member.roleLabel, departmentName: member.departmentName, }); }","NO","PASS","frontend/e2e/full-ui-interaction-sweep.spec.ts chats-info-member-actions-isolated; runtime-chats-info-member-actions-isolated.json; profile/canonical profile, promote/demote, remove cancel-confirm, add, transfer cancel-confirm, leave, archive, block/unblock and hide produced their exact isolated refreshed outcomes on desktop/360/390/430. Backend persistence/RBAC/audit/realtime are not inferred; all four widths"
"frontend/src/screens/ChatsScreen.tsx:1729","Chats","frontend/src/screens/ChatsScreen.tsx","1729","Назначить администратором","button","authorized role for capability","() => void updateMemberRole(member.userId!, 'ADMIN')","YES","PASS","frontend/e2e/full-ui-interaction-sweep.spec.ts chats-info-member-actions-isolated; runtime-chats-info-member-actions-isolated.json; profile/canonical profile, promote/demote, remove cancel-confirm, add, transfer cancel-confirm, leave, archive, block/unblock and hide produced their exact isolated refreshed outcomes on desktop/360/390/430. Backend persistence/RBAC/audit/realtime are not inferred; all four widths"
"frontend/src/screens/ChatsScreen.tsx:1734","Chats","frontend/src/screens/ChatsScreen.tsx","1734","Снять администратора","button","authorized role for capability","() => void updateMemberRole(member.userId!, 'MEMBER')","YES","PASS","frontend/e2e/full-ui-interaction-sweep.spec.ts chats-info-member-actions-isolated; runtime-chats-info-member-actions-isolated.json; profile/canonical profile, promote/demote, remove cancel-confirm, add, transfer cancel-confirm, leave, archive, block/unblock and hide produced their exact isolated refreshed outcomes on desktop/360/390/430. Backend persistence/RBAC/audit/realtime are not inferred; all four widths"
"frontend/src/screens/ChatsScreen.tsx:1739","Chats","frontend/src/screens/ChatsScreen.tsx","1739","Передать управление","button","authorized role for capability","() => setPendingMemberAction({ kind: 'transfer', userId: member.userId!, name: memberLabel(member) })","NO","PASS","frontend/e2e/full-ui-interaction-sweep.spec.ts chats-info-member-actions-isolated; runtime-chats-info-member-actions-isolated.json; profile/canonical profile, promote/demote, remove cancel-confirm, add, transfer cancel-confirm, leave, archive, block/unblock and hide produced their exact isolated refreshed outcomes on desktop/360/390/430. Backend persistence/RBAC/audit/realtime are not inferred; all four widths"
"frontend/src/screens/ChatsScreen.tsx:1747","Chats","frontend/src/screens/ChatsScreen.tsx","1747","Убрать","button","authorized role for capability","() => setPendingMemberAction({ kind: 'remove', userId: member.userId!, name: memberLabel(member) })","NO","PASS","frontend/e2e/full-ui-interaction-sweep.spec.ts chats-info-member-actions-isolated; runtime-chats-info-member-actions-isolated.json; profile/canonical profile, promote/demote, remove cancel-confirm, add, transfer cancel-confirm, leave, archive, block/unblock and hide produced their exact isolated refreshed outcomes on desktop/360/390/430. Backend persistence/RBAC/audit/realtime are not inferred; all four widths"
"frontend/src/screens/ChatsScreen.tsx:1760","Chats","frontend/src/screens/ChatsScreen.tsx","1760","Выберите человека","select","authorized role for capability","(event) => setMemberUserId(event.target.value)","NO","PASS","frontend/e2e/full-ui-interaction-sweep.spec.ts chats-info-member-actions-isolated; runtime-chats-info-member-actions-isolated.json; profile/canonical profile, promote/demote, remove cancel-confirm, add, transfer cancel-confirm, leave, archive, block/unblock and hide produced their exact isolated refreshed outcomes on desktop/360/390/430. Backend persistence/RBAC/audit/realtime are not inferred; all four widths"
"frontend/src/screens/ChatsScreen.tsx:1779","Chats","frontend/src/screens/ChatsScreen.tsx","1779","button:button @1779","button","authorized role for capability","() => void setCommunicationBlock(!selected.communicationBlockedByMe)","YES","PASS","frontend/e2e/full-ui-interaction-sweep.spec.ts chats-info-member-actions-isolated; runtime-chats-info-member-actions-isolated.json; profile/canonical profile, promote/demote, remove cancel-confirm, add, transfer cancel-confirm, leave, archive, block/unblock and hide produced their exact isolated refreshed outcomes on desktop/360/390/430. Backend persistence/RBAC/audit/realtime are not inferred; all four widths"
"frontend/src/screens/ChatsScreen.tsx:1789","Chats","frontend/src/screens/ChatsScreen.tsx","1789","Скрыть у себя","button","authorized role for capability","() => void hideDirectChat()","NO","PASS","frontend/e2e/full-ui-interaction-sweep.spec.ts chats-info-member-actions-isolated; runtime-chats-info-member-actions-isolated.json; profile/canonical profile, promote/demote, remove cancel-confirm, add, transfer cancel-confirm, leave, archive, block/unblock and hide produced their exact isolated refreshed outcomes on desktop/360/390/430. Backend persistence/RBAC/audit/realtime are not inferred; all four widths"
"frontend/src/screens/ChatsScreen.tsx:1796","Chats","frontend/src/screens/ChatsScreen.tsx","1796","Выйти из чата","button","authorized role for capability","() => setPendingMemberAction({ kind: 'leave', name: chatTitle(selected) })","NO","PASS","frontend/e2e/full-ui-interaction-sweep.spec.ts chats-info-member-actions-isolated; runtime-chats-info-member-actions-isolated.json; profile/canonical profile, promote/demote, remove cancel-confirm, add, transfer cancel-confirm, leave, archive, block/unblock and hide produced their exact isolated refreshed outcomes on desktop/360/390/430. Backend persistence/RBAC/audit/realtime are not inferred; all four widths"
"frontend/src/screens/ChatsScreen.tsx:1801","Chats","frontend/src/screens/ChatsScreen.tsx","1801","Архивировать чат","button","authorized role for capability","() => setPendingMemberAction({ kind: 'archive', name: chatTitle(selected) })","YES","PASS","frontend/e2e/full-ui-interaction-sweep.spec.ts chats-info-member-actions-isolated; runtime-chats-info-member-actions-isolated.json; profile/canonical profile, promote/demote, remove cancel-confirm, add, transfer cancel-confirm, leave, archive, block/unblock and hide produced their exact isolated refreshed outcomes on desktop/360/390/430. Backend persistence/RBAC/audit/realtime are not inferred; all four widths"
"frontend/src/screens/ChatsScreen.tsx:1805","Chats","frontend/src/screens/ChatsScreen.tsx","1805","Готово","button","authorized role for capability","() => setModal(null)","NO","PASS","frontend/e2e/full-ui-interaction-sweep.spec.ts chats-readonly; runtime-chats-readonly.json; exact chat GET, responsive info controls, info tabs/Done, attachment Cancel, emoji category/insert, local composer draft and LIFO Back across all four widths; read POST intercepted; send/upload/reaction mutation NOT exercised; all four widths"
"frontend/src/screens/ChatsScreen.tsx:1807","Chats","frontend/src/screens/ChatsScreen.tsx","1807","Добавить","button","authorized role for capability","() => void addMember()","NO","PASS","frontend/e2e/full-ui-interaction-sweep.spec.ts chats-info-member-actions-isolated; runtime-chats-info-member-actions-isolated.json; profile/canonical profile, promote/demote, remove cancel-confirm, add, transfer cancel-confirm, leave, archive, block/unblock and hide produced their exact isolated refreshed outcomes on desktop/360/390/430. Backend persistence/RBAC/audit/realtime are not inferred; all four widths"
"frontend/src/screens/ChatsScreen.tsx:1819","Chats","frontend/src/screens/ChatsScreen.tsx","1819","Закрыть","button","authorized role for capability","() => setModal(null)","YES","PASS","frontend/e2e/full-ui-interaction-sweep.spec.ts chats-message-actions-submit-isolated; runtime-chats-message-actions-submit-isolated.json; author profile, desktop/mobile message action entry, cancel, existing and quick reactions, copy, reply/remove/send, edit cancel/save, soft delete cancel/confirm, poll vote/create and new-message jump produced their exact browser-memory outcomes on desktop/360/390/430. Backend persistence/RBAC/audit/realtime are not inferred; UI-SWEEP-075/076 fixed and reviewed; all four widths"
"frontend/src/screens/ChatsScreen.tsx:1824","Chats","frontend/src/screens/ChatsScreen.tsx","1824","Что нужно решить?","input","authorized role for capability","(event) => setPollDraft((draft) => ({ ...draft, question: event.target.value }))","NO","PASS","frontend/e2e/full-ui-interaction-sweep.spec.ts chats-readonly; runtime-chats-readonly.json; poll topic/options/add-remove/three flags/enabled state and Cancel exercised locally; Create NOT executed; all four widths"
"frontend/src/screens/ChatsScreen.tsx:1830","Chats","frontend/src/screens/ChatsScreen.tsx","1830","`Вариант ${index + 1}`","input","authorized role for capability","(event) => setPollDraft((draft) => ({ ...draft, options: draft.options.map((item, itemIndex) => itemIndex === index ? event.target.value : item) }))","NO","PASS","frontend/e2e/full-ui-interaction-sweep.spec.ts chats-readonly; runtime-chats-readonly.json; poll topic/options/add-remove/three flags/enabled state and Cancel exercised locally; Create NOT executed; all four widths"
"frontend/src/screens/ChatsScreen.tsx:1831","Chats","frontend/src/screens/ChatsScreen.tsx","1831","Убрать","button","authorized role for capability","() => setPollDraft((draft) => ({ ...draft, options: draft.options.filter((_item, itemIndex) => itemIndex !== index) }))","NO","PASS","frontend/e2e/full-ui-interaction-sweep.spec.ts chats-readonly; runtime-chats-readonly.json; poll topic/options/add-remove/three flags/enabled state and Cancel exercised locally; Create NOT executed; all four widths"
"frontend/src/screens/ChatsScreen.tsx:1836","Chats","frontend/src/screens/ChatsScreen.tsx","1836","Добавить вариант","button","authorized role for capability","() => setPollDraft((draft) => ({ ...draft, options: [...draft.options, ''] }))","NO","PASS","frontend/e2e/full-ui-interaction-sweep.spec.ts chats-readonly; runtime-chats-readonly.json; poll topic/options/add-remove/three flags/enabled state and Cancel exercised locally; Create NOT executed; all four widths"
"frontend/src/screens/ChatsScreen.tsx:1841","Chats","frontend/src/screens/ChatsScreen.tsx","1841","input:checkbox @1841","input","authorized role for capability","(event) => setPollDraft((draft) => ({ ...draft, anonymous: event.target.checked }))","NO","PASS","frontend/e2e/full-ui-interaction-sweep.spec.ts chats-readonly; runtime-chats-readonly.json; poll topic/options/add-remove/three flags/enabled state and Cancel exercised locally; Create NOT executed; all four widths"
"frontend/src/screens/ChatsScreen.tsx:1845","Chats","frontend/src/screens/ChatsScreen.tsx","1845","input:checkbox @1845","input","authorized role for capability","(event) => setPollDraft((draft) => ({ ...draft, multipleChoice: event.target.checked }))","NO","PASS","frontend/e2e/full-ui-interaction-sweep.spec.ts chats-readonly; runtime-chats-readonly.json; poll topic/options/add-remove/three flags/enabled state and Cancel exercised locally; Create NOT executed; all four widths"
"frontend/src/screens/ChatsScreen.tsx:1849","Chats","frontend/src/screens/ChatsScreen.tsx","1849","input:checkbox @1849","input","authorized role for capability","(event) => setPollDraft((draft) => ({ ...draft, preventRevote: event.target.checked }))","NO","PASS","frontend/e2e/full-ui-interaction-sweep.spec.ts chats-readonly; runtime-chats-readonly.json; poll topic/options/add-remove/three flags/enabled state and Cancel exercised locally; Create NOT executed; all four widths"
"frontend/src/screens/ChatsScreen.tsx:1854","Chats","frontend/src/screens/ChatsScreen.tsx","1854","Отмена","button","authorized role for capability","() => setModal(null)","NO","PASS","frontend/e2e/full-ui-interaction-sweep.spec.ts chats-readonly; runtime-chats-readonly.json; poll topic/options/add-remove/three flags/enabled state and Cancel exercised locally; Create NOT executed; all four widths"
"frontend/src/screens/ChatsScreen.tsx:1855","Chats","frontend/src/screens/ChatsScreen.tsx","1855","Создать","button","authorized role for capability","() => void createPoll()","YES","PASS","frontend/e2e/full-ui-interaction-sweep.spec.ts chats-message-actions-submit-isolated; runtime-chats-message-actions-submit-isolated.json; author profile, desktop/mobile message action entry, cancel, existing and quick reactions, copy, reply/remove/send, edit cancel/save, soft delete cancel/confirm, poll vote/create and new-message jump produced their exact browser-memory outcomes on desktop/360/390/430. Backend persistence/RBAC/audit/realtime are not inferred; UI-SWEEP-075/076 fixed and reviewed; all four widths"
"frontend/src/screens/ChatsScreen.tsx:1899","Chats","frontend/src/screens/ChatsScreen.tsx","1899","Текст сообщения","textarea","authorized role for capability","(event) => setEditText(event.target.value)","NO","PASS","frontend/e2e/full-ui-interaction-sweep.spec.ts chats-message-actions-submit-isolated; runtime-chats-message-actions-submit-isolated.json; author profile, desktop/mobile message action entry, cancel, existing and quick reactions, copy, reply/remove/send, edit cancel/save, soft delete cancel/confirm, poll vote/create and new-message jump produced their exact browser-memory outcomes on desktop/360/390/430. Backend persistence/RBAC/audit/realtime are not inferred; UI-SWEEP-075/076 fixed and reviewed; all four widths"
"frontend/src/screens/ChatsScreen.tsx:1901","Chats","frontend/src/screens/ChatsScreen.tsx","1901","Отмена","button","authorized role for capability","() => { setSelectedMessage(null); setEditText(''); setModal(null); }","NO","PASS","frontend/e2e/full-ui-interaction-sweep.spec.ts chats-message-actions-submit-isolated; runtime-chats-message-actions-submit-isolated.json; author profile, desktop/mobile message action entry, cancel, existing and quick reactions, copy, reply/remove/send, edit cancel/save, soft delete cancel/confirm, poll vote/create and new-message jump produced their exact browser-memory outcomes on desktop/360/390/430. Backend persistence/RBAC/audit/realtime are not inferred; UI-SWEEP-075/076 fixed and reviewed; all four widths"
"frontend/src/screens/ChatsScreen.tsx:1902","Chats","frontend/src/screens/ChatsScreen.tsx","1902","Сохранить","button","authorized role for capability","() => void editMessage()","YES","PASS","frontend/e2e/full-ui-interaction-sweep.spec.ts chats-message-actions-submit-isolated; runtime-chats-message-actions-submit-isolated.json; author profile, desktop/mobile message action entry, cancel, existing and quick reactions, copy, reply/remove/send, edit cancel/save, soft delete cancel/confirm, poll vote/create and new-message jump produced their exact browser-memory outcomes on desktop/360/390/430. Backend persistence/RBAC/audit/realtime are not inferred; UI-SWEEP-075/076 fixed and reviewed; all four widths"
"frontend/src/screens/ChatsScreen.tsx:1914","Chats","frontend/src/screens/ChatsScreen.tsx","1914","Отмена","button","authorized role for capability","() => setModal(null)","NO","PASS","frontend/e2e/full-ui-interaction-sweep.spec.ts chats-message-actions-submit-isolated; runtime-chats-message-actions-submit-isolated.json; author profile, desktop/mobile message action entry, cancel, existing and quick reactions, copy, reply/remove/send, edit cancel/save, soft delete cancel/confirm, poll vote/create and new-message jump produced their exact browser-memory outcomes on desktop/360/390/430. Backend persistence/RBAC/audit/realtime are not inferred; UI-SWEEP-075/076 fixed and reviewed; all four widths"
"frontend/src/screens/ChatsScreen.tsx:1915","Chats","frontend/src/screens/ChatsScreen.tsx","1915","В архив","button","authorized role for capability","() => void deleteMessage()","YES","PASS","frontend/e2e/full-ui-interaction-sweep.spec.ts chats-message-actions-submit-isolated; runtime-chats-message-actions-submit-isolated.json; author profile, desktop/mobile message action entry, cancel, existing and quick reactions, copy, reply/remove/send, edit cancel/save, soft delete cancel/confirm, poll vote/create and new-message jump produced their exact browser-memory outcomes on desktop/360/390/430. Backend persistence/RBAC/audit/realtime are not inferred; UI-SWEEP-075/076 fixed and reviewed; all four widths"
"frontend/src/screens/ChecklistsScreen.tsx:1686","Checklists","frontend/src/screens/ChecklistsScreen.tsx","1686","из пунктов Открыть прохождение","button","authorized role for capability","() => { setShowArchiveFilters(false); setSelectedRun(run); }","YES","PASS","frontend/e2e/full-ui-interaction-sweep.spec.ts checklists-archive-template-submit-isolated; runtime-checklists-archive-template-submit-isolated.json; browser-memory history occurrence and return, manual close, completed-run and archive-sheet run opens, exact row reorder PATCHes, active-template version save, template start, empty preview close, archive detail/PDF and restore passed on desktop/360/390/430. All writes were intercepted; backend persistence/RBAC/audit/file contents are not inferred; UI-SWEEP-074 fixed and rechecked; all four widths"
"frontend/src/screens/ChecklistsScreen.tsx:1738","Checklists","frontend/src/screens/ChecklistsScreen.tsx","1738","button:button @1738","button","authorized role for capability","() => run.status === 'PAUSED' ? setModal({ mode: 'resume', title: 'Возобновить чек-лист', run }) : setSelectedRun(run)","NO","PASS","frontend/e2e/full-ui-interaction-sweep.spec.ts checklists-runner-submit-isolated; runtime-checklists-runner-submit-isolated.json; active/paused run open, runner/UI Back, exact LEGACY/YES_NO_NA/TEXT/NUMBER/SELECT payloads, required/optional comments, failed-save retry, sticky row navigation, pause/resume, final review/back/missing-row jump, periodic return and manual close passed on desktop/360/390/430. All writes were intercepted in browser memory; backend persistence/RBAC/audit/idempotency are not inferred; all four widths"
"frontend/src/screens/ChecklistsScreen.tsx:1748","Checklists","frontend/src/screens/ChecklistsScreen.tsx","1748","Подробнее","button","authorized role for capability","() => void openChecklistDetail({ kind: 'run', run })","NO","PASS","frontend/e2e/full-ui-interaction-sweep.spec.ts checklists-archive-template-submit-isolated; runtime-checklists-archive-template-submit-isolated.json; browser-memory history occurrence and return, manual close, completed-run and archive-sheet run opens, exact row reorder PATCHes, active-template version save, template start, empty preview close, archive detail/PDF and restore passed on desktop/360/390/430. All writes were intercepted; backend persistence/RBAC/audit/file contents are not inferred; UI-SWEEP-074 fixed and rechecked; all four widths"
"frontend/src/screens/ChecklistsScreen.tsx:1763","Checklists","frontend/src/screens/ChecklistsScreen.tsx","1763","Взять в работу","button","authorized role for capability","() => setModal({ mode: 'start', title: 'Взять в работу', template })","NO","PASS","frontend/e2e/full-ui-interaction-sweep.spec.ts checklists-readonly; runtime-checklists-readonly.json; available template detail/history GET, local preview and start confirmation with Back on all four widths; start mutation NOT executed; all four widths"
"frontend/src/screens/ChecklistsScreen.tsx:1770","Checklists","frontend/src/screens/ChecklistsScreen.tsx","1770","Подробнее","button","authorized role for capability","() => void openChecklistDetail({ kind: 'template', template })","NO","PASS","frontend/e2e/full-ui-interaction-sweep.spec.ts checklists-readonly; runtime-checklists-readonly.json; available template detail/history GET, local preview and start confirmation with Back on all four widths; start mutation NOT executed; all four widths"
"frontend/src/screens/ChecklistsScreen.tsx:1792","Checklists","frontend/src/screens/ChecklistsScreen.tsx","1792","Открыть","button","authorized role for capability","() => setSelectedRun(run)","NO","PASS","frontend/e2e/full-ui-interaction-sweep.spec.ts checklists-archive-template-submit-isolated; runtime-checklists-archive-template-submit-isolated.json; browser-memory history occurrence and return, manual close, completed-run and archive-sheet run opens, exact row reorder PATCHes, active-template version save, template start, empty preview close, archive detail/PDF and restore passed on desktop/360/390/430. All writes were intercepted; backend persistence/RBAC/audit/file contents are not inferred; UI-SWEEP-074 fixed and rechecked; all four widths"
"frontend/src/screens/ChecklistsScreen.tsx:1829","Checklists","frontend/src/screens/ChecklistsScreen.tsx","1829","Не выбрано ОК Не применимо Проблема","select","authorized role for capability","(event) => update({ status: event.target.value as RowDraft['status'] })","YES","PASS","frontend/e2e/full-ui-interaction-sweep.spec.ts checklists-runner-submit-isolated; runtime-checklists-runner-submit-isolated.json; active/paused run open, runner/UI Back, exact LEGACY/YES_NO_NA/TEXT/NUMBER/SELECT payloads, required/optional comments, failed-save retry, sticky row navigation, pause/resume, final review/back/missing-row jump, periodic return and manual close passed on desktop/360/390/430. All writes were intercepted in browser memory; backend persistence/RBAC/audit/idempotency are not inferred; all four widths"
"frontend/src/screens/ChecklistsScreen.tsx:1840","Checklists","frontend/src/screens/ChecklistsScreen.tsx","1840","Да","button","authorized role for capability","() => update({ answerBoolean: true, selectedOption: 'YES' })","YES","PASS","frontend/e2e/full-ui-interaction-sweep.spec.ts checklists-runner-submit-isolated; runtime-checklists-runner-submit-isolated.json; active/paused run open, runner/UI Back, exact LEGACY/YES_NO_NA/TEXT/NUMBER/SELECT payloads, required/optional comments, failed-save retry, sticky row navigation, pause/resume, final review/back/missing-row jump, periodic return and manual close passed on desktop/360/390/430. All writes were intercepted in browser memory; backend persistence/RBAC/audit/idempotency are not inferred; all four widths"
"frontend/src/screens/ChecklistsScreen.tsx:1841","Checklists","frontend/src/screens/ChecklistsScreen.tsx","1841","Нет","button","authorized role for capability","() => update({ answerBoolean: false, selectedOption: 'NO' })","YES","PASS","frontend/e2e/full-ui-interaction-sweep.spec.ts checklists-runner-submit-isolated; runtime-checklists-runner-submit-isolated.json; active/paused run open, runner/UI Back, exact LEGACY/YES_NO_NA/TEXT/NUMBER/SELECT payloads, required/optional comments, failed-save retry, sticky row navigation, pause/resume, final review/back/missing-row jump, periodic return and manual close passed on desktop/360/390/430. All writes were intercepted in browser memory; backend persistence/RBAC/audit/idempotency are not inferred; all four widths"
"frontend/src/screens/ChecklistsScreen.tsx:1843","Checklists","frontend/src/screens/ChecklistsScreen.tsx","1843","Не применимо","button","authorized role for capability","() => update({ answerBoolean: null, selectedOption: 'NA' })","YES","PASS","frontend/e2e/full-ui-interaction-sweep.spec.ts checklists-runner-submit-isolated; runtime-checklists-runner-submit-isolated.json; active/paused run open, runner/UI Back, exact LEGACY/YES_NO_NA/TEXT/NUMBER/SELECT payloads, required/optional comments, failed-save retry, sticky row navigation, pause/resume, final review/back/missing-row jump, periodic return and manual close passed on desktop/360/390/430. All writes were intercepted in browser memory; backend persistence/RBAC/audit/idempotency are not inferred; all four widths"
"frontend/src/screens/ChecklistsScreen.tsx:1850","Checklists","frontend/src/screens/ChecklistsScreen.tsx","1850","Введите ответ","textarea","authorized role for capability","(event) => update({ answerText: event.target.value })","YES","PASS","frontend/e2e/full-ui-interaction-sweep.spec.ts checklists-runner-submit-isolated; runtime-checklists-runner-submit-isolated.json; active/paused run open, runner/UI Back, exact LEGACY/YES_NO_NA/TEXT/NUMBER/SELECT payloads, required/optional comments, failed-save retry, sticky row navigation, pause/resume, final review/back/missing-row jump, periodic return and manual close passed on desktop/360/390/430. All writes were intercepted in browser memory; backend persistence/RBAC/audit/idempotency are not inferred; all four widths"
"frontend/src/screens/ChecklistsScreen.tsx:1856","Checklists","frontend/src/screens/ChecklistsScreen.tsx","1856","input:number @1856","input","authorized role for capability","(event) => update({ answerNumber: event.target.value })","YES","PASS","frontend/e2e/full-ui-interaction-sweep.spec.ts checklists-runner-submit-isolated; runtime-checklists-runner-submit-isolated.json; active/paused run open, runner/UI Back, exact LEGACY/YES_NO_NA/TEXT/NUMBER/SELECT payloads, required/optional comments, failed-save retry, sticky row navigation, pause/resume, final review/back/missing-row jump, periodic return and manual close passed on desktop/360/390/430. All writes were intercepted in browser memory; backend persistence/RBAC/audit/idempotency are not inferred; all four widths"
"frontend/src/screens/ChecklistsScreen.tsx:1868","Checklists","frontend/src/screens/ChecklistsScreen.tsx","1868","Не выбрано","select","authorized role for capability","(event) => update({ selectedOption: event.target.value })","YES","PASS","frontend/e2e/full-ui-interaction-sweep.spec.ts checklists-runner-submit-isolated; runtime-checklists-runner-submit-isolated.json; active/paused run open, runner/UI Back, exact LEGACY/YES_NO_NA/TEXT/NUMBER/SELECT payloads, required/optional comments, failed-save retry, sticky row navigation, pause/resume, final review/back/missing-row jump, periodic return and manual close passed on desktop/360/390/430. All writes were intercepted in browser memory; backend persistence/RBAC/audit/idempotency are not inferred; all four widths"
"frontend/src/screens/ChecklistsScreen.tsx:1895","Checklists","frontend/src/screens/ChecklistsScreen.tsx","1895","Опишите результат или отклонение","textarea","authorized role for capability","(event) => update({ comment: event.target.value })","YES","PASS","frontend/e2e/full-ui-interaction-sweep.spec.ts checklists-runner-submit-isolated; runtime-checklists-runner-submit-isolated.json; active/paused run open, runner/UI Back, exact LEGACY/YES_NO_NA/TEXT/NUMBER/SELECT payloads, required/optional comments, failed-save retry, sticky row navigation, pause/resume, final review/back/missing-row jump, periodic return and manual close passed on desktop/360/390/430. All writes were intercepted in browser memory; backend persistence/RBAC/audit/idempotency are not inferred; all four widths"
"frontend/src/screens/ChecklistsScreen.tsx:1902","Checklists","frontend/src/screens/ChecklistsScreen.tsx","1902","Необязательно","textarea","authorized role for capability","(event) => update({ comment: event.target.value })","YES","PASS","frontend/e2e/full-ui-interaction-sweep.spec.ts checklists-runner-submit-isolated; runtime-checklists-runner-submit-isolated.json; active/paused run open, runner/UI Back, exact LEGACY/YES_NO_NA/TEXT/NUMBER/SELECT payloads, required/optional comments, failed-save retry, sticky row navigation, pause/resume, final review/back/missing-row jump, periodic return and manual close passed on desktop/360/390/430. All writes were intercepted in browser memory; backend persistence/RBAC/audit/idempotency are not inferred; all four widths"
"frontend/src/screens/ChecklistsScreen.tsx:1935","Checklists","frontend/src/screens/ChecklistsScreen.tsx","1935","button:button @1935","button","authorized role for capability","() => setModal({ mode: 'start', title: context === 'available' ? 'Взять в работу' : 'Начать чек-лист', template })","YES","PASS","frontend/e2e/full-ui-interaction-sweep.spec.ts checklists-archive-template-submit-isolated; runtime-checklists-archive-template-submit-isolated.json; browser-memory history occurrence and return, manual close, completed-run and archive-sheet run opens, exact row reorder PATCHes, active-template version save, template start, empty preview close, archive detail/PDF and restore passed on desktop/360/390/430. All writes were intercepted; backend persistence/RBAC/audit/file contents are not inferred; UI-SWEEP-074 fixed and rechecked; all four widths"
"frontend/src/screens/ChecklistsScreen.tsx:1944","Checklists","frontend/src/screens/ChecklistsScreen.tsx","1944","Посмотреть чек-лист","button","authorized role for capability","() => setPreviewTemplate(template)","NO","PASS","frontend/e2e/full-ui-interaction-sweep.spec.ts checklists-readonly; runtime-checklists-readonly.json; library preview, expand and pristine edit builder focus-first/layer Back on all four widths; save/archive/reorder mutations NOT executed; all four widths"
"frontend/src/screens/ChecklistsScreen.tsx:1945","Checklists","frontend/src/screens/ChecklistsScreen.tsx","1945","Архив","button","authorized role for capability","() => void openTemplateArchive(template)","NO","PASS","frontend/e2e/full-ui-interaction-sweep.spec.ts checklists-readonly; runtime-checklists-readonly.json; duplicate/add-row/edit-row/archive-row/archive-template entry layers opened and dismissed on all four widths, selected-template archive loaded by GET and returned to library; no confirm/save mutation; all four widths"
"frontend/src/screens/ChecklistsScreen.tsx:1947","Checklists","frontend/src/screens/ChecklistsScreen.tsx","1947","button:button @1947","button","authorized role for capability","() => toggleTemplateExpanded(template.id)","NO","PASS","frontend/e2e/full-ui-interaction-sweep.spec.ts checklists-readonly; runtime-checklists-readonly.json; library preview, expand and pristine edit builder focus-first/layer Back on all four widths; save/archive/reorder mutations NOT executed; all four widths"
"frontend/src/screens/ChecklistsScreen.tsx:1954","Checklists","frontend/src/screens/ChecklistsScreen.tsx","1954","Редактировать","button","authorized role for capability","() => openTemplateBuilder('edit', template)","NO","PASS","frontend/e2e/full-ui-interaction-sweep.spec.ts checklists-readonly; runtime-checklists-readonly.json; library preview, expand and pristine edit builder focus-first/layer Back on all four widths; save/archive/reorder mutations NOT executed; all four widths"
"frontend/src/screens/ChecklistsScreen.tsx:1955","Checklists","frontend/src/screens/ChecklistsScreen.tsx","1955","Создать копию","button","authorized role for capability","() => openTemplateBuilder('duplicate', template)","NO","PASS","frontend/e2e/full-ui-interaction-sweep.spec.ts checklists-readonly; runtime-checklists-readonly.json; duplicate/add-row/edit-row/archive-row/archive-template entry layers opened and dismissed on all four widths, selected-template archive loaded by GET and returned to library; no confirm/save mutation; all four widths"
"frontend/src/screens/ChecklistsScreen.tsx:1956","Checklists","frontend/src/screens/ChecklistsScreen.tsx","1956","Добавить пункт","button","authorized role for capability","() => openRowEditor(template)","NO","PASS","frontend/e2e/full-ui-interaction-sweep.spec.ts checklists-readonly; runtime-checklists-readonly.json; duplicate/add-row/edit-row/archive-row/archive-template entry layers opened and dismissed on all four widths, selected-template archive loaded by GET and returned to library; no confirm/save mutation; all four widths"
"frontend/src/screens/ChecklistsScreen.tsx:1957","Checklists","frontend/src/screens/ChecklistsScreen.tsx","1957","В архив","button","authorized role for capability","() => setModal({ mode: 'archive-template', title: 'Архивировать шаблон', template })","NO","PASS","frontend/e2e/full-ui-interaction-sweep.spec.ts checklists-template-soft-archive-outcomes-isolated; runtime-checklists-template-soft-archive-outcomes-isolated.json; exact row soft-archive PATCH/result/reload and template archive Russian-error/retry/active-run/archive-list/reload outcomes passed on desktop/360/390/430. All writes were intercepted in browser memory; backend persistence/RBAC/audit/idempotency are not inferred; all four widths"
"frontend/src/screens/ChecklistsScreen.tsx:1962","Checklists","frontend/src/screens/ChecklistsScreen.tsx","1962","Восстановить","button","authorized role for capability","() => setModal({ mode: 'restore-template', title: 'Восстановить шаблон', template })","YES","PASS","frontend/e2e/full-ui-interaction-sweep.spec.ts checklists-archive-template-submit-isolated; runtime-checklists-archive-template-submit-isolated.json; browser-memory history occurrence and return, manual close, completed-run and archive-sheet run opens, exact row reorder PATCHes, active-template version save, template start, empty preview close, archive detail/PDF and restore passed on desktop/360/390/430. All writes were intercepted; backend persistence/RBAC/audit/file contents are not inferred; UI-SWEEP-074 fixed and rechecked; all four widths"
"frontend/src/screens/ChecklistsScreen.tsx:1975","Checklists","frontend/src/screens/ChecklistsScreen.tsx","1975","Выше","button","authorized role for capability","() => void moveRow(template, row, -1)","NO","PASS","frontend/e2e/full-ui-interaction-sweep.spec.ts checklists-archive-template-submit-isolated; runtime-checklists-archive-template-submit-isolated.json; browser-memory history occurrence and return, manual close, completed-run and archive-sheet run opens, exact row reorder PATCHes, active-template version save, template start, empty preview close, archive detail/PDF and restore passed on desktop/360/390/430. All writes were intercepted; backend persistence/RBAC/audit/file contents are not inferred; UI-SWEEP-074 fixed and rechecked; all four widths"
"frontend/src/screens/ChecklistsScreen.tsx:1976","Checklists","frontend/src/screens/ChecklistsScreen.tsx","1976","Ниже","button","authorized role for capability","() => void moveRow(template, row, 1)","NO","PASS","frontend/e2e/full-ui-interaction-sweep.spec.ts checklists-archive-template-submit-isolated; runtime-checklists-archive-template-submit-isolated.json; browser-memory history occurrence and return, manual close, completed-run and archive-sheet run opens, exact row reorder PATCHes, active-template version save, template start, empty preview close, archive detail/PDF and restore passed on desktop/360/390/430. All writes were intercepted; backend persistence/RBAC/audit/file contents are not inferred; UI-SWEEP-074 fixed and rechecked; all four widths"
"frontend/src/screens/ChecklistsScreen.tsx:1977","Checklists","frontend/src/screens/ChecklistsScreen.tsx","1977","Редактировать","button","authorized role for capability","() => openRowEditor(template, row)","NO","PASS","frontend/e2e/full-ui-interaction-sweep.spec.ts checklists-readonly; runtime-checklists-readonly.json; duplicate/add-row/edit-row/archive-row/archive-template entry layers opened and dismissed on all four widths, selected-template archive loaded by GET and returned to library; no confirm/save mutation; all four widths"
"frontend/src/screens/ChecklistsScreen.tsx:1978","Checklists","frontend/src/screens/ChecklistsScreen.tsx","1978","Удалить","button","authorized role for capability","() => setModal({ mode: 'archive-row', title: 'Удалить пункт из шаблона?', template, templateRow: row })","NO","PASS","frontend/e2e/full-ui-interaction-sweep.spec.ts checklists-template-soft-archive-outcomes-isolated; runtime-checklists-template-soft-archive-outcomes-isolated.json; exact row soft-archive PATCH/result/reload and template archive Russian-error/retry/active-run/archive-list/reload outcomes passed on desktop/360/390/430. All writes were intercepted in browser memory; backend persistence/RBAC/audit/idempotency are not inferred; all four widths"
"frontend/src/screens/ChecklistsScreen.tsx:2029","Checklists","frontend/src/screens/ChecklistsScreen.tsx","2029","Создать шаблон","button","authorized role for capability","() => openTemplateBuilder('create')","NO","PASS","frontend/e2e/full-ui-interaction-sweep.spec.ts checklists-readonly; runtime-checklists-readonly.json; create builder local fields, scope, interval, checkboxes, row, preview and explicit discard on all four widths; template save/upload NOT executed; all four widths"
"frontend/src/screens/ChecklistsScreen.tsx:2031","Checklists","frontend/src/screens/ChecklistsScreen.tsx","2031","Управление шаблонами ›","button","authorized role for capability","() => setTab('library')","NO","PASS","frontend/e2e/full-ui-interaction-sweep.spec.ts checklists-readonly; runtime-checklists-readonly.json; library preview, expand and pristine edit builder focus-first/layer Back on all four widths; save/archive/reorder mutations NOT executed; all four widths"
"frontend/src/screens/ChecklistsScreen.tsx:2049","Checklists","frontend/src/screens/ChecklistsScreen.tsx","2049","Начать новый чек-лист","button","authorized role for capability","() => setTab('available')","NO","PASS","frontend/e2e/full-ui-interaction-sweep.spec.ts checklists-readonly; runtime-checklists-readonly.json; workspace Start new checklist switched to the existing available tab on all four widths without creating a run; all four widths"
"frontend/src/screens/ChecklistsScreen.tsx:2100","Checklists","frontend/src/screens/ChecklistsScreen.tsx","2100","Фильтры и отчёты","button","authorized role for capability","() => setShowArchiveFilters(true)","NO","PASS","frontend/e2e/full-ui-interaction-sweep.spec.ts checklists-readonly; runtime-checklists-readonly.json; status/shift/deviation/photo/comment filters reached exact archive GET, persisted across Back/reopen, then reset; exports and archive-run open NOT proved; all four widths"
"frontend/src/screens/ChecklistsScreen.tsx:2116","Checklists","frontend/src/screens/ChecklistsScreen.tsx","2116","Закрыть","button","authorized role for capability","() => setShowArchiveFilters(false)","NO","PASS","frontend/e2e/full-ui-interaction-sweep.spec.ts checklists-readonly; runtime-checklists-readonly.json; status/shift/deviation/photo/comment filters reached exact archive GET, persisted across Back/reopen, then reset; exports and archive-run open NOT proved; all four widths"
"frontend/src/screens/ChecklistsScreen.tsx:2117","Checklists","frontend/src/screens/ChecklistsScreen.tsx","2117","Применить фильтры","button","authorized role for capability","() => void applyArchiveFilters()","NO","PASS","frontend/e2e/full-ui-interaction-sweep.spec.ts checklists-readonly; runtime-checklists-readonly.json; status/shift/deviation/photo/comment filters reached exact archive GET, persisted across Back/reopen, then reset; exports and archive-run open NOT proved; all four widths"
"frontend/src/screens/ChecklistsScreen.tsx:2138","Checklists","frontend/src/screens/ChecklistsScreen.tsx","2138","Журнал","button","authorized role for capability","() => setArchiveMode('journal')","NO","PASS","frontend/e2e/full-ui-interaction-sweep.spec.ts checklists-readonly; runtime-checklists-readonly.json; date/template/real line/user/department filters reached exact GET, journal/table switched locally, selected-template Excel and shift summary/PDF completed by GET on all four widths; filters reset and no mutation; all four widths"
"frontend/src/screens/ChecklistsScreen.tsx:2139","Checklists","frontend/src/screens/ChecklistsScreen.tsx","2139","Таблица","button","authorized role for capability","() => setArchiveMode('table')","NO","PASS","frontend/e2e/full-ui-interaction-sweep.spec.ts checklists-readonly; runtime-checklists-readonly.json; date/template/real line/user/department filters reached exact GET, journal/table switched locally, selected-template Excel and shift summary/PDF completed by GET on all four widths; filters reset and no mutation; all four widths"
"frontend/src/screens/ChecklistsScreen.tsx:2141","Checklists","frontend/src/screens/ChecklistsScreen.tsx","2141","Экспорт в Excel","button","authorized role for capability","() => void exportArchiveExcel()","NO","PASS","frontend/e2e/full-ui-interaction-sweep.spec.ts checklists-readonly; runtime-checklists-readonly.json; date/template/real line/user/department filters reached exact GET, journal/table switched locally, selected-template Excel and shift summary/PDF completed by GET on all four widths; filters reset and no mutation; all four widths"
"frontend/src/screens/ChecklistsScreen.tsx:2148","Checklists","frontend/src/screens/ChecklistsScreen.tsx","2148","input:date @2148","input","authorized role for capability","(event) => updateArchiveFilter('dateFrom', event.target.value)","NO","PASS","frontend/e2e/full-ui-interaction-sweep.spec.ts checklists-readonly; runtime-checklists-readonly.json; date/template/real line/user/department filters reached exact GET, journal/table switched locally, selected-template Excel and shift summary/PDF completed by GET on all four widths; filters reset and no mutation; all four widths"
"frontend/src/screens/ChecklistsScreen.tsx:2151","Checklists","frontend/src/screens/ChecklistsScreen.tsx","2151","input:date @2151","input","authorized role for capability","(event) => updateArchiveFilter('dateTo', event.target.value)","NO","PASS","frontend/e2e/full-ui-interaction-sweep.spec.ts checklists-readonly; runtime-checklists-readonly.json; date/template/real line/user/department filters reached exact GET, journal/table switched locally, selected-template Excel and shift summary/PDF completed by GET on all four widths; filters reset and no mutation; all four widths"
"frontend/src/screens/ChecklistsScreen.tsx:2154","Checklists","frontend/src/screens/ChecklistsScreen.tsx","2154","Все Закрыт Автозакрыт","select","authorized role for capability","(event) => updateArchiveFilter('status', event.target.value)","NO","PASS","frontend/e2e/full-ui-interaction-sweep.spec.ts checklists-readonly; runtime-checklists-readonly.json; status/shift/deviation/photo/comment filters reached exact archive GET, persisted across Back/reopen, then reset; exports and archive-run open NOT proved; all four widths"
"frontend/src/screens/ChecklistsScreen.tsx:2161","Checklists","frontend/src/screens/ChecklistsScreen.tsx","2161","Все","select","authorized role for capability","(event) => updateArchiveFilter('templateId', event.target.value)","NO","PASS","frontend/e2e/full-ui-interaction-sweep.spec.ts checklists-readonly; runtime-checklists-readonly.json; date/template/real line/user/department filters reached exact GET, journal/table switched locally, selected-template Excel and shift summary/PDF completed by GET on all four widths; filters reset and no mutation; all four widths"
"frontend/src/screens/ChecklistsScreen.tsx:2167","Checklists","frontend/src/screens/ChecklistsScreen.tsx","2167","Все День Ночь","select","authorized role for capability","(event) => updateArchiveFilter('shiftType', event.target.value)","NO","PASS","frontend/e2e/full-ui-interaction-sweep.spec.ts checklists-readonly; runtime-checklists-readonly.json; status/shift/deviation/photo/comment filters reached exact archive GET, persisted across Back/reopen, then reset; exports and archive-run open NOT proved; all four widths"
"frontend/src/screens/ChecklistsScreen.tsx:2174","Checklists","frontend/src/screens/ChecklistsScreen.tsx","2174","Все","select","authorized role for capability","(event) => updateArchiveFilter('lineId', event.target.value)","NO","PASS","frontend/e2e/full-ui-interaction-sweep.spec.ts checklists-readonly; runtime-checklists-readonly.json; date/template/real line/user/department filters reached exact GET, journal/table switched locally, selected-template Excel and shift summary/PDF completed by GET on all four widths; filters reset and no mutation; all four widths"
"frontend/src/screens/ChecklistsScreen.tsx:2180","Checklists","frontend/src/screens/ChecklistsScreen.tsx","2180","Все","select","authorized role for capability","(event) => updateArchiveFilter('userId', event.target.value)","NO","PASS","frontend/e2e/full-ui-interaction-sweep.spec.ts checklists-readonly; runtime-checklists-readonly.json; date/template/real line/user/department filters reached exact GET, journal/table switched locally, selected-template Excel and shift summary/PDF completed by GET on all four widths; filters reset and no mutation; all four widths"
"frontend/src/screens/ChecklistsScreen.tsx:2187","Checklists","frontend/src/screens/ChecklistsScreen.tsx","2187","Все","select","authorized role for capability","(event) => updateArchiveFilter('departmentId', event.target.value)","NO","PASS","frontend/e2e/full-ui-interaction-sweep.spec.ts checklists-readonly; runtime-checklists-readonly.json; date/template/real line/user/department filters reached exact GET, journal/table switched locally, selected-template Excel and shift summary/PDF completed by GET on all four widths; filters reset and no mutation; all four widths"
"frontend/src/screens/ChecklistsScreen.tsx:2194","Checklists","frontend/src/screens/ChecklistsScreen.tsx","2194","input:checkbox @2194","input","authorized role for capability","(event) => updateArchiveFilter('onlyDeviations', event.target.checked ? 'true' : '')","NO","PASS","frontend/e2e/full-ui-interaction-sweep.spec.ts checklists-readonly; runtime-checklists-readonly.json; status/shift/deviation/photo/comment filters reached exact archive GET, persisted across Back/reopen, then reset; exports and archive-run open NOT proved; all four widths"
"frontend/src/screens/ChecklistsScreen.tsx:2198","Checklists","frontend/src/screens/ChecklistsScreen.tsx","2198","input:checkbox @2198","input","authorized role for capability","(event) => updateArchiveFilter('withPhotos', event.target.checked ? 'true' : '')","NO","PASS","frontend/e2e/full-ui-interaction-sweep.spec.ts checklists-readonly; runtime-checklists-readonly.json; status/shift/deviation/photo/comment filters reached exact archive GET, persisted across Back/reopen, then reset; exports and archive-run open NOT proved; all four widths"
"frontend/src/screens/ChecklistsScreen.tsx:2202","Checklists","frontend/src/screens/ChecklistsScreen.tsx","2202","input:checkbox @2202","input","authorized role for capability","(event) => updateArchiveFilter('withComments', event.target.checked ? 'true' : '')","NO","PASS","frontend/e2e/full-ui-interaction-sweep.spec.ts checklists-readonly; runtime-checklists-readonly.json; status/shift/deviation/photo/comment filters reached exact archive GET, persisted across Back/reopen, then reset; exports and archive-run open NOT proved; all four widths"
"frontend/src/screens/ChecklistsScreen.tsx:2215","Checklists","frontend/src/screens/ChecklistsScreen.tsx","2215","button:button @2215","button","authorized role for capability","() => void loadShiftReport()","NO","PASS","frontend/e2e/full-ui-interaction-sweep.spec.ts checklists-readonly; runtime-checklists-readonly.json; date/template/real line/user/department filters reached exact GET, journal/table switched locally, selected-template Excel and shift summary/PDF completed by GET on all four widths; filters reset and no mutation; all four widths"
"frontend/src/screens/ChecklistsScreen.tsx:2216","Checklists","frontend/src/screens/ChecklistsScreen.tsx","2216","PDF смены","button","authorized role for capability","() => void downloadShiftReportPdf()","NO","PASS","frontend/e2e/full-ui-interaction-sweep.spec.ts checklists-readonly; runtime-checklists-readonly.json; date/template/real line/user/department filters reached exact GET, journal/table switched locally, selected-template Excel and shift summary/PDF completed by GET on all four widths; filters reset and no mutation; all four widths"
"frontend/src/screens/ChecklistsScreen.tsx:2260","Checklists","frontend/src/screens/ChecklistsScreen.tsx","2260","button:button @2260","button","authorized role for capability","() => { setSelectedArchiveRunId(run.recordId); setShowArchiveFilters(false); }","YES","PASS","frontend/e2e/full-ui-interaction-sweep.spec.ts checklists-archive-template-submit-isolated; runtime-checklists-archive-template-submit-isolated.json; browser-memory history occurrence and return, manual close, completed-run and archive-sheet run opens, exact row reorder PATCHes, active-template version save, template start, empty preview close, archive detail/PDF and restore passed on desktop/360/390/430. All writes were intercepted; backend persistence/RBAC/audit/file contents are not inferred; UI-SWEEP-074 fixed and rechecked; all four widths"
"frontend/src/screens/ChecklistsScreen.tsx:2351","Checklists","frontend/src/screens/ChecklistsScreen.tsx","2351","Скачать PDF","button","authorized role for capability","() => void downloadRunPdf(selectedArchiveRun.runId)","YES","PASS","frontend/e2e/full-ui-interaction-sweep.spec.ts checklists-archive-template-submit-isolated; runtime-checklists-archive-template-submit-isolated.json; browser-memory history occurrence and return, manual close, completed-run and archive-sheet run opens, exact row reorder PATCHes, active-template version save, template start, empty preview close, archive detail/PDF and restore passed on desktop/360/390/430. All writes were intercepted; backend persistence/RBAC/audit/file contents are not inferred; UI-SWEEP-074 fixed and rechecked; all four widths"
"frontend/src/screens/ChecklistsScreen.tsx:2352","Checklists","frontend/src/screens/ChecklistsScreen.tsx","2352","Закрыть","button","authorized role for capability","() => setSelectedArchiveRunId(null)","YES","PASS","frontend/e2e/full-ui-interaction-sweep.spec.ts checklists-archive-template-submit-isolated; runtime-checklists-archive-template-submit-isolated.json; browser-memory history occurrence and return, manual close, completed-run and archive-sheet run opens, exact row reorder PATCHes, active-template version save, template start, empty preview close, archive detail/PDF and restore passed on desktop/360/390/430. All writes were intercepted; backend persistence/RBAC/audit/file contents are not inferred; UI-SWEEP-074 fixed and rechecked; all four widths"
"frontend/src/screens/ChecklistsScreen.tsx:2429","Checklists","frontend/src/screens/ChecklistsScreen.tsx","2429","← К последним проверкам","button","authorized role for capability","() => setDetailOccurrenceId(null)","NO","PASS","frontend/e2e/full-ui-interaction-sweep.spec.ts checklists-archive-template-submit-isolated; runtime-checklists-archive-template-submit-isolated.json; browser-memory history occurrence and return, manual close, completed-run and archive-sheet run opens, exact row reorder PATCHes, active-template version save, template start, empty preview close, archive detail/PDF and restore passed on desktop/360/390/430. All writes were intercepted; backend persistence/RBAC/audit/file contents are not inferred; UI-SWEEP-074 fixed and rechecked; all four widths"
"frontend/src/screens/ChecklistsScreen.tsx:2483","Checklists","frontend/src/screens/ChecklistsScreen.tsx","2483","Посмотреть пункты","button","authorized role for capability","() => { const template = checklistDetail.template; closeChecklistDetail(); setPreviewTemplate(template); }","NO","PASS","frontend/e2e/full-ui-interaction-sweep.spec.ts checklists-readonly; runtime-checklists-readonly.json; available template detail/history GET, local preview and start confirmation with Back on all four widths; start mutation NOT executed; all four widths"
"frontend/src/screens/ChecklistsScreen.tsx:2497","Checklists","frontend/src/screens/ChecklistsScreen.tsx","2497","·","button","authorized role for capability","() => setDetailOccurrenceId(occurrence.recordId)","NO","PASS","frontend/e2e/full-ui-interaction-sweep.spec.ts checklists-archive-template-submit-isolated; runtime-checklists-archive-template-submit-isolated.json; browser-memory history occurrence and return, manual close, completed-run and archive-sheet run opens, exact row reorder PATCHes, active-template version save, template start, empty preview close, archive detail/PDF and restore passed on desktop/360/390/430. All writes were intercepted; backend persistence/RBAC/audit/file contents are not inferred; UI-SWEEP-074 fixed and rechecked; all four widths"
"frontend/src/screens/ChecklistsScreen.tsx:2509","Checklists","frontend/src/screens/ChecklistsScreen.tsx","2509","Завершить вручную","button","authorized role for capability","() => { const run = checklistDetail.run; closeChecklistDetail(); setModal({ mode: 'close', title: isPeriodicChecklistRun(run) ? 'Завершить чек-лист полностью' : 'Завершить чек-лист","YES","PASS","frontend/e2e/full-ui-interaction-sweep.spec.ts checklists-archive-template-submit-isolated; runtime-checklists-archive-template-submit-isolated.json; browser-memory history occurrence and return, manual close, completed-run and archive-sheet run opens, exact row reorder PATCHes, active-template version save, template start, empty preview close, archive detail/PDF and restore passed on desktop/360/390/430. All writes were intercepted; backend persistence/RBAC/audit/file contents are not inferred; UI-SWEEP-074 fixed and rechecked; all four widths"
"frontend/src/screens/ChecklistsScreen.tsx:2534","Checklists","frontend/src/screens/ChecklistsScreen.tsx","2534","Вернуться к чек-листам","button","authorized role for capability","requestCloseRunner","NO","PASS","frontend/e2e/full-ui-interaction-sweep.spec.ts checklists-runner-submit-isolated; runtime-checklists-runner-submit-isolated.json; active/paused run open, runner/UI Back, exact LEGACY/YES_NO_NA/TEXT/NUMBER/SELECT payloads, required/optional comments, failed-save retry, sticky row navigation, pause/resume, final review/back/missing-row jump, periodic return and manual close passed on desktop/360/390/430. All writes were intercepted in browser memory; backend persistence/RBAC/audit/idempotency are not inferred; all four widths"
"frontend/src/screens/ChecklistsScreen.tsx:2547","Checklists","frontend/src/screens/ChecklistsScreen.tsx","2547","Действия с чек-листом","button","authorized role for capability","() => setRunnerMenuOpen(true)","NO","PASS","frontend/e2e/full-ui-interaction-sweep.spec.ts checklists-runner-submit-isolated; runtime-checklists-runner-submit-isolated.json; active/paused run open, runner/UI Back, exact LEGACY/YES_NO_NA/TEXT/NUMBER/SELECT payloads, required/optional comments, failed-save retry, sticky row navigation, pause/resume, final review/back/missing-row jump, periodic return and manual close passed on desktop/360/390/430. All writes were intercepted in browser memory; backend persistence/RBAC/audit/idempotency are not inferred; all four widths"
"frontend/src/screens/ChecklistsScreen.tsx:2568","Checklists","frontend/src/screens/ChecklistsScreen.tsx","2568","Повторить","button","authorized role for capability","() => void saveCurrentRow()","YES","PASS","frontend/e2e/full-ui-interaction-sweep.spec.ts checklists-runner-submit-isolated; runtime-checklists-runner-submit-isolated.json; active/paused run open, runner/UI Back, exact LEGACY/YES_NO_NA/TEXT/NUMBER/SELECT payloads, required/optional comments, failed-save retry, sticky row navigation, pause/resume, final review/back/missing-row jump, periodic return and manual close passed on desktop/360/390/430. All writes were intercepted in browser memory; backend persistence/RBAC/audit/idempotency are not inferred; all four widths"
"frontend/src/screens/ChecklistsScreen.tsx:2579","Checklists","frontend/src/screens/ChecklistsScreen.tsx","2579","Возобновить чек-лист","button","authorized role for capability","() => setModal({ mode: 'resume', title: 'Возобновить чек-лист', run: selectedRun })","NO","PASS","frontend/e2e/full-ui-interaction-sweep.spec.ts checklists-runner-submit-isolated; runtime-checklists-runner-submit-isolated.json; active/paused run open, runner/UI Back, exact LEGACY/YES_NO_NA/TEXT/NUMBER/SELECT payloads, required/optional comments, failed-save retry, sticky row navigation, pause/resume, final review/back/missing-row jump, periodic return and manual close passed on desktop/360/390/430. All writes were intercepted in browser memory; backend persistence/RBAC/audit/idempotency are not inferred; all four widths"
"frontend/src/screens/ChecklistsScreen.tsx:2610","Checklists","frontend/src/screens/ChecklistsScreen.tsx","2610","button:button @2610","button","authorized role for capability","() => void goToRow(index)","NO","PASS","frontend/e2e/full-ui-interaction-sweep.spec.ts checklists-runner-submit-isolated; runtime-checklists-runner-submit-isolated.json; desktop plan toggle, row selection and numbered navigation reached the exact selected row and restored the focused runner. Browser-memory routes only; backend persistence/RBAC are not inferred; desktop; canonical mobile focused-runner layout hides plan and numbered navigation and uses sticky Back/Next instead"
"frontend/src/screens/ChecklistsScreen.tsx:2623","Checklists","frontend/src/screens/ChecklistsScreen.tsx","2623","Назад","button","authorized role for capability","() => { if (currentRowHasCompositePhoto && currentCompositeStep === 1) { setCompositeStepByRow((current) => ({ ...current, [currentRow.id]: 0 })); } else { void goToRow(Math.max(0,","NO","PASS","frontend/e2e/full-ui-interaction-sweep.spec.ts checklists-runner-submit-isolated; runtime-checklists-runner-submit-isolated.json; active/paused run open, runner/UI Back, exact LEGACY/YES_NO_NA/TEXT/NUMBER/SELECT payloads, required/optional comments, failed-save retry, sticky row navigation, pause/resume, final review/back/missing-row jump, periodic return and manual close passed on desktop/360/390/430. All writes were intercepted in browser memory; backend persistence/RBAC/audit/idempotency are not inferred; all four widths"
"frontend/src/screens/ChecklistsScreen.tsx:2638","Checklists","frontend/src/screens/ChecklistsScreen.tsx","2638","button:button @2638","button","authorized role for capability","() => void goNext()","NO","PASS","frontend/e2e/full-ui-interaction-sweep.spec.ts checklists-runner-submit-isolated; runtime-checklists-runner-submit-isolated.json; active/paused run open, runner/UI Back, exact LEGACY/YES_NO_NA/TEXT/NUMBER/SELECT payloads, required/optional comments, failed-save retry, sticky row navigation, pause/resume, final review/back/missing-row jump, periodic return and manual close passed on desktop/360/390/430. All writes were intercepted in browser memory; backend persistence/RBAC/audit/idempotency are not inferred; all four widths"
"frontend/src/screens/ChecklistsScreen.tsx:2642","Checklists","frontend/src/screens/ChecklistsScreen.tsx","2642","Вернуться к чек-листам","button","authorized role for capability","requestCloseRunner","NO","PASS","frontend/e2e/full-ui-interaction-sweep.spec.ts checklists-runner-submit-isolated; runtime-checklists-runner-submit-isolated.json; active/paused run open, runner/UI Back, exact LEGACY/YES_NO_NA/TEXT/NUMBER/SELECT payloads, required/optional comments, failed-save retry, sticky row navigation, pause/resume, final review/back/missing-row jump, periodic return and manual close passed on desktop/360/390/430. All writes were intercepted in browser memory; backend persistence/RBAC/audit/idempotency are not inferred; all four widths"
"frontend/src/screens/ChecklistsScreen.tsx:2644","Checklists","frontend/src/screens/ChecklistsScreen.tsx","2644","button:button @2644","button","authorized role for capability","() => void finishRun()","NO","PASS","frontend/e2e/full-ui-interaction-sweep.spec.ts checklists-runner-submit-isolated; runtime-checklists-runner-submit-isolated.json; active/paused run open, runner/UI Back, exact LEGACY/YES_NO_NA/TEXT/NUMBER/SELECT payloads, required/optional comments, failed-save retry, sticky row navigation, pause/resume, final review/back/missing-row jump, periodic return and manual close passed on desktop/360/390/430. All writes were intercepted in browser memory; backend persistence/RBAC/audit/idempotency are not inferred; all four widths"
"frontend/src/screens/ChecklistsScreen.tsx:2658","Checklists","frontend/src/screens/ChecklistsScreen.tsx","2658","Вернуться","button","authorized role for capability","() => setShowFinalReview(false)","NO","PASS","frontend/e2e/full-ui-interaction-sweep.spec.ts checklists-runner-submit-isolated; runtime-checklists-runner-submit-isolated.json; active/paused run open, runner/UI Back, exact LEGACY/YES_NO_NA/TEXT/NUMBER/SELECT payloads, required/optional comments, failed-save retry, sticky row navigation, pause/resume, final review/back/missing-row jump, periodic return and manual close passed on desktop/360/390/430. All writes were intercepted in browser memory; backend persistence/RBAC/audit/idempotency are not inferred; all four widths"
"frontend/src/screens/ChecklistsScreen.tsx:2671","Checklists","frontend/src/screens/ChecklistsScreen.tsx","2671","Перейти к пункту:","button","authorized role for capability","() => { setShowFinalReview(false); if (rowIndex >= 0) setGuidedIndex(rowIndex); }","NO","PASS","frontend/e2e/full-ui-interaction-sweep.spec.ts checklists-runner-submit-isolated; runtime-checklists-runner-submit-isolated.json; active/paused run open, runner/UI Back, exact LEGACY/YES_NO_NA/TEXT/NUMBER/SELECT payloads, required/optional comments, failed-save retry, sticky row navigation, pause/resume, final review/back/missing-row jump, periodic return and manual close passed on desktop/360/390/430. All writes were intercepted in browser memory; backend persistence/RBAC/audit/idempotency are not inferred; all four widths"
"frontend/src/screens/ChecklistsScreen.tsx:2681","Checklists","frontend/src/screens/ChecklistsScreen.tsx","2681","button:button @2681","button","authorized role for capability","() => { if (isPeriodicChecklistRun(selectedRun)) { void completeCurrentPeriodicCheck(); } else { setShowFinalReview(false); setModal({ mode: 'close', title: 'Завершить чек-лист', r","YES","PASS","frontend/e2e/full-ui-interaction-sweep.spec.ts checklists-runner-submit-isolated; runtime-checklists-runner-submit-isolated.json; active/paused run open, runner/UI Back, exact LEGACY/YES_NO_NA/TEXT/NUMBER/SELECT payloads, required/optional comments, failed-save retry, sticky row navigation, pause/resume, final review/back/missing-row jump, periodic return and manual close passed on desktop/360/390/430. All writes were intercepted in browser memory; backend persistence/RBAC/audit/idempotency are not inferred; all four widths"
"frontend/src/screens/ChecklistsScreen.tsx:2701","Checklists","frontend/src/screens/ChecklistsScreen.tsx","2701","button:button @2701","button","authorized role for capability","() => setShowAllRows((current) => !current)","NO","PASS","frontend/e2e/full-ui-interaction-sweep.spec.ts checklists-runner-submit-isolated; runtime-checklists-runner-submit-isolated.json; desktop plan toggle, row selection and numbered navigation reached the exact selected row and restored the focused runner. Browser-memory routes only; backend persistence/RBAC are not inferred; desktop; canonical mobile focused-runner layout hides plan and numbered navigation and uses sticky Back/Next instead"
"frontend/src/screens/ChecklistsScreen.tsx:2705","Checklists","frontend/src/screens/ChecklistsScreen.tsx","2705",".","button","authorized role for capability","() => void goToRow(index)","NO","PASS","frontend/e2e/full-ui-interaction-sweep.spec.ts checklists-runner-submit-isolated; runtime-checklists-runner-submit-isolated.json; desktop plan toggle, row selection and numbered navigation reached the exact selected row and restored the focused runner. Browser-memory routes only; backend persistence/RBAC are not inferred; desktop; canonical mobile focused-runner layout hides plan and numbered navigation and uses sticky Back/Next instead"
"frontend/src/screens/ChecklistsScreen.tsx:2737","Checklists","frontend/src/screens/ChecklistsScreen.tsx","2737","PremiumActionItem @2737","custom-clickable","authorized role for capability","() => { setRunnerMenuOpen(false); setModal({ mode: 'pause', title: 'Пауза чек-листа', run: selectedRun }); }","NO","PASS","frontend/e2e/full-ui-interaction-sweep.spec.ts checklists-runner-submit-isolated; runtime-checklists-runner-submit-isolated.json; active/paused run open, runner/UI Back, exact LEGACY/YES_NO_NA/TEXT/NUMBER/SELECT payloads, required/optional comments, failed-save retry, sticky row navigation, pause/resume, final review/back/missing-row jump, periodic return and manual close passed on desktop/360/390/430. All writes were intercepted in browser memory; backend persistence/RBAC/audit/idempotency are not inferred; all four widths"
"frontend/src/screens/ChecklistsScreen.tsx:2773","Checklists","frontend/src/screens/ChecklistsScreen.tsx","2773","Назад","button","authorized role for capability","() => setPreviewIndex((index) => Math.max(0, index - 1))","NO","PASS","frontend/e2e/full-ui-interaction-sweep.spec.ts checklists-readonly; runtime-checklists-readonly.json; real configured department/line/shift/role options selected locally, two unsaved rows copied/reordered/edited/toggled, preview next/back/close completed on all four widths; final builder discarded and no API write; all four widths"
"frontend/src/screens/ChecklistsScreen.tsx:2774","Checklists","frontend/src/screens/ChecklistsScreen.tsx","2774","button:button @2774","button","authorized role for capability","() => { if (previewIndex >= previewRows.length - 1) setPreviewTemplate(null); else setPreviewIndex((index) => Math.min(previewRows.length - 1, index + 1)); }","NO","PASS","frontend/e2e/full-ui-interaction-sweep.spec.ts checklists-readonly; runtime-checklists-readonly.json; real configured department/line/shift/role options selected locally, two unsaved rows copied/reordered/edited/toggled, preview next/back/close completed on all four widths; final builder discarded and no API write; all four widths"
"frontend/src/screens/ChecklistsScreen.tsx:2785","Checklists","frontend/src/screens/ChecklistsScreen.tsx","2785","Закрыть","button","authorized role for capability","() => setPreviewTemplate(null)","YES","PASS","frontend/e2e/full-ui-interaction-sweep.spec.ts checklists-archive-template-submit-isolated; runtime-checklists-archive-template-submit-isolated.json; browser-memory history occurrence and return, manual close, completed-run and archive-sheet run opens, exact row reorder PATCHes, active-template version save, template start, empty preview close, archive detail/PDF and restore passed on desktop/360/390/430. All writes were intercepted; backend persistence/RBAC/audit/file contents are not inferred; UI-SWEEP-074 fixed and rechecked; all four widths"
"frontend/src/screens/ChecklistsScreen.tsx:2824","Checklists","frontend/src/screens/ChecklistsScreen.tsx","2824","Отмена","button","authorized role for capability","requestCloseTemplateBuilder","NO","PASS","frontend/e2e/full-ui-interaction-sweep.spec.ts checklists-readonly; runtime-checklists-readonly.json; create builder local fields, scope, interval, checkboxes, row, preview and explicit discard on all four widths; template save/upload NOT executed; all four widths"
"frontend/src/screens/ChecklistsScreen.tsx:2825","Checklists","frontend/src/screens/ChecklistsScreen.tsx","2825","button:button @2825","button","authorized role for capability","requestSubmitTemplateBuilder","YES","PASS","frontend/e2e/full-ui-interaction-sweep.spec.ts checklists-archive-template-submit-isolated; runtime-checklists-archive-template-submit-isolated.json; browser-memory history occurrence and return, manual close, completed-run and archive-sheet run opens, exact row reorder PATCHes, active-template version save, template start, empty preview close, archive detail/PDF and restore passed on desktop/360/390/430. All writes were intercepted; backend persistence/RBAC/audit/file contents are not inferred; UI-SWEEP-074 fixed and rechecked; all four widths"
"frontend/src/screens/ChecklistsScreen.tsx:2844","Checklists","frontend/src/screens/ChecklistsScreen.tsx","2844","Например, контроль запуска линии","input","authorized role for capability","(event) => setTemplateBuilderValue('name', event.target.value)","NO","PASS","frontend/e2e/full-ui-interaction-sweep.spec.ts checklists-readonly; runtime-checklists-readonly.json; create builder local fields, scope, interval, checkboxes, row, preview and explicit discard on all four widths; template save/upload NOT executed; all four widths"
"frontend/src/screens/ChecklistsScreen.tsx:2853","Checklists","frontend/src/screens/ChecklistsScreen.tsx","2853","Выберите отдел","select","authorized role for capability","(event) => setTemplateBuilderValue('departmentId', event.target.value)","NO","PASS","frontend/e2e/full-ui-interaction-sweep.spec.ts checklists-readonly; runtime-checklists-readonly.json; real configured department/line/shift/role options selected locally, two unsaved rows copied/reordered/edited/toggled, preview next/back/close completed on all four widths; final builder discarded and no API write; all four widths"
"frontend/src/screens/ChecklistsScreen.tsx:2859","Checklists","frontend/src/screens/ChecklistsScreen.tsx","2859","Коротко объясните цель проверки","textarea","authorized role for capability","(event) => setTemplateBuilderValue('description', event.target.value)","NO","PASS","frontend/e2e/full-ui-interaction-sweep.spec.ts checklists-readonly; runtime-checklists-readonly.json; create builder local fields, scope, interval, checkboxes, row, preview and explicit discard on all four widths; template save/upload NOT executed; all four widths"
"frontend/src/screens/ChecklistsScreen.tsx:2869","Checklists","frontend/src/screens/ChecklistsScreen.tsx","2869","Общий для отдела","button","authorized role for capability","() => setTemplateBuilderValue('scope', 'DEPARTMENT')","NO","PASS","frontend/e2e/full-ui-interaction-sweep.spec.ts checklists-readonly; runtime-checklists-readonly.json; create builder local fields, scope, interval, checkboxes, row, preview and explicit discard on all four widths; template save/upload NOT executed; all four widths"
"frontend/src/screens/ChecklistsScreen.tsx:2870","Checklists","frontend/src/screens/ChecklistsScreen.tsx","2870","На линии","button","authorized role for capability","() => setTemplateBuilderValue('scope', 'LINE')","NO","PASS","frontend/e2e/full-ui-interaction-sweep.spec.ts checklists-readonly; runtime-checklists-readonly.json; create builder local fields, scope, interval, checkboxes, row, preview and explicit discard on all four widths; template save/upload NOT executed; all four widths"
"frontend/src/screens/ChecklistsScreen.tsx:2875","Checklists","frontend/src/screens/ChecklistsScreen.tsx","2875","Выберите линию","select","authorized role for capability","(event) => setTemplateBuilderValue('lineId', event.target.value)","NO","PASS","frontend/e2e/full-ui-interaction-sweep.spec.ts checklists-readonly; runtime-checklists-readonly.json; real configured department/line/shift/role options selected locally, two unsaved rows copied/reordered/edited/toggled, preview next/back/close completed on all four widths; final builder discarded and no API write; all four widths"
"frontend/src/screens/ChecklistsScreen.tsx:2890","Checklists","frontend/src/screens/ChecklistsScreen.tsx","2890","select @2890","select","authorized role for capability","(event) => setTemplateBuilderValue('frequencyRule', event.target.value)","NO","PASS","frontend/e2e/full-ui-interaction-sweep.spec.ts checklists-readonly; runtime-checklists-readonly.json; create builder local fields, scope, interval, checkboxes, row, preview and explicit discard on all four widths; template save/upload NOT executed; all four widths"
"frontend/src/screens/ChecklistsScreen.tsx:2895","Checklists","frontend/src/screens/ChecklistsScreen.tsx","2895","select @2895","select","authorized role for capability","(event) => setTemplateBuilderValue('shiftType', event.target.value)","NO","PASS","frontend/e2e/full-ui-interaction-sweep.spec.ts checklists-readonly; runtime-checklists-readonly.json; real configured department/line/shift/role options selected locally, two unsaved rows copied/reordered/edited/toggled, preview next/back/close completed on all four widths; final builder discarded and no API write; all four widths"
"frontend/src/screens/ChecklistsScreen.tsx:2902","Checklists","frontend/src/screens/ChecklistsScreen.tsx","2902","select @2902","select","authorized role for capability","(event) => setTemplateBuilderValue('frequencyIntervalUnit', event.target.value)","NO","PASS","frontend/e2e/full-ui-interaction-sweep.spec.ts checklists-readonly; runtime-checklists-readonly.json; create builder local fields, scope, interval, checkboxes, row, preview and explicit discard on all four widths; template save/upload NOT executed; all four widths"
"frontend/src/screens/ChecklistsScreen.tsx:2907","Checklists","frontend/src/screens/ChecklistsScreen.tsx","2907","input:number @2907","input","authorized role for capability","(event) => setTemplateBuilderValue('frequencyIntervalValue', event.target.value)","NO","PASS","frontend/e2e/full-ui-interaction-sweep.spec.ts checklists-readonly; runtime-checklists-readonly.json; create builder local fields, scope, interval, checkboxes, row, preview and explicit discard on all four widths; template save/upload NOT executed; all four widths"
"frontend/src/screens/ChecklistsScreen.tsx:2912","Checklists","frontend/src/screens/ChecklistsScreen.tsx","2912","select @2912","select","authorized role for capability","(event) => setTemplateBuilderValue('assignmentRole', event.target.value)","NO","PASS","frontend/e2e/full-ui-interaction-sweep.spec.ts checklists-readonly; runtime-checklists-readonly.json; real configured department/line/shift/role options selected locally, two unsaved rows copied/reordered/edited/toggled, preview next/back/close completed on all four widths; final builder discarded and no API write; all four widths"
"frontend/src/screens/ChecklistsScreen.tsx:2923","Checklists","frontend/src/screens/ChecklistsScreen.tsx","2923","Добавить пункт","button","authorized role for capability","addBuilderRow","NO","PASS","frontend/e2e/full-ui-interaction-sweep.spec.ts checklists-readonly; runtime-checklists-readonly.json; create builder local fields, scope, interval, checkboxes, row, preview and explicit discard on all four widths; template save/upload NOT executed; all four widths"
"frontend/src/screens/ChecklistsScreen.tsx:2934","Checklists","frontend/src/screens/ChecklistsScreen.tsx","2934","Переместить выше","button","authorized role for capability","() => moveBuilderRow(index, -1)","NO","PASS","frontend/e2e/full-ui-interaction-sweep.spec.ts checklists-readonly; runtime-checklists-readonly.json; real configured department/line/shift/role options selected locally, two unsaved rows copied/reordered/edited/toggled, preview next/back/close completed on all four widths; final builder discarded and no API write; all four widths"
"frontend/src/screens/ChecklistsScreen.tsx:2935","Checklists","frontend/src/screens/ChecklistsScreen.tsx","2935","Переместить ниже","button","authorized role for capability","() => moveBuilderRow(index, 1)","NO","PASS","frontend/e2e/full-ui-interaction-sweep.spec.ts checklists-readonly; runtime-checklists-readonly.json; real configured department/line/shift/role options selected locally, two unsaved rows copied/reordered/edited/toggled, preview next/back/close completed on all four widths; final builder discarded and no API write; all four widths"
"frontend/src/screens/ChecklistsScreen.tsx:2936","Checklists","frontend/src/screens/ChecklistsScreen.tsx","2936","Изменить","button","authorized role for capability","() => editBuilderRow(index)","NO","PASS","frontend/e2e/full-ui-interaction-sweep.spec.ts checklists-readonly; runtime-checklists-readonly.json; real configured department/line/shift/role options selected locally, two unsaved rows copied/reordered/edited/toggled, preview next/back/close completed on all four widths; final builder discarded and no API write; all four widths"
"frontend/src/screens/ChecklistsScreen.tsx:2937","Checklists","frontend/src/screens/ChecklistsScreen.tsx","2937","Копия","button","authorized role for capability","() => duplicateBuilderRow(index)","NO","PASS","frontend/e2e/full-ui-interaction-sweep.spec.ts checklists-readonly; runtime-checklists-readonly.json; real configured department/line/shift/role options selected locally, two unsaved rows copied/reordered/edited/toggled, preview next/back/close completed on all four widths; final builder discarded and no API write; all four widths"
"frontend/src/screens/ChecklistsScreen.tsx:2938","Checklists","frontend/src/screens/ChecklistsScreen.tsx","2938","button:button @2938","button","authorized role for capability","() => toggleBuilderRow(index)","NO","PASS","frontend/e2e/full-ui-interaction-sweep.spec.ts checklists-readonly; runtime-checklists-readonly.json; real configured department/line/shift/role options selected locally, two unsaved rows copied/reordered/edited/toggled, preview next/back/close completed on all four widths; final builder discarded and no API write; all four widths"
"frontend/src/screens/ChecklistsScreen.tsx:2961","Checklists","frontend/src/screens/ChecklistsScreen.tsx","2961","input:checkbox @2961","input","authorized role for capability","(event) => setTemplateBuilderValue('isMandatory', event.target.checked)","NO","PASS","frontend/e2e/full-ui-interaction-sweep.spec.ts checklists-readonly; runtime-checklists-readonly.json; create builder local fields, scope, interval, checkboxes, row, preview and explicit discard on all four widths; template save/upload NOT executed; all four widths"
"frontend/src/screens/ChecklistsScreen.tsx:2965","Checklists","frontend/src/screens/ChecklistsScreen.tsx","2965","input:checkbox @2965","input","authorized role for capability","(event) => setTemplateBuilderValue('isActive', event.target.checked)","NO","PASS","frontend/e2e/full-ui-interaction-sweep.spec.ts checklists-readonly; runtime-checklists-readonly.json; create builder local fields, scope, interval, checkboxes, row, preview and explicit discard on all four widths; template save/upload NOT executed; all four widths"
"frontend/src/screens/ChecklistsScreen.tsx:2971","Checklists","frontend/src/screens/ChecklistsScreen.tsx","2971","Коротко укажите, что изменилось","textarea","authorized role for capability","(event) => setTemplateBuilderValue('reason', event.target.value)","NO","PASS","frontend/e2e/full-ui-interaction-sweep.spec.ts checklists-archive-template-submit-isolated; runtime-checklists-archive-template-submit-isolated.json; browser-memory history occurrence and return, manual close, completed-run and archive-sheet run opens, exact row reorder PATCHes, active-template version save, template start, empty preview close, archive detail/PDF and restore passed on desktop/360/390/430. All writes were intercepted; backend persistence/RBAC/audit/file contents are not inferred; UI-SWEEP-074 fixed and rechecked; all four widths"
"frontend/src/screens/ChecklistsScreen.tsx:2974","Checklists","frontend/src/screens/ChecklistsScreen.tsx","2974","Предпросмотр как у сотрудника","button","authorized role for capability","openTemplateBuilderPreview","NO","PASS","frontend/e2e/full-ui-interaction-sweep.spec.ts checklists-readonly; runtime-checklists-readonly.json; create builder local fields, scope, interval, checkboxes, row, preview and explicit discard on all four widths; template save/upload NOT executed; all four widths"
"frontend/src/screens/DefrostScreen.tsx:417","Defrost","frontend/src/screens/DefrostScreen.tsx","417","Поставить на оттайку","button","authorized role for capability","() => openAction('start')","YES","PASS","frontend/e2e/full-ui-interaction-sweep.spec.ts defrost-readonly + defrost-start-complete-outcomes-isolated; Поставить на оттайку local Close/browser Back reset is preserved, while controlled Russian 409 retention, exact retry payload, resulting line state and browser-memory reload are proved on desktop/360/390/430. Backend persistence/transition authority/RBAC/idempotency/audit/concurrency are not inferred; all four widths"
"frontend/src/screens/DefrostScreen.tsx:420","Defrost","frontend/src/screens/DefrostScreen.tsx","420","Обдул шоковую камеру","button","authorized role for capability","() => openAction('blow')","NO","PASS","frontend/e2e/full-ui-interaction-sweep.spec.ts defrost-readonly + defrost-blow-submit-isolated; form Close/browser Back reset local draft, exact blow command updates the browser-memory counter and survives reload on desktop/360/390/430. Backend persistence/RBAC/idempotency are not inferred; all four widths"
"frontend/src/screens/DefrostScreen.tsx:423","Defrost","frontend/src/screens/DefrostScreen.tsx","423","Запустить в работу","button","authorized role for capability","() => openAction('complete')","YES","PASS","frontend/e2e/full-ui-interaction-sweep.spec.ts defrost-readonly + defrost-start-complete-outcomes-isolated; Запустить в работу local Close/browser Back reset is preserved, while controlled Russian 409 retention, exact retry payload, resulting line state and browser-memory reload are proved on desktop/360/390/430. Backend persistence/transition authority/RBAC/idempotency/audit/concurrency are not inferred; all four widths"
"frontend/src/screens/DefrostScreen.tsx:446","Defrost","frontend/src/screens/DefrostScreen.tsx","446","button:button @446","button","authorized role for capability","() => openLine(line)","NO","PASS","frontend/e2e/full-ui-interaction-sweep.spec.ts defrost-readonly; runtime-defrost-readonly.json; exact line calendar, month/date/30-60 outcomes and UI/browser Back with scroll-context restoration; GET only; all four widths"
"frontend/src/screens/DefrostScreen.tsx:543","Defrost","frontend/src/screens/DefrostScreen.tsx","543","К списку линий","button","authorized role for capability","closeLine","NO","PASS","frontend/e2e/full-ui-interaction-sweep.spec.ts defrost-readonly; runtime-defrost-readonly.json; exact line calendar, month/date/30-60 outcomes and UI/browser Back with scroll-context restoration; GET only; all four widths"
"frontend/src/screens/DefrostScreen.tsx:555","Defrost","frontend/src/screens/DefrostScreen.tsx","555","Назад","button","authorized role for capability","() => setSelectedMonth((value) => shiftMonth(value, -1))","NO","PASS","frontend/e2e/full-ui-interaction-sweep.spec.ts defrost-readonly; runtime-defrost-readonly.json; exact line calendar, month/date/30-60 outcomes and UI/browser Back with scroll-context restoration; GET only; all four widths"
"frontend/src/screens/DefrostScreen.tsx:559","Defrost","frontend/src/screens/DefrostScreen.tsx","559","Вперёд","button","authorized role for capability","() => setSelectedMonth((value) => shiftMonth(value, 1))","NO","PASS","frontend/e2e/full-ui-interaction-sweep.spec.ts defrost-readonly; runtime-defrost-readonly.json; exact line calendar, month/date/30-60 outcomes and UI/browser Back with scroll-context restoration; GET only; all four widths"
"frontend/src/screens/DefrostScreen.tsx:562","Defrost","frontend/src/screens/DefrostScreen.tsx","562","Сегодня","button","authorized role for capability","() => setSelectedMonth(currentMonth())","NO","PASS","frontend/e2e/full-ui-interaction-sweep.spec.ts defrost-readonly; runtime-defrost-readonly.json; exact line calendar, month/date/30-60 outcomes and UI/browser Back with scroll-context restoration; GET only; all four widths"
"frontend/src/screens/DefrostScreen.tsx:579","Defrost","frontend/src/screens/DefrostScreen.tsx","579","button:button @579","button","authorized role for capability","() => setSelectedDate(day.date)","NO","PASS","frontend/e2e/full-ui-interaction-sweep.spec.ts defrost-readonly; runtime-defrost-readonly.json; exact line calendar, month/date/30-60 outcomes and UI/browser Back with scroll-context restoration; GET only; all four widths"
"frontend/src/screens/DefrostScreen.tsx:611","Defrost","frontend/src/screens/DefrostScreen.tsx","611","30 дней","button","authorized role for capability","() => setSummaryDays(30)","NO","PASS","frontend/e2e/full-ui-interaction-sweep.spec.ts defrost-readonly; runtime-defrost-readonly.json; exact line calendar, month/date/30-60 outcomes and UI/browser Back with scroll-context restoration; GET only; all four widths"
"frontend/src/screens/DefrostScreen.tsx:612","Defrost","frontend/src/screens/DefrostScreen.tsx","612","60 дней","button","authorized role for capability","() => setSummaryDays(60)","NO","PASS","frontend/e2e/full-ui-interaction-sweep.spec.ts defrost-readonly; runtime-defrost-readonly.json; exact line calendar, month/date/30-60 outcomes and UI/browser Back with scroll-context restoration; GET only; all four widths"
"frontend/src/screens/DefrostScreen.tsx:640","Defrost","frontend/src/screens/DefrostScreen.tsx","640","Закрыть","button","authorized role for capability","() => { setModal(null); setComment(''); setErrorText(null); }","YES","PASS","frontend/e2e/full-ui-interaction-sweep.spec.ts defrost-readonly; runtime-defrost-readonly.json; local comment draft, UI close, cleared reopen and browser Back across all three action forms; no event submit; all four widths"
"frontend/src/screens/DefrostScreen.tsx:651","Defrost","frontend/src/screens/DefrostScreen.tsx","651","Можно оставить пустым","textarea","authorized role for capability","(event) => setComment(event.target.value)","NO","PASS","frontend/e2e/full-ui-interaction-sweep.spec.ts defrost-readonly; runtime-defrost-readonly.json; local comment draft, UI close, cleared reopen and browser Back across all three action forms; no event submit; all four widths"
"frontend/src/screens/DefrostScreen.tsx:664","Defrost","frontend/src/screens/DefrostScreen.tsx","664","button:button @664","button","authorized role for capability","() => void submitAction(line, comment)","YES","PASS","frontend/e2e/full-ui-interaction-sweep.spec.ts defrost-blow-submit-isolated + defrost-start-complete-outcomes-isolated; exact blow, start and complete POST payloads carry their entered comments and canonical operationId forms. Browser-memory counter/state survives reload; controlled Russian start/complete 409 states retain context, retry converges On defrost/In work and modal browser Back causes no command on desktop/360/390/430. Mutations were browser-intercepted; backend persistence/transition authority/RBAC/idempotency/audit/concurrency are not inferred; all four widths"
"frontend/src/screens/FactorySelectScreen.tsx:297","Auth / shell","frontend/src/screens/FactorySelectScreen.tsx","297","Новый пароль","input","current authorized role","(event) => setNewPassword(event.target.value)","NO","PASS","frontend/e2e/full-ui-interaction-sweep.spec.ts factory-forced-password-draft-readonly; runtime-factory-forced-password-draft-readonly.json; isolated browser login response opened the canonical forced-password form; both local fields survived focus Back, while layer Back and explicit return restored login and cleared the draft on desktop/360/390/430; set-password POST NOT invoked; all four widths"
"frontend/src/screens/FactorySelectScreen.tsx:306","Auth / shell","frontend/src/screens/FactorySelectScreen.tsx","306","Повтор нового пароля","input","current authorized role","(event) => setNewPasswordRepeat(event.target.value)","NO","PASS","frontend/e2e/full-ui-interaction-sweep.spec.ts factory-forced-password-draft-readonly; runtime-factory-forced-password-draft-readonly.json; isolated browser login response opened the canonical forced-password form; both local fields survived focus Back, while layer Back and explicit return restored login and cleared the draft on desktop/360/390/430; set-password POST NOT invoked; all four widths"
"frontend/src/screens/FactorySelectScreen.tsx:315","Auth / shell","frontend/src/screens/FactorySelectScreen.tsx","315","Назад ко входу","button","current authorized role","returnToLogin","NO","PASS","frontend/e2e/full-ui-interaction-sweep.spec.ts factory-forced-password-draft-readonly; runtime-factory-forced-password-draft-readonly.json; isolated browser login response opened the canonical forced-password form; both local fields survived focus Back, while layer Back and explicit return restored login and cleared the draft on desktop/360/390/430; set-password POST NOT invoked; all four widths"
"frontend/src/screens/FactorySelectScreen.tsx:318","Auth / shell","frontend/src/screens/FactorySelectScreen.tsx","318","Сохранить","button","current authorized role","native form interaction","YES","PASS","frontend/e2e/full-ui-interaction-sweep.spec.ts factory-forced-password-submit-isolated; runtime-factory-forced-password-submit-isolated.json; mismatched-password validation sent no request, exact set-password payload was intercepted once, factory picker opened, browser Back closed it and intercepted auth/me restored it after reload on desktop/360/390/430. Backend persistence/token validity are not inferred; all four widths"
"frontend/src/screens/FactorySelectScreen.tsx:329","Auth / shell","frontend/src/screens/FactorySelectScreen.tsx","329","+7...","input","current authorized role","(event) => setPhone(event.target.value)","NO","PASS","frontend/e2e/full-ui-interaction-sweep.spec.ts factory-entry; runtime-factory-entry.json; registration fields, mismatched-password local validation and browser Back; successful registration submit is mapped separately; all four widths"
"frontend/src/screens/FactorySelectScreen.tsx:338","Auth / shell","frontend/src/screens/FactorySelectScreen.tsx","338","Пароль","input","current authorized role","(event) => setPassword(event.target.value)","NO","PASS","frontend/e2e/full-ui-interaction-sweep.spec.ts factory-entry; runtime-factory-entry.json; registration fields, mismatched-password local validation and browser Back; successful registration submit is mapped separately; all four widths"
"frontend/src/screens/FactorySelectScreen.tsx:347","Auth / shell","frontend/src/screens/FactorySelectScreen.tsx","347","Повтор пароля","input","current authorized role","(event) => setPasswordRepeat(event.target.value)","NO","PASS","frontend/e2e/full-ui-interaction-sweep.spec.ts factory-entry; runtime-factory-entry.json; registration fields, mismatched-password local validation and browser Back; successful registration submit is mapped separately; all four widths"
"frontend/src/screens/FactorySelectScreen.tsx:356","Auth / shell","frontend/src/screens/FactorySelectScreen.tsx","356","Назад ко входу","button","current authorized role","returnToLogin","NO","PASS","frontend/e2e/full-ui-interaction-sweep.spec.ts factory-entry; runtime-factory-entry.json; registration fields, mismatched-password local validation and browser Back; successful registration submit is mapped separately; all four widths"
"frontend/src/screens/FactorySelectScreen.tsx:359","Auth / shell","frontend/src/screens/FactorySelectScreen.tsx","359","Зарегистрироваться","button","current authorized role","native form interaction","YES","PASS","frontend/e2e/full-ui-interaction-sweep.spec.ts factory-entry + factory-registration-submit-outcome-isolated; mismatch validation sent no request; exact anonymous register payload received a visible Russian 409 with retained fields, retry reused the same operationId, successful intercepted response opened the guest factory picker, browser Back exposed completion/waiting state and intercepted auth/me restored the picker after reload on desktop/360/390/430. Backend user creation/persistence, authority and audit are not inferred; all four widths"
"frontend/src/screens/FactorySelectScreen.tsx:367","Auth / shell","frontend/src/screens/FactorySelectScreen.tsx","367","+7...","input","current authorized role","(event) => setPhone(event.target.value)","NO","PASS","frontend/e2e/full-ui-interaction-sweep.spec.ts factory-entry; runtime-factory-entry.json; login fields, real POST 201, automatic factory picker and online Завод 4; dev login NOT exercised; all four widths"
"frontend/src/screens/FactorySelectScreen.tsx:377","Auth / shell","frontend/src/screens/FactorySelectScreen.tsx","377","Пароль","input","current authorized role","(event) => setPassword(event.target.value)","NO","PASS","frontend/e2e/full-ui-interaction-sweep.spec.ts factory-entry; runtime-factory-entry.json; login fields, real POST 201, automatic factory picker and online Завод 4; dev login NOT exercised; all four widths"
"frontend/src/screens/FactorySelectScreen.tsx:385","Auth / shell","frontend/src/screens/FactorySelectScreen.tsx","385","Войти","button","current authorized role","native form interaction","NO","PASS","frontend/e2e/full-ui-interaction-sweep.spec.ts factory-entry; runtime-factory-entry.json; login fields, real POST 201, automatic factory picker and online Завод 4; dev login NOT exercised; all four widths"
"frontend/src/screens/FactorySelectScreen.tsx:392","Auth / shell","frontend/src/screens/FactorySelectScreen.tsx","392","Регистрация","button","current authorized role","() => { setPassword(''); setPasswordRepeat(''); setLocalError(null); setAuthMode('register'); }","NO","PASS","frontend/e2e/full-ui-interaction-sweep.spec.ts factory-entry; runtime-factory-entry.json; login fields, real POST 201, automatic factory picker and online Завод 4; dev login NOT exercised; all four widths"
"frontend/src/screens/FactorySelectScreen.tsx:448","Auth / shell","frontend/src/screens/FactorySelectScreen.tsx","448","Выбрать завод","button","current authorized role","() => setFactoryPickerOpen(true)","NO","PASS","frontend/e2e/full-ui-interaction-sweep.spec.ts factory-entry; runtime-factory-entry.json; factory picker browser Back/reopen and exact factory selection with /auth/me 200; picker UI close control NOT claimed; all four widths"
"frontend/src/screens/FactorySelectScreen.tsx:465","Auth / shell","frontend/src/screens/FactorySelectScreen.tsx","465","›","button","current authorized role","() => void selectFactory(factory.id)","NO","PASS","frontend/e2e/full-ui-interaction-sweep.spec.ts factory-entry; runtime-factory-entry.json; factory picker browser Back/reopen and exact factory selection with /auth/me 200; picker UI close control NOT claimed; all four widths"
"frontend/src/screens/NotificationsScreen.tsx:128","Notifications","frontend/src/screens/NotificationsScreen.tsx","128","Отметить всё прочитанным","button","authorized role for capability","() => void markAllRead()","YES","PASS","frontend/e2e/full-ui-interaction-sweep.spec.ts notifications-read-submit-isolated; runtime-notifications-read-submit-isolated.json; exact bulk read POST executed once, all cards became read, action disabled and browser-memory state survived reload on desktop/360/390/430; backend persistence/RBAC/audit are not inferred; all four widths"
"frontend/src/screens/NotificationsScreen.tsx:131","Notifications","frontend/src/screens/NotificationsScreen.tsx","131","Настройки уведомлений","button","authorized role for capability","() => window.dispatchEvent(new CustomEvent('zavod:open-settings'))","NO","PASS","frontend/e2e/full-ui-interaction-sweep.spec.ts notifications-readonly; runtime-notifications-readonly.json; settings opens canonical settings sheet and UI/browser Back preserves notification screen; no read mutation; all four widths"
"frontend/src/screens/NotificationsScreen.tsx:171","Notifications","frontend/src/screens/NotificationsScreen.tsx","171","Открыть","button","authorized role for capability","() => void openSource(item)","NO","PASS","frontend/e2e/full-ui-interaction-sweep.spec.ts notifications-readonly; runtime-notifications-readonly.json; visible source card matched GET item, auth/me 200, exact canonical source screen opened and browser Back restored feed; read mutation absent due UI-SWEEP-044 and NOT claimed; all four widths"
"frontend/src/screens/NotificationsScreen.tsx:176","Notifications","frontend/src/screens/NotificationsScreen.tsx","176","Отметить прочитанным","button","authorized role for capability","() => void markRead(item.id)","YES","PASS","frontend/e2e/full-ui-interaction-sweep.spec.ts notifications-read-submit-isolated; runtime-notifications-read-submit-isolated.json; exact individual read POST executed once, one card became read while another remained unread, and browser-memory state survived reload on desktop/360/390/430; backend persistence/RBAC/audit are not inferred; all four widths"
"frontend/src/screens/OkkScreen.tsx:283","Quality","frontend/src/screens/OkkScreen.tsx","283","Выдать часть","button","authorized quality/store role","() => { setErrorText(null); setActiveId(record.id); setModal('partialRelease'); }","NO","PASS","frontend/e2e/full-ui-interaction-sweep.spec.ts okk release draft plus lifecycle outcome; runtime-okk-create-release-drafts.json and runtime-okk-create-release-complete-outcomes-isolated.json; canonical quantity preview, Back/cancel and exact partial-release command refresh balance/history with reload preservation on desktop/360/390/430. Command/read model were browser-intercepted; backend persistence/RBAC/audit/concurrency are not inferred; all four widths"
"frontend/src/screens/OkkScreen.tsx:285","Quality","frontend/src/screens/OkkScreen.tsx","285","Отметить выполнение","button","authorized quality/store role","() => { setActiveId(record.id); setModal('completion'); }","NO","PASS","frontend/e2e/full-ui-interaction-sweep.spec.ts okk-actions-drafts plus lifecycle outcomes; runtime-okk-actions-drafts.json and runtime-okk-create-release-complete-outcomes-isolated.json; completion/full-complete drafts, Stay/discard and exact rejected/retried commands converge to refreshed detail/archive/reload with browser Back on desktop/360/390/430. Commands/read model were browser-intercepted; backend persistence/RBAC/audit/concurrency are not inferred; all four widths"
"frontend/src/screens/OkkScreen.tsx:286","Quality","frontend/src/screens/OkkScreen.tsx","286","Полностью завершён","button","authorized quality/store role","() => { setActiveId(record.id); setModal('fullComplete'); }","YES","PASS","frontend/e2e/full-ui-interaction-sweep.spec.ts okk-actions-drafts plus lifecycle outcomes; runtime-okk-actions-drafts.json and runtime-okk-create-release-complete-outcomes-isolated.json; completion/full-complete drafts, Stay/discard and exact rejected/retried commands converge to refreshed detail/archive/reload with browser Back on desktop/360/390/430. Commands/read model were browser-intercepted; backend persistence/RBAC/audit/concurrency are not inferred; all four widths"
"frontend/src/screens/OkkScreen.tsx:287","Quality","frontend/src/screens/OkkScreen.tsx","287","Прикрепить","button","authorized quality/store role","() => { setActiveId(record.id); setModal('attachment'); }","NO","PASS","frontend/e2e/full-ui-interaction-sweep.spec.ts okk-actions-drafts; runtime-okk-actions-drafts.json; attachment form opens and returns by Back to the same parent; upload is proved separately; all four widths"
"frontend/src/screens/OkkScreen.tsx:306","Quality","frontend/src/screens/OkkScreen.tsx","306","Открыть","button","authorized quality/store role","() => setActiveId(record.id)","NO","PASS","frontend/e2e/full-ui-interaction-sweep.spec.ts okk-readonly; runtime-okk-readonly.json; active/archive detail title, 14 fields, UI/browser Back preserves category/list; no mutations; all four widths"
"frontend/src/screens/OkkScreen.tsx:322","Quality","frontend/src/screens/OkkScreen.tsx","322","Новый брак","button","authorized quality/store role","() => setModal('create')","YES","PASS","frontend/e2e/full-ui-interaction-sweep.spec.ts okk create draft plus lifecycle outcome; runtime-okk-create-release-drafts.json and runtime-okk-create-release-complete-outcomes-isolated.json; 12-field form, DAY/NIGHT select, required validity, dirty Stay/discard, controlled Russian 409 retention, retry, exact command and refreshed/reloaded detail passed on desktop/360/390/430. Command/read model were browser-intercepted; backend persistence/RBAC/audit/concurrency are not inferred; all four widths"
"frontend/src/screens/OkkScreen.tsx:354","Quality","frontend/src/screens/OkkScreen.tsx","354","Отмена","button","authorized quality/store role","() => { setFiles([]); setModal(null); }","NO","PASS","frontend/e2e/full-ui-interaction-sweep.spec.ts okk-actions-drafts; runtime-okk-actions-drafts.json; empty attachment form Back/UI cancel semantics, no upload; all four widths"
"frontend/src/screens/OkkScreen.tsx:355","Quality","frontend/src/screens/OkkScreen.tsx","355","Загрузить","button","authorized quality/store role","() => void uploadForRecord()","YES","PASS","frontend/e2e/full-ui-interaction-sweep.spec.ts okk-attachment-upload-isolated; runtime-okk-attachment-upload-isolated.json; a real PNG enabled upload; exact multipart carried OKK_RECORD/entity/photo metadata plus canonical operation UUID; browser-memory attachment survived reload, detail open and browser Back on desktop/360/390/430. Upload was browser-intercepted; backend persistence/ownership/RBAC/idempotency are not inferred; all four widths"
"frontend/src/screens/OkkScreen.tsx:376","Quality","frontend/src/screens/OkkScreen.tsx","376","Закрыть","button","authorized quality/store role","() => setActiveId(null)","YES","PASS","frontend/e2e/full-ui-interaction-sweep.spec.ts okk-readonly; runtime-okk-readonly.json; active/archive detail title, 14 fields, UI/browser Back preserves category/list; no mutations; all four widths"
"frontend/src/screens/OpsAuditScreen.tsx:365","Statistics / Audit","frontend/src/screens/OpsAuditScreen.tsx","365","button:button @365","button","MANAGEMENT / ADMIN","() => setTab(item)","NO","PASS","frontend/e2e/full-ui-interaction-sweep.spec.ts deep-readonly; runtime-deep-readonly.json; all four widths"
"frontend/src/screens/OpsAuditScreen.tsx:384","Statistics / Audit","frontend/src/screens/OpsAuditScreen.tsx","384","Фильтры","button","MANAGEMENT / ADMIN","() => setFiltersOpen(true)","NO","PASS","frontend/e2e/full-ui-interaction-sweep.spec.ts deep-readonly; runtime-deep-readonly.json; all four widths"
"frontend/src/screens/OpsAuditScreen.tsx:629","Statistics / Audit","frontend/src/screens/OpsAuditScreen.tsx","629","Подробнее","button","MANAGEMENT / ADMIN","() => setSelectedAudit(item)","NO","PASS","frontend/e2e/full-ui-interaction-sweep.spec.ts deep-readonly; runtime-deep-readonly.json; all four widths"
"frontend/src/screens/OpsAuditScreen.tsx:648","Statistics / Audit","frontend/src/screens/OpsAuditScreen.tsx","648","Применить фильтры","button","MANAGEMENT / ADMIN","() => { void load().then(() => setFiltersOpen(false)); }","NO","PASS","frontend/e2e/full-ui-interaction-sweep.spec.ts deep-readonly; runtime-deep-readonly.json; all four widths"
"frontend/src/screens/OpsAuditScreen.tsx:654","Statistics / Audit","frontend/src/screens/OpsAuditScreen.tsx","654","Сегодня","button","MANAGEMENT / ADMIN","() => applyQuickPeriod('today')","NO","PASS","frontend/e2e/full-ui-interaction-sweep.spec.ts deep-readonly; runtime-deep-readonly.json; all four widths"
"frontend/src/screens/OpsAuditScreen.tsx:655","Statistics / Audit","frontend/src/screens/OpsAuditScreen.tsx","655","Вчера","button","MANAGEMENT / ADMIN","() => applyQuickPeriod('yesterday')","NO","PASS","frontend/e2e/full-ui-interaction-sweep.spec.ts deep-readonly; runtime-deep-readonly.json; all four widths"
"frontend/src/screens/OpsAuditScreen.tsx:656","Statistics / Audit","frontend/src/screens/OpsAuditScreen.tsx","656","7 дней","button","MANAGEMENT / ADMIN","() => applyQuickPeriod('week')","NO","PASS","frontend/e2e/full-ui-interaction-sweep.spec.ts deep-readonly; runtime-deep-readonly.json; all four widths"
"frontend/src/screens/OpsAuditScreen.tsx:657","Statistics / Audit","frontend/src/screens/OpsAuditScreen.tsx","657","Этот месяц","button","MANAGEMENT / ADMIN","() => applyQuickPeriod('month')","NO","PASS","frontend/e2e/full-ui-interaction-sweep.spec.ts deep-readonly; runtime-deep-readonly.json; all four widths"
"frontend/src/screens/OpsAuditScreen.tsx:658","Statistics / Audit","frontend/src/screens/OpsAuditScreen.tsx","658","Прошлый месяц","button","MANAGEMENT / ADMIN","() => applyQuickPeriod('prevMonth')","NO","PASS","frontend/e2e/full-ui-interaction-sweep.spec.ts deep-readonly; runtime-deep-readonly.json; all four widths"
"frontend/src/screens/OpsAuditScreen.tsx:661","Statistics / Audit","frontend/src/screens/OpsAuditScreen.tsx","661","input:date @661","input","MANAGEMENT / ADMIN","(event) => setFilters((current) => ({ ...current, dateFrom: event.target.value }))","NO","PASS","frontend/e2e/full-ui-interaction-sweep.spec.ts deep-readonly; runtime-deep-readonly.json; all four widths"
"frontend/src/screens/OpsAuditScreen.tsx:662","Statistics / Audit","frontend/src/screens/OpsAuditScreen.tsx","662","input:date @662","input","MANAGEMENT / ADMIN","(event) => setFilters((current) => ({ ...current, dateTo: event.target.value }))","NO","PASS","frontend/e2e/full-ui-interaction-sweep.spec.ts deep-readonly; runtime-deep-readonly.json; all four widths"
"frontend/src/screens/OpsAuditScreen.tsx:663","Statistics / Audit","frontend/src/screens/OpsAuditScreen.tsx","663","Все линии","select","MANAGEMENT / ADMIN","(event) => setFilters((current) => ({ ...current, lineId: event.target.value }))","NO","PASS","frontend/e2e/full-ui-interaction-sweep.spec.ts deep-readonly; runtime-deep-readonly.json; all four widths"
"frontend/src/screens/OpsAuditScreen.tsx:664","Statistics / Audit","frontend/src/screens/OpsAuditScreen.tsx","664","Все День Ночь","select","MANAGEMENT / ADMIN","(event) => setFilters((current) => ({ ...current, shiftType: event.target.value }))","NO","PASS","frontend/e2e/full-ui-interaction-sweep.spec.ts deep-readonly; runtime-deep-readonly.json; all four widths"
"frontend/src/screens/OpsAuditScreen.tsx:665","Statistics / Audit","frontend/src/screens/OpsAuditScreen.tsx","665","Все отделы","select","MANAGEMENT / ADMIN","(event) => setFilters((current) => ({ ...current, departmentId: event.target.value }))","NO","PASS","frontend/e2e/full-ui-interaction-sweep.spec.ts deep-readonly; runtime-deep-readonly.json; all four widths"
"frontend/src/screens/OpsAuditScreen.tsx:666","Statistics / Audit","frontend/src/screens/OpsAuditScreen.tsx","666","Все типы Срочные Долгие","select","MANAGEMENT / ADMIN","(event) => setFilters((current) => ({ ...current, taskType: event.target.value }))","NO","PASS","frontend/e2e/full-ui-interaction-sweep.spec.ts deep-readonly; runtime-deep-readonly.json; all four widths"
"frontend/src/screens/OpsAuditScreen.tsx:667","Statistics / Audit","frontend/src/screens/OpsAuditScreen.tsx","667","Все статусы Новые В работе Завершённые","select","MANAGEMENT / ADMIN","(event) => setFilters((current) => ({ ...current, taskStatus: event.target.value }))","YES","PASS","frontend/e2e/full-ui-interaction-sweep.spec.ts deep-readonly; runtime-deep-readonly.json; all four widths"
"frontend/src/screens/OpsAuditScreen.tsx:668","Statistics / Audit","frontend/src/screens/OpsAuditScreen.tsx","668","select @668","select","MANAGEMENT / ADMIN","(event) => setFilters((current) => ({ ...current, taskScope: event.target.value }))","NO","PASS","frontend/e2e/full-ui-interaction-sweep.spec.ts deep-readonly; runtime-deep-readonly.json; all four widths"
"frontend/src/screens/OpsAuditScreen.tsx:669","Statistics / Audit","frontend/src/screens/OpsAuditScreen.tsx","669","Все модули","select","MANAGEMENT / ADMIN","(event) => setFilters((current) => ({ ...current, eventModule: event.target.value }))","NO","PASS","frontend/e2e/full-ui-interaction-sweep.spec.ts deep-readonly; runtime-deep-readonly.json; all four widths"
"frontend/src/screens/OpsAuditScreen.tsx:670","Statistics / Audit","frontend/src/screens/OpsAuditScreen.tsx","670","Любая Информация Внимание Критично","select","MANAGEMENT / ADMIN","(event) => setFilters((current) => ({ ...current, eventSeverity: event.target.value }))","NO","PASS","frontend/e2e/full-ui-interaction-sweep.spec.ts deep-readonly; runtime-deep-readonly.json; all four widths"
"frontend/src/screens/OpsAuditScreen.tsx:671","Statistics / Audit","frontend/src/screens/OpsAuditScreen.tsx","671","Заявка, мойка, отказ...","input","MANAGEMENT / ADMIN","(event) => setFilters((current) => ({ ...current, eventSearch: event.target.value }))","NO","PASS","frontend/e2e/full-ui-interaction-sweep.spec.ts deep-readonly; runtime-deep-readonly.json; all four widths"
"frontend/src/screens/OpsAuditScreen.tsx:672","Statistics / Audit","frontend/src/screens/OpsAuditScreen.tsx","672","input:checkbox @672","input","MANAGEMENT / ADMIN","(event) => setFilters((current) => ({ ...current, accessDeniedOnly: event.target.checked }))","NO","PASS","frontend/e2e/full-ui-interaction-sweep.spec.ts deep-readonly; runtime-deep-readonly.json; all four widths"
"frontend/src/screens/OrdersStockScreen.tsx:418","Orders / stock","frontend/src/screens/OrdersStockScreen.tsx","418","Остатки","button","authorized role for capability","() => setTab('items')","NO","PASS","frontend/e2e/full-ui-interaction-sweep.spec.ts orders-filter-outcomes; runtime-orders-filters.json; actual archive query, empty result, tabs, draft Back; category/department and mutations NOT exercised; all four widths"
"frontend/src/screens/OrdersStockScreen.tsx:419","Orders / stock","frontend/src/screens/OrdersStockScreen.tsx","419","Заявки на заказ","button","authorized role for capability","() => setTab('requests')","NO","PASS","frontend/e2e/full-ui-interaction-sweep.spec.ts orders-filter-outcomes; runtime-orders-filters.json; actual archive query, empty result, tabs, draft Back; category/department and mutations NOT exercised; all four widths"
"frontend/src/screens/OrdersStockScreen.tsx:420","Orders / stock","frontend/src/screens/OrdersStockScreen.tsx","420","Архив","button","authorized role for capability","() => setTab('archive')","YES","PASS","frontend/e2e/full-ui-interaction-sweep.spec.ts orders-filter-outcomes; runtime-orders-filters.json; actual archive query, empty result, tabs, draft Back; category/department and mutations NOT exercised; all four widths"
"frontend/src/screens/OrdersStockScreen.tsx:424","Orders / stock","frontend/src/screens/OrdersStockScreen.tsx","424","Поиск и фильтры","button","authorized role for capability","() => { setFilterDraft({ search, category: categoryFilter, status: statusFilter, requestStatus: requestStatusFilter, department: departmentFilter }); setFilterOpen(true); }","NO","PASS","frontend/e2e/full-ui-interaction-sweep.spec.ts orders-filter-outcomes; runtime-orders-filters.json; actual archive query, empty result, tabs, draft Back; category/department and mutations NOT exercised; all four widths"
"frontend/src/screens/OrdersStockScreen.tsx:446","Orders / stock","frontend/src/screens/OrdersStockScreen.tsx","446","Сбросить","button","authorized role for capability","() => setFilterDraft({ search: '', category: '', status: '', requestStatus: '', department: '' })","NO","PASS","frontend/e2e/full-ui-interaction-sweep.spec.ts orders-readonly; runtime-orders-readonly.json; departmentId GET, apply/reset and zero writes on four widths; category remains an explicit runtime gap; all four widths"
"frontend/src/screens/OrdersStockScreen.tsx:447","Orders / stock","frontend/src/screens/OrdersStockScreen.tsx","447","Показать","button","authorized role for capability","() => { setSearch(filterDraft.search.trim()); setCategoryFilter(filterDraft.category); setStatusFilter(filterDraft.status); setRequestStatusFilter(filterDraft.requestStatus); setDe","NO","PASS","frontend/e2e/full-ui-interaction-sweep.spec.ts orders-filter-outcomes; runtime-orders-filters.json; actual archive query, empty result, tabs, draft Back; category/department and mutations NOT exercised; all four widths"
"frontend/src/screens/OrdersStockScreen.tsx:460","Orders / stock","frontend/src/screens/OrdersStockScreen.tsx","460","tab === 'requests' ? 'Название, причина или позиция' : 'Название, категория или зона'","input","authorized role for capability","(event) => setFilterDraft((current) => ({ ...current, search: event.target.value }))","NO","PASS","frontend/e2e/full-ui-interaction-sweep.spec.ts orders-filter-outcomes; runtime-orders-filters.json; actual archive query, empty result, tabs, draft Back; category/department and mutations NOT exercised; all four widths"
"frontend/src/screens/OrdersStockScreen.tsx:463","Orders / stock","frontend/src/screens/OrdersStockScreen.tsx","463","Все категории","select","authorized role for capability","(event) => setFilterDraft((current) => ({ ...current, category: event.target.value }))","NO","PASS","frontend/e2e/full-ui-interaction-sweep.spec.ts orders-missing-controls-readonly; runtime-orders-missing-controls-readonly.json; isolated browser GET fixtures proved non-empty category and department query parameters plus visible applied summary on desktop/360/390/430; no write; all four widths"
"frontend/src/screens/OrdersStockScreen.tsx:471","Orders / stock","frontend/src/screens/OrdersStockScreen.tsx","471","select @471","select","authorized role for capability","(event) => setFilterDraft((current) => ({ ...current, status: event.target.value as '' | ShortageStatus }))","NO","PASS","frontend/e2e/full-ui-interaction-sweep.spec.ts orders-filter-outcomes; runtime-orders-filters.json; actual archive query, empty result, tabs, draft Back; category/department and mutations NOT exercised; all four widths"
"frontend/src/screens/OrdersStockScreen.tsx:479","Orders / stock","frontend/src/screens/OrdersStockScreen.tsx","479","select @479","select","authorized role for capability","(event) => setFilterDraft((current) => ({ ...current, requestStatus: event.target.value as OrderRequestStatusFilter }))","NO","PASS","frontend/e2e/full-ui-interaction-sweep.spec.ts orders-filter-outcomes; runtime-orders-filters.json; actual archive query, empty result, tabs, draft Back; category/department and mutations NOT exercised; all four widths"
"frontend/src/screens/OrdersStockScreen.tsx:487","Orders / stock","frontend/src/screens/OrdersStockScreen.tsx","487","select @487","select","authorized role for capability","(event) => setFilterDraft((current) => ({ ...current, department: event.target.value }))","NO","PASS","frontend/e2e/full-ui-interaction-sweep.spec.ts orders-readonly; runtime-orders-readonly.json; departmentId GET, apply/reset and zero writes on four widths; category remains an explicit runtime gap; all four widths"
"frontend/src/screens/OrdersStockScreen.tsx:500","Orders / stock","frontend/src/screens/OrdersStockScreen.tsx","500","+ Новая позиция","button","authorized role for capability","() => openModal({ title: 'Новая позиция остатка', mode: 'create-item' })","NO","PASS","frontend/e2e/full-ui-interaction-sweep.spec.ts orders-create-item-outcome-isolated; exact create payload, controlled Russian rejection with retained draft, Cancel without retry, created detail and browser-memory reload passed on desktop/360/390/430. The entry control only opens the form; backend persistence/RBAC/audit and physical keyboard/Back are not inferred; all four widths"
"frontend/src/screens/OrdersStockScreen.tsx:515","Orders / stock","frontend/src/screens/OrdersStockScreen.tsx","515","Подробнее","button","authorized role for capability","() => void openItemDetail(item)","NO","PASS","frontend/e2e/full-ui-interaction-sweep.spec.ts orders-readonly; runtime-orders-readonly.json; active item detail GET, edit draft Stay/discard and layered Back; no mutation; all four widths"
"frontend/src/screens/OrdersStockScreen.tsx:524","Orders / stock","frontend/src/screens/OrdersStockScreen.tsx","524","Подать заявку","button","authorized role for capability","() => openModal({ title: 'Подать заявку на заказ', mode: 'manual-request' })","NO","PASS","frontend/e2e/full-ui-interaction-sweep.spec.ts orders-manual-request-decisions-isolated; the entry control opens the manual form and the retained lifecycle sends exact create payloads, exposes details, survives reload and then proves both independent decisions on desktop/360/390/430. Backend persistence/RBAC/audit and physical keyboard/Back are not inferred; all four widths"
"frontend/src/screens/OrdersStockScreen.tsx:546","Orders / stock","frontend/src/screens/OrdersStockScreen.tsx","546","Подробнее","button","authorized role for capability","() => void openItemDetail(item)","NO","PASS","frontend/e2e/full-ui-interaction-sweep.spec.ts orders-item-archive-restore-outcome-isolated; exact archive and restore commands converge active/archive lists and selected detail and preserve the restored state after browser-memory reload on desktop/360/390/430. These controls open detail/forms; backend persistence/authority/audit and physical Back are not inferred; all four widths"
"frontend/src/screens/OrdersStockScreen.tsx:559","Orders / stock","frontend/src/screens/OrdersStockScreen.tsx","559","Закрыть окно","button","authorized role for capability","() => setSelectedItem(null)","NO","PASS","frontend/e2e/full-ui-interaction-sweep.spec.ts orders-missing-controls-readonly; runtime-orders-missing-controls-readonly.json; active item action opened the expected existing modal, focus-first browser Back then layer Back restored item detail, and UI close was separately asserted on all four widths; submit/mutation not exercised; writes intercepted and zero; all four widths"
"frontend/src/screens/OrdersStockScreen.tsx:572","Orders / stock","frontend/src/screens/OrdersStockScreen.tsx","572","Восстановить","button","authorized role for capability","() => openModal({ title: 'Восстановить позицию', mode: 'restore', item: selectedItem })","NO","PASS","frontend/e2e/full-ui-interaction-sweep.spec.ts orders-item-archive-restore-outcome-isolated; exact archive and restore commands converge active/archive lists and selected detail and preserve the restored state after browser-memory reload on desktop/360/390/430. These controls open detail/forms; backend persistence/authority/audit and physical Back are not inferred; all four widths"
"frontend/src/screens/OrdersStockScreen.tsx:573","Orders / stock","frontend/src/screens/OrdersStockScreen.tsx","573","Редактировать","button","authorized role for capability","() => openModal({ title: 'Редактировать остаток', mode: 'edit-item', item: selectedItem })","NO","PASS","frontend/e2e/full-ui-interaction-sweep.spec.ts orders-edit-outcome-isolated; exact edit command updates list/detail, survives reopen/reload, and controlled rejection retains the draft while Cancel sends no retry on desktop/360/390/430. The entry control only opens the form; backend persistence/RBAC/audit are not inferred; all four widths"
"frontend/src/screens/OrdersStockScreen.tsx:574","Orders / stock","frontend/src/screens/OrdersStockScreen.tsx","574","Израсходовать","button","authorized role for capability","() => openModal({ title: 'Израсходовать', mode: 'take', item: selectedItem })","NO","PASS","frontend/e2e/full-ui-interaction-sweep.spec.ts orders-quantity-outcome-isolated; exact take/restock commands converge quantity in list/detail/reopen/reload and controlled take rejection retains the draft with no retry after Cancel on desktop/360/390/430. The entry control only opens its form; backend persistence/authority are not inferred; all four widths"
"frontend/src/screens/OrdersStockScreen.tsx:575","Orders / stock","frontend/src/screens/OrdersStockScreen.tsx","575","Заказать","button","authorized role for capability","() => openModal({ title: 'Заказать пополнение', mode: 'order', item: selectedItem })","NO","PASS","frontend/e2e/full-ui-interaction-sweep.spec.ts orders-from-item-outcome-isolated; exact linked-order command updates item/request detail, exposes source identity, blocks a duplicate UI command and survives browser-memory reload on desktop/360/390/430. The entry control only opens the form; backend persistence/authority/duplicate enforcement are not inferred; all four widths"
"frontend/src/screens/OrdersStockScreen.tsx:576","Orders / stock","frontend/src/screens/OrdersStockScreen.tsx","576","Пополнить","button","authorized role for capability","() => openModal({ title: 'Пополнить остаток', mode: 'restock', item: selectedItem })","NO","PASS","frontend/e2e/full-ui-interaction-sweep.spec.ts orders-quantity-outcome-isolated; exact take/restock commands converge quantity in list/detail/reopen/reload and controlled take rejection retains the draft with no retry after Cancel on desktop/360/390/430. The entry control only opens its form; backend persistence/authority are not inferred; all four widths"
"frontend/src/screens/OrdersStockScreen.tsx:577","Orders / stock","frontend/src/screens/OrdersStockScreen.tsx","577","В архив","button","authorized role for capability","() => openModal({ title: 'В архив', mode: 'archive', item: selectedItem })","NO","PASS","frontend/e2e/full-ui-interaction-sweep.spec.ts orders-item-archive-restore-outcome-isolated; exact archive and restore commands converge active/archive lists and selected detail and preserve the restored state after browser-memory reload on desktop/360/390/430. These controls open detail/forms; backend persistence/authority/audit and physical Back are not inferred; all four widths"
"frontend/src/screens/OrdersStockScreen.tsx:593","Orders / stock","frontend/src/screens/OrdersStockScreen.tsx","593","Закрыть окно","button","authorized role for capability","() => setSelectedRequest(null)","NO","PASS","frontend/e2e/full-ui-interaction-sweep.spec.ts orders-missing-controls-readonly plus orders-manual-request-decisions-isolated; request detail UI/browser Close and both decision-form entries are distinct, while the browser-isolated lifecycle also opens archived decision detail after exact ORDERED/NOT_NEEDED submits and survives reload on desktop/360/390/430. Backend persistence/authority and physical Android Back are not inferred; all four widths"
"frontend/src/screens/OrdersStockScreen.tsx:639","Orders / stock","frontend/src/screens/OrdersStockScreen.tsx","639","Открыть","button","authorized role for capability","onOpen","NO","PASS","frontend/e2e/full-ui-interaction-sweep.spec.ts orders-missing-controls-readonly plus orders-manual-request-decisions-isolated; request detail UI/browser Close and both decision-form entries are distinct, while the browser-isolated lifecycle also opens archived decision detail after exact ORDERED/NOT_NEEDED submits and survives reload on desktop/360/390/430. Backend persistence/authority and physical Android Back are not inferred; all four widths"
"frontend/src/screens/OrdersStockScreen.tsx:640","Orders / stock","frontend/src/screens/OrdersStockScreen.tsx","640","К заказу","button","authorized role for capability","onCloseOrdered","YES","PASS","frontend/e2e/full-ui-interaction-sweep.spec.ts orders-missing-controls-readonly plus orders-manual-request-decisions-isolated; both distinct decision forms open/close in layers, and exact ORDERED plus NOT_NEEDED close payloads remove their intended active cards, render archived statuses/comments and survive browser-memory reload at desktop/360/390/430. Backend persistence/RBAC/factory authority, audit/concurrency and physical Android Back are not inferred; all four widths"
"frontend/src/screens/OrdersStockScreen.tsx:641","Orders / stock","frontend/src/screens/OrdersStockScreen.tsx","641","Отклонить","button","authorized role for capability","onCloseNoNeed","YES","PASS","frontend/e2e/full-ui-interaction-sweep.spec.ts orders-missing-controls-readonly plus orders-manual-request-decisions-isolated; both distinct decision forms open/close in layers, and exact ORDERED plus NOT_NEEDED close payloads remove their intended active cards, render archived statuses/comments and survive browser-memory reload at desktop/360/390/430. Backend persistence/RBAC/factory authority, audit/concurrency and physical Android Back are not inferred; all four widths"
"frontend/src/screens/PeopleScreen.tsx:426","People","frontend/src/screens/PeopleScreen.tsx","426","button:button @426","button","authorized role for capability","() => setShiftFilter(value)","NO","PASS","frontend/e2e/full-ui-interaction-sweep.spec.ts people-readonly; runtime-people-readonly.json; shift filters, onShift query and visible row states; GET only; all four widths"
"frontend/src/screens/PeopleScreen.tsx:432","People","frontend/src/screens/PeopleScreen.tsx","432","Поиск и фильтры","button","authorized role for capability","() => setFilterOpen(true)","NO","PASS","frontend/e2e/full-ui-interaction-sweep.spec.ts people-readonly; runtime-people-readonly.json; category outcome, directory search state and sheet Back; no mutations; all four widths"
"frontend/src/screens/PeopleScreen.tsx:436","People","frontend/src/screens/PeopleScreen.tsx","436","Обновить","button","authorized role for capability","() => void load()","NO","PASS","frontend/e2e/full-ui-interaction-sweep.spec.ts people-readonly; runtime-people-readonly.json; explicit list refresh GET 200 and loaded state restored; no mutations; all four widths"
"frontend/src/screens/PeopleScreen.tsx:447","People","frontend/src/screens/PeopleScreen.tsx","447","Сбросить","button","authorized role for capability","() => { setSearch(''); setCategoryFilter('all'); }","NO","PASS","frontend/e2e/full-ui-interaction-sweep.spec.ts people-readonly; runtime-people-readonly.json; category outcome, directory search state and sheet Back; no mutations; all four widths"
"frontend/src/screens/PeopleScreen.tsx:448","People","frontend/src/screens/PeopleScreen.tsx","448","Показать","button","authorized role for capability","() => setFilterOpen(false)","NO","PASS","frontend/e2e/full-ui-interaction-sweep.spec.ts people-readonly; runtime-people-readonly.json; category outcome, directory search state and sheet Back; no mutations; all four widths"
"frontend/src/screens/PeopleScreen.tsx:457","People","frontend/src/screens/PeopleScreen.tsx","457","button:button @457","button","authorized role for capability","() => setCategoryFilter(value)","NO","PASS","frontend/e2e/full-ui-interaction-sweep.spec.ts people-readonly; runtime-people-readonly.json; category outcome, directory search state and sheet Back; no mutations; all four widths"
"frontend/src/screens/PeopleScreen.tsx:480","People","frontend/src/screens/PeopleScreen.tsx","480","Открыть","button","authorized role for capability","() => void openProfile(person.userId)","NO","PASS","frontend/e2e/full-ui-interaction-sweep.spec.ts people-readonly; runtime-people-readonly.json; exact profile, photo in person card, assignment and UI close to list; all four widths"
"frontend/src/screens/PeopleScreen.tsx:522","People","frontend/src/screens/PeopleScreen.tsx","522","input:file @522","input","authorized role for capability","(event) => setPhotoFile(event.target.files?.[0] ?? null)","NO","PASS","frontend/e2e/full-ui-interaction-sweep.spec.ts people-readonly; runtime-people-readonly.json; local PNG selection shows filename/upload action, clearing input removes both; upload API NOT called; all four widths"
"frontend/src/screens/PeopleScreen.tsx:529","People","frontend/src/screens/PeopleScreen.tsx","529","Загрузить","button","authorized role for capability","() => void uploadProfilePhoto()","YES","PASS","frontend/e2e/full-ui-interaction-sweep.spec.ts people-profile-photo-actions-isolated; runtime-people-profile-photo-actions-isolated.json; exact multipart upload and delete handlers refreshed profile/list, survived reload, and browser Back restored the list on desktop/360/390/430. Both writes were browser-intercepted; backend persistence/RBAC/idempotency are not inferred; all four widths"
"frontend/src/screens/PeopleScreen.tsx:530","People","frontend/src/screens/PeopleScreen.tsx","530","Удалить","button","authorized role for capability","() => void deleteProfilePhoto()","YES","PASS","frontend/e2e/full-ui-interaction-sweep.spec.ts people-profile-photo-actions-isolated; runtime-people-profile-photo-actions-isolated.json; exact multipart upload and delete handlers refreshed profile/list, survived reload, and browser Back restored the list on desktop/360/390/430. Both writes were browser-intercepted; backend persistence/RBAC/idempotency are not inferred; all four widths"
"frontend/src/screens/PeopleScreen.tsx:553","People","frontend/src/screens/PeopleScreen.tsx","553","Посмотреть заявку","button","authorized role for capability","() => { window.localStorage.setItem('zavod.taskHighlightId', profile.serviceTaskStatus?.taskId ?? ''); window.dispatchEvent(new CustomEvent('zavod:navigate', { detail: { screen: 'T","NO","FAIL","EVIDENCE_GAP: source control not yet bound to an asserted runtime outcome; not a confirmed product failure; REPRODUCED UI-SWEEP-063 in runtime-people-existing-controls-readonly.json on desktop/360/390/430: section navigation succeeds and taskId is stored, but TasksScreen has no consumer for zavod.taskHighlightId, so the exact task detail is not opened; bounded cross-module owner gap"
"frontend/src/screens/PeopleScreen.tsx:565","People","frontend/src/screens/PeopleScreen.tsx","565","Навыки по линиям Линия, позиция, стаж и уровень","button","authorized role for capability","() => setSkillsOpen((value) => !value)","NO","PASS","frontend/e2e/full-ui-interaction-sweep.spec.ts people-readonly; runtime-people-readonly.json; skills expanded and add form opened/cancelled; no available line options, submit NOT proved; all four widths"
"frontend/src/screens/PeopleScreen.tsx:587","People","frontend/src/screens/PeopleScreen.tsx","587","Изменить","button","authorized role for capability","() => { setSelectedSkill(skill); setModal('edit-skill'); }","NO","PASS","frontend/e2e/full-ui-interaction-sweep.spec.ts people-readonly; runtime-people-readonly.json; experience draft and explicit discard; PATCH NOT executed; all four widths"
"frontend/src/screens/PeopleScreen.tsx:593","People","frontend/src/screens/PeopleScreen.tsx","593","Добавить навык","button","authorized role for capability","() => { setLineId(''); setModal('skill'); }","NO","PASS","frontend/e2e/full-ui-interaction-sweep.spec.ts people-readonly; runtime-people-readonly.json; skills expanded and add form opened/cancelled; no available line options, submit NOT proved; all four widths"
"frontend/src/screens/PeopleScreen.tsx:606","People","frontend/src/screens/PeopleScreen.tsx","606","Изменить","button","authorized role for capability","() => { setSelectedNote(note); setModal('edit-note'); }","NO","PASS","frontend/e2e/full-ui-interaction-sweep.spec.ts people-existing-controls-readonly; runtime-people-existing-controls-readonly.json; existing note draft, UI Cancel, Stay, browser Back, explicit discard and clean reopen; PATCH absent; all four widths"
"frontend/src/screens/PeopleScreen.tsx:607","People","frontend/src/screens/PeopleScreen.tsx","607","Удалить","button","authorized role for capability","() => { setSelectedNote(note); setModal('delete-note'); }","YES","PASS","frontend/e2e/full-ui-interaction-sweep.spec.ts people-existing-controls-readonly; runtime-people-existing-controls-readonly.json; soft-delete confirmation opened and browser Back restored profile; DELETE absent; all four widths"
"frontend/src/screens/PeopleScreen.tsx:612","People","frontend/src/screens/PeopleScreen.tsx","612","Добавить заметку","button","authorized role for capability","() => setModal('note')","NO","PASS","frontend/e2e/full-ui-interaction-sweep.spec.ts people-readonly; runtime-people-readonly.json; note draft Stay/discard; POST NOT executed; all four widths"
"frontend/src/screens/PeopleScreen.tsx:634","People","frontend/src/screens/PeopleScreen.tsx","634","button:button @634","button","authorized role for capability","() => setModal('password-reset')","NO","PASS","frontend/e2e/full-ui-interaction-sweep.spec.ts people-readonly; runtime-people-readonly.json; reset reason form open/discard; reset POST NOT executed; all four widths"
"frontend/src/screens/PeopleScreen.tsx:648","People","frontend/src/screens/PeopleScreen.tsx","648","Закрыть окно","button","authorized role for capability","closeProfile","YES","PASS","frontend/e2e/full-ui-interaction-sweep.spec.ts people-readonly; runtime-people-readonly.json; exact profile, photo in person card, assignment and UI close to list; all four widths"
"frontend/src/screens/PeopleScreen.tsx:649","People","frontend/src/screens/PeopleScreen.tsx","649","Обновить","button","authorized role for capability","() => void openProfile(profile.id)","NO","PASS","frontend/e2e/full-ui-interaction-sweep.spec.ts people-readonly; runtime-people-readonly.json; profile refresh GET 200 and browser Back preserves list/search state; all four widths"
"frontend/src/screens/PeopleScreen.tsx:667","People","frontend/src/screens/PeopleScreen.tsx","667","Не выбрано","select","authorized role for capability","(event) => setLineId(event.target.value)","NO","PASS","frontend/e2e/full-ui-interaction-sweep.spec.ts people-existing-controls-readonly; runtime-people-existing-controls-readonly.json; browser-only line option selected, dirty confirmation and explicit discard restored profile; POST absent; all four widths"
"frontend/src/screens/ReturnsScreen.tsx:222","Quality","frontend/src/screens/ReturnsScreen.tsx","222","Открыть","button","authorized quality/store role","() => setSelectedId(item.id)","NO","PASS","frontend/e2e/full-ui-interaction-sweep.spec.ts returns-readonly; runtime-returns-readonly.json; archived list/detail GET, exact selected content, UI/browser Back and Close on four widths; no mutation; all four widths"
"frontend/src/screens/ReturnsScreen.tsx:242","Quality","frontend/src/screens/ReturnsScreen.tsx","242","Опубликовать возврат","button","authorized quality/store role","openCreate","NO","PASS","frontend/e2e/full-ui-interaction-sweep.spec.ts returns-create-draft-readonly; runtime-returns-create-draft.json; open, all local fields, two validation outcomes, cancel/reopen, focus-first and layer Back, header Close on four widths; POST/upload not exercised; all four widths"
"frontend/src/screens/ReturnsScreen.tsx:263","Quality","frontend/src/screens/ReturnsScreen.tsx","263","Закрыть","button","authorized quality/store role","() => setModal(null)","NO","PASS","frontend/e2e/full-ui-interaction-sweep.spec.ts returns-create-draft-readonly; runtime-returns-create-draft.json; open, all local fields, two validation outcomes, cancel/reopen, focus-first and layer Back, header Close on four widths; POST/upload not exercised; all four widths"
"frontend/src/screens/ReturnsScreen.tsx:268","Quality","frontend/src/screens/ReturnsScreen.tsx","268","Например, повреждённая упаковка","input","authorized quality/store role","(event) => setDraft((value) => ({ ...value, title: event.target.value }))","NO","PASS","frontend/e2e/full-ui-interaction-sweep.spec.ts returns-create-draft-readonly; runtime-returns-create-draft.json; open, all local fields, two validation outcomes, cancel/reopen, focus-first and layer Back, header Close on four widths; POST/upload not exercised; all four widths"
"frontend/src/screens/ReturnsScreen.tsx:272","Quality","frontend/src/screens/ReturnsScreen.tsx","272","textarea @272","textarea","authorized quality/store role","(event) => setDraft((value) => ({ ...value, reason: event.target.value }))","NO","PASS","frontend/e2e/full-ui-interaction-sweep.spec.ts returns-create-draft-readonly; runtime-returns-create-draft.json; open, all local fields, two validation outcomes, cancel/reopen, focus-first and layer Back, header Close on four widths; POST/upload not exercised; all four widths"
"frontend/src/screens/ReturnsScreen.tsx:276","Quality","frontend/src/screens/ReturnsScreen.tsx","276","input @276","input","authorized quality/store role","(event) => setDraft((value) => ({ ...value, article: event.target.value }))","NO","PASS","frontend/e2e/full-ui-interaction-sweep.spec.ts returns-create-draft-readonly; runtime-returns-create-draft.json; open, all local fields, two validation outcomes, cancel/reopen, focus-first and layer Back, header Close on four widths; POST/upload not exercised; all four widths"
"frontend/src/screens/ReturnsScreen.tsx:280","Quality","frontend/src/screens/ReturnsScreen.tsx","280","input:number @280","input","authorized quality/store role","(event) => setDraft((value) => ({ ...value, quantity: event.target.value }))","NO","PASS","frontend/e2e/full-ui-interaction-sweep.spec.ts returns-create-draft-readonly; runtime-returns-create-draft.json; open, all local fields, two validation outcomes, cancel/reopen, focus-first and layer Back, header Close on four widths; POST/upload not exercised; all four widths"
"frontend/src/screens/ReturnsScreen.tsx:284","Quality","frontend/src/screens/ReturnsScreen.tsx","284","гофр шт. кг","select","authorized quality/store role","(event) => setDraft((value) => ({ ...value, unit: event.target.value }))","NO","PASS","frontend/e2e/full-ui-interaction-sweep.spec.ts returns-create-draft-readonly; runtime-returns-create-draft.json; open, all local fields, two validation outcomes, cancel/reopen, focus-first and layer Back, header Close on four widths; POST/upload not exercised; all four widths"
"frontend/src/screens/ReturnsScreen.tsx:292","Quality","frontend/src/screens/ReturnsScreen.tsx","292","Без привязки к линии","select","authorized quality/store role","(event) => setDraft((value) => ({ ...value, lineId: event.target.value }))","NO","PASS","frontend/e2e/full-ui-interaction-sweep.spec.ts returns-create-draft-readonly; runtime-returns-create-draft.json; open, all local fields, two validation outcomes, cancel/reopen, focus-first and layer Back, header Close on four widths; POST/upload not exercised; all four widths"
"frontend/src/screens/ReturnsScreen.tsx:304","Quality","frontend/src/screens/ReturnsScreen.tsx","304","Отмена","button","authorized quality/store role","() => setModal(null)","NO","PASS","frontend/e2e/full-ui-interaction-sweep.spec.ts returns-create-draft-readonly; runtime-returns-create-draft.json; open, all local fields, two validation outcomes, cancel/reopen, focus-first and layer Back, header Close on four widths; POST/upload not exercised; all four widths"
"frontend/src/screens/ReturnsScreen.tsx:305","Quality","frontend/src/screens/ReturnsScreen.tsx","305","Опубликовать","button","authorized quality/store role","() => void submitCreate()","YES","PASS","frontend/e2e/full-ui-interaction-sweep.spec.ts returns-create-submit-isolated; runtime-returns-create-submit-isolated.json; exact create POST carried trimmed fields, numeric quantity and canonical operationId; exact multipart upload carried RETURN_RECORD/entity/photo metadata; browser-memory list, reload, detail and browser Back passed on desktop/360/390/430. Both writes were browser-intercepted; backend persistence/RBAC/idempotency are not inferred; all four widths"
"frontend/src/screens/ReturnsScreen.tsx:316","Quality","frontend/src/screens/ReturnsScreen.tsx","316","Закрыть","button","authorized quality/store role","() => setSelectedId(null)","NO","PASS","frontend/e2e/full-ui-interaction-sweep.spec.ts returns-readonly; runtime-returns-readonly.json; archived list/detail GET, exact selected content, UI/browser Back and Close on four widths; no mutation; all four widths"
"frontend/src/screens/ReturnsScreen.tsx:333","Quality","frontend/src/screens/ReturnsScreen.tsx","333","Выдать часть","button","authorized quality/store role","() => { setErrorText(null); setModal('partialRelease'); }","NO","PASS","frontend/e2e/full-ui-interaction-sweep.spec.ts returns-partial-release-readonly; runtime-returns-partial-release-readonly.json; browser-only active return opened the canonical quantity sheet, required state and exact balance preview were proved, Cancel and browser Back restored the same detail/card on desktop/360/390/430; submit was not invoked and no backend mutation occurred; all four widths"
"frontend/src/screens/ReturnsScreen.tsx:335","Quality","frontend/src/screens/ReturnsScreen.tsx","335","В архив","button","authorized quality/store role","() => setModal('archive')","NO","PASS","frontend/e2e/full-ui-interaction-sweep.spec.ts returns-archive-confirm-readonly; runtime-returns-archive-confirm-readonly.json; browser-only active return opened the canonical archive confirmation, exact consequence and actions were visible, explicit Cancel and browser Back restored the same detail/card on desktop/360/390/430; archive submit was not invoked and no backend mutation occurred; UI-SWEEP-056/057 fixed; all four widths"
"frontend/src/screens/ReturnsScreen.tsx:349","Quality","frontend/src/screens/ReturnsScreen.tsx","349","Отмена","button","authorized quality/store role","() => setModal(null)","NO","PASS","frontend/e2e/full-ui-interaction-sweep.spec.ts returns-archive-confirm-readonly; runtime-returns-archive-confirm-readonly.json; browser-only active return opened the canonical archive confirmation, exact consequence and actions were visible, explicit Cancel and browser Back restored the same detail/card on desktop/360/390/430; archive submit was not invoked and no backend mutation occurred; UI-SWEEP-056/057 fixed; all four widths"
"frontend/src/screens/ReturnsScreen.tsx:350","Quality","frontend/src/screens/ReturnsScreen.tsx","350","В архив","button","authorized quality/store role","() => void archiveSelected()","YES","PASS","frontend/e2e/full-ui-interaction-sweep.spec.ts returns-archive-submit-isolated; runtime-returns-archive-submit-isolated.json; exact archive POST with canonical operationId was intercepted once, then the browser-memory record left feed, appeared in Archive after normal reload, reopened and restored through browser Back on desktop/360/390/430. No backend write occurred; persistence/RBAC/idempotency are not inferred; all four widths"
"frontend/src/screens/ShiftLogScreen.tsx:184","Handover / Shift log","frontend/src/screens/ShiftLogScreen.tsx","184","Активные","button","authorized role for capability","() => setTab('active')","NO","PASS","frontend/e2e/full-ui-interaction-sweep.spec.ts shift-log-filters; runtime-shift-log-filters.json; ADMIN tabs/query/result/reopen/reset/draft Back; NIGHT option and one department, not every option or role; detail/read/mutations NOT exercised; all four widths"
"frontend/src/screens/ShiftLogScreen.tsx:185","Handover / Shift log","frontend/src/screens/ShiftLogScreen.tsx","185","Важные","button","authorized role for capability","() => setTab('important')","NO","PASS","frontend/e2e/full-ui-interaction-sweep.spec.ts shift-log-filters; runtime-shift-log-filters.json; ADMIN tabs/query/result/reopen/reset/draft Back; NIGHT option and one department, not every option or role; detail/read/mutations NOT exercised; all four widths"
"frontend/src/screens/ShiftLogScreen.tsx:186","Handover / Shift log","frontend/src/screens/ShiftLogScreen.tsx","186","Архив","button","authorized role for capability","() => setTab('archive')","YES","PASS","frontend/e2e/full-ui-interaction-sweep.spec.ts shift-log-filters; runtime-shift-log-filters.json; ADMIN tabs/query/result/reopen/reset/draft Back; NIGHT option and one department, not every option or role; detail/read/mutations NOT exercised; all four widths"
"frontend/src/screens/ShiftLogScreen.tsx:190","Handover / Shift log","frontend/src/screens/ShiftLogScreen.tsx","190","Поиск и фильтры","button","authorized role for capability","openFilters","NO","PASS","frontend/e2e/full-ui-interaction-sweep.spec.ts shift-log-filters; runtime-shift-log-filters.json; ADMIN tabs/query/result/reopen/reset/draft Back; NIGHT option and one department, not every option or role; detail/read/mutations NOT exercised; all four widths"
"frontend/src/screens/ShiftLogScreen.tsx:192","Handover / Shift log","frontend/src/screens/ShiftLogScreen.tsx","192","Новая запись","button","authorized role for capability","() => setModal('create')","YES","PASS","frontend/e2e/full-ui-interaction-sweep.spec.ts shift-log-draft + shift-log-create-outcome-isolated; runtime-shift-log-draft.json and runtime-shift-log-create-outcome-isolated.json; open/native required/draft/stay/discard/nested Back plus controlled Russian 409 with retained values, exact retry payload, created card/detail after reload and browser Back on desktop/360/390/430. All create/read writes were browser-intercepted; backend persistence/RBAC/audit are not inferred; all four widths"
"frontend/src/screens/ShiftLogScreen.tsx:202","Handover / Shift log","frontend/src/screens/ShiftLogScreen.tsx","202","Сбросить","button","authorized role for capability","() => setFilterDraft({ search: '', dateFrom: '', dateTo: '', departmentId: '', shiftLabel: '' })","NO","PASS","frontend/e2e/full-ui-interaction-sweep.spec.ts shift-log-filters; runtime-shift-log-filters.json; ADMIN tabs/query/result/reopen/reset/draft Back; NIGHT option and one department, not every option or role; detail/read/mutations NOT exercised; all four widths"
"frontend/src/screens/ShiftLogScreen.tsx:203","Handover / Shift log","frontend/src/screens/ShiftLogScreen.tsx","203","Показать","button","authorized role for capability","() => { setFilters(filterDraft); setFilterOpen(false); }","NO","PASS","frontend/e2e/full-ui-interaction-sweep.spec.ts shift-log-filters; runtime-shift-log-filters.json; ADMIN tabs/query/result/reopen/reset/draft Back; NIGHT option and one department, not every option or role; detail/read/mutations NOT exercised; all four widths"
"frontend/src/screens/ShiftLogScreen.tsx:208","Handover / Shift log","frontend/src/screens/ShiftLogScreen.tsx","208","Текст записи","input","authorized role for capability","(event) => setFilterDraft((current) => ({ ...current, search: event.target.value }))","NO","PASS","frontend/e2e/full-ui-interaction-sweep.spec.ts shift-log-filters; runtime-shift-log-filters.json; ADMIN tabs/query/result/reopen/reset/draft Back; NIGHT option and one department, not every option or role; detail/read/mutations NOT exercised; all four widths"
"frontend/src/screens/ShiftLogScreen.tsx:209","Handover / Shift log","frontend/src/screens/ShiftLogScreen.tsx","209","input:date @209","input","authorized role for capability","(event) => setFilterDraft((current) => ({ ...current, dateFrom: event.target.value }))","NO","PASS","frontend/e2e/full-ui-interaction-sweep.spec.ts shift-log-filters; runtime-shift-log-filters.json; ADMIN tabs/query/result/reopen/reset/draft Back; NIGHT option and one department, not every option or role; detail/read/mutations NOT exercised; all four widths"
"frontend/src/screens/ShiftLogScreen.tsx:210","Handover / Shift log","frontend/src/screens/ShiftLogScreen.tsx","210","input:date @210","input","authorized role for capability","(event) => setFilterDraft((current) => ({ ...current, dateTo: event.target.value }))","NO","PASS","frontend/e2e/full-ui-interaction-sweep.spec.ts shift-log-filters; runtime-shift-log-filters.json; ADMIN tabs/query/result/reopen/reset/draft Back; NIGHT option and one department, not every option or role; detail/read/mutations NOT exercised; all four widths"
"frontend/src/screens/ShiftLogScreen.tsx:213","Handover / Shift log","frontend/src/screens/ShiftLogScreen.tsx","213","Все смены День Ночь","select","authorized role for capability","(event) => setFilterDraft((current) => ({ ...current, shiftLabel: event.target.value }))","NO","PASS","frontend/e2e/full-ui-interaction-sweep.spec.ts shift-log-filters; runtime-shift-log-filters.json; ADMIN tabs/query/result/reopen/reset/draft Back; NIGHT option and one department, not every option or role; detail/read/mutations NOT exercised; all four widths"
"frontend/src/screens/ShiftLogScreen.tsx:222","Handover / Shift log","frontend/src/screens/ShiftLogScreen.tsx","222","Все отделы","select","authorized role for capability","(event) => setFilterDraft((current) => ({ ...current, departmentId: event.target.value }))","NO","PASS","frontend/e2e/full-ui-interaction-sweep.spec.ts shift-log-filters; runtime-shift-log-filters.json; ADMIN tabs/query/result/reopen/reset/draft Back; NIGHT option and one department, not every option or role; detail/read/mutations NOT exercised; all four widths"
"frontend/src/screens/ShiftLogScreen.tsx:235","Handover / Shift log","frontend/src/screens/ShiftLogScreen.tsx","235","· ·","button","authorized role for capability","() => void openLog(log)","NO","PASS","frontend/e2e/full-ui-interaction-sweep.spec.ts shift-log-detail-actions-isolated; runtime-shift-log-detail-actions-isolated.json; exact detail/read, UI close, comment, attachment cancel/upload, important-close draft and LIFO browser Back handlers ran on desktop/360/390/430. Upload survived reload in the isolated browser read model; all writes were intercepted, so backend persistence/RBAC/audit are not inferred and UI-SWEEP-036 remains bounded; all four widths"
"frontend/src/screens/ShiftLogScreen.tsx:256","Handover / Shift log","frontend/src/screens/ShiftLogScreen.tsx","256","Закрыть окно","button","authorized role for capability","() => setSelected(null)","YES","PASS","frontend/e2e/full-ui-interaction-sweep.spec.ts shift-log-detail-actions-isolated; runtime-shift-log-detail-actions-isolated.json; exact detail/read, UI close, comment, attachment cancel/upload, important-close draft and LIFO browser Back handlers ran on desktop/360/390/430. Upload survived reload in the isolated browser read model; all writes were intercepted, so backend persistence/RBAC/audit are not inferred and UI-SWEEP-036 remains bounded; all four widths"
"frontend/src/screens/ShiftLogScreen.tsx:293","Handover / Shift log","frontend/src/screens/ShiftLogScreen.tsx","293","Комментарий","button","authorized role for capability","() => setModal('comment')","NO","PASS","frontend/e2e/full-ui-interaction-sweep.spec.ts shift-log-comment-close-outcome-isolated; runtime-shift-log-comment-close-outcome-isolated.json; the exact comment action reached a controlled Russian 409, retained its value and displayed the error in the active form, then retried with the exact payload and survived browser-memory reload on desktop/360/390/430. Writes/read model were browser-intercepted; backend persistence/RBAC/audit/idempotency are not inferred; all four widths"
"frontend/src/screens/ShiftLogScreen.tsx:294","Handover / Shift log","frontend/src/screens/ShiftLogScreen.tsx","294","Файл","button","authorized role for capability","() => setModal('attachment')","NO","PASS","frontend/e2e/full-ui-interaction-sweep.spec.ts shift-log-attachment-rejection-isolated; runtime-shift-log-attachment-rejection-isolated.json; the exact attachment action reached a controlled Russian 409, kept the selected file and displayed the error in the active dialog, then retried with exact multipart entity context, survived browser-memory reload and restored the list through browser Back on desktop/360/390/430. Uploads/read model were browser-intercepted; backend storage/authority/audit/idempotency are not inferred; all four widths"
"frontend/src/screens/ShiftLogScreen.tsx:295","Handover / Shift log","frontend/src/screens/ShiftLogScreen.tsx","295","Закрыть важное","button","authorized role for capability","() => setModal('close-important')","YES","PASS","frontend/e2e/full-ui-interaction-sweep.spec.ts shift-log-comment-close-outcome-isolated; runtime-shift-log-comment-close-outcome-isolated.json; the exact close-important action reached a controlled Russian 409, retained its reason and displayed the error in the active form, then retried with the exact payload, moved the entry to the browser-memory archive, survived reload and restored the archive list through browser Back on desktop/360/390/430. Writes/read model were browser-intercepted; backend persistence/RBAC/audit/idempotency are not inferred; all four widths"
"frontend/src/screens/ShiftLogScreen.tsx:340","Handover / Shift log","frontend/src/screens/ShiftLogScreen.tsx","340","Отмена","button","authorized role for capability","() => setModal(null)","NO","PASS","frontend/e2e/full-ui-interaction-sweep.spec.ts shift-log-detail-actions-isolated; runtime-shift-log-detail-actions-isolated.json; exact detail/read, UI close, comment, attachment cancel/upload, important-close draft and LIFO browser Back handlers ran on desktop/360/390/430. Upload survived reload in the isolated browser read model; all writes were intercepted, so backend persistence/RBAC/audit are not inferred and UI-SWEEP-036 remains bounded; all four widths"
"frontend/src/screens/ShiftLogScreen.tsx:341","Handover / Shift log","frontend/src/screens/ShiftLogScreen.tsx","341","Загрузить","button","authorized role for capability","() => void uploadForLog()","YES","PASS","frontend/e2e/full-ui-interaction-sweep.spec.ts shift-log-attachment-rejection-isolated; runtime-shift-log-attachment-rejection-isolated.json; two exact browser-intercepted upload attempts prove the rejected visible state, retained selection, successful retry, attachment result, reload and browser Back at desktop/360/390/430. Backend storage/authority/audit/idempotency and physical file chooser/camera are not inferred; all four widths"
"frontend/src/screens/ShiftPeopleScreen.tsx:2959","Shift","frontend/src/screens/ShiftPeopleScreen.tsx","2959","Подробнее","button","authorized role for capability","() => openLineCard(line, true)","NO","PASS","frontend/e2e/full-ui-interaction-sweep.spec.ts shift-worker-line-detail-readonly; runtime-shift-worker-line-detail-readonly.json; WORKER opens the exact current-shift line detail, sees composition and localized activity without management, slot or downtime-correction actions, and browser Back plus explicit Close restore the same card on desktop/360/390/430. GET responses are browser-projected; no API write is sent and backend authority is not inferred; all four widths"
"frontend/src/screens/ShiftPeopleScreen.tsx:2963","Shift","frontend/src/screens/ShiftPeopleScreen.tsx","2963","Простой","button","authorized role for capability","() => openQuickLineAction(line, 'pause')","NO","PASS","frontend/e2e/full-ui-interaction-sweep.spec.ts shift-current-line-readonly; runtime-shift-current-line-readonly.json; compact Pause and Stop open local drafts, event-time mode/time/reason/comment are editable, and Cancel/browser Back restore the same running line on four widths; no confirm or command; all four widths"
"frontend/src/screens/ShiftPeopleScreen.tsx:2964","Shift","frontend/src/screens/ShiftPeopleScreen.tsx","2964","Остановить","button","authorized role for capability","() => openQuickLineAction(line, 'stop')","NO","PASS","frontend/e2e/full-ui-interaction-sweep.spec.ts shift-current-line-readonly; runtime-shift-current-line-readonly.json; compact Pause and Stop open local drafts, event-time mode/time/reason/comment are editable, and Cancel/browser Back restore the same running line on four widths; no confirm or command; all four widths"
"frontend/src/screens/ShiftPeopleScreen.tsx:2965","Shift","frontend/src/screens/ShiftPeopleScreen.tsx","2965","Подробнее","button","authorized role for capability","() => openLineCard(line)","NO","PASS","frontend/e2e/full-ui-interaction-sweep.spec.ts shift-current-line-readonly; runtime-shift-current-line-readonly.json; exact line dashboard open/activity/GET refresh/close proved on four widths; no assignment or line command; all four widths"
"frontend/src/screens/ShiftPeopleScreen.tsx:2966","Shift","frontend/src/screens/ShiftPeopleScreen.tsx","2966","План","button","authorized role for capability","() => void openLineShiftAssignment(line)","NO","PASS","frontend/e2e/full-ui-interaction-sweep.spec.ts shift-current-line-readonly; runtime-shift-current-line-readonly.json; current plan GET, local add-row draft, nested browser Back and explicit Close proved on four widths; save not clicked; all four widths"
"frontend/src/screens/ShiftPeopleScreen.tsx:2980","Shift","frontend/src/screens/ShiftPeopleScreen.tsx","2980","Подробнее","button","authorized role for capability","() => void openProfile(person.userId)","NO","PASS","frontend/e2e/full-ui-interaction-sweep.spec.ts shift-attendance-profile-readonly; runtime-shift-attendance-profile-readonly.json; exact attendance-row profile open, browser Back, one additional GET refresh and explicit Close restore the same Shift row on desktop/360/390/430. Profile and people responses are browser-only; backend authority is not inferred and no API write is sent; all four widths"
"frontend/src/screens/ShiftPeopleScreen.tsx:3027","Shift","frontend/src/screens/ShiftPeopleScreen.tsx","3027","Предыдущий месяц","button","authorized role for capability","() => { setPastShiftDetail(null); setHistorySelectedDate(''); setHistoryMonth(moveMonth(effectiveHistoryMonth, -1)); }","NO","PASS","frontend/e2e/full-ui-interaction-sweep.spec.ts shift-history-readonly; runtime-shift-history-readonly.json; WORKER month navigation, one real personal shift day/detail, browser Back and explicit calendar return proved on four widths; GET only; all four widths"
"frontend/src/screens/ShiftPeopleScreen.tsx:3033","Shift","frontend/src/screens/ShiftPeopleScreen.tsx","3033","Следующий месяц","button","authorized role for capability","() => { setPastShiftDetail(null); setHistorySelectedDate(''); setHistoryMonth(moveMonth(effectiveHistoryMonth, 1)); }","NO","PASS","frontend/e2e/full-ui-interaction-sweep.spec.ts shift-history-readonly; runtime-shift-history-readonly.json; WORKER month navigation, one real personal shift day/detail, browser Back and explicit calendar return proved on four widths; GET only; all four widths"
"frontend/src/screens/ShiftPeopleScreen.tsx:3052","Shift","frontend/src/screens/ShiftPeopleScreen.tsx","3052","`${cell.date}${hasDay ? ', дневная смена' : ''}${hasNight ? ', ночная смена' : ''}`","button","authorized role for capability","() => { setHistorySelectedDate(cell.date); setPastShiftDetail(null); if (shifts.length === 1) void openPastShift(shifts[0].key); }","NO","PASS","frontend/e2e/full-ui-interaction-sweep.spec.ts shift-history-readonly; runtime-shift-history-readonly.json; WORKER month navigation, one real personal shift day/detail, browser Back and explicit calendar return proved on four widths; GET only; all four widths"
"frontend/src/screens/ShiftPeopleScreen.tsx:3079","Shift","frontend/src/screens/ShiftPeopleScreen.tsx","3079","·","button","authorized role for capability","() => void openPastShift(shift.key)","NO","PASS","frontend/e2e/full-ui-interaction-sweep.spec.ts shift-readonly-profile-and-history-choice-isolated; runtime-shift-readonly-profile-and-history-choice-isolated.json; a date with DAY and NIGHT renders both exact choice buttons, each loads its intended archived shift key, and both Back paths restore the same date choice on desktop/360/390/430; all four widths"
"frontend/src/screens/ShiftPeopleScreen.tsx:3105","Shift","frontend/src/screens/ShiftPeopleScreen.tsx","3105","Назад к календарю","button","authorized role for capability","() => { setPastShiftDetail(null); setPastDetailTab('Обзор'); }","NO","PASS","frontend/e2e/full-ui-interaction-sweep.spec.ts shift-history-readonly; runtime-shift-history-readonly.json; WORKER month navigation, one real personal shift day/detail, browser Back and explicit calendar return proved on four widths; GET only; all four widths"
"frontend/src/screens/ShiftPeopleScreen.tsx:3128","Shift","frontend/src/screens/ShiftPeopleScreen.tsx","3128","≡ В работе На мойке:","button","authorized role for capability","() => openOperationalView('lines')","NO","PASS","frontend/e2e/full-ui-interaction-sweep.spec.ts shift-current-line-readonly; runtime-shift-current-line-readonly.json; operational lines/downtime/requests views proved on four widths; no command; all four widths"
"frontend/src/screens/ShiftPeopleScreen.tsx:3134","Shift","frontend/src/screens/ShiftPeopleScreen.tsx","3134","● Люди на смене","button","authorized role for capability","() => openPeoplePanel('all')","NO","PASS","frontend/e2e/full-ui-interaction-sweep.spec.ts shift-workbench-readonly; runtime-shift-workbench-readonly.json; people-sheet inner click/backdrop, local filter, manual-search entry, focus-first/layer Back and explicit close proved on four widths; no assignment; all four widths"
"frontend/src/screens/ShiftPeopleScreen.tsx:3139","Shift","frontend/src/screens/ShiftPeopleScreen.tsx","3139","Ⅱ Простой Только активные","button","authorized role for capability","() => openOperationalView('downtime')","NO","PASS","frontend/e2e/full-ui-interaction-sweep.spec.ts shift-current-line-readonly; runtime-shift-current-line-readonly.json; operational lines/downtime/requests views proved on four widths; no command; all four widths"
"frontend/src/screens/ShiftPeopleScreen.tsx:3145","Shift","frontend/src/screens/ShiftPeopleScreen.tsx","3145","! Заявки Требуют внимания","button","authorized role for capability","() => openOperationalView('requests')","NO","PASS","frontend/e2e/full-ui-interaction-sweep.spec.ts shift-current-line-readonly; runtime-shift-current-line-readonly.json; operational lines/downtime/requests views proved on four widths; no command; all four widths"
"frontend/src/screens/ShiftPeopleScreen.tsx:3168","Shift","frontend/src/screens/ShiftPeopleScreen.tsx","3168","≡ Линий в плане Открыть линии","button","authorized role for capability","() => openFuturePanel('plannedLines')","NO","PASS","frontend/e2e/full-ui-interaction-sweep.spec.ts shift-workbench-readonly; runtime-shift-workbench-readonly.json; planned-lines, will-be and contractor read models plus local filter proved on four widths; no planning mutation; all four widths"
"frontend/src/screens/ShiftPeopleScreen.tsx:3175","Shift","frontend/src/screens/ShiftPeopleScreen.tsx","3175","✓ Подтвердили «Я буду» Открыть список","button","authorized role for capability","() => openFuturePanel('willBe')","NO","PASS","frontend/e2e/full-ui-interaction-sweep.spec.ts shift-workbench-readonly; runtime-shift-workbench-readonly.json; planned-lines, will-be and contractor read models plus local filter proved on four widths; no planning mutation; all four widths"
"frontend/src/screens/ShiftPeopleScreen.tsx:3195","Shift","frontend/src/screens/ShiftPeopleScreen.tsx","3195","· Выбрать смену ⌄","button","authorized role for capability","() => setShiftPickerOpen(true)","NO","PASS","frontend/e2e/full-ui-interaction-sweep.spec.ts shift-workbench-readonly; runtime-shift-workbench-readonly.json; picker inner click, explicit Close, backdrop, browser Back and current/next/past paths proved on four widths; no shift command; all four widths"
"frontend/src/screens/ShiftPeopleScreen.tsx:3204","Shift","frontend/src/screens/ShiftPeopleScreen.tsx","3204","Выбрать смену Текущий экран и прокрутка сохранятся Закрыть Текущая смена Сейчас Следующая смена План Прошлая смена Архив","custom-clickable","authorized role for capability","() => setShiftPickerOpen(false)","NO","PASS","frontend/e2e/full-ui-interaction-sweep.spec.ts shift-workbench-readonly; runtime-shift-workbench-readonly.json; picker inner click, explicit Close, backdrop, browser Back and current/next/past paths proved on four widths; no shift command; all four widths"
"frontend/src/screens/ShiftPeopleScreen.tsx:3205","Shift","frontend/src/screens/ShiftPeopleScreen.tsx","3205","Выбрать смену Текущий экран и прокрутка сохранятся Закрыть Текущая смена Сейчас Следующая смена План Прошлая смена Архив","custom-clickable","authorized role for capability","(event) => event.stopPropagation()","NO","PASS","frontend/e2e/full-ui-interaction-sweep.spec.ts shift-workbench-readonly; runtime-shift-workbench-readonly.json; picker inner click, explicit Close, backdrop, browser Back and current/next/past paths proved on four widths; no shift command; all four widths"
"frontend/src/screens/ShiftPeopleScreen.tsx:3219","Shift","frontend/src/screens/ShiftPeopleScreen.tsx","3219","Закрыть","button","authorized role for capability","() => setShiftPickerOpen(false)","NO","PASS","frontend/e2e/full-ui-interaction-sweep.spec.ts shift-workbench-readonly; runtime-shift-workbench-readonly.json; picker inner click, explicit Close, backdrop, browser Back and current/next/past paths proved on four widths; no shift command; all four widths"
"frontend/src/screens/ShiftPeopleScreen.tsx:3222","Shift","frontend/src/screens/ShiftPeopleScreen.tsx","3222","Текущая смена Сейчас","button","authorized role for capability","() => chooseShift('current')","NO","PASS","frontend/e2e/full-ui-interaction-sweep.spec.ts shift-workbench-readonly; runtime-shift-workbench-readonly.json; picker inner click, explicit Close, backdrop, browser Back and current/next/past paths proved on four widths; no shift command; all four widths"
"frontend/src/screens/ShiftPeopleScreen.tsx:3226","Shift","frontend/src/screens/ShiftPeopleScreen.tsx","3226","Следующая смена План","button","authorized role for capability","() => chooseShift('next')","NO","PASS","frontend/e2e/full-ui-interaction-sweep.spec.ts shift-workbench-readonly; runtime-shift-workbench-readonly.json; picker inner click, explicit Close, backdrop, browser Back and current/next/past paths proved on four widths; no shift command; all four widths"
"frontend/src/screens/ShiftPeopleScreen.tsx:3230","Shift","frontend/src/screens/ShiftPeopleScreen.tsx","3230","Прошлая смена Архив","button","authorized role for capability","() => chooseShift('past')","NO","PASS","frontend/e2e/full-ui-interaction-sweep.spec.ts shift-workbench-readonly; runtime-shift-workbench-readonly.json; picker inner click, explicit Close, backdrop, browser Back and current/next/past paths proved on four widths; no shift command; all four widths"
"frontend/src/screens/ShiftPeopleScreen.tsx:3235","Shift","frontend/src/screens/ShiftPeopleScreen.tsx","3235","Будущая смена · · Будущая","button","authorized role for capability","() => chooseShift('future', target)","NO","PASS","frontend/e2e/full-ui-interaction-sweep.spec.ts shift-workbench-readonly; runtime-shift-workbench-readonly.json; first future shift opened from the canonical picker and its date target remained selected after GET-backed refresh on four widths; current shift not mutated; all four widths"
"frontend/src/screens/ShiftPeopleScreen.tsx:3256","Shift","frontend/src/screens/ShiftPeopleScreen.tsx","3256","Открыть","button","authorized role for capability","() => void openPreviousHandover()","YES","PASS","frontend/e2e/full-ui-interaction-sweep.spec.ts shift-handover-and-template-selector-isolated; runtime-shift-handover-and-template-selector-isolated.json; the exact previous-handover control loads its immutable snapshot and sends one intercepted read receipt per open; browser Back and Close restore current Shift on desktop/360/390/430. Backend persistence/RBAC/audit are not inferred; all four widths"
"frontend/src/screens/ShiftPeopleScreen.tsx:3260","Shift","frontend/src/screens/ShiftPeopleScreen.tsx","3260","button:button @3260","button","authorized role for capability","() => void openHandoverSummary()","NO","PASS","frontend/e2e/full-ui-interaction-sweep.spec.ts shift-handover-and-template-selector-isolated; runtime-shift-handover-and-template-selector-isolated.json; the current handover entry opens the browser-memory summary and preserves the local comment through refresh on desktop/360/390/430; all four widths"
"frontend/src/screens/ShiftPeopleScreen.tsx:3272","Shift","frontend/src/screens/ShiftPeopleScreen.tsx","3272","На смене Свободные сначала, затем уже распределённые сотрудники Свободные: Распределены: Поиск по ФИО, роли, линии Выбрать из неотмеченных Свободные Распределены Навык проверяется по выбранной линии и позиции: зелёный — ","custom-clickable","authorized role for capability","() => setPeoplePanelMode(null)","NO","PASS","frontend/e2e/full-ui-interaction-sweep.spec.ts shift-workbench-readonly; runtime-shift-workbench-readonly.json; people-sheet inner click/backdrop, local filter, manual-search entry, focus-first/layer Back and explicit close proved on four widths; no assignment; all four widths"
"frontend/src/screens/ShiftPeopleScreen.tsx:3273","Shift","frontend/src/screens/ShiftPeopleScreen.tsx","3273","На смене Свободные сначала, затем уже распределённые сотрудники Свободные: Распределены: Поиск по ФИО, роли, линии Выбрать из неотмеченных Свободные Распределены Навык проверяется по выбранной линии и позиции: зелёный — ","custom-clickable","authorized role for capability","(event) => event.stopPropagation()","NO","PASS","frontend/e2e/full-ui-interaction-sweep.spec.ts shift-workbench-readonly; runtime-shift-workbench-readonly.json; people-sheet inner click/backdrop, local filter, manual-search entry, focus-first/layer Back and explicit close proved on four widths; no assignment; all four widths"
"frontend/src/screens/ShiftPeopleScreen.tsx:3285","Shift","frontend/src/screens/ShiftPeopleScreen.tsx","3285","Например: Иванов, фасовщик, Пицца","input","authorized role for capability","(event) => setPeopleSearch(event.target.value)","NO","PASS","frontend/e2e/full-ui-interaction-sweep.spec.ts shift-workbench-readonly; runtime-shift-workbench-readonly.json; people-sheet inner click/backdrop, local filter, manual-search entry, focus-first/layer Back and explicit close proved on four widths; no assignment; all four widths"
"frontend/src/screens/ShiftPeopleScreen.tsx:3291","Shift","frontend/src/screens/ShiftPeopleScreen.tsx","3291","Выбрать из неотмеченных","button","authorized role for capability","() => openManualEmployeeSearch('CURRENT')","NO","PASS","frontend/e2e/full-ui-interaction-sweep.spec.ts shift-workbench-readonly; runtime-shift-workbench-readonly.json; people-sheet inner click/backdrop, local filter, manual-search entry, focus-first/layer Back and explicit close proved on four widths; no assignment; all four widths"
"frontend/src/screens/ShiftPeopleScreen.tsx:3318","Shift","frontend/src/screens/ShiftPeopleScreen.tsx","3318","Назначить","button","authorized role for capability","() => openAssignmentMenu(person)","NO","PASS","frontend/e2e/full-ui-interaction-sweep.spec.ts shift-workbench-readonly; runtime-shift-workbench-readonly.json; a browser-only free WORKER opens the canonical assignment-target sheet; inner click, explicit Close and browser Back restore the same people sheet on four widths; no command or server write; all four widths"
"frontend/src/screens/ShiftPeopleScreen.tsx:3346","Shift","frontend/src/screens/ShiftPeopleScreen.tsx","3346","Переназначить","button","authorized role for capability","() => openAssignmentMenu(person)","NO","PASS","frontend/e2e/full-ui-interaction-sweep.spec.ts shift-workbench-readonly; runtime-shift-workbench-readonly.json; a separate browser-only assigned WORKER opens the canonical reassignment target sheet and browser Back restores the same people sheet on four widths; no command or server write; all four widths"
"frontend/src/screens/ShiftPeopleScreen.tsx:3357","Shift","frontend/src/screens/ShiftPeopleScreen.tsx","3357","Закрыть","button","authorized role for capability","() => setPeoplePanelMode(null)","NO","PASS","frontend/e2e/full-ui-interaction-sweep.spec.ts shift-workbench-readonly; runtime-shift-workbench-readonly.json; people-sheet inner click/backdrop, local filter, manual-search entry, focus-first/layer Back and explicit close proved on four widths; no assignment; all four widths"
"frontend/src/screens/ShiftPeopleScreen.tsx:3379","Shift","frontend/src/screens/ShiftPeopleScreen.tsx","3379","Открыть черновик","button","authorized role for capability","() => void openFutureDraftBoard()","NO","PASS","frontend/e2e/full-ui-interaction-sweep.spec.ts shift-future-planned-line-navigation-isolated; runtime-shift-future-planned-line-navigation-isolated.json; the empty planned-lines action opens the first canonical line board with exact NIGHT/2026-09-07 query, and browser Back restores the same panel on desktop/360/390/430. GET models are browser-only; no command is sent; all four widths"
"frontend/src/screens/ShiftPeopleScreen.tsx:3386","Shift","frontend/src/screens/ShiftPeopleScreen.tsx","3386","Я буду","button","authorized role for capability","() => openFuturePanel('willBe', selectedFuturePersonId)","NO","PASS","frontend/e2e/full-ui-interaction-sweep.spec.ts shift-workbench-readonly; runtime-shift-workbench-readonly.json; planned-lines, will-be and contractor read models plus local filter proved on four widths; no planning mutation; all four widths"
"frontend/src/screens/ShiftPeopleScreen.tsx:3387","Shift","frontend/src/screens/ShiftPeopleScreen.tsx","3387","Наёмники","button","authorized role for capability","() => openFuturePanel('contractors', selectedFuturePersonId)","NO","PASS","frontend/e2e/full-ui-interaction-sweep.spec.ts shift-workbench-readonly; runtime-shift-workbench-readonly.json; planned-lines, will-be and contractor read models plus local filter proved on four widths; no planning mutation; all four widths"
"frontend/src/screens/ShiftPeopleScreen.tsx:3388","Shift","frontend/src/screens/ShiftPeopleScreen.tsx","3388","Плановые линии","button","authorized role for capability","() => openFuturePanel('plannedLines', selectedFuturePersonId)","NO","PASS","frontend/e2e/full-ui-interaction-sweep.spec.ts shift-workbench-readonly; runtime-shift-workbench-readonly.json; planned-lines, will-be and contractor read models plus local filter proved on four widths; no planning mutation; all four widths"
"frontend/src/screens/ShiftPeopleScreen.tsx:3391","Shift","frontend/src/screens/ShiftPeopleScreen.tsx","3391","Например: Иванов, Пицца, оператор","input","authorized role for capability","(event) => setFutureSearch(event.target.value)","NO","PASS","frontend/e2e/full-ui-interaction-sweep.spec.ts shift-workbench-readonly; runtime-shift-workbench-readonly.json; planned-lines, will-be and contractor read models plus local filter proved on four widths; no planning mutation; all four widths"
"frontend/src/screens/ShiftPeopleScreen.tsx:3398","Shift","frontend/src/screens/ShiftPeopleScreen.tsx","3398","Назначить не отметившегося","button","authorized role for capability","() => openManualEmployeeSearch('FUTURE')","NO","PASS","frontend/e2e/full-ui-interaction-sweep.spec.ts shift-workbench-readonly; runtime-shift-workbench-readonly.json; future-context manual employee search shows short-query validation; focus-first and layer Back restore the planning panel on four widths; no employee selected; all four widths"
"frontend/src/screens/ShiftPeopleScreen.tsx:3426","Shift","frontend/src/screens/ShiftPeopleScreen.tsx","3426","Профиль","button","authorized role for capability","() => void openProfile(userId)","NO","PASS","frontend/e2e/full-ui-interaction-sweep.spec.ts shift-future-person-actions-isolated; runtime-shift-future-person-actions-isolated.json; WILL_BE employee profile/browser Back and future-assignment board/browser Back/explicit Close restore the same planning panel on desktop/360/390/430. GET/read models are browser-only; no assignment is submitted and backend authority is not inferred; all four widths"
"frontend/src/screens/ShiftPeopleScreen.tsx:3429","Shift","frontend/src/screens/ShiftPeopleScreen.tsx","3429","Назначить","button","authorized role for capability","() => void openFutureAssignmentBoardForUser(userId, person.displayName)","NO","PASS","frontend/e2e/full-ui-interaction-sweep.spec.ts shift-future-person-actions-isolated; runtime-shift-future-person-actions-isolated.json; WILL_BE employee profile/browser Back and future-assignment board/browser Back/explicit Close restore the same planning panel on desktop/360/390/430. GET/read models are browser-only; no assignment is submitted and backend authority is not inferred; all four widths"
"frontend/src/screens/ShiftPeopleScreen.tsx:3433","Shift","frontend/src/screens/ShiftPeopleScreen.tsx","3433","Не вызывать","button","authorized role for capability","() => { setNotNeededWillBe({ id: person.id, userId, displayName: person.displayName }); setNotNeededReason(''); }","NO","PASS","frontend/e2e/full-ui-interaction-sweep.spec.ts shift-future-person-actions-isolated; runtime-shift-future-person-actions-isolated.json; Not-needed opens with a local reason draft; explicit Cancel and focus-first/layer Back restore the WILL_BE row and send zero requests on desktop/360/390/430; all four widths"
"frontend/src/screens/ShiftPeopleScreen.tsx:3468","Shift","frontend/src/screens/ShiftPeopleScreen.tsx","3468","Профиль","button","authorized role for capability","() => void openProfile(userId)","NO","PASS","frontend/e2e/full-ui-interaction-sweep.spec.ts shift-future-person-actions-isolated; runtime-shift-future-person-actions-isolated.json; contractor profile/browser Back and future-assignment board/explicit Close restore the same contractors panel on desktop/360/390/430. GET/read models are browser-only; no assignment is submitted and backend authority is not inferred; all four widths"
"frontend/src/screens/ShiftPeopleScreen.tsx:3470","Shift","frontend/src/screens/ShiftPeopleScreen.tsx","3470","Назначить","button","authorized role for capability","() => void openFutureAssignmentBoardForUser(userId, person.displayName)","NO","PASS","frontend/e2e/full-ui-interaction-sweep.spec.ts shift-future-person-actions-isolated; runtime-shift-future-person-actions-isolated.json; contractor profile/browser Back and future-assignment board/explicit Close restore the same contractors panel on desktop/360/390/430. GET/read models are browser-only; no assignment is submitted and backend authority is not inferred; all four widths"
"frontend/src/screens/ShiftPeopleScreen.tsx:3495","Shift","frontend/src/screens/ShiftPeopleScreen.tsx","3495","Открыть назначение","button","authorized role for capability","() => void openPlannedLineBoard(line, selectedFuturePersonId || undefined)","NO","PASS","frontend/e2e/full-ui-interaction-sweep.spec.ts shift-future-planned-line-navigation-isolated; runtime-shift-future-planned-line-navigation-isolated.json; the planned-lines panel card opens the exact NIGHT board and explicit Close restores that card on desktop/360/390/430. GET models are browser-only; no command is sent; all four widths"
"frontend/src/screens/ShiftPeopleScreen.tsx:3531","Shift","frontend/src/screens/ShiftPeopleScreen.tsx","3531","· назначено из План","button","authorized role for capability","() => void openPlannedLineBoard(line)","NO","PASS","frontend/e2e/full-ui-interaction-sweep.spec.ts shift-future-planned-line-navigation-isolated; runtime-shift-future-planned-line-navigation-isolated.json; the next-shift row opens the exact NIGHT board and browser Back restores the row on desktop/360/390/430. GET models are browser-only; no command is sent; all four widths"
"frontend/src/screens/ShiftPeopleScreen.tsx:3543","Shift","frontend/src/screens/ShiftPeopleScreen.tsx","3543","Добавить линию в план","button","authorized role for capability","() => setPlanningLinePickerOpen(true)","NO","PASS","frontend/e2e/full-ui-interaction-sweep.spec.ts shift-workbench-readonly; runtime-shift-workbench-readonly.json; next-shift line picker remains open on inner click and its exact footer Close restores planning state on four widths; no line added; all four widths"
"frontend/src/screens/ShiftPeopleScreen.tsx:3553","Shift","frontend/src/screens/ShiftPeopleScreen.tsx","3553","selfShift?.activeWillBe ? 'Комментарий для отмены' : 'Комментарий к отметке, если нужен'","textarea","authorized role for capability","(event) => setWillBeComment(event.target.value)","NO","PASS","frontend/e2e/full-ui-interaction-sweep.spec.ts shift-worker-self-actions-isolated; runtime-shift-worker-self-actions-isolated.json; comment, mark and cancel are distinct: mark refreshes active self state, empty cancel is blocked, exact UUID-bearing cancel refreshes back to no mark on desktop/360/390/430. Backend persistence/RBAC are not inferred; all four widths"
"frontend/src/screens/ShiftPeopleScreen.tsx:3555","Shift","frontend/src/screens/ShiftPeopleScreen.tsx","3555","Я буду","button","authorized role for capability","() => void markWillBe()","YES","PASS","frontend/e2e/full-ui-interaction-sweep.spec.ts shift-worker-self-actions-isolated; runtime-shift-worker-self-actions-isolated.json; comment, mark and cancel are distinct: mark refreshes active self state, empty cancel is blocked, exact UUID-bearing cancel refreshes back to no mark on desktop/360/390/430. Backend persistence/RBAC are not inferred; all four widths"
"frontend/src/screens/ShiftPeopleScreen.tsx:3556","Shift","frontend/src/screens/ShiftPeopleScreen.tsx","3556","Отменить","button","authorized role for capability","() => void cancelWillBe()","NO","PASS","frontend/e2e/full-ui-interaction-sweep.spec.ts shift-worker-self-actions-isolated; runtime-shift-worker-self-actions-isolated.json; comment, mark and cancel are distinct: mark refreshes active self state, empty cancel is blocked, exact UUID-bearing cancel refreshes back to no mark on desktop/360/390/430. Backend persistence/RBAC are not inferred; all four widths"
"frontend/src/screens/ShiftPeopleScreen.tsx:3592","Shift","frontend/src/screens/ShiftPeopleScreen.tsx","3592","· Будущая","button","authorized role for capability","() => setSelectedFutureTarget(target)","NO","PASS","frontend/e2e/full-ui-interaction-sweep.spec.ts shift-workbench-readonly; runtime-shift-workbench-readonly.json; first future shift opened from the canonical picker and its date target remained selected after GET-backed refresh on four widths; current shift not mutated; all four widths"
"frontend/src/screens/ShiftPeopleScreen.tsx:3629","Shift","frontend/src/screens/ShiftPeopleScreen.tsx","3629","· назначено из Открыть","button","authorized role for capability","() => void openPlannedLineBoard(line)","NO","PASS","frontend/e2e/full-ui-interaction-sweep.spec.ts shift-future-planned-line-navigation-isolated; runtime-shift-future-planned-line-navigation-isolated.json; the selected future-shift row opens exact DAY/2026-09-08 rather than the next shift, and browser Back restores that future plan on desktop/360/390/430. GET models are browser-only; no command is sent; all four widths"
"frontend/src/screens/ShiftPeopleScreen.tsx:3654","Shift","frontend/src/screens/ShiftPeopleScreen.tsx","3654","Добавить линию в план","button","authorized role for capability","() => setPlanningLinePickerOpen(true)","NO","PASS","frontend/e2e/full-ui-interaction-sweep.spec.ts shift-workbench-readonly; runtime-shift-workbench-readonly.json; selected future shift opens the canonical production-line picker and browser Back restores the same selected future target on four widths; no line added; all four widths"
"frontend/src/screens/ShiftPeopleScreen.tsx:3674","Shift","frontend/src/screens/ShiftPeopleScreen.tsx","3674","Мастера: Линии: · Простои: · Заявки: Архив","button","authorized role for capability","() => void openPastShift(shift.key)","NO","PASS","frontend/e2e/full-ui-interaction-sweep.spec.ts shift-workbench-readonly; runtime-shift-workbench-readonly.json; one ordinary archived shift GET and all existing detail tabs proved on four widths; no historical mutation; all four widths"
"frontend/src/screens/ShiftPeopleScreen.tsx:3697","Shift","frontend/src/screens/ShiftPeopleScreen.tsx","3697","button:button @3697","button","authorized role for capability","() => setPastDetailTab(tab)","NO","PASS","frontend/e2e/full-ui-interaction-sweep.spec.ts shift-workbench-readonly; runtime-shift-workbench-readonly.json; one ordinary archived shift GET and all existing detail tabs proved on four widths; no historical mutation; all four widths"
"frontend/src/screens/ShiftPeopleScreen.tsx:3827","Shift","frontend/src/screens/ShiftPeopleScreen.tsx","3827","Причина возврата","textarea","authorized role for capability","(event) => { setReturnReason(event.target.value); if (errorText === 'Укажите причину возврата') setErrorText(null); }","NO","PASS","frontend/e2e/full-ui-interaction-sweep.spec.ts shift-worker-self-actions-isolated; runtime-shift-worker-self-actions-isolated.json; empty return submit is blocked by Russian validation, correcting the reason clears that stale validation, and one exact UUID-bearing intercepted command hides the action only after refreshed /shift/me reports a pending request on desktop/360/390/430. Backend persistence/RBAC are not inferred; all four widths"
"frontend/src/screens/ShiftPeopleScreen.tsx:3828","Shift","frontend/src/screens/ShiftPeopleScreen.tsx","3828","Запросить возврат","button","authorized role for capability","() => void requestReturn()","NO","PASS","frontend/e2e/full-ui-interaction-sweep.spec.ts shift-worker-self-actions-isolated; runtime-shift-worker-self-actions-isolated.json; empty return submit is blocked by Russian validation, correcting the reason clears that stale validation, and one exact UUID-bearing intercepted command hides the action only after refreshed /shift/me reports a pending request on desktop/360/390/430. Backend persistence/RBAC are not inferred; all four widths"
"frontend/src/screens/ShiftPeopleScreen.tsx:3864","Shift","frontend/src/screens/ShiftPeopleScreen.tsx","3864","Прибыл","button","authorized role for capability","() => void updateContractorActual(person, 'ARRIVED')","YES","PASS","frontend/e2e/full-ui-interaction-sweep.spec.ts shift-contractor-lead-actions-isolated; runtime-shift-contractor-lead-actions-isolated.json; exact company-pool arrival, absence and replacement commands carry UUID/expectedVersion where required and refresh only their intended rows on desktop/360/390/430. Backend company authority/persistence are not inferred; all four widths"
"frontend/src/screens/ShiftPeopleScreen.tsx:3865","Shift","frontend/src/screens/ShiftPeopleScreen.tsx","3865","Не прибыл","button","authorized role for capability","() => void updateContractorActual(person, 'ABSENT')","YES","PASS","frontend/e2e/full-ui-interaction-sweep.spec.ts shift-contractor-lead-actions-isolated; runtime-shift-contractor-lead-actions-isolated.json; exact company-pool arrival, absence and replacement commands carry UUID/expectedVersion where required and refresh only their intended rows on desktop/360/390/430. Backend company authority/persistence are not inferred; all four widths"
"frontend/src/screens/ShiftPeopleScreen.tsx:3868","Shift","frontend/src/screens/ShiftPeopleScreen.tsx","3868","Добавить как замену","button","authorized role for capability","() => void addContractorReplacement(person)","NO","PASS","frontend/e2e/full-ui-interaction-sweep.spec.ts shift-contractor-lead-actions-isolated; runtime-shift-contractor-lead-actions-isolated.json; exact company-pool arrival, absence and replacement commands carry UUID/expectedVersion where required and refresh only their intended rows on desktop/360/390/430. Backend company authority/persistence are not inferred; all four widths"
"frontend/src/screens/ShiftPeopleScreen.tsx:3882","Shift","frontend/src/screens/ShiftPeopleScreen.tsx","3882","input:checkbox @3882","input","authorized role for capability","() => toggleContractorPlanSelection(person.userId)","NO","PASS","frontend/e2e/full-ui-interaction-sweep.spec.ts shift-contractor-lead-actions-isolated; runtime-shift-contractor-lead-actions-isolated.json; checkbox, select-all and clear-all converge to two explicit company users; one exact NIGHT/2026-09-07 plan command clears selection and renders the refreshed saved-plan result on desktop/360/390/430. Backend company authority/persistence are not inferred; all four widths"
"frontend/src/screens/ShiftPeopleScreen.tsx:3889","Shift","frontend/src/screens/ShiftPeopleScreen.tsx","3889","Выбрать всех","button","authorized role for capability","() => setSelectedContractorIds(contractorLeadPool.people.map((person) => person.userId))","NO","PASS","frontend/e2e/full-ui-interaction-sweep.spec.ts shift-contractor-lead-actions-isolated; runtime-shift-contractor-lead-actions-isolated.json; checkbox, select-all and clear-all converge to two explicit company users; one exact NIGHT/2026-09-07 plan command clears selection and renders the refreshed saved-plan result on desktop/360/390/430. Backend company authority/persistence are not inferred; all four widths"
"frontend/src/screens/ShiftPeopleScreen.tsx:3890","Shift","frontend/src/screens/ShiftPeopleScreen.tsx","3890","Снять всех","button","authorized role for capability","() => setSelectedContractorIds([])","NO","PASS","frontend/e2e/full-ui-interaction-sweep.spec.ts shift-contractor-lead-actions-isolated; runtime-shift-contractor-lead-actions-isolated.json; checkbox, select-all and clear-all converge to two explicit company users; one exact NIGHT/2026-09-07 plan command clears selection and renders the refreshed saved-plan result on desktop/360/390/430. Backend company authority/persistence are not inferred; all four widths"
"frontend/src/screens/ShiftPeopleScreen.tsx:3891","Shift","frontend/src/screens/ShiftPeopleScreen.tsx","3891","Приведу:","button","authorized role for capability","() => void submitContractorPlan()","YES","PASS","frontend/e2e/full-ui-interaction-sweep.spec.ts shift-contractor-lead-actions-isolated; runtime-shift-contractor-lead-actions-isolated.json; checkbox, select-all and clear-all converge to two explicit company users; one exact NIGHT/2026-09-07 plan command clears selection and renders the refreshed saved-plan result on desktop/360/390/430. Backend company authority/persistence are not inferred; all four widths"
"frontend/src/screens/ShiftPeopleScreen.tsx:3931","Shift","frontend/src/screens/ShiftPeopleScreen.tsx","3931","Подробнее","button","authorized role for capability","() => openLineCard(line)","NO","PASS","frontend/e2e/full-ui-interaction-sweep.spec.ts shift-current-downtime-actions-isolated; runtime-shift-current-downtime-actions-isolated.json; the projected active-downtime row opens its canonical line dashboard and browser Back restores the same row on desktop/360/390/430 without a write; all four widths"
"frontend/src/screens/ShiftPeopleScreen.tsx:3932","Shift","frontend/src/screens/ShiftPeopleScreen.tsx","3932","Вернуть в работу","button","authorized role for capability","() => void returnLineToWork(line)","NO","PASS","frontend/e2e/full-ui-interaction-sweep.spec.ts shift-current-downtime-actions-isolated; runtime-shift-current-downtime-actions-isolated.json; the exact downtime-row action opens a line-specific confirmation, browser Back and Cancel send zero writes, then one browser-intercepted submit refreshes the projected line to RUNNING and removes it from the downtime list on desktop/360/390/430. Backend persistence/RBAC/audit are not inferred; all four widths"
"frontend/src/screens/ShiftPeopleScreen.tsx:3951","Shift","frontend/src/screens/ShiftPeopleScreen.tsx","3951","Открыть заявки","button","authorized role for capability","openTaskScreen","NO","PASS","frontend/e2e/full-ui-interaction-sweep.spec.ts shift-current-request-navigation-readonly; runtime-shift-current-request-navigation-readonly.json; aggregate and exact request rows open Tasks, while browser Back remounts Shift and restores the same requests view with the same two projected rows on desktop/360/390/430. GET read models are browser-only; no API write is sent and backend authority is not inferred; all four widths"
"frontend/src/screens/ShiftPeopleScreen.tsx:3963","Shift","frontend/src/screens/ShiftPeopleScreen.tsx","3963","Подробнее","button","authorized role for capability","openTaskScreen","NO","PASS","frontend/e2e/full-ui-interaction-sweep.spec.ts shift-current-request-navigation-readonly; runtime-shift-current-request-navigation-readonly.json; aggregate and exact request rows open Tasks, while browser Back remounts Shift and restores the same requests view with the same two projected rows on desktop/360/390/430. GET read models are browser-only; no API write is sent and backend authority is not inferred; all four widths"
"frontend/src/screens/ShiftPeopleScreen.tsx:4001","Shift","frontend/src/screens/ShiftPeopleScreen.tsx","4001","button:button @4001","button","authorized role for capability","() => void openWorkAreaBoard(area.id)","NO","PASS","frontend/e2e/full-ui-interaction-sweep.spec.ts shift-current-work-area-assignment-isolated; runtime-shift-current-work-area-assignment-isolated.json; work-area board open, free-slot picker, inner-click containment, picker Back and explicit board Close restore the exact parent layer on desktop/360/390/430. Browser-memory GET projections are isolated and backend authority is not inferred; all four widths"
"frontend/src/screens/ShiftPeopleScreen.tsx:4027","Shift","frontend/src/screens/ShiftPeopleScreen.tsx","4027","Запустить новую линию","button","authorized role for capability","() => { setAssignmentFlowUser(null); setCurrentLinePickerSelection({ userId: '', displayName: 'Выберите линию для запуска', mode: 'start' }); }","NO","PASS","frontend/e2e/full-ui-interaction-sweep.spec.ts shift-current-start-line-picker-isolated; runtime-shift-current-start-line-picker-isolated.json; the exact start-line picker opens with stopped and inactive browser-memory lines, inner click stays contained, backdrop and explicit Back restore Shift, and no command is sent on desktop/360/390/430; all four widths"
"frontend/src/screens/ShiftPeopleScreen.tsx:4126","Shift","frontend/src/screens/ShiftPeopleScreen.tsx","4126","button:button @4126","button","authorized role for capability","() => void openProfile(person.userId)","NO","PASS","frontend/e2e/full-ui-interaction-sweep.spec.ts shift-readonly-profile-and-history-choice-isolated; runtime-shift-readonly-profile-and-history-choice-isolated.json; the exact non-manager person-name control loads the browser-memory profile and browser Back restores the same current-shift card on desktop/360/390/430; all four widths"
"frontend/src/screens/ShiftPeopleScreen.tsx:4168","Shift","frontend/src/screens/ShiftPeopleScreen.tsx","4168","Закрыть","button","authorized role for capability","() => setHandoverMode(null)","NO","PASS","frontend/e2e/full-ui-interaction-sweep.spec.ts shift-handover-and-template-selector-isolated; runtime-shift-handover-and-template-selector-isolated.json; the exact Close control dismisses both previous and saved handover layers without submitting another command on desktop/360/390/430; UI-SWEEP-100 Back parity is fixed; all four widths"
"frontend/src/screens/ShiftPeopleScreen.tsx:4199","Shift","frontend/src/screens/ShiftPeopleScreen.tsx","4199","Открыть","button","authorized role for capability","() => openHandoverItem(section.key, item)","NO","PASS","frontend/e2e/full-ui-interaction-sweep.spec.ts shift-handover-and-template-selector-isolated; runtime-shift-handover-and-template-selector-isolated.json; local comment input, exact summary refresh and exact task-item navigation are separately observed in the isolated handover layer on desktop/360/390/430; all four widths"
"frontend/src/screens/ShiftPeopleScreen.tsx:4210","Shift","frontend/src/screens/ShiftPeopleScreen.tsx","4210","Необязательный комментарий к оперативной сводке","textarea","authorized role for capability","(event) => setHandoverComment(event.target.value)","NO","PASS","frontend/e2e/full-ui-interaction-sweep.spec.ts shift-handover-and-template-selector-isolated; runtime-shift-handover-and-template-selector-isolated.json; local comment input, exact summary refresh and exact task-item navigation are separately observed in the isolated handover layer on desktop/360/390/430; all four widths"
"frontend/src/screens/ShiftPeopleScreen.tsx:4216","Shift","frontend/src/screens/ShiftPeopleScreen.tsx","4216","Обновить","button","authorized role for capability","() => void refreshHandoverSummary()","NO","PASS","frontend/e2e/full-ui-interaction-sweep.spec.ts shift-handover-and-template-selector-isolated; runtime-shift-handover-and-template-selector-isolated.json; local comment input, exact summary refresh and exact task-item navigation are separately observed in the isolated handover layer on desktop/360/390/430; all four widths"
"frontend/src/screens/ShiftPeopleScreen.tsx:4217","Shift","frontend/src/screens/ShiftPeopleScreen.tsx","4217","Передать следующей смене","button","authorized role for capability","() => void submitHandover()","YES","PASS","frontend/e2e/full-ui-interaction-sweep.spec.ts shift-handover-and-template-selector-isolated; runtime-shift-handover-and-template-selector-isolated.json; exactly one intercepted handover POST carries the trimmed comment and returns an immutable saved snapshot on desktop/360/390/430. Backend persistence/RBAC/audit and scheduler behavior are not inferred; all four widths"
"frontend/src/screens/ShiftPeopleScreen.tsx:4234","Shift","frontend/src/screens/ShiftPeopleScreen.tsx","4234","Закрыть","button","authorized role for capability","() => { setManualSearchSheet(null); setManualSearchQuery(''); }","NO","PASS","frontend/e2e/full-ui-interaction-sweep.spec.ts shift-future-planning-board-actions-isolated; runtime-shift-future-planning-board-actions-isolated.json; header Close, footer Return and focus-first/layer browser Back each restore the same planning board without a command on desktop/360/390/430; all four widths"
"frontend/src/screens/ShiftPeopleScreen.tsx:4247","Shift","frontend/src/screens/ShiftPeopleScreen.tsx","4247","Вернуться к назначениям","button","authorized role for capability","() => { setManualSearchSheet(null); setManualSearchQuery(''); }","NO","PASS","frontend/e2e/full-ui-interaction-sweep.spec.ts shift-future-planning-board-actions-isolated; runtime-shift-future-planning-board-actions-isolated.json; header Close, footer Return and focus-first/layer browser Back each restore the same planning board without a command on desktop/360/390/430; all four widths"
"frontend/src/screens/ShiftPeopleScreen.tsx:4267","Shift","frontend/src/screens/ShiftPeopleScreen.tsx","4267","≡ Линия работают · выбрать слот Выбрать","button","authorized role for capability","() => void chooseAssignmentTarget('slot')","NO","PASS","frontend/e2e/full-ui-interaction-sweep.spec.ts shift-workbench-readonly; runtime-shift-workbench-readonly.json; line target opens the current line picker, inner click keeps it open and browser Back restores the target sheet on four widths; no line/slot selected; all four widths"
"frontend/src/screens/ShiftPeopleScreen.tsx:4275","Shift","frontend/src/screens/ShiftPeopleScreen.tsx","4275","≈ Мойка Выбрать активную сессию мойки Мойка","button","authorized role for capability","() => void chooseAssignmentTarget('wash')","NO","PASS","frontend/e2e/full-ui-interaction-sweep.spec.ts shift-workbench-readonly; runtime-shift-workbench-readonly.json; active-wash assignment selector opens and browser Back restores the target sheet on four widths; confirm not clicked; all four widths"
"frontend/src/screens/ShiftPeopleScreen.tsx:4283","Shift","frontend/src/screens/ShiftPeopleScreen.tsx","4283","⌂ Рабочая зона Позиция или повременная работа","button","authorized role for capability","() => void chooseAssignmentTarget('workArea')","NO","PASS","frontend/e2e/full-ui-interaction-sweep.spec.ts shift-workbench-readonly; runtime-shift-workbench-readonly.json; the single configured work area opens its canonical slot board directly and browser Back restores the target sheet on four widths; no slot selected; all four widths"
"frontend/src/screens/ShiftPeopleScreen.tsx:4291","Shift","frontend/src/screens/ShiftPeopleScreen.tsx","4291","⌂ Отправить домой Закрыть текущее назначение Домой","button","authorized role for capability","() => void chooseAssignmentTarget('home')","NO","PASS","frontend/e2e/full-ui-interaction-sweep.spec.ts shift-workbench-readonly; runtime-shift-workbench-readonly.json; send-home form accepts a local required-comment draft and explicit Cancel restores the target sheet on four widths; submit not clicked; all four widths"
"frontend/src/screens/ShiftPeopleScreen.tsx:4301","Shift","frontend/src/screens/ShiftPeopleScreen.tsx","4301","Закрыть","button","authorized role for capability","() => setAssignmentMenuUser(null)","NO","PASS","frontend/e2e/full-ui-interaction-sweep.spec.ts shift-workbench-readonly; runtime-shift-workbench-readonly.json; a browser-only free WORKER opens the canonical assignment-target sheet; inner click, explicit Close and browser Back restore the same people sheet on four widths; no command or server write; all four widths"
"frontend/src/screens/ShiftPeopleScreen.tsx:4308","Shift","frontend/src/screens/ShiftPeopleScreen.tsx","4308","Выберите рабочую зону · затем выберите позицию Назад","custom-clickable","authorized role for capability","() => { setWorkAreaPickerUser(null); if (assignmentFlowUser) setAssignmentMenuUser(assignmentFlowUser); }","NO","PASS","frontend/e2e/full-ui-interaction-sweep.spec.ts shift-current-person-target-pickers-isolated; runtime-shift-current-person-target-pickers-isolated.json; the two-area picker proves inner-click containment, backdrop and explicit Back restoration, exact area selection and work-area board browser Back on desktop/360/390/430; no assignment command is sent; all four widths"
"frontend/src/screens/ShiftPeopleScreen.tsx:4312","Shift","frontend/src/screens/ShiftPeopleScreen.tsx","4312","Выберите рабочую зону · затем выберите позицию Назад","custom-clickable","authorized role for capability","(event) => event.stopPropagation()","NO","PASS","frontend/e2e/full-ui-interaction-sweep.spec.ts shift-current-person-target-pickers-isolated; runtime-shift-current-person-target-pickers-isolated.json; the two-area picker proves inner-click containment, backdrop and explicit Back restoration, exact area selection and work-area board browser Back on desktop/360/390/430; no assignment command is sent; all four widths"
"frontend/src/screens/ShiftPeopleScreen.tsx:4319","Shift","frontend/src/screens/ShiftPeopleScreen.tsx","4319","Назад","button","authorized role for capability","() => { setWorkAreaPickerUser(null); if (assignmentFlowUser) setAssignmentMenuUser(assignmentFlowUser); }","NO","PASS","frontend/e2e/full-ui-interaction-sweep.spec.ts shift-current-person-target-pickers-isolated; runtime-shift-current-person-target-pickers-isolated.json; the two-area picker proves inner-click containment, backdrop and explicit Back restoration, exact area selection and work-area board browser Back on desktop/360/390/430; no assignment command is sent; all four widths"
"frontend/src/screens/ShiftPeopleScreen.tsx:4326","Shift","frontend/src/screens/ShiftPeopleScreen.tsx","4326","позиций · Выбрать","button","authorized role for capability","() => void openWorkAreaForPerson(workAreaPickerUser, area.id)","NO","PASS","frontend/e2e/full-ui-interaction-sweep.spec.ts shift-current-person-target-pickers-isolated; runtime-shift-current-person-target-pickers-isolated.json; the two-area picker proves inner-click containment, backdrop and explicit Back restoration, exact area selection and work-area board browser Back on desktop/360/390/430; no assignment command is sent; all four widths"
"frontend/src/screens/ShiftPeopleScreen.tsx:4340","Shift","frontend/src/screens/ShiftPeopleScreen.tsx","4340","Назад Запустить новую линию","custom-clickable","authorized role for capability","() => { setCurrentLinePickerSelection(null); if (assignmentFlowUser) setAssignmentMenuUser(assignmentFlowUser); }","NO","PASS","frontend/e2e/full-ui-interaction-sweep.spec.ts shift-current-start-line-picker-isolated; runtime-shift-current-start-line-picker-isolated.json; the exact start-line picker opens with stopped and inactive browser-memory lines, inner click stays contained, backdrop and explicit Back restore Shift, and no command is sent on desktop/360/390/430; all four widths"
"frontend/src/screens/ShiftPeopleScreen.tsx:4344","Shift","frontend/src/screens/ShiftPeopleScreen.tsx","4344","Назад Запустить новую линию","custom-clickable","authorized role for capability","(event) => event.stopPropagation()","NO","PASS","frontend/e2e/full-ui-interaction-sweep.spec.ts shift-workbench-readonly; runtime-shift-workbench-readonly.json; line target opens the current line picker, inner click keeps it open and browser Back restores the target sheet on four widths; no line/slot selected; all four widths"
"frontend/src/screens/ShiftPeopleScreen.tsx:4353","Shift","frontend/src/screens/ShiftPeopleScreen.tsx","4353","Назад","button","authorized role for capability","() => { setCurrentLinePickerSelection(null); if (assignmentFlowUser) setAssignmentMenuUser(assignmentFlowUser); }","NO","PASS","frontend/e2e/full-ui-interaction-sweep.spec.ts shift-current-start-line-picker-isolated; runtime-shift-current-start-line-picker-isolated.json; the exact start-line picker opens with stopped and inactive browser-memory lines, inner click stays contained, backdrop and explicit Back restore Shift, and no command is sent on desktop/360/390/430; all four widths"
"frontend/src/screens/ShiftPeopleScreen.tsx:4360","Shift","frontend/src/screens/ShiftPeopleScreen.tsx","4360","Люди / · Выбрать","button","authorized role for capability","() => { setSelectedAssignmentCandidateId(currentLinePickerSelection.userId); setCurrentLinePickerSelection(null); void openDashboard(line.id); }","NO","PASS","frontend/e2e/full-ui-interaction-sweep.spec.ts shift-current-person-target-pickers-isolated; runtime-shift-current-person-target-pickers-isolated.json; the exact working-line option opens the selected-person slot board, whose Back restores the line picker and then the same target sheet on desktop/360/390/430; no assignment command is sent; all four widths"
"frontend/src/screens/ShiftPeopleScreen.tsx:4375","Shift","frontend/src/screens/ShiftPeopleScreen.tsx","4375","Остановлена · запуск требует подтверждения Вернуть","button","authorized role for capability","() => { if (currentLinePickerSelection.mode === 'assign') setSelectedAssignmentCandidateId(currentLinePickerSelection.userId); setCurrentLinePickerSelection(null); setPendingLine(l","NO","PASS","frontend/e2e/full-ui-interaction-sweep.spec.ts shift-current-start-line-picker-isolated; runtime-shift-current-start-line-picker-isolated.json; selecting the exact stopped line opens the return-to-work draft, while browser Back and Cancel each discard it and restore Shift without a status command on desktop/360/390/430; all four widths"
"frontend/src/screens/ShiftPeopleScreen.tsx:4386","Shift","frontend/src/screens/ShiftPeopleScreen.tsx","4386","Не включена в текущую смену Запустить","button","authorized role for capability","() => { if (currentLinePickerSelection.mode === 'assign') setSelectedAssignmentCandidateId(currentLinePickerSelection.userId); setCurrentLinePickerSelection(null); setPendingLine(l","NO","PASS","frontend/e2e/full-ui-interaction-sweep.spec.ts shift-current-start-line-picker-isolated; runtime-shift-current-start-line-picker-isolated.json; selecting the exact inactive line opens activation with its configured default staffing template, while browser Back and Cancel discard it without creating shift state on desktop/360/390/430; all four widths"
"frontend/src/screens/ShiftPeopleScreen.tsx:4410","Shift","frontend/src/screens/ShiftPeopleScreen.tsx","4410","Например: состав уже укомплектован","textarea","authorized role for capability","(event) => setNotNeededReason(event.target.value)","NO","PASS","frontend/e2e/full-ui-interaction-sweep.spec.ts shift-future-person-actions-isolated; runtime-shift-future-person-actions-isolated.json; Not-needed opens with a local reason draft; explicit Cancel and focus-first/layer Back restore the WILL_BE row and send zero requests on desktop/360/390/430; all four widths"
"frontend/src/screens/ShiftPeopleScreen.tsx:4412","Shift","frontend/src/screens/ShiftPeopleScreen.tsx","4412","Отмена","button","authorized role for capability","() => { setNotNeededWillBe(null); setNotNeededReason(''); }","NO","PASS","frontend/e2e/full-ui-interaction-sweep.spec.ts shift-future-person-actions-isolated; runtime-shift-future-person-actions-isolated.json; Not-needed opens with a local reason draft; explicit Cancel and focus-first/layer Back restore the WILL_BE row and send zero requests on desktop/360/390/430; all four widths"
"frontend/src/screens/ShiftPeopleScreen.tsx:4416","Shift","frontend/src/screens/ShiftPeopleScreen.tsx","4416","Не вызывать","button","authorized role for capability","() => void markWillBeNotNeeded()","YES","PASS","frontend/e2e/full-ui-interaction-sweep.spec.ts shift-future-person-actions-isolated; runtime-shift-future-person-actions-isolated.json; confirm sends one exact comment plus UUID operationId to the browser-intercepted endpoint, closes the form, refreshes the list, removes only the target row, clears the selected-person hint and shows human-readable feedback on desktop/360/390/430. Backend persistence/RBAC/audit are not inferred; all four widths"
"frontend/src/screens/ShiftPeopleScreen.tsx:4423","Shift","frontend/src/screens/ShiftPeopleScreen.tsx","4423","Действия с сотрудником · Закрыть Профиль Открыть карточку сотрудника Открыть Заменить в слоте Выбрать другого человека для этого места Заменить Переназначить Выбрать линию, мойку или рабочую зону Выбрать Освободить Закры","custom-clickable","authorized role for capability","() => setCurrentSlotAction(null)","NO","PASS","frontend/e2e/full-ui-interaction-sweep.spec.ts shift-current-line-readonly; runtime-shift-current-line-readonly.json; browser-only occupied-slot read model exposed the canonical action sheet; inner click, backdrop, explicit Close and browser Back restore the line board on four widths; no assignment command; all four widths"
"frontend/src/screens/ShiftPeopleScreen.tsx:4424","Shift","frontend/src/screens/ShiftPeopleScreen.tsx","4424","Действия с сотрудником · Закрыть Профиль Открыть карточку сотрудника Открыть Заменить в слоте Выбрать другого человека для этого места Заменить Переназначить Выбрать линию, мойку или рабочую зону Выбрать Освободить Закры","custom-clickable","authorized role for capability","(event) => event.stopPropagation()","NO","PASS","frontend/e2e/full-ui-interaction-sweep.spec.ts shift-current-line-readonly; runtime-shift-current-line-readonly.json; browser-only occupied-slot read model exposed the canonical action sheet; inner click, backdrop, explicit Close and browser Back restore the line board on four widths; no assignment command; all four widths"
"frontend/src/screens/ShiftPeopleScreen.tsx:4428","Shift","frontend/src/screens/ShiftPeopleScreen.tsx","4428","Закрыть","button","authorized role for capability","() => setCurrentSlotAction(null)","NO","PASS","frontend/e2e/full-ui-interaction-sweep.spec.ts shift-current-line-readonly; runtime-shift-current-line-readonly.json; browser-only occupied-slot read model exposed the canonical action sheet; inner click, backdrop, explicit Close and browser Back restore the line board on four widths; no assignment command; all four widths"
"frontend/src/screens/ShiftPeopleScreen.tsx:4431","Shift","frontend/src/screens/ShiftPeopleScreen.tsx","4431","Профиль Открыть карточку сотрудника Открыть","button","authorized role for capability","() => { void openProfile(currentSlotAction.assignment.userId); setCurrentSlotAction(null); }","NO","PASS","frontend/e2e/full-ui-interaction-sweep.spec.ts shift-current-line-readonly; runtime-shift-current-line-readonly.json; profile opens from an occupied slot and one browser Back closes only the profile while preserving the parent line board after UI-SWEEP-081 on four widths; no mutation; all four widths"
"frontend/src/screens/ShiftPeopleScreen.tsx:4434","Shift","frontend/src/screens/ShiftPeopleScreen.tsx","4434","Заменить в слоте Выбрать другого человека для этого места Заменить","button","authorized role for capability","() => { if (currentSlotAction.source === 'LINE') { selectCurrentSlot({ positionId: currentSlotAction.positionId, slotIndex: currentSlotAction.slotIndex, label: currentSlotAction.la","NO","PASS","frontend/e2e/full-ui-interaction-sweep.spec.ts shift-current-line-readonly; runtime-shift-current-line-readonly.json; replace opens the canonical candidate picker, inner click containment, manual-search short-query validation, focus-first Back, layer Back and explicit Назад passed on four widths; candidate assignment not clicked; all four widths"
"frontend/src/screens/ShiftPeopleScreen.tsx:4444","Shift","frontend/src/screens/ShiftPeopleScreen.tsx","4444","Переназначить Выбрать линию, мойку или рабочую зону Выбрать","button","authorized role for capability","() => { const person = workforcePeople.find((item) => item.userId === currentSlotAction.assignment.userId); setCurrentSlotAction(null); setDashboard(null); setAssignmentBoard(null)","NO","PASS","frontend/e2e/full-ui-interaction-sweep.spec.ts shift-current-occupied-slot-actions-isolated; runtime-shift-current-occupied-slot-actions-isolated.json; the exact occupied-slot person resolves from the browser-memory workforce model, Reassign opens the canonical target sheet and browser Back restores the exact line list without a command on desktop/360/390/430; all four widths"
"frontend/src/screens/ShiftPeopleScreen.tsx:4454","Shift","frontend/src/screens/ShiftPeopleScreen.tsx","4454","Освободить Закрыть назначение и оставить человека на смене Освободить","button","authorized role for capability","() => { const action = currentSlotAction; setCurrentSlotAction(null); void releaseAssignedUser(action.assignment.userId, action.assignment.displayName, dashboard?.line.name ?? work","YES","PASS","frontend/e2e/full-ui-interaction-sweep.spec.ts shift-current-occupied-slot-actions-isolated; runtime-shift-current-occupied-slot-actions-isolated.json; one exact release command carries the target user and canonical UUID, refreshes the browser-memory line and opens the available-people sheet on the same person; max-scroll geometry proves the legend remains above the sticky footer on desktop/360/390/430; all four widths"
"frontend/src/screens/ShiftPeopleScreen.tsx:4461","Shift","frontend/src/screens/ShiftPeopleScreen.tsx","4461","Отправить домой Требуется подтверждение и комментарий Домой","button","authorized role for capability","() => { const person = workforcePeople.find((item) => item.userId === currentSlotAction.assignment.userId); setCurrentSlotAction(null); setDashboard(null); setAssignmentBoard(null)","NO","PASS","frontend/e2e/full-ui-interaction-sweep.spec.ts shift-current-occupied-slot-actions-isolated; runtime-shift-current-occupied-slot-actions-isolated.json; the occupied-slot Home action opens the exact required-comment draft, and browser Back cancels the layer without a request on desktop/360/390/430; all four widths"
"frontend/src/screens/ShiftPeopleScreen.tsx:4481","Shift","frontend/src/screens/ShiftPeopleScreen.tsx","4481","Закрыть","button","authorized role for capability","() => setPlanningLinePickerOpen(false)","NO","PASS","frontend/e2e/full-ui-interaction-sweep.spec.ts shift-workbench-readonly; runtime-shift-workbench-readonly.json; next-shift line picker remains open on inner click and its exact footer Close restores planning state on four widths; no line added; all four widths"
"frontend/src/screens/ShiftPeopleScreen.tsx:4492","Shift","frontend/src/screens/ShiftPeopleScreen.tsx","4492","+","button","authorized role for capability","() => void addLineToPlan(line)","NO","PASS","frontend/e2e/full-ui-interaction-sweep.spec.ts shift-future-planning-board-actions-isolated; runtime-shift-future-planning-board-actions-isolated.json; exact future-line selection opens the NIGHT/2026-09-07 planning board, assignment detail/profile layers close first and restore that same board on desktop/360/390/430; GET/read models are browser-only; all four widths"
"frontend/src/screens/ShiftPeopleScreen.tsx:4532","Shift","frontend/src/screens/ShiftPeopleScreen.tsx","4532","Изменить потребность","button","authorized role for capability","() => openWorkAreaRequirementEditor(flexibleSlot)","NO","PASS","frontend/e2e/full-ui-interaction-sweep.spec.ts shift-current-work-area-assignment-isolated; runtime-shift-current-work-area-assignment-isolated.json; the position-level requirement action opens the shared editor and its isolated preview/PATCH refreshes the work-area board on desktop/360/390/430. Shared editor controls retain their earlier exact evidence and are not double-counted; all four widths"
"frontend/src/screens/ShiftPeopleScreen.tsx:4557","Shift","frontend/src/screens/ShiftPeopleScreen.tsx","4557","Действия","button","authorized role for capability","() => setCurrentSlotAction({ source: 'WORK_AREA', positionId: slot.workAreaPositionId, slotIndex: slot.slotIndex, label: `${slot.title} #${slot.slotIndex}`, assignment: slot.assign","NO","PASS","frontend/e2e/full-ui-interaction-sweep.spec.ts shift-current-work-area-assignment-isolated; runtime-shift-current-work-area-assignment-isolated.json; occupied-slot Actions opens the canonical upper sheet and its backdrop closes only that sheet while preserving the work-area board on desktop/360/390/430; no command is sent; all four widths"
"frontend/src/screens/ShiftPeopleScreen.tsx:4565","Shift","frontend/src/screens/ShiftPeopleScreen.tsx","4565","button:button @4565","button","authorized role for capability","() => { if (assignmentFlowUser) { void assignCandidateToWorkArea(assignmentFlowUser.userId, slot.workAreaPositionId, slot.slotIndex); return; } selectCurrentSlot({ positionId: slot","YES","PASS","frontend/e2e/full-ui-interaction-sweep.spec.ts shift-current-work-area-assignment-isolated; runtime-shift-current-work-area-assignment-isolated.json; work-area board open, free-slot picker, inner-click containment, picker Back and explicit board Close restore the exact parent layer on desktop/360/390/430. Browser-memory GET projections are isolated and backend authority is not inferred; all four widths"
"frontend/src/screens/ShiftPeopleScreen.tsx:4585","Shift","frontend/src/screens/ShiftPeopleScreen.tsx","4585","Закрыть","button","authorized role for capability","() => { setWorkAreaBoard(null); setSelectedAssignmentSlot(null); setSelectedAssignmentCandidateId(''); }","YES","PASS","frontend/e2e/full-ui-interaction-sweep.spec.ts shift-current-work-area-assignment-isolated; runtime-shift-current-work-area-assignment-isolated.json; work-area board open, free-slot picker, inner-click containment, picker Back and explicit board Close restore the exact parent layer on desktop/360/390/430. Browser-memory GET projections are isolated and backend authority is not inferred; all four widths"
"frontend/src/screens/ShiftPeopleScreen.tsx:4596","Shift","frontend/src/screens/ShiftPeopleScreen.tsx","4596","Выберите сотрудника · Назад","custom-clickable","authorized role for capability","() => { setSelectedAssignmentSlot(null); setSelectedAssignmentCandidateId(''); }","YES","PASS","frontend/e2e/full-ui-interaction-sweep.spec.ts shift-current-work-area-assignment-isolated; runtime-shift-current-work-area-assignment-isolated.json; work-area board open, free-slot picker, inner-click containment, picker Back and explicit board Close restore the exact parent layer on desktop/360/390/430. Browser-memory GET projections are isolated and backend authority is not inferred; all four widths"
"frontend/src/screens/ShiftPeopleScreen.tsx:4600","Shift","frontend/src/screens/ShiftPeopleScreen.tsx","4600","Выберите сотрудника · Назад","custom-clickable","authorized role for capability","(event) => event.stopPropagation()","NO","PASS","frontend/e2e/full-ui-interaction-sweep.spec.ts shift-current-work-area-assignment-isolated; runtime-shift-current-work-area-assignment-isolated.json; work-area board open, free-slot picker, inner-click containment, picker Back and explicit board Close restore the exact parent layer on desktop/360/390/430. Browser-memory GET projections are isolated and backend authority is not inferred; all four widths"
"frontend/src/screens/ShiftPeopleScreen.tsx:4607","Shift","frontend/src/screens/ShiftPeopleScreen.tsx","4607","Назад","button","authorized role for capability","() => { setSelectedAssignmentSlot(null); setSelectedAssignmentCandidateId(''); }","YES","PASS","frontend/e2e/full-ui-interaction-sweep.spec.ts shift-current-work-area-assignment-isolated; runtime-shift-current-work-area-assignment-isolated.json; work-area board open, free-slot picker, inner-click containment, picker Back and explicit board Close restore the exact parent layer on desktop/360/390/430. Browser-memory GET projections are isolated and backend authority is not inferred; all four widths"
"frontend/src/screens/ShiftPeopleScreen.tsx:4620","Shift","frontend/src/screens/ShiftPeopleScreen.tsx","4620","button:button @4620","button","authorized role for capability","() => { if (candidate.isMovable) { setSelectedAssignmentCandidateId(candidate.userId); setCurrentAssignmentConfirm(true); return; } void assignCandidateToWorkArea(candidate.userId,","YES","PASS","frontend/e2e/full-ui-interaction-sweep.spec.ts shift-current-work-area-assignment-isolated; runtime-shift-current-work-area-assignment-isolated.json; free assignment and movable assignment are distinct, Cancel sends no command, confirm carries the exact source assignment and canonical UUID, and refreshed slots change only in browser memory on desktop/360/390/430. Backend persistence/RBAC/audit are not inferred; all four widths"
"frontend/src/screens/ShiftPeopleScreen.tsx:4638","Shift","frontend/src/screens/ShiftPeopleScreen.tsx","4638","Отмена","button","authorized role for capability","() => { setSelectedAssignmentCandidateId(''); setCurrentAssignmentConfirm(false); }","YES","PASS","frontend/e2e/full-ui-interaction-sweep.spec.ts shift-current-work-area-assignment-isolated; runtime-shift-current-work-area-assignment-isolated.json; free assignment and movable assignment are distinct, Cancel sends no command, confirm carries the exact source assignment and canonical UUID, and refreshed slots change only in browser memory on desktop/360/390/430. Backend persistence/RBAC/audit are not inferred; all four widths"
"frontend/src/screens/ShiftPeopleScreen.tsx:4639","Shift","frontend/src/screens/ShiftPeopleScreen.tsx","4639","Подтвердить","button","authorized role for capability","() => void confirmWorkAreaAssignment()","YES","PASS","frontend/e2e/full-ui-interaction-sweep.spec.ts shift-current-work-area-assignment-isolated; runtime-shift-current-work-area-assignment-isolated.json; free assignment and movable assignment are distinct, Cancel sends no command, confirm carries the exact source assignment and canonical UUID, and refreshed slots change only in browser memory on desktop/360/390/430. Backend persistence/RBAC/audit are not inferred; all four widths"
"frontend/src/screens/ShiftPeopleScreen.tsx:4659","Shift","frontend/src/screens/ShiftPeopleScreen.tsx","4659","Уменьшить потребность","button","authorized role for capability","() => { setRequirementPreview(null); setRequirementValue((value) => Math.max(requirementEditor.min, value - 1)); }","NO","PASS","frontend/e2e/full-ui-interaction-sweep.spec.ts shift-current-slot-assignment-isolated; runtime-shift-current-slot-assignment-isolated.json; requirement editor open, decrement, increment and direct numeric input remain local; Cancel sends no request; Save sends exact UUID-bearing preview and patch commands and the refreshed browser-memory board renders the added slot on desktop/360/390/430. Backend persistence/RBAC/audit are not inferred; all four widths"
"frontend/src/screens/ShiftPeopleScreen.tsx:4668","Shift","frontend/src/screens/ShiftPeopleScreen.tsx","4668","input:number @4668","input","authorized role for capability","(event) => { setRequirementValue(Number(event.target.value)); setRequirementPreview(null); }","NO","PASS","frontend/e2e/full-ui-interaction-sweep.spec.ts shift-current-slot-assignment-isolated; runtime-shift-current-slot-assignment-isolated.json; requirement editor open, decrement, increment and direct numeric input remain local; Cancel sends no request; Save sends exact UUID-bearing preview and patch commands and the refreshed browser-memory board renders the added slot on desktop/360/390/430. Backend persistence/RBAC/audit are not inferred; all four widths"
"frontend/src/screens/ShiftPeopleScreen.tsx:4677","Shift","frontend/src/screens/ShiftPeopleScreen.tsx","4677","Увеличить потребность","button","authorized role for capability","() => { setRequirementPreview(null); setRequirementValue((value) => Math.min(requirementEditor.max, value + 1)); }","NO","PASS","frontend/e2e/full-ui-interaction-sweep.spec.ts shift-current-slot-assignment-isolated; runtime-shift-current-slot-assignment-isolated.json; requirement editor open, decrement, increment and direct numeric input remain local; Cancel sends no request; Save sends exact UUID-bearing preview and patch commands and the refreshed browser-memory board renders the added slot on desktop/360/390/430. Backend persistence/RBAC/audit are not inferred; all four widths"
"frontend/src/screens/ShiftPeopleScreen.tsx:4697","Shift","frontend/src/screens/ShiftPeopleScreen.tsx","4697","Отмена","button","authorized role for capability","() => { setRequirementEditor(null); setRequirementPreview(null); }","NO","PASS","frontend/e2e/full-ui-interaction-sweep.spec.ts shift-current-slot-assignment-isolated; runtime-shift-current-slot-assignment-isolated.json; requirement editor open, decrement, increment and direct numeric input remain local; Cancel sends no request; Save sends exact UUID-bearing preview and patch commands and the refreshed browser-memory board renders the added slot on desktop/360/390/430. Backend persistence/RBAC/audit are not inferred; all four widths"
"frontend/src/screens/ShiftPeopleScreen.tsx:4698","Shift","frontend/src/screens/ShiftPeopleScreen.tsx","4698","Сохранить потребность","button","authorized role for capability","() => void saveRequirement()","YES","PASS","frontend/e2e/full-ui-interaction-sweep.spec.ts shift-current-slot-assignment-isolated; runtime-shift-current-slot-assignment-isolated.json; requirement editor open, decrement, increment and direct numeric input remain local; Cancel sends no request; Save sends exact UUID-bearing preview and patch commands and the refreshed browser-memory board renders the added slot on desktop/360/390/430. Backend persistence/RBAC/audit are not inferred; all four widths"
"frontend/src/screens/ShiftPeopleScreen.tsx:4739","Shift","frontend/src/screens/ShiftPeopleScreen.tsx","4739","Выбрать слот линии","button","authorized role for capability","() => { setFutureAssignmentBoard(null); void openFutureLineBoardForUser(selectedFuturePersonId, selectedCandidate?.displayName ?? selectedFuturePersonName); }","NO","PASS","frontend/e2e/full-ui-interaction-sweep.spec.ts shift-future-nonline-assignment-isolated; runtime-shift-future-nonline-assignment-isolated.json; the exact selected person opens the canonical planned-line board and browser Back restores the future planning panel on desktop/360/390/430; browser-memory GET projections are isolated and no command is sent; all four widths"
"frontend/src/screens/ShiftPeopleScreen.tsx:4743","Shift","frontend/src/screens/ShiftPeopleScreen.tsx","4743","button:button @4743","button","authorized role for capability","() => requestFutureNonLine('WASH', 'Мойка')","YES","PASS","frontend/e2e/full-ui-interaction-sweep.spec.ts shift-future-nonline-assignment-isolated; runtime-shift-future-nonline-assignment-isolated.json; exact WASH assignment and scoped current-plan release commands carry canonical UUIDs and refresh only the browser-memory future board on desktop/360/390/430; backend persistence/RBAC/audit are not inferred; all four widths"
"frontend/src/screens/ShiftPeopleScreen.tsx:4752","Shift","frontend/src/screens/ShiftPeopleScreen.tsx","4752","Освободить","button","authorized role for capability","() => void releaseFutureNonLine(currentPlan.id)","YES","PASS","frontend/e2e/full-ui-interaction-sweep.spec.ts shift-future-nonline-assignment-isolated; runtime-shift-future-nonline-assignment-isolated.json; exact WASH assignment and scoped current-plan release commands carry canonical UUIDs and refresh only the browser-memory future board on desktop/360/390/430; backend persistence/RBAC/audit are not inferred; all four widths"
"frontend/src/screens/ShiftPeopleScreen.tsx:4775","Shift","frontend/src/screens/ShiftPeopleScreen.tsx","4775","Профиль","button","authorized role for capability","() => void openProfile(slot.assignment!.userId)","NO","PASS","frontend/e2e/full-ui-interaction-sweep.spec.ts shift-future-nonline-assignment-isolated; runtime-shift-future-nonline-assignment-isolated.json; occupied-slot Profile opens the exact employee card and browser Back restores the same future slot on desktop/360/390/430; no command is sent; all four widths"
"frontend/src/screens/ShiftPeopleScreen.tsx:4777","Shift","frontend/src/screens/ShiftPeopleScreen.tsx","4777","Заменить","button","authorized role for capability","() => requestFutureNonLine( area.assignmentKind, `${area.name} / ${slot.title} #${slot.slotIndex}`, { workAreaId: area.id, workAreaPositionId: slot.workAreaPositionId, slotIndex: s","YES","PASS","frontend/e2e/full-ui-interaction-sweep.spec.ts shift-future-nonline-assignment-isolated; runtime-shift-future-nonline-assignment-isolated.json; Replace names the displaced assignment and explicit Release clears only the intended refreshed browser-memory slot with canonical UUID commands on desktop/360/390/430; backend persistence/RBAC/audit are not inferred; all four widths"
"frontend/src/screens/ShiftPeopleScreen.tsx:4788","Shift","frontend/src/screens/ShiftPeopleScreen.tsx","4788","Освободить","button","authorized role for capability","() => void releaseFutureNonLine(slot.assignment!.id)","YES","PASS","frontend/e2e/full-ui-interaction-sweep.spec.ts shift-future-nonline-assignment-isolated; runtime-shift-future-nonline-assignment-isolated.json; Replace names the displaced assignment and explicit Release clears only the intended refreshed browser-memory slot with canonical UUID commands on desktop/360/390/430; backend persistence/RBAC/audit are not inferred; all four widths"
"frontend/src/screens/ShiftPeopleScreen.tsx:4791","Shift","frontend/src/screens/ShiftPeopleScreen.tsx","4791","button:button @4791","button","authorized role for capability","() => requestFutureNonLine( area.assignmentKind, `${area.name} / ${slot.title} #${slot.slotIndex}`, { workAreaId: area.id, workAreaPositionId: slot.workAreaPositionId, slotIndex: s","YES","PASS","frontend/e2e/full-ui-interaction-sweep.spec.ts shift-future-nonline-assignment-isolated; runtime-shift-future-nonline-assignment-isolated.json; the same exact free-slot handler is proved both with a current-plan confirmation and as a direct free assignment; Cancel/backdrop send no command and confirmed commands refresh only the intended browser-memory slot on desktop/360/390/430; all four widths"
"frontend/src/screens/ShiftPeopleScreen.tsx:4815","Shift","frontend/src/screens/ShiftPeopleScreen.tsx","4815","Закрыть","button","authorized role for capability","() => setFutureAssignmentBoard(null)","NO","PASS","frontend/e2e/full-ui-interaction-sweep.spec.ts shift-future-person-actions-isolated; runtime-shift-future-person-actions-isolated.json; the shared future-assignment board Close restores both the WILL_BE and contractor source panels on desktop/360/390/430; no assignment command is sent; all four widths"
"frontend/src/screens/ShiftPeopleScreen.tsx:4822","Shift","frontend/src/screens/ShiftPeopleScreen.tsx","4822","Подтвердите плановое назначение Будущая смена Сейчас: Будет: Текущая смена и фактические назначения не изменятся. Отмена Подтвердить","custom-clickable","authorized role for capability","() => setFutureNonLinePending(null)","NO","PASS","frontend/e2e/full-ui-interaction-sweep.spec.ts shift-future-nonline-assignment-isolated; runtime-shift-future-nonline-assignment-isolated.json; nested confirm inner click remains contained, backdrop and explicit Cancel close only the upper layer, preserve the future board and send no command on desktop/360/390/430; all four widths"
"frontend/src/screens/ShiftPeopleScreen.tsx:4823","Shift","frontend/src/screens/ShiftPeopleScreen.tsx","4823","Подтвердите плановое назначение Будущая смена Сейчас: Будет: Текущая смена и фактические назначения не изменятся. Отмена Подтвердить","custom-clickable","authorized role for capability","(event) => event.stopPropagation()","NO","PASS","frontend/e2e/full-ui-interaction-sweep.spec.ts shift-future-nonline-assignment-isolated; runtime-shift-future-nonline-assignment-isolated.json; nested confirm inner click remains contained, backdrop and explicit Cancel close only the upper layer, preserve the future board and send no command on desktop/360/390/430; all four widths"
"frontend/src/screens/ShiftPeopleScreen.tsx:4838","Shift","frontend/src/screens/ShiftPeopleScreen.tsx","4838","Отмена","button","authorized role for capability","() => setFutureNonLinePending(null)","NO","PASS","frontend/e2e/full-ui-interaction-sweep.spec.ts shift-future-nonline-assignment-isolated; runtime-shift-future-nonline-assignment-isolated.json; nested confirm inner click remains contained, backdrop and explicit Cancel close only the upper layer, preserve the future board and send no command on desktop/360/390/430; all four widths"
"frontend/src/screens/ShiftPeopleScreen.tsx:4839","Shift","frontend/src/screens/ShiftPeopleScreen.tsx","4839","Подтвердить","button","authorized role for capability","() => void assignFutureNonLine(futureNonLinePending.kind, futureNonLinePending.options)","YES","PASS","frontend/e2e/full-ui-interaction-sweep.spec.ts shift-future-nonline-assignment-isolated; runtime-shift-future-nonline-assignment-isolated.json; explicit confirm carries the selected person, exact work-area slot, source assignment and canonical UUID before the browser-memory board refreshes on desktop/360/390/430; backend persistence/RBAC/audit are not inferred; all four widths"
"frontend/src/screens/ShiftPeopleScreen.tsx:4858","Shift","frontend/src/screens/ShiftPeopleScreen.tsx","4858","Без шаблона","select","authorized role for capability","(event) => void requestTemplateRemap('FUTURE', planningBoard.line, event.target.value || null)","NO","PASS","frontend/e2e/full-ui-interaction-sweep.spec.ts shift-future-planning-board-actions-isolated; runtime-shift-future-planning-board-actions-isolated.json; template selection requests exact preview data, inner click is contained, backdrop/browser Back/Cancel close only the preview on desktop/360/390/430; apply is mapped separately; all four widths"
"frontend/src/screens/ShiftPeopleScreen.tsx:4872","Shift","frontend/src/screens/ShiftPeopleScreen.tsx","4872","Текущее задание будущей смены","button","authorized role for capability","() => void openLineShiftAssignment(planningBoard.line, { shiftDate: planningBoard.shiftDate, shiftType: planningBoard.shiftType })","NO","PASS","frontend/e2e/full-ui-interaction-sweep.spec.ts shift-future-planning-board-actions-isolated; runtime-shift-future-planning-board-actions-isolated.json; exact future-line selection opens the NIGHT/2026-09-07 planning board, assignment detail/profile layers close first and restore that same board on desktop/360/390/430; GET/read models are browser-only; all four widths"
"frontend/src/screens/ShiftPeopleScreen.tsx:4897","Shift","frontend/src/screens/ShiftPeopleScreen.tsx","4897","Профиль","button","authorized role for capability","() => void openProfile(slot.assignment!.userId)","NO","PASS","frontend/e2e/full-ui-interaction-sweep.spec.ts shift-future-planning-board-actions-isolated; runtime-shift-future-planning-board-actions-isolated.json; occupied-slot profile/Back, slot Replace and candidate Reassign produce the exact local selection and explicit confirmation on desktop/360/390/430; submit/release are mapped separately; all four widths"
"frontend/src/screens/ShiftPeopleScreen.tsx:4898","Shift","frontend/src/screens/ShiftPeopleScreen.tsx","4898","Заменить","button","authorized role for capability","() => selectPlanningSlot({ positionId: slot.positionId, slotIndex: slot.slotIndex, label })","NO","PASS","frontend/e2e/full-ui-interaction-sweep.spec.ts shift-future-planning-board-actions-isolated; runtime-shift-future-planning-board-actions-isolated.json; occupied-slot profile/Back, slot Replace and candidate Reassign produce the exact local selection and explicit confirmation on desktop/360/390/430; submit/release are mapped separately; all four widths"
"frontend/src/screens/ShiftPeopleScreen.tsx:4899","Shift","frontend/src/screens/ShiftPeopleScreen.tsx","4899","Освободить","button","authorized role for capability","() => void releasePlannedUser(slot.assignment!.id)","YES","PASS","frontend/e2e/full-ui-interaction-sweep.spec.ts shift-future-planning-board-actions-isolated; runtime-shift-future-planning-board-actions-isolated.json; one exact UUID-bearing release command clears only the refreshed browser-memory assignment on desktop/360/390/430. Backend persistence/RBAC/audit are not inferred; all four widths"
"frontend/src/screens/ShiftPeopleScreen.tsx:4902","Shift","frontend/src/screens/ShiftPeopleScreen.tsx","4902","Выбрать слот","button","authorized role for capability","() => selectPlanningSlot({ positionId: slot.positionId, slotIndex: slot.slotIndex, label })","NO","PASS","frontend/e2e/full-ui-interaction-sweep.spec.ts shift-future-planning-board-actions-isolated; runtime-shift-future-planning-board-actions-isolated.json; free slot selection, candidate profile/Back and candidate selection preserve the exact intended slot on desktop/360/390/430; submit is mapped separately; all four widths"
"frontend/src/screens/ShiftPeopleScreen.tsx:4914","Shift","frontend/src/screens/ShiftPeopleScreen.tsx","4914","Назначить не отметившегося","button","authorized role for capability","() => openManualEmployeeSearch('FUTURE', selectedPlanningSlot ? 'SLOT' : 'GENERAL')","NO","PASS","frontend/e2e/full-ui-interaction-sweep.spec.ts shift-future-planning-board-actions-isolated; runtime-shift-future-planning-board-actions-isolated.json; header Close, footer Return and focus-first/layer browser Back each restore the same planning board without a command on desktop/360/390/430; all four widths"
"frontend/src/screens/ShiftPeopleScreen.tsx:4932","Shift","frontend/src/screens/ShiftPeopleScreen.tsx","4932","Выбрать","button","authorized role for capability","() => selectPlanningCandidate(candidate.userId)","NO","PASS","frontend/e2e/full-ui-interaction-sweep.spec.ts shift-future-planning-board-actions-isolated; runtime-shift-future-planning-board-actions-isolated.json; free slot selection, candidate profile/Back and candidate selection preserve the exact intended slot on desktop/360/390/430; submit is mapped separately; all four widths"
"frontend/src/screens/ShiftPeopleScreen.tsx:4935","Shift","frontend/src/screens/ShiftPeopleScreen.tsx","4935","Профиль","button","authorized role for capability","() => void openProfile(candidate.userId)","NO","PASS","frontend/e2e/full-ui-interaction-sweep.spec.ts shift-future-planning-board-actions-isolated; runtime-shift-future-planning-board-actions-isolated.json; free slot selection, candidate profile/Back and candidate selection preserve the exact intended slot on desktop/360/390/430; submit is mapped separately; all four widths"
"frontend/src/screens/ShiftPeopleScreen.tsx:4955","Shift","frontend/src/screens/ShiftPeopleScreen.tsx","4955","Переназначить","button","authorized role for capability","() => selectPlanningCandidate(candidate.userId)","NO","PASS","frontend/e2e/full-ui-interaction-sweep.spec.ts shift-future-planning-board-actions-isolated; runtime-shift-future-planning-board-actions-isolated.json; occupied-slot profile/Back, slot Replace and candidate Reassign produce the exact local selection and explicit confirmation on desktop/360/390/430; submit/release are mapped separately; all four widths"
"frontend/src/screens/ShiftPeopleScreen.tsx:4958","Shift","frontend/src/screens/ShiftPeopleScreen.tsx","4958","Профиль","button","authorized role for capability","() => void openProfile(candidate.userId)","NO","PASS","frontend/e2e/full-ui-interaction-sweep.spec.ts shift-future-planning-board-actions-isolated; runtime-shift-future-planning-board-actions-isolated.json; occupied-slot profile/Back, slot Replace and candidate Reassign produce the exact local selection and explicit confirmation on desktop/360/390/430; submit/release are mapped separately; all four widths"
"frontend/src/screens/ShiftPeopleScreen.tsx:4983","Shift","frontend/src/screens/ShiftPeopleScreen.tsx","4983","Закрыть","button","authorized role for capability","() => { setPlanningBoard(null); setSelectedPlanningSlot(null); setSelectedPlanningCandidateId(''); setPlanningAssignmentConfirm(false); }","NO","PASS","frontend/e2e/full-ui-interaction-sweep.spec.ts shift-future-planned-line-navigation-isolated; runtime-shift-future-planned-line-navigation-isolated.json; explicit planning-board Close restores the exact planned-lines panel card on desktop/360/390/430 without a command; all four widths"
"frontend/src/screens/ShiftPeopleScreen.tsx:4984","Shift","frontend/src/screens/ShiftPeopleScreen.tsx","4984","button:button @4984","button","authorized role for capability","() => void confirmPlanningSlotAssignment()","YES","PASS","frontend/e2e/full-ui-interaction-sweep.spec.ts shift-future-planning-board-actions-isolated; runtime-shift-future-planning-board-actions-isolated.json; the shared submit is proved once with exact source/replaced assignment ids after explicit confirmation and once as a direct free-slot command, both UUID-bearing and browser-memory isolated on desktop/360/390/430. Backend persistence/RBAC/audit are not inferred; all four widths"
"frontend/src/screens/ShiftPeopleScreen.tsx:4995","Shift","frontend/src/screens/ShiftPeopleScreen.tsx","4995","Проверка смены шаблона Останутся Перейдут Освободятся Изменение применяется атомарно. Случайных перестановок и дублирующих назначений не будет. Отмена Применить шаблон","custom-clickable","authorized role for capability","closeTemplateRemap","NO","PASS","frontend/e2e/full-ui-interaction-sweep.spec.ts shift-future-planning-board-actions-isolated; runtime-shift-future-planning-board-actions-isolated.json; template selection requests exact preview data, inner click is contained, backdrop/browser Back/Cancel close only the preview on desktop/360/390/430; apply is mapped separately; all four widths"
"frontend/src/screens/ShiftPeopleScreen.tsx:4996","Shift","frontend/src/screens/ShiftPeopleScreen.tsx","4996","Проверка смены шаблона Останутся Перейдут Освободятся Изменение применяется атомарно. Случайных перестановок и дублирующих назначений не будет. Отмена Применить шаблон","custom-clickable","authorized role for capability","(event) => event.stopPropagation()","NO","PASS","frontend/e2e/full-ui-interaction-sweep.spec.ts shift-future-planning-board-actions-isolated; runtime-shift-future-planning-board-actions-isolated.json; template selection requests exact preview data, inner click is contained, backdrop/browser Back/Cancel close only the preview on desktop/360/390/430; apply is mapped separately; all four widths"
"frontend/src/screens/ShiftPeopleScreen.tsx:5020","Shift","frontend/src/screens/ShiftPeopleScreen.tsx","5020","Отмена","button","authorized role for capability","closeTemplateRemap","NO","PASS","frontend/e2e/full-ui-interaction-sweep.spec.ts shift-future-planning-board-actions-isolated; runtime-shift-future-planning-board-actions-isolated.json; template selection requests exact preview data, inner click is contained, backdrop/browser Back/Cancel close only the preview on desktop/360/390/430; apply is mapped separately; all four widths"
"frontend/src/screens/ShiftPeopleScreen.tsx:5021","Shift","frontend/src/screens/ShiftPeopleScreen.tsx","5021","Применить шаблон","button","authorized role for capability","() => void applyTemplateRemap()","YES","PASS","frontend/e2e/full-ui-interaction-sweep.spec.ts shift-future-planning-board-actions-isolated; runtime-shift-future-planning-board-actions-isolated.json; one exact UUID-bearing apply command refreshes the selected browser-memory template on desktop/360/390/430. Backend persistence/RBAC/audit are not inferred; all four widths"
"frontend/src/screens/ShiftPeopleScreen.tsx:5036","Shift","frontend/src/screens/ShiftPeopleScreen.tsx","5036","Назад","button","authorized role for capability","() => { setDashboard(null); setAssignmentBoard(null); setSelectedAssignmentSlot(null); setCurrentLinePickerSelection({ userId: assignmentFlowUser.userId, displayName: assignmentFlo","NO","PASS","frontend/e2e/full-ui-interaction-sweep.spec.ts shift-current-person-target-pickers-isolated; runtime-shift-current-person-target-pickers-isolated.json; the exact working-line option opens the selected-person slot board, whose Back restores the line picker and then the same target sheet on desktop/360/390/430; no assignment command is sent; all four widths"
"frontend/src/screens/ShiftPeopleScreen.tsx:5059","Shift","frontend/src/screens/ShiftPeopleScreen.tsx","5059","button:button @5059","button","authorized role for capability","() => void assignCandidateToSlot(assignmentFlowUser.userId, slot.positionId, slot.slotIndex)","YES","PASS","frontend/e2e/full-ui-interaction-sweep.spec.ts shift-current-person-direct-assignment-and-wash-select-isolated; runtime-shift-current-person-direct-assignment-and-wash-select-isolated.json; the person-first free-slot command carries the exact line, position, slot and canonical UUID, then refreshes the intended browser-memory slot on desktop/360/390/430. Backend persistence/RBAC/audit are not inferred; all four widths"
"frontend/src/screens/ShiftPeopleScreen.tsx:5124","Shift","frontend/src/screens/ShiftPeopleScreen.tsx","5124","Открыть мойку","button","authorized role for capability","() => openLineWash(dashboard.line.activeWash?.id)","NO","PASS","frontend/e2e/full-ui-interaction-sweep.spec.ts shift-current-line-state-navigation-isolated; runtime-shift-current-line-state-navigation-isolated.json; direct and action-sheet WASH entries load the canonical wash list, consume the exact pending session id, open that session and layer Back returns to the same Shift line on desktop/360/390/430; no command is sent; all four widths"
"frontend/src/screens/ShiftPeopleScreen.tsx:5126","Shift","frontend/src/screens/ShiftPeopleScreen.tsx","5126","Открыть оттайку","button","authorized role for capability","openLineDefrost","NO","PASS","frontend/e2e/full-ui-interaction-sweep.spec.ts shift-current-line-state-navigation-isolated; runtime-shift-current-line-state-navigation-isolated.json; direct and action-sheet DEFROST entries open the canonical Defrost screen and browser Back restores the same Shift line on desktop/360/390/430; no command is sent; all four widths"
"frontend/src/screens/ShiftPeopleScreen.tsx:5128","Shift","frontend/src/screens/ShiftPeopleScreen.tsx","5128","Вернуть в работу","button","authorized role for capability","() => openLineAction('work')","NO","PASS","frontend/e2e/full-ui-interaction-sweep.spec.ts shift-current-line-state-navigation-isolated; runtime-shift-current-line-state-navigation-isolated.json; direct and action-sheet STOPPED entries open the same line-specific return draft, while browser Back and Cancel restore the dashboard on desktop/360/390/430; no status command is sent; all four widths"
"frontend/src/screens/ShiftPeopleScreen.tsx:5130","Shift","frontend/src/screens/ShiftPeopleScreen.tsx","5130","Зафиксировать простой","button","authorized role for capability","() => openLineAction('pause')","NO","PASS","frontend/e2e/full-ui-interaction-sweep.spec.ts shift-current-line-state-navigation-isolated; runtime-shift-current-line-state-navigation-isolated.json; the direct RUNNING control opens the canonical downtime draft with event fields and Cancel restores the dashboard on desktop/360/390/430; no command is sent; all four widths"
"frontend/src/screens/ShiftPeopleScreen.tsx:5132","Shift","frontend/src/screens/ShiftPeopleScreen.tsx","5132","Все действия","button","authorized role for capability","() => setLineActionsOpen(true)","NO","PASS","frontend/e2e/full-ui-interaction-sweep.spec.ts shift-current-line-readonly; runtime-shift-current-line-readonly.json; action sheet and local downtime draft with focus-first/layer Back proved on four widths; confirm not clicked; all four widths"
"frontend/src/screens/ShiftPeopleScreen.tsx:5157","Shift","frontend/src/screens/ShiftPeopleScreen.tsx","5157","Действия","button","authorized role for capability","() => setCurrentSlotAction({ source: 'LINE', positionId: slot.positionId, slotIndex: slot.slotIndex, label: `${slot.displayName ?? slot.positionName} #${slot.slotIndex}`, assignmen","NO","PASS","frontend/e2e/full-ui-interaction-sweep.spec.ts shift-current-line-readonly; runtime-shift-current-line-readonly.json; browser-only occupied-slot read model exposed the canonical action sheet; inner click, backdrop, explicit Close and browser Back restore the line board on four widths; no assignment command; all four widths"
"frontend/src/screens/ShiftPeopleScreen.tsx:5165","Shift","frontend/src/screens/ShiftPeopleScreen.tsx","5165","Назначить","button","authorized role for capability","() => { selectCurrentSlot({ positionId: slot.positionId, slotIndex: slot.slotIndex, label: `${slot.displayName ?? slot.positionName} #${slot.slotIndex}` }); }","YES","PASS","frontend/e2e/full-ui-interaction-sweep.spec.ts shift-current-slot-assignment-isolated; runtime-shift-current-slot-assignment-isolated.json; the exact free-slot action opens the canonical candidate picker, then one exact slot/user command with a canonical UUID closes the picker and refreshes only that browser-memory slot on desktop/360/390/430. Backend persistence/RBAC/audit are not inferred; all four widths"
"frontend/src/screens/ShiftPeopleScreen.tsx:5171","Shift","frontend/src/screens/ShiftPeopleScreen.tsx","5171","Изменить потребность","button","authorized role for capability","() => openLineRequirementEditor(slot)","NO","PASS","frontend/e2e/full-ui-interaction-sweep.spec.ts shift-current-slot-assignment-isolated; runtime-shift-current-slot-assignment-isolated.json; requirement editor open, decrement, increment and direct numeric input remain local; Cancel sends no request; Save sends exact UUID-bearing preview and patch commands and the refreshed browser-memory board renders the added slot on desktop/360/390/430. Backend persistence/RBAC/audit are not inferred; all four widths"
"frontend/src/screens/ShiftPeopleScreen.tsx:5180","Shift","frontend/src/screens/ShiftPeopleScreen.tsx","5180","Выберите сотрудника · Назад Найти не отметившегося сотрудника","custom-clickable","authorized role for capability","() => { setSelectedAssignmentSlot(null); setSelectedAssignmentCandidateId(''); setCurrentAssignmentConfirm(false); }","NO","PASS","frontend/e2e/full-ui-interaction-sweep.spec.ts shift-current-line-readonly; runtime-shift-current-line-readonly.json; replace opens the canonical candidate picker, inner click containment, manual-search short-query validation, focus-first Back, layer Back and explicit Назад passed on four widths; candidate assignment not clicked; all four widths"
"frontend/src/screens/ShiftPeopleScreen.tsx:5185","Shift","frontend/src/screens/ShiftPeopleScreen.tsx","5185","Выберите сотрудника · Назад Найти не отметившегося сотрудника","custom-clickable","authorized role for capability","(event) => event.stopPropagation()","NO","PASS","frontend/e2e/full-ui-interaction-sweep.spec.ts shift-current-line-readonly; runtime-shift-current-line-readonly.json; replace opens the canonical candidate picker, inner click containment, manual-search short-query validation, focus-first Back, layer Back and explicit Назад passed on four widths; candidate assignment not clicked; all four widths"
"frontend/src/screens/ShiftPeopleScreen.tsx:5192","Shift","frontend/src/screens/ShiftPeopleScreen.tsx","5192","Назад","button","authorized role for capability","() => { setSelectedAssignmentSlot(null); setSelectedAssignmentCandidateId(''); setCurrentAssignmentConfirm(false); }","NO","PASS","frontend/e2e/full-ui-interaction-sweep.spec.ts shift-current-line-readonly; runtime-shift-current-line-readonly.json; replace opens the canonical candidate picker, inner click containment, manual-search short-query validation, focus-first Back, layer Back and explicit Назад passed on four widths; candidate assignment not clicked; all four widths"
"frontend/src/screens/ShiftPeopleScreen.tsx:5198","Shift","frontend/src/screens/ShiftPeopleScreen.tsx","5198","Найти не отметившегося сотрудника","button","authorized role for capability","() => openManualEmployeeSearch('CURRENT', 'SLOT')","NO","PASS","frontend/e2e/full-ui-interaction-sweep.spec.ts shift-current-line-readonly; runtime-shift-current-line-readonly.json; replace opens the canonical candidate picker, inner click containment, manual-search short-query validation, focus-first Back, layer Back and explicit Назад passed on four widths; candidate assignment not clicked; all four widths"
"frontend/src/screens/ShiftPeopleScreen.tsx:5211","Shift","frontend/src/screens/ShiftPeopleScreen.tsx","5211","button:button @5211","button","authorized role for capability","() => { if (candidate.isMovable) { selectCurrentCandidate(candidate.userId); setCurrentAssignmentConfirm(true); return; } void assignCandidateToSlot(candidate.userId, selectedAssig","YES","PASS","frontend/e2e/full-ui-interaction-sweep.spec.ts shift-current-slot-assignment-isolated; runtime-shift-current-slot-assignment-isolated.json; the exact free-slot action opens the canonical candidate picker, then one exact slot/user command with a canonical UUID closes the picker and refreshes only that browser-memory slot on desktop/360/390/430. Backend persistence/RBAC/audit are not inferred; all four widths"
"frontend/src/screens/ShiftPeopleScreen.tsx:5240","Shift","frontend/src/screens/ShiftPeopleScreen.tsx","5240","Отмена","button","authorized role for capability","() => { setSelectedAssignmentCandidateId(''); setCurrentAssignmentConfirm(false); }","YES","PASS","frontend/e2e/full-ui-interaction-sweep.spec.ts shift-current-slot-assignment-isolated; runtime-shift-current-slot-assignment-isolated.json; a movable candidate opens explicit confirmation, Cancel sends no command, and the second confirmation carries the source assignment plus canonical UUID before refreshing the intended browser-memory slot on desktop/360/390/430. Backend persistence/RBAC/audit are not inferred; all four widths"
"frontend/src/screens/ShiftPeopleScreen.tsx:5244","Shift","frontend/src/screens/ShiftPeopleScreen.tsx","5244","button:button @5244","button","authorized role for capability","() => void confirmCurrentSlotAssignment()","YES","PASS","frontend/e2e/full-ui-interaction-sweep.spec.ts shift-current-slot-assignment-isolated; runtime-shift-current-slot-assignment-isolated.json; a movable candidate opens explicit confirmation, Cancel sends no command, and the second confirmation carries the source assignment plus canonical UUID before refreshing the intended browser-memory slot on desktop/360/390/430. Backend persistence/RBAC/audit are not inferred; all four widths"
"frontend/src/screens/ShiftPeopleScreen.tsx:5295","Shift","frontend/src/screens/ShiftPeopleScreen.tsx","5295","Без шаблона","select","authorized role for capability","(event) => void requestTemplateRemap('CURRENT', dashboard.line, event.target.value || null)","NO","PASS","frontend/e2e/full-ui-interaction-sweep.spec.ts shift-current-line-plan-correction-and-drafts-isolated; runtime-shift-current-line-plan-correction-and-drafts-isolated.json; exact current-template selection performs one isolated preview, names the intended template and Cancel restores the same dashboard without apply on desktop/360/390/430; all four widths"
"frontend/src/screens/ShiftPeopleScreen.tsx:5347","Shift","frontend/src/screens/ShiftPeopleScreen.tsx","5347","Уточнить время простоя","button","authorized role for capability","() => openDowntimeCorrection(event)","NO","PASS","frontend/e2e/full-ui-interaction-sweep.spec.ts shift-current-line-plan-correction-and-drafts-isolated; runtime-shift-current-line-plan-correction-and-drafts-isolated.json; exact correction inputs and local Cancel/browser Back preserve the parent dashboard and send no correction on desktop/360/390/430; nested Back is fixed by UI-SWEEP-099; all four widths"
"frontend/src/screens/ShiftPeopleScreen.tsx:5357","Shift","frontend/src/screens/ShiftPeopleScreen.tsx","5357","Закрыть","button","authorized role for capability","() => { setLineActionsOpen(false); setDashboard(null); setAssignmentBoard(null); setDashboardReadOnly(false); setSelectedAssignmentSlot(null); setSelectedAssignmentCandidateId('');","NO","PASS","frontend/e2e/full-ui-interaction-sweep.spec.ts shift-current-line-readonly; runtime-shift-current-line-readonly.json; exact line dashboard open/activity/GET refresh/close proved on four widths; no assignment or line command; all four widths"
"frontend/src/screens/ShiftPeopleScreen.tsx:5366","Shift","frontend/src/screens/ShiftPeopleScreen.tsx","5366","План","button","authorized role for capability","() => void openLineShiftAssignment(dashboard.line)","NO","PASS","frontend/e2e/full-ui-interaction-sweep.spec.ts shift-current-line-state-navigation-isolated; runtime-shift-current-line-state-navigation-isolated.json; Plan issues the exact current-line shift-assignment GET, renders its NIGHT assignment, and both browser Back and explicit Close restore the dashboard on desktop/360/390/430; no save command is sent; all four widths"
"frontend/src/screens/ShiftPeopleScreen.tsx:5367","Shift","frontend/src/screens/ShiftPeopleScreen.tsx","5367","Обновить","button","authorized role for capability","() => void openDashboard(dashboard.line.id, { readOnly: dashboardReadOnly })","NO","PASS","frontend/e2e/full-ui-interaction-sweep.spec.ts shift-current-line-readonly; runtime-shift-current-line-readonly.json; exact line dashboard open/activity/GET refresh/close proved on four widths; no assignment or line command; all four widths"
"frontend/src/screens/ShiftPeopleScreen.tsx:5383","Shift","frontend/src/screens/ShiftPeopleScreen.tsx","5383","PremiumActionItem @5383","custom-clickable","authorized role for capability","() => { setLineActionsOpen(false); openLineWash(dashboard.activeWash[0]?.id ?? dashboard.line.activeWash?.id); }","NO","PASS","frontend/e2e/full-ui-interaction-sweep.spec.ts shift-current-line-state-navigation-isolated; runtime-shift-current-line-state-navigation-isolated.json; direct and action-sheet WASH entries load the canonical wash list, consume the exact pending session id, open that session and layer Back returns to the same Shift line on desktop/360/390/430; no command is sent; all four widths"
"frontend/src/screens/ShiftPeopleScreen.tsx:5392","Shift","frontend/src/screens/ShiftPeopleScreen.tsx","5392","PremiumActionItem @5392","custom-clickable","authorized role for capability","() => { setLineActionsOpen(false); openLineDefrost(); }","NO","PASS","frontend/e2e/full-ui-interaction-sweep.spec.ts shift-current-line-state-navigation-isolated; runtime-shift-current-line-state-navigation-isolated.json; direct and action-sheet DEFROST entries open the canonical Defrost screen and browser Back restores the same Shift line on desktop/360/390/430; no command is sent; all four widths"
"frontend/src/screens/ShiftPeopleScreen.tsx:5402","Shift","frontend/src/screens/ShiftPeopleScreen.tsx","5402","PremiumActionItem @5402","custom-clickable","authorized role for capability","() => { setLineActionsOpen(false); openLineAction('work'); }","NO","PASS","frontend/e2e/full-ui-interaction-sweep.spec.ts shift-current-line-state-navigation-isolated; runtime-shift-current-line-state-navigation-isolated.json; direct and action-sheet STOPPED entries open the same line-specific return draft, while browser Back and Cancel restore the dashboard on desktop/360/390/430; no status command is sent; all four widths"
"frontend/src/screens/ShiftPeopleScreen.tsx:5405","Shift","frontend/src/screens/ShiftPeopleScreen.tsx","5405","PremiumActionItem @5405","custom-clickable","authorized role for capability","() => { setLineActionsOpen(false); openLineAction('pause'); }","NO","PASS","frontend/e2e/full-ui-interaction-sweep.spec.ts shift-current-line-readonly; runtime-shift-current-line-readonly.json; action sheet and local downtime draft with focus-first/layer Back proved on four widths; confirm not clicked; all four widths"
"frontend/src/screens/ShiftPeopleScreen.tsx:5406","Shift","frontend/src/screens/ShiftPeopleScreen.tsx","5406","PremiumActionItem @5406","custom-clickable","authorized role for capability","() => { setLineActionsOpen(false); openLineAction('stop'); }","NO","PASS","frontend/e2e/full-ui-interaction-sweep.spec.ts shift-current-line-readonly; runtime-shift-current-line-readonly.json; Stop, urgent-task and end-shift drafts open with local values and Cancel restores the dashboard; statistics details opens and settles in viewport on four widths; no command; all four widths"
"frontend/src/screens/ShiftPeopleScreen.tsx:5409","Shift","frontend/src/screens/ShiftPeopleScreen.tsx","5409","PremiumActionItem @5409","custom-clickable","authorized role for capability","() => { setLineActionsOpen(false); openLineAction('task'); }","NO","PASS","frontend/e2e/full-ui-interaction-sweep.spec.ts shift-current-line-readonly; runtime-shift-current-line-readonly.json; Stop, urgent-task and end-shift drafts open with local values and Cancel restores the dashboard; statistics details opens and settles in viewport on four widths; no command; all four widths"
"frontend/src/screens/ShiftPeopleScreen.tsx:5411","Shift","frontend/src/screens/ShiftPeopleScreen.tsx","5411","PremiumActionItem @5411","custom-clickable","authorized role for capability","() => { setLineActionsOpen(false); openLineAction('downtimeTask'); }","NO","PASS","frontend/e2e/full-ui-interaction-sweep.spec.ts shift-current-line-plan-correction-and-drafts-isolated; runtime-shift-current-line-plan-correction-and-drafts-isolated.json; exact downtime-task and stopped-line wash entries open line-specific drafts; department selection is visible, while focus-first/layer Back and Cancel restore the dashboard without task or wash mutation on desktop/360/390/430; all four widths"
"frontend/src/screens/ShiftPeopleScreen.tsx:5414","Shift","frontend/src/screens/ShiftPeopleScreen.tsx","5414","PremiumActionItem @5414","custom-clickable","authorized role for capability","() => { setLineActionsOpen(false); openLineAction('wash'); }","NO","PASS","frontend/e2e/full-ui-interaction-sweep.spec.ts shift-current-line-plan-correction-and-drafts-isolated; runtime-shift-current-line-plan-correction-and-drafts-isolated.json; exact downtime-task and stopped-line wash entries open line-specific drafts; department selection is visible, while focus-first/layer Back and Cancel restore the dashboard without task or wash mutation on desktop/360/390/430; all four widths"
"frontend/src/screens/ShiftPeopleScreen.tsx:5424","Shift","frontend/src/screens/ShiftPeopleScreen.tsx","5424","PremiumActionItem @5424","custom-clickable","authorized role for capability","() => { setLineActionsOpen(false); openLineAction('endShift'); }","NO","PASS","frontend/e2e/full-ui-interaction-sweep.spec.ts shift-current-line-readonly; runtime-shift-current-line-readonly.json; Stop, urgent-task and end-shift drafts open with local values and Cancel restores the dashboard; statistics details opens and settles in viewport on four widths; no command; all four widths"
"frontend/src/screens/ShiftPeopleScreen.tsx:5425","Shift","frontend/src/screens/ShiftPeopleScreen.tsx","5425","PremiumActionItem @5425","custom-clickable","authorized role for capability","() => { setLineActionsOpen(false); const detail = document.getElementById('line-runtime-stats') as HTMLDetailsElement | null; if (detail) detail.open = true; window.setTimeout(() =","NO","PASS","frontend/e2e/full-ui-interaction-sweep.spec.ts shift-current-line-readonly; runtime-shift-current-line-readonly.json; Stop, urgent-task and end-shift drafts open with local values and Cancel restores the dashboard; statistics details opens and settles in viewport on four widths; no command; all four widths"
"frontend/src/screens/ShiftPeopleScreen.tsx:5456","Shift","frontend/src/screens/ShiftPeopleScreen.tsx","5456","Изменить","button","authorized role for capability","() => setAssignmentRowForm({ id: row.id, article: row.article, productName: row.productName, plannedGofrCount: String(row.plannedGofrCount), })","NO","PASS","frontend/e2e/full-ui-interaction-sweep.spec.ts shift-current-line-plan-correction-and-drafts-isolated; runtime-shift-current-line-plan-correction-and-drafts-isolated.json; Refresh retains the exact row; Edit/Delete drafts and Cancel/browser Back restore the same assignment without mutation on desktop/360/390/430; nested delete Back is fixed by UI-SWEEP-099; all four widths"
"frontend/src/screens/ShiftPeopleScreen.tsx:5462","Shift","frontend/src/screens/ShiftPeopleScreen.tsx","5462","Удалить","button","authorized role for capability","() => setAssignmentRowToDelete(row)","NO","PASS","frontend/e2e/full-ui-interaction-sweep.spec.ts shift-current-line-plan-correction-and-drafts-isolated; runtime-shift-current-line-plan-correction-and-drafts-isolated.json; Refresh retains the exact row; Edit/Delete drafts and Cancel/browser Back restore the same assignment without mutation on desktop/360/390/430; nested delete Back is fixed by UI-SWEEP-099; all four widths"
"frontend/src/screens/ShiftPeopleScreen.tsx:5475","Shift","frontend/src/screens/ShiftPeopleScreen.tsx","5475","Добавить строку","button","authorized role for capability","() => setAssignmentRowForm({ article: '', productName: '', plannedGofrCount: '' })","NO","PASS","frontend/e2e/full-ui-interaction-sweep.spec.ts shift-current-line-readonly; runtime-shift-current-line-readonly.json; current plan GET, local add-row draft, nested browser Back and explicit Close proved on four widths; save not clicked; all four widths"
"frontend/src/screens/ShiftPeopleScreen.tsx:5481","Shift","frontend/src/screens/ShiftPeopleScreen.tsx","5481","Закрыть","button","authorized role for capability","() => { setLineShiftAssignment(null); setLineShiftAssignmentLine(null); setAssignmentRowForm(null); setAssignmentRowToDelete(null); }","NO","PASS","frontend/e2e/full-ui-interaction-sweep.spec.ts shift-current-line-readonly; runtime-shift-current-line-readonly.json; current plan GET, local add-row draft, nested browser Back and explicit Close proved on four widths; save not clicked; all four widths"
"frontend/src/screens/ShiftPeopleScreen.tsx:5487","Shift","frontend/src/screens/ShiftPeopleScreen.tsx","5487","Обновить","button","authorized role for capability","() => lineShiftAssignmentLine ? void openLineShiftAssignment(lineShiftAssignmentLine, { shiftDate: lineShiftAssignment.shiftDate, shiftType: lineShiftAssignment.shiftType }) : unde","NO","PASS","frontend/e2e/full-ui-interaction-sweep.spec.ts shift-current-line-plan-correction-and-drafts-isolated; runtime-shift-current-line-plan-correction-and-drafts-isolated.json; Refresh retains the exact row; Edit/Delete drafts and Cancel/browser Back restore the same assignment without mutation on desktop/360/390/430; nested delete Back is fixed by UI-SWEEP-099; all four widths"
"frontend/src/screens/ShiftPeopleScreen.tsx:5498","Shift","frontend/src/screens/ShiftPeopleScreen.tsx","5498","input @5498","input","authorized role for capability","(event) => setAssignmentRowForm({ ...assignmentRowForm, article: event.target.value })","NO","PASS","frontend/e2e/full-ui-interaction-sweep.spec.ts shift-current-line-readonly; runtime-shift-current-line-readonly.json; current plan GET, local add-row draft, nested browser Back and explicit Close proved on four widths; save not clicked; all four widths"
"frontend/src/screens/ShiftPeopleScreen.tsx:5500","Shift","frontend/src/screens/ShiftPeopleScreen.tsx","5500","input @5500","input","authorized role for capability","(event) => setAssignmentRowForm({ ...assignmentRowForm, productName: event.target.value })","NO","PASS","frontend/e2e/full-ui-interaction-sweep.spec.ts shift-current-line-readonly; runtime-shift-current-line-readonly.json; current plan GET, local add-row draft, nested browser Back and explicit Close proved on four widths; save not clicked; all four widths"
"frontend/src/screens/ShiftPeopleScreen.tsx:5502","Shift","frontend/src/screens/ShiftPeopleScreen.tsx","5502","input:number @5502","input","authorized role for capability","(event) => setAssignmentRowForm({ ...assignmentRowForm, plannedGofrCount: event.target.value })","NO","PASS","frontend/e2e/full-ui-interaction-sweep.spec.ts shift-current-line-readonly; runtime-shift-current-line-readonly.json; current plan GET, local add-row draft, nested browser Back and explicit Close proved on four widths; save not clicked; all four widths"
"frontend/src/screens/ShiftPeopleScreen.tsx:5504","Shift","frontend/src/screens/ShiftPeopleScreen.tsx","5504","Отмена","button","authorized role for capability","() => setAssignmentRowForm(null)","NO","PASS","frontend/e2e/full-ui-interaction-sweep.spec.ts shift-current-line-plan-correction-and-drafts-isolated; runtime-shift-current-line-plan-correction-and-drafts-isolated.json; Refresh retains the exact row; Edit/Delete drafts and Cancel/browser Back restore the same assignment without mutation on desktop/360/390/430; nested delete Back is fixed by UI-SWEEP-099; all four widths"
"frontend/src/screens/ShiftPeopleScreen.tsx:5505","Shift","frontend/src/screens/ShiftPeopleScreen.tsx","5505","Сохранить","button","authorized role for capability","() => void saveAssignmentRow()","YES","PASS","frontend/e2e/full-ui-interaction-sweep.spec.ts shift-current-line-plan-correction-and-drafts-isolated; runtime-shift-current-line-plan-correction-and-drafts-isolated.json; one exact UUID-bearing PATCH refreshes the intended row and one exact scoped DELETE removes it from the browser-memory assignment on desktop/360/390/430. Backend persistence/RBAC/audit are not inferred; all four widths"
"frontend/src/screens/ShiftPeopleScreen.tsx:5518","Shift","frontend/src/screens/ShiftPeopleScreen.tsx","5518","Отмена","button","authorized role for capability","() => setAssignmentRowToDelete(null)","NO","PASS","frontend/e2e/full-ui-interaction-sweep.spec.ts shift-current-line-plan-correction-and-drafts-isolated; runtime-shift-current-line-plan-correction-and-drafts-isolated.json; Refresh retains the exact row; Edit/Delete drafts and Cancel/browser Back restore the same assignment without mutation on desktop/360/390/430; nested delete Back is fixed by UI-SWEEP-099; all four widths"
"frontend/src/screens/ShiftPeopleScreen.tsx:5519","Shift","frontend/src/screens/ShiftPeopleScreen.tsx","5519","Удалить","button","authorized role for capability","() => void deleteAssignmentRow()","YES","PASS","frontend/e2e/full-ui-interaction-sweep.spec.ts shift-current-line-plan-correction-and-drafts-isolated; runtime-shift-current-line-plan-correction-and-drafts-isolated.json; one exact UUID-bearing PATCH refreshes the intended row and one exact scoped DELETE removes it from the browser-memory assignment on desktop/360/390/430. Backend persistence/RBAC/audit are not inferred; all four widths"
"frontend/src/screens/ShiftPeopleScreen.tsx:5531","Shift","frontend/src/screens/ShiftPeopleScreen.tsx","5531","input:datetime-local @5531","input","authorized role for capability","(event) => setCorrectionStartAt(event.target.value)","NO","PASS","frontend/e2e/full-ui-interaction-sweep.spec.ts shift-current-line-plan-correction-and-drafts-isolated; runtime-shift-current-line-plan-correction-and-drafts-isolated.json; exact correction inputs and local Cancel/browser Back preserve the parent dashboard and send no correction on desktop/360/390/430; nested Back is fixed by UI-SWEEP-099; all four widths"
"frontend/src/screens/ShiftPeopleScreen.tsx:5533","Shift","frontend/src/screens/ShiftPeopleScreen.tsx","5533","input:datetime-local @5533","input","authorized role for capability","(event) => setCorrectionEndAt(event.target.value)","NO","PASS","frontend/e2e/full-ui-interaction-sweep.spec.ts shift-current-line-plan-correction-and-drafts-isolated; runtime-shift-current-line-plan-correction-and-drafts-isolated.json; exact correction inputs and local Cancel/browser Back preserve the parent dashboard and send no correction on desktop/360/390/430; nested Back is fixed by UI-SWEEP-099; all four widths"
"frontend/src/screens/ShiftPeopleScreen.tsx:5535","Shift","frontend/src/screens/ShiftPeopleScreen.tsx","5535","Почему время уточняется","textarea","authorized role for capability","(event) => setCorrectionComment(event.target.value)","NO","PASS","frontend/e2e/full-ui-interaction-sweep.spec.ts shift-current-line-plan-correction-and-drafts-isolated; runtime-shift-current-line-plan-correction-and-drafts-isolated.json; exact correction inputs and local Cancel/browser Back preserve the parent dashboard and send no correction on desktop/360/390/430; nested Back is fixed by UI-SWEEP-099; all four widths"
"frontend/src/screens/ShiftPeopleScreen.tsx:5537","Shift","frontend/src/screens/ShiftPeopleScreen.tsx","5537","Отмена","button","authorized role for capability","() => setDowntimeCorrectionTarget(null)","NO","PASS","frontend/e2e/full-ui-interaction-sweep.spec.ts shift-current-line-plan-correction-and-drafts-isolated; runtime-shift-current-line-plan-correction-and-drafts-isolated.json; exact correction inputs and local Cancel/browser Back preserve the parent dashboard and send no correction on desktop/360/390/430; nested Back is fixed by UI-SWEEP-099; all four widths"
"frontend/src/screens/ShiftPeopleScreen.tsx:5538","Shift","frontend/src/screens/ShiftPeopleScreen.tsx","5538","Сохранить уточнение","button","authorized role for capability","() => void submitDowntimeCorrection()","YES","PASS","frontend/e2e/full-ui-interaction-sweep.spec.ts shift-current-line-plan-correction-and-drafts-isolated; runtime-shift-current-line-plan-correction-and-drafts-isolated.json; one exact factory-local correction payload is intercepted and the refreshed browser-memory event shows the saved comment on desktop/360/390/430. Backend persistence/RBAC/audit are not inferred; all four widths"
"frontend/src/screens/ShiftPeopleScreen.tsx:5569","Shift","frontend/src/screens/ShiftPeopleScreen.tsx","5569","Без шаблона","select","authorized role for capability","(event) => setActivationTemplateId(event.target.value)","NO","PASS","frontend/e2e/full-ui-interaction-sweep.spec.ts shift-handover-and-template-selector-isolated; runtime-shift-handover-and-template-selector-isolated.json; the activation selector changes from its configured default to Без шаблона, and browser Back discards the draft without a line command on desktop/360/390/430; all four widths"
"frontend/src/screens/ShiftPeopleScreen.tsx:5581","Shift","frontend/src/screens/ShiftPeopleScreen.tsx","5581","Сейчас Указать фактическое время","select","authorized role for capability","(event) => setLineEventTimeMode(event.target.value === 'CUSTOM' ? 'CUSTOM' : 'NOW')","NO","PASS","frontend/e2e/full-ui-interaction-sweep.spec.ts shift-current-line-readonly; runtime-shift-current-line-readonly.json; compact Pause and Stop open local drafts, event-time mode/time/reason/comment are editable, and Cancel/browser Back restore the same running line on four widths; no confirm or command; all four widths"
"frontend/src/screens/ShiftPeopleScreen.tsx:5588","Shift","frontend/src/screens/ShiftPeopleScreen.tsx","5588","input:datetime-local @5588","input","authorized role for capability","(event) => setLineEventTime(event.target.value)","NO","PASS","frontend/e2e/full-ui-interaction-sweep.spec.ts shift-current-line-readonly; runtime-shift-current-line-readonly.json; compact Pause and Stop open local drafts, event-time mode/time/reason/comment are editable, and Cancel/browser Back restore the same running line on four widths; no confirm or command; all four widths"
"frontend/src/screens/ShiftPeopleScreen.tsx:5598","Shift","frontend/src/screens/ShiftPeopleScreen.tsx","5598","select @5598","select","authorized role for capability","(event) => setDowntimeReason(event.target.value)","NO","PASS","frontend/e2e/full-ui-interaction-sweep.spec.ts shift-current-line-readonly; runtime-shift-current-line-readonly.json; compact Pause and Stop open local drafts, event-time mode/time/reason/comment are editable, and Cancel/browser Back restore the same running line on four widths; no confirm or command; all four widths"
"frontend/src/screens/ShiftPeopleScreen.tsx:5601","Shift","frontend/src/screens/ShiftPeopleScreen.tsx","5601","Комментарий к событию","textarea","authorized role for capability","(event) => setStatusComment(event.target.value)","NO","PASS","frontend/e2e/full-ui-interaction-sweep.spec.ts shift-current-line-readonly; runtime-shift-current-line-readonly.json; action sheet and local downtime draft with focus-first/layer Back proved on four widths; confirm not clicked; all four widths"
"frontend/src/screens/ShiftPeopleScreen.tsx:5612","Shift","frontend/src/screens/ShiftPeopleScreen.tsx","5612","Выберите отдел","select","authorized role for capability","(event) => setTaskDepartmentId(event.target.value)","NO","PASS","frontend/e2e/full-ui-interaction-sweep.spec.ts shift-current-line-plan-correction-and-drafts-isolated; runtime-shift-current-line-plan-correction-and-drafts-isolated.json; exact downtime-task and stopped-line wash entries open line-specific drafts; department selection is visible, while focus-first/layer Back and Cancel restore the dashboard without task or wash mutation on desktop/360/390/430; all four widths"
"frontend/src/screens/ShiftPeopleScreen.tsx:5618","Shift","frontend/src/screens/ShiftPeopleScreen.tsx","5618","Что нужно срочно сделать","textarea","authorized role for capability","(event) => setTaskDescription(event.target.value)","NO","PASS","frontend/e2e/full-ui-interaction-sweep.spec.ts shift-current-line-readonly; runtime-shift-current-line-readonly.json; Stop, urgent-task and end-shift drafts open with local values and Cancel restores the dashboard; statistics details opens and settles in viewport on four widths; no command; all four widths"
"frontend/src/screens/ShiftPeopleScreen.tsx:5626","Shift","frontend/src/screens/ShiftPeopleScreen.tsx","5626","Например: 100","input","authorized role for capability","(event) => setPlanPercent(event.target.value)","NO","PASS","frontend/e2e/full-ui-interaction-sweep.spec.ts shift-current-line-readonly; runtime-shift-current-line-readonly.json; Stop, urgent-task and end-shift drafts open with local values and Cancel restores the dashboard; statistics details opens and settles in viewport on four widths; no command; all four widths"
"frontend/src/screens/ShiftPeopleScreen.tsx:5627","Shift","frontend/src/screens/ShiftPeopleScreen.tsx","5627","Комментарий обязателен ниже 80%","textarea","authorized role for capability","(event) => setPlanComment(event.target.value)","NO","PASS","frontend/e2e/full-ui-interaction-sweep.spec.ts shift-current-line-readonly; runtime-shift-current-line-readonly.json; Stop, urgent-task and end-shift drafts open with local values and Cancel restores the dashboard; statistics details opens and settles in viewport on four widths; no command; all four widths"
"frontend/src/screens/ShiftPeopleScreen.tsx:5631","Shift","frontend/src/screens/ShiftPeopleScreen.tsx","5631","Отмена","button","authorized role for capability","() => { const restoreAssignmentFlow = Boolean(assignmentFlowUser && (lineAction === 'work' || lineAction === 'activateLine')); setLineAction(null); setPendingLine(null); if (restor","NO","PASS","frontend/e2e/full-ui-interaction-sweep.spec.ts shift-current-line-readonly; runtime-shift-current-line-readonly.json; compact Pause and Stop open local drafts, event-time mode/time/reason/comment are editable, and Cancel/browser Back restore the same running line on four widths; no confirm or command; all four widths"
"frontend/src/screens/ShiftPeopleScreen.tsx:5637","Shift","frontend/src/screens/ShiftPeopleScreen.tsx","5637","Подтвердить","button","authorized role for capability","() => void submitLineAction()","YES","PASS","frontend/e2e/full-ui-interaction-sweep.spec.ts shift-current-downtime-actions-isolated; runtime-shift-current-downtime-actions-isolated.json; one exact intercepted PATCH carries status WORK and expectedVersion 7, closes the draft, opens the refreshed RUNNING dashboard, shows Russian success feedback and leaves the downtime list empty on desktop/360/390/430. Backend persistence/RBAC/audit are not inferred; all four widths"
"frontend/src/screens/ShiftPeopleScreen.tsx:5676","Shift","frontend/src/screens/ShiftPeopleScreen.tsx","5676","Выберите активную мойку","select","authorized role for capability","(event) => setWashSessionId(event.target.value)","NO","PASS","frontend/e2e/full-ui-interaction-sweep.spec.ts shift-current-person-direct-assignment-and-wash-select-isolated; runtime-shift-current-person-direct-assignment-and-wash-select-isolated.json; the second exact active wash can be selected, while browser Back and Cancel each restore the same target sheet without a wash command on desktop/360/390/430; all four widths"
"frontend/src/screens/ShiftPeopleScreen.tsx:5690","Shift","frontend/src/screens/ShiftPeopleScreen.tsx","5690","Укажите комментарий","textarea","authorized role for capability","(event) => setHomeComment(event.target.value)","NO","PASS","frontend/e2e/full-ui-interaction-sweep.spec.ts shift-workbench-readonly; runtime-shift-workbench-readonly.json; send-home form accepts a local required-comment draft and explicit Cancel restores the target sheet on four widths; submit not clicked; all four widths"
"frontend/src/screens/ShiftPeopleScreen.tsx:5695","Shift","frontend/src/screens/ShiftPeopleScreen.tsx","5695","Отмена","button","authorized role for capability","() => { setPersonAction(null); setActionUser(null); if (assignmentFlowUser) setAssignmentMenuUser(assignmentFlowUser); }","NO","PASS","frontend/e2e/full-ui-interaction-sweep.spec.ts shift-workbench-readonly; runtime-shift-workbench-readonly.json; send-home form accepts a local required-comment draft and explicit Cancel restores the target sheet on four widths; submit not clicked; all four widths"
"frontend/src/screens/ShiftPeopleScreen.tsx:5696","Shift","frontend/src/screens/ShiftPeopleScreen.tsx","5696","Подтвердить","button","authorized role for capability","() => void submitPersonAction()","YES","PASS","frontend/e2e/full-ui-interaction-sweep.spec.ts shift-current-occupied-slot-actions-isolated; runtime-shift-current-occupied-slot-actions-isolated.json; empty submit is blocked, the comment survives focus-first Back, and one exact submit carries target/comment/UUID before the refreshed browser-memory line shows 0/1 on desktop/360/390/430; all four widths"
"frontend/src/screens/ShiftPeopleScreen.tsx:5758","Shift","frontend/src/screens/ShiftPeopleScreen.tsx","5758","Посмотреть заявку","button","authorized role for capability","() => { window.localStorage.setItem('zavod.taskHighlightId', profile.serviceTaskStatus?.taskId ?? ''); window.dispatchEvent(new CustomEvent('zavod:navigate', { detail: { screen: 'T","NO","FAIL","EVIDENCE_GAP: source control not yet bound to an asserted runtime outcome; not a confirmed product failure; SAME REPRODUCED UI-SWEEP-063 contract: Shift stores zavod.taskHighlightId before navigating, but TasksScreen has no consumer for that key; exact task detail cannot open; bounded cross-module owner gap"
"frontend/src/screens/ShiftPeopleScreen.tsx:5772","Shift","frontend/src/screens/ShiftPeopleScreen.tsx","5772","Закрыть","button","authorized role for capability","() => setProfile(null)","NO","PASS","frontend/e2e/full-ui-interaction-sweep.spec.ts shift-attendance-profile-readonly; runtime-shift-attendance-profile-readonly.json; exact attendance-row profile open, browser Back, one additional GET refresh and explicit Close restore the same Shift row on desktop/360/390/430. Profile and people responses are browser-only; backend authority is not inferred and no API write is sent; all four widths"
"frontend/src/screens/ShiftPeopleScreen.tsx:5773","Shift","frontend/src/screens/ShiftPeopleScreen.tsx","5773","Обновить","button","authorized role for capability","() => void openProfile(profile.id)","NO","PASS","frontend/e2e/full-ui-interaction-sweep.spec.ts shift-attendance-profile-readonly; runtime-shift-attendance-profile-readonly.json; exact attendance-row profile open, browser Back, one additional GET refresh and explicit Close restore the same Shift row on desktop/360/390/430. Profile and people responses are browser-only; backend authority is not inferred and no API write is sent; all four widths"
"frontend/src/screens/SituationScreen.tsx:490","Lines","frontend/src/screens/SituationScreen.tsx","490","button:button @490","button","authorized role for capability","() => openLineDetail(line)","NO","PASS","frontend/e2e/full-ui-interaction-sweep.spec.ts situation-readonly; runtime-situation-readonly.json; line-title dashboard GET 200 and browser Back restored the exact list card; no writes; all four widths"
"frontend/src/screens/SituationScreen.tsx:520","Lines","frontend/src/screens/SituationScreen.tsx","520","Вернуть в работу","button","authorized role for capability","() => openPendingAction({ mode: 'status', line, status: 'WORK' })","NO","PASS","frontend/e2e/full-ui-interaction-sweep.spec.ts situation-readonly; runtime-situation-readonly.json; local return-to-work draft opened and discarded by browser Back; confirm/mutation NOT exercised; all four widths"
"frontend/src/screens/SituationScreen.tsx:521","Lines","frontend/src/screens/SituationScreen.tsx","521","Простой","button","authorized role for capability","() => openPendingAction({ mode: 'status', line, status: 'PAUSE' })","NO","PASS","frontend/e2e/full-ui-interaction-sweep.spec.ts situation-readonly; runtime-situation-readonly.json; local downtime draft opened and discarded by browser Back; confirm/mutation NOT exercised; all four widths"
"frontend/src/screens/SituationScreen.tsx:522","Lines","frontend/src/screens/SituationScreen.tsx","522","Остановить","button","authorized role for capability","() => openPendingAction({ mode: 'status', line, status: 'STOP' })","NO","PASS","frontend/e2e/full-ui-interaction-sweep.spec.ts situation-readonly; runtime-situation-readonly.json; local stop draft opened and discarded by browser Back; confirm/mutation NOT exercised; all four widths"
"frontend/src/screens/SituationScreen.tsx:523","Lines","frontend/src/screens/SituationScreen.tsx","523","Открыть оттайку","button","authorized role for capability","openDefrostScreen","NO","PASS","frontend/e2e/full-ui-interaction-sweep.spec.ts situation-service-state-controls-readonly; runtime-situation-service-state-controls-readonly.json; active-defrost card opened Defrost and browser Back restored Lines on all widths; no writes; all four widths"
"frontend/src/screens/SituationScreen.tsx:524","Lines","frontend/src/screens/SituationScreen.tsx","524","Подробнее","button","authorized role for capability","() => openLineDetail(line)","NO","PASS","frontend/e2e/full-ui-interaction-sweep.spec.ts situation-readonly; runtime-situation-readonly.json; active-line detail GET 200, refresh, UI close and browser Back; no writes; all four widths"
"frontend/src/screens/SituationScreen.tsx:554","Lines","frontend/src/screens/SituationScreen.tsx","554","Открыть мойку","button","authorized role for capability","() => openWashScreen(wash.id)","NO","PASS","frontend/e2e/full-ui-interaction-sweep.spec.ts situation-service-state-controls-readonly; runtime-situation-service-state-controls-readonly.json; active-wash card opened the existing Wash session and layered Back restored Lines on all widths; no writes; all four widths"
"frontend/src/screens/SituationScreen.tsx:555","Lines","frontend/src/screens/SituationScreen.tsx","555","Подробнее","button","authorized role for capability","() => openLineDetail(line)","NO","PASS","frontend/e2e/full-ui-interaction-sweep.spec.ts situation-service-state-controls-readonly; runtime-situation-service-state-controls-readonly.json; wash-state card opened its exact line dashboard and the sticky Wash action navigated correctly; no writes; all four widths"
"frontend/src/screens/SituationScreen.tsx:570","Lines","frontend/src/screens/SituationScreen.tsx","570","Повторить","button","authorized role for capability","() => void loadRemoteData()","NO","PASS","frontend/e2e/full-ui-interaction-sweep.spec.ts situation-retry-readonly; runtime-situation-retry-readonly.json; a bounded one-shot 503 rendered the canonical Russian error and Retry; the retry returned /api/lines 200 with real cards and browser Back restored Archive; no writes; all four widths"
"frontend/src/screens/SituationScreen.tsx:619","Lines","frontend/src/screens/SituationScreen.tsx","619","Открыть раздел мойки","button","authorized role for capability","() => openWashScreen()","NO","PASS","frontend/e2e/full-ui-interaction-sweep.spec.ts situation-navigation-readonly; runtime-situation-navigation-readonly.json; canonical Wash navigation opened and browser Back restored Lines; no writes; all four widths"
"frontend/src/screens/SituationScreen.tsx:632","Lines","frontend/src/screens/SituationScreen.tsx","632","Открыть раздел оттайки","button","authorized role for capability","openDefrostScreen","NO","PASS","frontend/e2e/full-ui-interaction-sweep.spec.ts situation-readonly; runtime-situation-readonly.json; canonical Defrost navigation opened and browser Back restored Lines; no writes; all four widths"
"frontend/src/screens/SituationScreen.tsx:642","Lines","frontend/src/screens/SituationScreen.tsx","642","Запустить новую линию","button","authorized role for capability","(event) => { event.preventDefault(); setShowInactivePicker(true); }","NO","PASS","frontend/e2e/full-ui-interaction-sweep.spec.ts situation-readonly; runtime-situation-readonly.json; stopped-line picker open/cancel/browser Back only; line selection/mutation NOT exercised; all four widths"
"frontend/src/screens/SituationScreen.tsx:692","Lines","frontend/src/screens/SituationScreen.tsx","692","Закрыть","button","authorized role for capability","closeLineDetail","YES","PASS","frontend/e2e/full-ui-interaction-sweep.spec.ts situation-readonly; runtime-situation-readonly.json; exact detail close/refresh outcome on all widths; no writes; all four widths"
"frontend/src/screens/SituationScreen.tsx:708","Lines","frontend/src/screens/SituationScreen.tsx","708","Настроить состав","button","authorized role for capability","() => openLineAssignmentContext(selectedLine.id, false)","NO","PASS","frontend/e2e/full-ui-interaction-sweep.spec.ts situation-composition-navigation-readonly; runtime-situation-composition-navigation-readonly.json; a real visible line with a browser-isolated unconfigured detail opened its exact editable Shift dashboard; layered browser Back restored Shift and Lines; no writes; all four widths"
"frontend/src/screens/SituationScreen.tsx:752","Lines","frontend/src/screens/SituationScreen.tsx","752","Открыть заявку","button","authorized role for capability","() => openTask(task.taskId)","NO","FAIL","EVIDENCE_GAP: source control not yet bound to an asserted runtime outcome; not a confirmed product failure; SAME REPRODUCED UI-SWEEP-063 contract: Lines delegates exact-task navigation through the shared source flow, but TasksScreen has no task-highlight consumer; bounded cross-module owner gap"
"frontend/src/screens/SituationScreen.tsx:774","Lines","frontend/src/screens/SituationScreen.tsx","774","Вернуть в работу","button","authorized role for capability","() => openPendingAction({ mode: 'status', line: selectedLine, status: 'WORK' })","NO","PASS","frontend/e2e/full-ui-interaction-sweep.spec.ts situation-service-state-controls-readonly; runtime-situation-service-state-controls-readonly.json; stopped-line detail opened the local return-to-work form; focus Back and layer Back restored detail; confirm/mutation NOT exercised; all four widths"
"frontend/src/screens/SituationScreen.tsx:777","Lines","frontend/src/screens/SituationScreen.tsx","777","Открыть мойку","button","authorized role for capability","() => openWashScreen(selectedWash?.id ?? selectedLine.activeWash?.id)","NO","PASS","frontend/e2e/full-ui-interaction-sweep.spec.ts situation-service-state-controls-readonly; runtime-situation-service-state-controls-readonly.json; exact wash-state line dashboard opened the existing Wash session and layered Back restored Lines; no writes; all four widths"
"frontend/src/screens/SituationScreen.tsx:780","Lines","frontend/src/screens/SituationScreen.tsx","780","Открыть оттайку","button","authorized role for capability","openDefrostScreen","NO","PASS","frontend/e2e/full-ui-interaction-sweep.spec.ts situation-service-state-controls-readonly; runtime-situation-service-state-controls-readonly.json; exact defrost-state line dashboard opened Defrost and browser Back restored Lines; no writes; all four widths"
"frontend/src/screens/SituationScreen.tsx:782","Lines","frontend/src/screens/SituationScreen.tsx","782","Состав и люди","button","authorized role for capability","() => openLineAssignmentContext(selectedLine.id, !canManageAssignments)","NO","PASS","frontend/e2e/full-ui-interaction-sweep.spec.ts situation-navigation-readonly; runtime-situation-navigation-readonly.json; exact Shift line dashboard opened, first Back closed dashboard and second Back restored Lines; no writes; all four widths"
"frontend/src/screens/SituationScreen.tsx:783","Lines","frontend/src/screens/SituationScreen.tsx","783","История линии","button","authorized role for capability","() => void openLineTimeline(selectedLine)","NO","PASS","frontend/e2e/full-ui-interaction-sweep.spec.ts situation-readonly; runtime-situation-readonly.json; timeline refresh/date/DAY-NIGHT/previous-next and both close paths; GET only; all four widths"
"frontend/src/screens/SituationScreen.tsx:784","Lines","frontend/src/screens/SituationScreen.tsx","784","Текущее состояние","button","authorized role for capability","() => void openRuntimeStats(selectedLine)","NO","PASS","frontend/e2e/full-ui-interaction-sweep.spec.ts situation-readonly; runtime-situation-readonly.json; runtime dashboard GET 200 and both close paths; no writes; all four widths"
"frontend/src/screens/SituationScreen.tsx:785","Lines","frontend/src/screens/SituationScreen.tsx","785","Обновить","button","authorized role for capability","() => void loadLineDetail(selectedLine.id)","NO","PASS","frontend/e2e/full-ui-interaction-sweep.spec.ts situation-readonly; runtime-situation-readonly.json; exact detail close/refresh outcome on all widths; no writes; all four widths"
"frontend/src/screens/SituationScreen.tsx:800","Lines","frontend/src/screens/SituationScreen.tsx","800","button:button @800","button","authorized role for capability","() => openPendingAction({ mode: 'start', line })","NO","PASS","frontend/e2e/full-ui-interaction-sweep.spec.ts situation-readonly; runtime-situation-readonly.json; configured stopped-line row opened the start draft, browser Back restored the picker, and no line write occurred; all four widths"
"frontend/src/screens/SituationScreen.tsx:806","Lines","frontend/src/screens/SituationScreen.tsx","806","Отмена","button","authorized role for capability","() => setShowInactivePicker(false)","NO","PASS","frontend/e2e/full-ui-interaction-sweep.spec.ts situation-readonly; runtime-situation-readonly.json; stopped-line picker open/cancel/browser Back only; line selection/mutation NOT exercised; all four widths"
"frontend/src/screens/SituationScreen.tsx:822","Lines","frontend/src/screens/SituationScreen.tsx","822","Обновить","button","authorized role for capability","() => void openLineTimeline(timeline.line, { shiftDate: timeline.shift.shiftDate, shiftType: timeline.shift.shiftType })","NO","PASS","frontend/e2e/full-ui-interaction-sweep.spec.ts situation-readonly; runtime-situation-readonly.json; timeline refresh/date/DAY-NIGHT/previous-next and both close paths; GET only; all four widths"
"frontend/src/screens/SituationScreen.tsx:823","Lines","frontend/src/screens/SituationScreen.tsx","823","Закрыть окно","button","authorized role for capability","closeLineTimeline","YES","PASS","frontend/e2e/full-ui-interaction-sweep.spec.ts situation-readonly; runtime-situation-readonly.json; timeline refresh/date/DAY-NIGHT/previous-next and both close paths; GET only; all four widths"
"frontend/src/screens/SituationScreen.tsx:830","Lines","frontend/src/screens/SituationScreen.tsx","830","Предыдущая смена","button","authorized role for capability","() => void openLineTimeline(timeline.line, timeline.navigation.previous)","NO","PASS","frontend/e2e/full-ui-interaction-sweep.spec.ts situation-readonly; runtime-situation-readonly.json; timeline refresh/date/DAY-NIGHT/previous-next and both close paths; GET only; all four widths"
"frontend/src/screens/SituationScreen.tsx:833","Lines","frontend/src/screens/SituationScreen.tsx","833","input:date @833","input","authorized role for capability","(event) => void openLineTimeline(timeline.line, { shiftDate: event.target.value, shiftType: timeline.shift.shiftType })","NO","PASS","frontend/e2e/full-ui-interaction-sweep.spec.ts situation-readonly; runtime-situation-readonly.json; timeline refresh/date/DAY-NIGHT/previous-next and both close paths; GET only; all four widths"
"frontend/src/screens/SituationScreen.tsx:840","Lines","frontend/src/screens/SituationScreen.tsx","840","Следующая смена","button","authorized role for capability","() => timeline.navigation.next && void openLineTimeline(timeline.line, timeline.navigation.next)","NO","PASS","frontend/e2e/full-ui-interaction-sweep.spec.ts situation-readonly; runtime-situation-readonly.json; timeline refresh/date/DAY-NIGHT/previous-next and both close paths; GET only; all four widths"
"frontend/src/screens/SituationScreen.tsx:842","Lines","frontend/src/screens/SituationScreen.tsx","842","День","button","authorized role for capability","() => void openLineTimeline(timeline.line, { shiftDate: timeline.shift.shiftDate, shiftType: 'DAY' })","NO","PASS","frontend/e2e/full-ui-interaction-sweep.spec.ts situation-readonly; runtime-situation-readonly.json; timeline refresh/date/DAY-NIGHT/previous-next and both close paths; GET only; all four widths"
"frontend/src/screens/SituationScreen.tsx:843","Lines","frontend/src/screens/SituationScreen.tsx","843","Ночь","button","authorized role for capability","() => void openLineTimeline(timeline.line, { shiftDate: timeline.shift.shiftDate, shiftType: 'NIGHT' })","NO","PASS","frontend/e2e/full-ui-interaction-sweep.spec.ts situation-readonly; runtime-situation-readonly.json; timeline refresh/date/DAY-NIGHT/previous-next and both close paths; GET only; all four widths"
"frontend/src/screens/SituationScreen.tsx:880","Lines","frontend/src/screens/SituationScreen.tsx","880","Открыть","button","authorized role for capability","() => openTimelineSource(event)","NO","PASS","frontend/e2e/full-ui-interaction-sweep.spec.ts situation-service-state-controls-readonly; runtime-situation-service-state-controls-readonly.json; the DEFROST timeline source opened Defrost and browser Back restored Lines on all widths; no writes; all four widths"
"frontend/src/screens/SituationScreen.tsx:897","Lines","frontend/src/screens/SituationScreen.tsx","897","Закрыть окно","button","authorized role for capability","() => setRuntimeStats(null)","YES","PASS","frontend/e2e/full-ui-interaction-sweep.spec.ts situation-readonly; runtime-situation-readonly.json; runtime dashboard GET 200 and both close paths; no writes; all four widths"
"frontend/src/screens/StockScreen.tsx:106","Quality","frontend/src/screens/StockScreen.tsx","106","Создать некондицию","button","authorized quality/store role","() => setModal('create')","YES","PASS","frontend/e2e/full-ui-interaction-sweep.spec.ts stock-draft; runtime-stock-draft.json; form opening, optional name/quantity/units/draft cancel Back; no creation; all four widths"
"frontend/src/screens/StockScreen.tsx:121","Quality","frontend/src/screens/StockScreen.tsx","121","Подробнее","button","authorized quality/store role","() => setActiveId(item.id)","NO","PASS","frontend/e2e/full-ui-interaction-sweep.spec.ts stock-detail-back; runtime-stock-detail.json; open/reopen/UI close/browser Back retain screen/list; no mutation; all four widths"
"frontend/src/screens/StockScreen.tsx:215","Quality","frontend/src/screens/StockScreen.tsx","215","Отмена","button","authorized quality/store role","() => setModal(null)","NO","PASS","frontend/e2e/full-ui-interaction-sweep.spec.ts stock-photo-back; runtime-stock-photo-back.json; open empty attachment form, disabled upload, UI cancel/browser Back to same parent; no file selection/upload; all four widths"
"frontend/src/screens/StockScreen.tsx:216","Quality","frontend/src/screens/StockScreen.tsx","216","Загрузить","button","authorized quality/store role","() => void uploadForDefect()","YES","PASS","frontend/e2e/full-ui-interaction-sweep.spec.ts stock-attachment-upload-isolated; runtime-stock-attachment-upload-isolated.json; a real PNG enabled upload; exact multipart carried STOCK_DEFECT/entity/photo metadata plus canonical operation UUID; browser-memory counter and attachment survived reload, detail open and browser Back on desktop/360/390/430. Upload was browser-intercepted; backend persistence/ownership/RBAC/idempotency are not inferred; all four widths"
"frontend/src/screens/StockScreen.tsx:226","Quality","frontend/src/screens/StockScreen.tsx","226","Закрыть","button","authorized quality/store role","() => setActiveId(null)","YES","PASS","frontend/e2e/full-ui-interaction-sweep.spec.ts stock-detail-back; runtime-stock-detail.json; open/reopen/UI close/browser Back retain screen/list; no mutation; all four widths"
"frontend/src/screens/StockScreen.tsx:235","Quality","frontend/src/screens/StockScreen.tsx","235","Выдать","button","authorized quality/store role","() => setModal('issue')","NO","PASS","frontend/e2e/full-ui-interaction-sweep.spec.ts stock-edit-issue-drafts plus outcomes; runtime-stock-edit-issue.json and runtime-stock-edit-issue-outcomes-isolated.json; draft Stay/discard/reopen plus exact edit/issue commands, controlled 409 value retention, retry, list/detail convergence, reload and browser Back passed on desktop/360/390/430. Commands/read model were browser-intercepted; backend persistence/RBAC/audit/concurrency are not inferred; all four widths"
"frontend/src/screens/StockScreen.tsx:236","Quality","frontend/src/screens/StockScreen.tsx","236","Редактировать","button","authorized quality/store role","() => setModal('edit')","NO","PASS","frontend/e2e/full-ui-interaction-sweep.spec.ts stock-edit-issue-drafts plus outcomes; runtime-stock-edit-issue.json and runtime-stock-edit-issue-outcomes-isolated.json; draft Stay/discard/reopen plus exact edit/issue commands, controlled 409 value retention, retry, list/detail convergence, reload and browser Back passed on desktop/360/390/430. Commands/read model were browser-intercepted; backend persistence/RBAC/audit/concurrency are not inferred; all four widths"
"frontend/src/screens/StockScreen.tsx:237","Quality","frontend/src/screens/StockScreen.tsx","237","Архив","button","authorized quality/store role","() => void archiveDefect(active.id)","YES","PASS","frontend/e2e/full-ui-interaction-sweep.spec.ts stock-archive-submit-isolated; runtime-stock-archive-submit-isolated.json; exact archive POST with canonical operationId was intercepted once, then browser memory closed detail, removed the active card, updated the counter and preserved the empty active list after reload on desktop/360/390/430. No backend write occurred; persistence/RBAC/idempotency are not inferred; all four widths"
"frontend/src/screens/StockScreen.tsx:238","Quality","frontend/src/screens/StockScreen.tsx","238","Фото","button","authorized quality/store role","() => setModal('attachment')","NO","PASS","frontend/e2e/full-ui-interaction-sweep.spec.ts stock-photo-back; runtime-stock-photo-back.json; open empty attachment form, disabled upload, UI cancel/browser Back to same parent; no file selection/upload; all four widths"
"frontend/src/screens/TasksScreen.tsx:415","Tasks","frontend/src/screens/TasksScreen.tsx","415","button:button @415","button","authorized role for capability","() => void openDetail(task)","NO","PASS","frontend/e2e/full-ui-interaction-sweep.spec.ts tasks-readonly; runtime-tasks-readonly.json; action sheet Back, exact detail GET/refresh and detail Back; no writes; all four widths"
"frontend/src/screens/TasksScreen.tsx:435","Tasks","frontend/src/screens/TasksScreen.tsx","435","Действия","button","authorized role for capability","() => setActionTask(task)","NO","PASS","frontend/e2e/full-ui-interaction-sweep.spec.ts tasks-readonly; runtime-tasks-readonly.json; action sheet Back, exact detail GET/refresh and detail Back; no writes; all four widths"
"frontend/src/screens/TasksScreen.tsx:436","Tasks","frontend/src/screens/TasksScreen.tsx","436","Открыть","button","authorized role for capability","() => void openDetail(task)","NO","PASS","frontend/e2e/full-ui-interaction-sweep.spec.ts tasks-readonly; runtime-tasks-readonly.json; action sheet Back, exact detail GET/refresh and detail Back; no writes; all four widths"
"frontend/src/screens/TasksScreen.tsx:470","Tasks","frontend/src/screens/TasksScreen.tsx","470","Создать заявку","button","authorized role for capability","() => { setFiles([]); openTaskModal('create'); }","YES","PASS","frontend/e2e/full-ui-interaction-sweep.spec.ts tasks-readonly; runtime-tasks-readonly.json; canonical ActionModal dirty/focus Back/Stay/discard without creation; all four widths"
"frontend/src/screens/TasksScreen.tsx:471","Tasks","frontend/src/screens/TasksScreen.tsx","471","Проверить долгие","button","authorized role for capability","() => void runEscalation()","NO","PASS","frontend/e2e/full-ui-interaction-sweep.spec.ts tasks-actions-isolated; runtime-tasks-actions-isolated.json; exact escalation POST carried only the canonical client-generated UUID operationId and returned to the same visible browser-memory task on desktop/360/390/430. The write was browser-intercepted; backend persistence/RBAC/idempotency are not inferred; all four widths"
"frontend/src/screens/TasksScreen.tsx:472","Tasks","frontend/src/screens/TasksScreen.tsx","472","Архив и метрики","button","authorized role for capability","() => { setArchiveOpen(true); void loadArchive(); }","YES","PASS","frontend/e2e/full-ui-interaction-sweep.spec.ts tasks-readonly; runtime-tasks-readonly.json; archive summary/status-DONE GET 200 and browser Back; no writes; all four widths"
"frontend/src/screens/TasksScreen.tsx:477","Tasks","frontend/src/screens/TasksScreen.tsx","477","Поиск и фильтры","button","authorized role for capability","openFilters","NO","PASS","frontend/e2e/full-ui-interaction-sweep.spec.ts tasks-readonly; runtime-tasks-readonly.json; unapplied filter draft Back/reopen, exact search result, apply and reset; no writes; all four widths"
"frontend/src/screens/TasksScreen.tsx:496","Tasks","frontend/src/screens/TasksScreen.tsx","496","Сбросить","button","authorized role for capability","resetFilters","NO","PASS","frontend/e2e/full-ui-interaction-sweep.spec.ts tasks-readonly; runtime-tasks-readonly.json; unapplied filter draft Back/reopen, exact search result, apply and reset; no writes; all four widths"
"frontend/src/screens/TasksScreen.tsx:497","Tasks","frontend/src/screens/TasksScreen.tsx","497","Показать","button","authorized role for capability","applyFilters","NO","PASS","frontend/e2e/full-ui-interaction-sweep.spec.ts tasks-readonly; runtime-tasks-readonly.json; unapplied filter draft Back/reopen, exact search result, apply and reset; no writes; all four widths"
"frontend/src/screens/TasksScreen.tsx:504","Tasks","frontend/src/screens/TasksScreen.tsx","504","Например: КИПиА, упаковка, транспортёр","input","authorized role for capability","(event) => setFilterDraft((current) => ({ ...current, search: event.target.value }))","NO","PASS","frontend/e2e/full-ui-interaction-sweep.spec.ts tasks-readonly; runtime-tasks-readonly.json; unapplied filter draft Back/reopen, exact search result, apply and reset; no writes; all four widths"
"frontend/src/screens/TasksScreen.tsx:519","Tasks","frontend/src/screens/TasksScreen.tsx","519","button:button @519","button","authorized role for capability","() => setFilterDraft((current) => ({ ...current, scope: value }))","NO","PASS","frontend/e2e/full-ui-interaction-sweep.spec.ts tasks-readonly; runtime-tasks-readonly.json; unapplied filter draft Back/reopen, exact search result, apply and reset; no writes; all four widths"
"frontend/src/screens/TasksScreen.tsx:533","Tasks","frontend/src/screens/TasksScreen.tsx","533","Все типы Срочная Долгая","select","authorized role for capability","(event) => setFilterDraft((current) => ({ ...current, type: event.target.value as TaskFilterDraft['type'] }))","NO","PASS","frontend/e2e/full-ui-interaction-sweep.spec.ts tasks-readonly; runtime-tasks-readonly.json; type plus configured department and line local drafts were discarded by browser Back and reopened at applied defaults; no writes; all four widths"
"frontend/src/screens/TasksScreen.tsx:541","Tasks","frontend/src/screens/TasksScreen.tsx","541","Все доступные службы","select","authorized role for capability","(event) => setFilterDraft((current) => ({ ...current, departmentId: event.target.value }))","NO","PASS","frontend/e2e/full-ui-interaction-sweep.spec.ts tasks-readonly; runtime-tasks-readonly.json; type plus configured department and line local drafts were discarded by browser Back and reopened at applied defaults; no writes; all four widths"
"frontend/src/screens/TasksScreen.tsx:548","Tasks","frontend/src/screens/TasksScreen.tsx","548","Все линии","select","authorized role for capability","(event) => setFilterDraft((current) => ({ ...current, lineId: event.target.value }))","NO","PASS","frontend/e2e/full-ui-interaction-sweep.spec.ts tasks-readonly; runtime-tasks-readonly.json; type plus configured department and line local drafts were discarded by browser Back and reopened at applied defaults; no writes; all four widths"
"frontend/src/screens/TasksScreen.tsx:568","Tasks","frontend/src/screens/TasksScreen.tsx","568","Закрыть","button","authorized role for capability","() => setArchiveOpen(false)","NO","PASS","frontend/e2e/full-ui-interaction-sweep.spec.ts tasks-readonly; runtime-tasks-readonly.json; all archive fields emitted exact GET parameters, UI Close hid the layer, reopen preserved values, and browser Back closed it; no writes; all four widths"
"frontend/src/screens/TasksScreen.tsx:573","Tasks","frontend/src/screens/TasksScreen.tsx","573","Архив заявок: дата с","input","authorized role for capability","(event) => applyArchiveFilter({ dateFrom: event.target.value })","NO","PASS","frontend/e2e/full-ui-interaction-sweep.spec.ts tasks-readonly; runtime-tasks-readonly.json; all archive fields emitted exact GET parameters, UI Close hid the layer, reopen preserved values, and browser Back closed it; no writes; all four widths"
"frontend/src/screens/TasksScreen.tsx:577","Tasks","frontend/src/screens/TasksScreen.tsx","577","Архив заявок: дата по","input","authorized role for capability","(event) => applyArchiveFilter({ dateTo: event.target.value })","NO","PASS","frontend/e2e/full-ui-interaction-sweep.spec.ts tasks-readonly; runtime-tasks-readonly.json; all archive fields emitted exact GET parameters, UI Close hid the layer, reopen preserved values, and browser Back closed it; no writes; all four widths"
"frontend/src/screens/TasksScreen.tsx:579","Tasks","frontend/src/screens/TasksScreen.tsx","579","Все линии","select","authorized role for capability","(event) => applyArchiveFilter({ lineId: event.target.value })","NO","PASS","frontend/e2e/full-ui-interaction-sweep.spec.ts tasks-readonly; runtime-tasks-readonly.json; all archive fields emitted exact GET parameters, UI Close hid the layer, reopen preserved values, and browser Back closed it; no writes; all four widths"
"frontend/src/screens/TasksScreen.tsx:583","Tasks","frontend/src/screens/TasksScreen.tsx","583","Все отделы","select","authorized role for capability","(event) => applyArchiveFilter({ departmentId: event.target.value })","NO","PASS","frontend/e2e/full-ui-interaction-sweep.spec.ts tasks-readonly; runtime-tasks-readonly.json; all archive fields emitted exact GET parameters, UI Close hid the layer, reopen preserved values, and browser Back closed it; no writes; all four widths"
"frontend/src/screens/TasksScreen.tsx:587","Tasks","frontend/src/screens/TasksScreen.tsx","587","Все исполнители","select","authorized role for capability","(event) => applyArchiveFilter({ assigneeId: event.target.value })","NO","PASS","frontend/e2e/full-ui-interaction-sweep.spec.ts tasks-readonly; runtime-tasks-readonly.json; all archive fields emitted exact GET parameters, UI Close hid the layer, reopen preserved values, and browser Back closed it; no writes; all four widths"
"frontend/src/screens/TasksScreen.tsx:591","Tasks","frontend/src/screens/TasksScreen.tsx","591","URGENT и LONG Срочные Долгие","select","authorized role for capability","(event) => applyArchiveFilter({ type: event.target.value })","NO","PASS","frontend/e2e/full-ui-interaction-sweep.spec.ts tasks-readonly; runtime-tasks-readonly.json; all archive fields emitted exact GET parameters, UI Close hid the layer, reopen preserved values, and browser Back closed it; no writes; all four widths"
"frontend/src/screens/TasksScreen.tsx:596","Tasks","frontend/src/screens/TasksScreen.tsx","596","Все статусы Новые В работе Готово","select","authorized role for capability","(event) => applyArchiveFilter({ status: event.target.value })","YES","PASS","frontend/e2e/full-ui-interaction-sweep.spec.ts tasks-readonly; runtime-tasks-readonly.json; archive summary/status-DONE GET 200 and browser Back; no writes; all four widths"
"frontend/src/screens/TasksScreen.tsx:602","Tasks","frontend/src/screens/TasksScreen.tsx","602","Любая смена День Ночь","select","authorized role for capability","(event) => applyArchiveFilter({ shiftType: event.target.value })","NO","PASS","frontend/e2e/full-ui-interaction-sweep.spec.ts tasks-readonly; runtime-tasks-readonly.json; all archive fields emitted exact GET parameters, UI Close hid the layer, reopen preserved values, and browser Back closed it; no writes; all four widths"
"frontend/src/screens/TasksScreen.tsx:640","Tasks","frontend/src/screens/TasksScreen.tsx","640","Взять в работу","button","authorized role for capability","() => { const task = actionTask; setActionTask(null); void takeTask(task); }","YES","PASS","frontend/e2e/full-ui-interaction-sweep.spec.ts tasks-actions-isolated; runtime-tasks-actions-isolated.json; action-sheet take sent an exact UUID operationId and refreshed the task to В работе; action-sheet complete opened the canonical form and browser Back restored the exact parent detail on desktop/360/390/430. Writes were browser-intercepted; backend persistence/RBAC/idempotency are not inferred; all four widths"
"frontend/src/screens/TasksScreen.tsx:641","Tasks","frontend/src/screens/TasksScreen.tsx","641","Добавить комментарий","button","authorized role for capability","() => { setFiles([]); setSelectedTask(actionTask); setActionTask(null); openTaskModal('comment'); }","NO","PASS","frontend/e2e/full-ui-interaction-sweep.spec.ts tasks-readonly; runtime-tasks-readonly.json; comment draft focus-first Back then layer Back restores detail; no comment/upload mutation; all four widths"
"frontend/src/screens/TasksScreen.tsx:642","Tasks","frontend/src/screens/TasksScreen.tsx","642","Передать","button","authorized role for capability","() => { setFiles([]); setSelectedTask(actionTask); setActionTask(null); openTaskModal('redirect'); }","NO","PASS","frontend/e2e/full-ui-interaction-sweep.spec.ts tasks-readonly; runtime-tasks-readonly.json; action-sheet redirect local draft was discarded, detail Close and action Cancel restored the list; no writes; all four widths"
"frontend/src/screens/TasksScreen.tsx:643","Tasks","frontend/src/screens/TasksScreen.tsx","643","Завершить заявку","button","authorized role for capability","() => { setFiles([]); setSelectedTask(actionTask); setActionTask(null); openTaskModal('done'); }","YES","PASS","frontend/e2e/full-ui-interaction-sweep.spec.ts tasks-actions-isolated; runtime-tasks-actions-isolated.json; action-sheet take sent an exact UUID operationId and refreshed the task to В работе; action-sheet complete opened the canonical form and browser Back restored the exact parent detail on desktop/360/390/430. Writes were browser-intercepted; backend persistence/RBAC/idempotency are not inferred; all four widths"
"frontend/src/screens/TasksScreen.tsx:645","Tasks","frontend/src/screens/TasksScreen.tsx","645","Отмена","button","authorized role for capability","() => setActionTask(null)","NO","PASS","frontend/e2e/full-ui-interaction-sweep.spec.ts tasks-readonly; runtime-tasks-readonly.json; action-sheet redirect local draft was discarded, detail Close and action Cancel restored the list; no writes; all four widths"
"frontend/src/screens/TasksScreen.tsx:685","Tasks","frontend/src/screens/TasksScreen.tsx","685","Закрыть окно","button","authorized role for capability","() => setSelectedTask(null)","NO","PASS","frontend/e2e/full-ui-interaction-sweep.spec.ts tasks-readonly; runtime-tasks-readonly.json; action-sheet redirect local draft was discarded, detail Close and action Cancel restored the list; no writes; all four widths"
"frontend/src/screens/TasksScreen.tsx:686","Tasks","frontend/src/screens/TasksScreen.tsx","686","Добавить комментарий","button","authorized role for capability","() => { setFiles([]); openTaskModal('comment'); }","NO","PASS","frontend/e2e/full-ui-interaction-sweep.spec.ts tasks-readonly; runtime-tasks-readonly.json; comment draft focus-first Back then layer Back restores detail; no comment/upload mutation; all four widths"
"frontend/src/screens/TasksScreen.tsx:687","Tasks","frontend/src/screens/TasksScreen.tsx","687","Взять в работу","button","authorized role for capability","() => void takeTask(selectedTask)","YES","PASS","frontend/e2e/full-ui-interaction-sweep.spec.ts tasks-actions-isolated; runtime-tasks-actions-isolated.json; detail take sent an exact UUID operationId and refreshed the same task to В работе; detail complete opened the canonical form and browser Back restored the exact parent detail on desktop/360/390/430. Writes were browser-intercepted; backend persistence/RBAC/idempotency are not inferred; all four widths"
"frontend/src/screens/TasksScreen.tsx:688","Tasks","frontend/src/screens/TasksScreen.tsx","688","Завершить заявку","button","authorized role for capability","() => { setFiles([]); openTaskModal('done'); }","YES","PASS","frontend/e2e/full-ui-interaction-sweep.spec.ts tasks-actions-isolated; runtime-tasks-actions-isolated.json; detail take sent an exact UUID operationId and refreshed the same task to В работе; detail complete opened the canonical form and browser Back restored the exact parent detail on desktop/360/390/430. Writes were browser-intercepted; backend persistence/RBAC/idempotency are not inferred; all four widths"
"frontend/src/screens/TasksScreen.tsx:689","Tasks","frontend/src/screens/TasksScreen.tsx","689","Передать","button","authorized role for capability","() => { setFiles([]); openTaskModal('redirect'); }","NO","PASS","frontend/e2e/full-ui-interaction-sweep.spec.ts tasks-readonly; runtime-tasks-readonly.json; detail redirect local draft was discarded and parent detail remained; no writes; all four widths"
"frontend/src/screens/TasksScreen.tsx:690","Tasks","frontend/src/screens/TasksScreen.tsx","690","Обновить","button","authorized role for capability","() => void openDetail(selectedTask)","NO","PASS","frontend/e2e/full-ui-interaction-sweep.spec.ts tasks-readonly; runtime-tasks-readonly.json; action sheet Back, exact detail GET/refresh and detail Back; no writes; all four widths"
"frontend/src/screens/TasksScreen.tsx:743","Tasks","frontend/src/screens/TasksScreen.tsx","743","Поиск исполнителя по ФИО, роли, отделу, линии или специализации","input","authorized role for capability","(event) => setCandidateSearch(event.target.value)","NO","PASS","frontend/e2e/full-ui-interaction-sweep.spec.ts tasks-readonly; runtime-tasks-readonly.json; assignee query stayed visible while exact candidates GET returned 200; no writes; all four widths"
"frontend/src/screens/TasksScreen.tsx:750","Tasks","frontend/src/screens/TasksScreen.tsx","750","Обновить список","button","authorized role for capability","() => void load()","NO","PASS","frontend/e2e/full-ui-interaction-sweep.spec.ts tasks-readonly; runtime-tasks-readonly.json; assignee query stayed visible while exact candidates GET returned 200; no writes; all four widths"
"frontend/src/screens/TasksScreen.tsx:788","Tasks","frontend/src/screens/TasksScreen.tsx","788","Закрыть","button","authorized role for capability","closeTaskModal","NO","PASS","frontend/e2e/full-ui-interaction-sweep.spec.ts tasks-readonly; runtime-tasks-readonly.json; explicit comment Close invoked the canonical close callback and preserved parent detail; no writes; all four widths"
"frontend/src/screens/WashScreen.tsx:342","Wash","frontend/src/screens/WashScreen.tsx","342","Люди","button","authorized role for capability","() => openWashAssignmentContext(wash.id)","NO","PASS","frontend/e2e/full-ui-interaction-sweep.spec.ts wash-navigation-readonly; runtime-wash-navigation-readonly.json; card People opened canonical Shift people sheet, layered Back restored exact Wash PEOPLE detail, and no assignment/wash write occurred; all four widths"
"frontend/src/screens/WashScreen.tsx:344","Wash","frontend/src/screens/WashScreen.tsx","344","Открыть","button","authorized role for capability","() => openSession(wash.id)","NO","PASS","frontend/e2e/full-ui-interaction-sweep.spec.ts wash-readonly; runtime-wash-readonly.json; existing active wash detail opened, browser Back and explicit parent return restored the active list; GET only; all four widths"
"frontend/src/screens/WashScreen.tsx:389","Wash","frontend/src/screens/WashScreen.tsx","389","Взять в работу","button","authorized role for capability","() => void runRequestAction(request, 'take')","YES","PASS","frontend/e2e/full-ui-interaction-sweep.spec.ts wash-request-lifecycle-isolated; runtime-wash-request-lifecycle-isolated.json; a synthetic NEW request sent one exact take command, refreshed as assigned to canonical currentUser.userId, exposed and sent one exact start command, opened the resulting browser-memory wash detail, and the WASH_STARTED card reopened the same session after browser Back on desktop/360/390/430. Writes were browser-intercepted; backend authority, persistence, concurrency, RBAC and audit are not inferred; all four widths"
"frontend/src/screens/WashScreen.tsx:392","Wash","frontend/src/screens/WashScreen.tsx","392","Начать мойку","button","authorized role for capability","() => void runRequestAction(request, 'start')","YES","PASS","frontend/e2e/full-ui-interaction-sweep.spec.ts wash-request-lifecycle-isolated; runtime-wash-request-lifecycle-isolated.json; a synthetic NEW request sent one exact take command, refreshed as assigned to canonical currentUser.userId, exposed and sent one exact start command, opened the resulting browser-memory wash detail, and the WASH_STARTED card reopened the same session after browser Back on desktop/360/390/430. Writes were browser-intercepted; backend authority, persistence, concurrency, RBAC and audit are not inferred; all four widths"
"frontend/src/screens/WashScreen.tsx:395","Wash","frontend/src/screens/WashScreen.tsx","395","Открыть мойку","button","authorized role for capability","() => openSession(request.washSessionId!)","NO","PASS","frontend/e2e/full-ui-interaction-sweep.spec.ts wash-request-lifecycle-isolated; runtime-wash-request-lifecycle-isolated.json; a synthetic NEW request sent one exact take command, refreshed as assigned to canonical currentUser.userId, exposed and sent one exact start command, opened the resulting browser-memory wash detail, and the WASH_STARTED card reopened the same session after browser Back on desktop/360/390/430. Writes were browser-intercepted; backend authority, persistence, concurrency, RBAC and audit are not inferred; all four widths"
"frontend/src/screens/WashScreen.tsx:440","Wash","frontend/src/screens/WashScreen.tsx","440","Назад к мойкам","button","authorized role for capability","closeDetail","NO","PASS","frontend/e2e/full-ui-interaction-sweep.spec.ts wash-readonly; runtime-wash-readonly.json; explicit detail close restored the active wash list on all four widths; no writes; all four widths"
"frontend/src/screens/WashScreen.tsx:455","Wash","frontend/src/screens/WashScreen.tsx","455","Фото / комментарий","button","authorized role for capability","() => setModal('message')","YES","PASS","frontend/e2e/full-ui-interaction-sweep.spec.ts wash-message-okk-outcomes-isolated; runtime-wash-message-okk-outcomes-isolated.json; a controlled Russian message 409 remained visible with comment and file retained, retry sent the exact operationId-bearing payload plus exact multipart WASH_MESSAGE attachment, the feed card survived browser-memory reload, and focus Back plus layer Back sent no extra command on desktop/360/390/430. Backend persistence, storage authority, RBAC/factory scope, idempotency, audit and physical file/Android behavior are not inferred; all four widths"
"frontend/src/screens/WashScreen.tsx:456","Wash","frontend/src/screens/WashScreen.tsx","456","Проблема","button","authorized role for capability","() => setModal('issue')","NO","PASS","frontend/e2e/full-ui-interaction-sweep.spec.ts wash-readonly; runtime-wash-readonly.json; Проблема opened its canonical local form and explicit Cancel restored the same wash detail; confirm/upload mutation NOT exercised; all four widths"
"frontend/src/screens/WashScreen.tsx:457","Wash","frontend/src/screens/WashScreen.tsx","457","Задание","button","authorized role for capability","() => setModal('control')","NO","PASS","frontend/e2e/full-ui-interaction-sweep.spec.ts wash-readonly; runtime-wash-readonly.json; Задание opened its canonical local form and explicit Cancel restored the same wash detail; confirm/upload mutation NOT exercised; all four widths"
"frontend/src/screens/WashScreen.tsx:458","Wash","frontend/src/screens/WashScreen.tsx","458","ОКК-проверка","button","authorized role for capability","() => setModal('review')","YES","PASS","frontend/e2e/full-ui-interaction-sweep.spec.ts wash-message-okk-outcomes-isolated; runtime-wash-message-okk-outcomes-isolated.json; a controlled Russian review 409 remained visible with NEEDS_REWORK decision, comment, rating 7 and file retained, retry sent the exact operationId-bearing payload plus exact multipart WASH_OKK_REVIEW attachment, and the result card survived browser-memory reload on desktop/360/390/430. Backend persistence, OKK authority, storage authority, RBAC/factory scope, idempotency, audit and physical file/Android behavior are not inferred; all four widths"
"frontend/src/screens/WashScreen.tsx:460","Wash","frontend/src/screens/WashScreen.tsx","460","Проблема решена","button","authorized role for capability","() => { setSelectedIssueId(firstOpenIssue.id); setModal('resolveIssue'); }","NO","PASS","frontend/e2e/full-ui-interaction-sweep.spec.ts wash-active-completion-actions-isolated; runtime-wash-active-completion-actions-isolated.json; two exact issue PATCHes and two exact control-item PATCHes updated only their intended browser-memory records, while participant Actions carried the exact washSessionId/targetUserId context into the loaded Shift people sheet and layered browser Back restored the PEOPLE detail on desktop/360/390/430. Backend authority, persistence, concurrency, RBAC and audit are not inferred; all four widths"
"frontend/src/screens/WashScreen.tsx:462","Wash","frontend/src/screens/WashScreen.tsx","462","Завершить мойку","button","authorized role for capability","() => setModal('complete')","YES","PASS","frontend/e2e/full-ui-interaction-sweep.spec.ts wash-request-create-complete-outcomes-isolated; runtime-wash-request-create-complete-outcomes-isolated.json; controlled Russian completion 409 remained visible in the active modal, retry sent the exact operationId-bearing command, the session moved to the browser-memory archive, survived reload and browser Back restored the archive list on desktop/360/390/430. Backend persistence, authority, idempotency, audit and physical Android behavior are not inferred; all four widths"
"frontend/src/screens/WashScreen.tsx:477","Wash","frontend/src/screens/WashScreen.tsx","477","button:button @477","button","authorized role for capability","() => setDetailTab(value)","NO","PASS","frontend/e2e/full-ui-interaction-sweep.spec.ts wash-readonly; runtime-wash-readonly.json; every visible detail tab was selected and Overview restored on desktop/360/390/430; GET/read-only only; all four widths"
"frontend/src/screens/WashScreen.tsx:513","Wash","frontend/src/screens/WashScreen.tsx","513","Добавить человека","button","authorized role for capability","() => openWashAssignmentContext(current.id)","NO","PASS","frontend/e2e/full-ui-interaction-sweep.spec.ts wash-navigation-readonly; runtime-wash-navigation-readonly.json; detail Add person opened the same canonical Shift people sheet, layered Back restored exact Wash PEOPLE detail, and no assignment/wash write occurred; all four widths"
"frontend/src/screens/WashScreen.tsx:523","Wash","frontend/src/screens/WashScreen.tsx","523","Действия","button","authorized role for capability","() => openWashAssignmentContext(current.id, person.userId)","YES","PASS","frontend/e2e/full-ui-interaction-sweep.spec.ts wash-active-completion-actions-isolated; runtime-wash-active-completion-actions-isolated.json; two exact issue PATCHes and two exact control-item PATCHes updated only their intended browser-memory records, while participant Actions carried the exact washSessionId/targetUserId context into the loaded Shift people sheet and layered browser Back restored the PEOPLE detail on desktop/360/390/430. Backend authority, persistence, concurrency, RBAC and audit are not inferred; all four widths"
"frontend/src/screens/WashScreen.tsx:554","Wash","frontend/src/screens/WashScreen.tsx","554","Закрыть проблему","button","authorized role for capability","() => { setSelectedIssueId(issue.id); setModal('resolveIssue'); }","YES","PASS","frontend/e2e/full-ui-interaction-sweep.spec.ts wash-active-completion-actions-isolated; runtime-wash-active-completion-actions-isolated.json; two exact issue PATCHes and two exact control-item PATCHes updated only their intended browser-memory records, while participant Actions carried the exact washSessionId/targetUserId context into the loaded Shift people sheet and layered browser Back restored the PEOPLE detail on desktop/360/390/430. Backend authority, persistence, concurrency, RBAC and audit are not inferred; all four widths"
"frontend/src/screens/WashScreen.tsx:584","Wash","frontend/src/screens/WashScreen.tsx","584","Отметить выполненным","button","authorized role for capability","() => { setSelectedControlId(item.id); setModal('finishControl'); }","NO","PASS","frontend/e2e/full-ui-interaction-sweep.spec.ts wash-active-completion-actions-isolated; runtime-wash-active-completion-actions-isolated.json; two exact issue PATCHes and two exact control-item PATCHes updated only their intended browser-memory records, while participant Actions carried the exact washSessionId/targetUserId context into the loaded Shift people sheet and layered browser Back restored the PEOPLE detail on desktop/360/390/430. Backend authority, persistence, concurrency, RBAC and audit are not inferred; all four widths"
"frontend/src/screens/WashScreen.tsx:614","Wash","frontend/src/screens/WashScreen.tsx","614","Закрыть задание","button","authorized role for capability","() => { setSelectedControlId(item.id); setModal('finishControl'); }","YES","PASS","frontend/e2e/full-ui-interaction-sweep.spec.ts wash-active-completion-actions-isolated; runtime-wash-active-completion-actions-isolated.json; two exact issue PATCHes and two exact control-item PATCHes updated only their intended browser-memory records, while participant Actions carried the exact washSessionId/targetUserId context into the loaded Shift people sheet and layered browser Back restored the PEOPLE detail on desktop/360/390/430. Backend authority, persistence, concurrency, RBAC and audit are not inferred; all four widths"
"frontend/src/screens/WashScreen.tsx:779","Wash","frontend/src/screens/WashScreen.tsx","779","button:button @779","button","authorized role for capability","() => setReviewRating(value)","YES","PASS","frontend/e2e/full-ui-interaction-sweep.spec.ts wash-readonly plus wash-message-okk-outcomes-isolated; runtime-wash-readonly.json and runtime-wash-message-okk-outcomes-isolated.json; rating 7 visibly selected and reset after Cancel, then a fresh rating 7 was retained through a controlled Russian 409 and included in the exact successful review payload whose result survived browser-memory reload on desktop/360/390/430. Backend persistence, OKK authority, RBAC/factory scope, audit and physical Android behavior are not inferred; all four widths"
"frontend/src/screens/WashScreen.tsx:865","Wash","frontend/src/screens/WashScreen.tsx","865","Создать задание","button","authorized role for capability","() => setModal('request')","YES","PASS","frontend/e2e/full-ui-interaction-sweep.spec.ts wash-request-create-complete-outcomes-isolated; runtime-wash-request-create-complete-outcomes-isolated.json; the request form retained line/description/priority/comment/file after a controlled Russian 409, retry sent the exact operationId-bearing payload plus exact multipart attachment, the request survived browser-memory reload and no unhandled mutation reached the backend on desktop/360/390/430. Backend persistence, storage authority, RBAC, idempotency, audit and physical file/Android behavior are not inferred; all four widths"
"frontend/src/screens/WashScreen.tsx:866","Wash","frontend/src/screens/WashScreen.tsx","866","Начать мойку","button","authorized role for capability","() => setModal('start')","NO","PASS","frontend/e2e/full-ui-interaction-sweep.spec.ts wash-readonly plus wash-start-line-submit-isolated plus wash-start-other-outcome-isolated; the canonical start form opens, exact LINE and OTHER submits are browser-isolated, OTHER rejection/retry retains the draft and the named card/detail survive reload at desktop/360/390/430. Backend persistence/authority, RBAC/factory scope, audit/idempotency/concurrency and physical Android behavior are not inferred; all four widths"
"frontend/src/screens/WashScreen.tsx:882","Wash","frontend/src/screens/WashScreen.tsx","882","Активные","button","authorized role for capability","() => setListMode('ACTIVE')","NO","PASS","frontend/e2e/full-ui-interaction-sweep.spec.ts wash-readonly; runtime-wash-readonly.json; Requests, Archive and Active list modes rendered their outcomes on all four widths; no record or mutation opened; all four widths"
"frontend/src/screens/WashScreen.tsx:885","Wash","frontend/src/screens/WashScreen.tsx","885","Задания","button","authorized role for capability","() => setListMode('REQUESTS')","NO","PASS","frontend/e2e/full-ui-interaction-sweep.spec.ts wash-readonly; runtime-wash-readonly.json; Requests, Archive and Active list modes rendered their outcomes on all four widths; no record or mutation opened; all four widths"
"frontend/src/screens/WashScreen.tsx:888","Wash","frontend/src/screens/WashScreen.tsx","888","Архив","button","authorized role for capability","() => setListMode('ARCHIVE')","YES","PASS","frontend/e2e/full-ui-interaction-sweep.spec.ts wash-readonly; runtime-wash-readonly.json; Requests, Archive and Active list modes rendered their outcomes on all four widths; no record or mutation opened; all four widths"
"frontend/src/screens/WashScreen.tsx:994","Wash","frontend/src/screens/WashScreen.tsx","994","Закрыть","button","authorized role for capability","resetModal","NO","PASS","frontend/e2e/full-ui-interaction-sweep.spec.ts wash-readonly; runtime-wash-readonly.json; target toggle, OTHER text fields, focus-first/layer Back, header Close and footer Cancel were exercised locally with reset on reopen; no POST; all four widths"
"frontend/src/screens/WashScreen.tsx:997","Wash","frontend/src/screens/WashScreen.tsx","997","Линия","button","authorized role for capability","() => setWashStartType('LINE')","NO","PASS","frontend/e2e/full-ui-interaction-sweep.spec.ts wash-readonly; runtime-wash-readonly.json; target toggle, OTHER text fields, focus-first/layer Back, header Close and footer Cancel were exercised locally with reset on reopen; no POST; all four widths"
"frontend/src/screens/WashScreen.tsx:998","Wash","frontend/src/screens/WashScreen.tsx","998","Другое","button","authorized role for capability","() => setWashStartType('OTHER')","NO","PASS","frontend/e2e/full-ui-interaction-sweep.spec.ts wash-readonly; runtime-wash-readonly.json; target toggle, OTHER text fields, focus-first/layer Back, header Close and footer Cancel were exercised locally with reset on reopen; no POST; all four widths"
"frontend/src/screens/WashScreen.tsx:1004","Wash","frontend/src/screens/WashScreen.tsx","1004","Не выбрано","select","authorized role for capability","(event) => setWashStartLineId(event.target.value)","YES","PASS","frontend/e2e/full-ui-interaction-sweep.spec.ts wash-start-line-submit-isolated; runtime-wash-start-line-submit-isolated.json; a real stopped-line option was selected, browser Back closed the first draft without POST, and a second selection sent one exact LINE wash-start command whose browser-memory active session survived reload on desktop/360/390/430. Backend authority, persistence, concurrency, RBAC and audit are not inferred; all four widths"
"frontend/src/screens/WashScreen.tsx:1017","Wash","frontend/src/screens/WashScreen.tsx","1017","Например: стена у участка упаковки","input","authorized role for capability","(event) => setWashStartObjectName(event.target.value)","NO","PASS","frontend/e2e/full-ui-interaction-sweep.spec.ts wash-readonly plus wash-start-other-outcome-isolated; OTHER name/description are locally editable/resettable and separately retained through a controlled Russian 409, included in the exact successful payload, displayed in the named card/detail and preserved after browser-memory reload on desktop/360/390/430. Backend persistence/authority and physical keyboard/Android Back are not inferred; all four widths"
"frontend/src/screens/WashScreen.tsx:1021","Wash","frontend/src/screens/WashScreen.tsx","1021","Зона, оборудование, инвентарь или пояснение","textarea","authorized role for capability","(event) => setWashStartObjectDescription(event.target.value)","NO","PASS","frontend/e2e/full-ui-interaction-sweep.spec.ts wash-readonly plus wash-start-other-outcome-isolated; OTHER name/description are locally editable/resettable and separately retained through a controlled Russian 409, included in the exact successful payload, displayed in the named card/detail and preserved after browser-memory reload on desktop/360/390/430. Backend persistence/authority and physical keyboard/Android Back are not inferred; all four widths"
"frontend/src/screens/WashScreen.tsx:1027","Wash","frontend/src/screens/WashScreen.tsx","1027","Начать мойку","button","authorized role for capability","native form interaction","NO","PASS","frontend/e2e/full-ui-interaction-sweep.spec.ts wash-start-line-submit-isolated plus wash-start-other-outcome-isolated; runtime-wash-start-line-submit-isolated.json and runtime-wash-start-other-outcome-isolated.json; the shared submit sends exact LINE and OTHER operationId-bearing payloads, with OTHER Russian 409 retention/retry, named card/detail, reload and two-stage focus/layer Back proved on desktop/360/390/430. Backend persistence/authority, RBAC/factory scope, audit/idempotency/concurrency and physical Android behavior are not inferred; all four widths"
"frontend/src/screens/WashScreen.tsx:1028","Wash","frontend/src/screens/WashScreen.tsx","1028","Отмена","button","authorized role for capability","resetModal","NO","PASS","frontend/e2e/full-ui-interaction-sweep.spec.ts wash-readonly; runtime-wash-readonly.json; target toggle, OTHER text fields, focus-first/layer Back, header Close and footer Cancel were exercised locally with reset on reopen; no POST; all four widths"
