"surfaceId","module","source","parentSurface","routeOrState","role","reachable","classification","tested","evidence","factoryScope","fetches","mutations","realtime","historyLink"
"MAIN-HOME","Главная / гостевой старт","frontend/src/App.tsx","HOME","main-home","Guest; authenticated shell","YES","CURRENT_REACHABLE_BASELINE","PARTIAL_SCOPED_EVIDENCE","Selected-factory Guest entry renders canonical home/card in four-width retained guest tests. LIMITS: Not every authenticated role-home route. Baseline entry is retained, not merged with child guest state. See surface-reconciliation.json#MAIN-HOME","selectedFactoryId","/auth/me; /auth/factories","None or delegated to explicit action surface","auth_context_changed","AuditLog login/access"
"MAIN-SHIFT","Смена","frontend/src/screens/ShiftPeopleScreen.tsx","SHIFT","main-shift","By shift/self/manage permissions","YES","CURRENT_REACHABLE_BASELINE","PARTIAL_SCOPED_EVIDENCE","Four-width current/future/past entries and nested Close/backdrop/browser Back in retained workbench evidence. LIMITS: Not all role/line/person actions or shift-time formulas; synthetic attendance rows used for deterministic picker paths. See surface-reconciliation.json#MAIN-SHIFT","factory + canonical DAY/NIGHT window","/shift/*; /lines/*; /assignments/*; /work-areas/*","None or delegated to explicit action surface","shift_updated + assignment_updated + line_updated","shift/past + Assignment history + ShiftLog snapshot"
"MAIN-SHIFT-HISTORY","История смен работника","frontend/src/screens/ShiftPeopleScreen.tsx","SHIFT","main-shift-history","By shift/self/manage permissions","YES","CURRENT_REACHABLE_BASELINE","PARTIAL_SCOPED_EVIDENCE","Four-width historyOnly personal archived shift exact GET and UI/browser Back to calendar; both month controls use past-shift endpoint. LIMITS: One retained historical date/type, not every date, employee or history completeness proof. See surface-reconciliation.json#MAIN-SHIFT-HISTORY","factory + canonical DAY/NIGHT window","/shift/*; /lines/*; /assignments/*; /work-areas/*","None or delegated to explicit action surface","shift_updated + assignment_updated + line_updated","shift/past + Assignment history + ShiftLog snapshot"
"MAIN-PEOPLE","Люди","frontend/src/screens/PeopleScreen.tsx","PEOPLE","main-people","By people/profile permissions","YES","CURRENT_REACHABLE_BASELINE","PARTIAL_SCOPED_EVIDENCE","Four-width real directory refresh200, all/on/off-shift query and row states; bounded503 then real retry200; exact profile open/close. LIMITS: Not all role/company/department visibility proof. Linked task navigation defect retained separately. See surface-reconciliation.json#MAIN-PEOPLE","factory + department/company visibility","/people; /people/search; /people/:id","None or delegated to explicit action surface","operational invalidation for assignment state","assignment history + audit notes/actions"
"MAIN-ADMIN","Администрирование","frontend/src/screens/AdminConfigScreen.tsx","ADMIN","main-admin","ADMIN plus limited delegated managers","YES","CURRENT_REACHABLE_BASELINE","REVALIDATION_REQUIRED","Evidence/source hash changed; revalidate mapping. LIMITS: Not blanket proof for nested forms or limited-manager branches. No administrative mutations proved by navigation. See surface-reconciliation.json#MAIN-ADMIN","selected factory; global service rules explicit","/admin/* plus module settings endpoints","None or delegated to explicit action surface","auth_context_changed on access changes","AuditLog + admin audit read model"
"MAIN-LINES","Линии","frontend/src/screens/SituationScreen.tsx","LINES","main-lines","lines.read","YES","CURRENT_REACHABLE_BASELINE","PARTIAL_SCOPED_EVIDENCE","Four-width real line list/detail GET paths and return; canonical Wash/Defrost/Shift context navigation without writes. Additional read-only four-width target proves exact received-name multiset and section count for RUNNING/DOWNTIME/DEFROST/STOPPED; no line/wash commands. Browser-only wash membership four widths: active linked WASH session visible; inactive/unlinked/RUNNING-linked absent; no commands. Not backend proof. LIMITS: Not all role/filter/line-state content acceptance. See surface-reconciliation.json#MAIN-LINES","factory + visible runtime rows","/lines; /lines/:id/*; /wash; /work-areas","None or delegated to explicit action surface","line/shift/assignment/wash invalidation","line timeline + archive + ops metrics"
"MAIN-TASKS","Заявки","frontend/src/screens/TasksScreen.tsx","TASKS","main-tasks","tasks.read","YES","CURRENT_REACHABLE_BASELINE","PARTIAL_SCOPED_EVIDENCE","Four-width board/filter/detail GET and layered return paths in retained readonly evidence. LIMITS: UI-SWEEP-063 source navigation and other task findings retained; not full role/authority acceptance. See surface-reconciliation.json#MAIN-TASKS","factory + recipient/department visibility","/tasks/*; /tasks/recipient-departments","None or delegated to explicit action surface","task_updated","TaskHistory + archive + audit"
"MAIN-WASH","Мойка","frontend/src/screens/WashScreen.tsx","WASH","main-wash","wash read/control roles","YES","CURRENT_REACHABLE_BASELINE","PARTIAL_SCOPED_EVIDENCE","Three list modes and ordinary active detail UI/browser return at four widths. LIMITS: UI-SWEEP-014 fixture provenance finding remains; no full lifecycle acceptance. See surface-reconciliation.json#MAIN-WASH","factory + session entity access","/wash/*","None or delegated to explicit action surface","wash_updated + assignment_updated","wash archive/events + audit"
"MAIN-OKK","ОКК / Брак","frontend/src/screens/OkkScreen.tsx","OKK","main-okk","okk.read","YES","CURRENT_REACHABLE_BASELINE","PARTIAL_SCOPED_EVIDENCE","Active/archive entry and corresponding card/detail titles at four widths. LIMITS: Not all field values/roles or operation outcomes independently proved. See surface-reconciliation.json#MAIN-OKK","factory","/okk/*; /directory/users; /lines","None or delegated to explicit action surface","okk_updated emitted; quantity_release_updated consumed","OKK archive + audit"
"MAIN-STOCK","Некондиция","frontend/src/screens/StockScreen.tsx","STOCK","main-stock","stock.read","YES","CURRENT_REACHABLE_BASELINE","PARTIAL_SCOPED_EVIDENCE","Retained GET and detail/draft entry with list preservation on four widths. LIMITS: No separate archive tab exists in current StockScreen; baseline archive requires mapping elsewhere, not removal. Numeric historic title uses name/displayName/productName, not direct id fallback. See surface-reconciliation.json#MAIN-STOCK","factory","/stock/*","None or delegated to explicit action surface","manual/local refresh","stock archive + audit"
"MAIN-ORDERS","Заказы / Остатки","frontend/src/screens/OrdersStockScreen.tsx","ORDERS","main-orders","orders.read","YES","CURRENT_REACHABLE_BASELINE","PARTIAL_SCOPED_EVIDENCE","Retained tab/filter/detail read-only entry on four widths. LIMITS: Command success and all role states not proved. See surface-reconciliation.json#MAIN-ORDERS","factory + department","/orders/*","None or delegated to explicit action surface","orders_updated","movements/order archive + audit"
"MAIN-CHECKLISTS","Чек-листы","frontend/src/screens/ChecklistsScreen.tsx","CHECKLISTS","main-checklists","checklist permissions","YES","CURRENT_REACHABLE_BASELINE","PARTIAL_SCOPED_EVIDENCE","Workspace and available/template/archive entry paths at four widths. LIMITS: Not all role/department/personal access states accepted. See surface-reconciliation.json#MAIN-CHECKLISTS","factory + department + assignee + line","/checklists/*; /directory/*","None or delegated to explicit action surface","checklist_updated invalidation","archive/journal/reports + audit"
"MAIN-DEFROST","Оттайка","frontend/src/screens/DefrostScreen.tsx","DEFROST","main-defrost","defrost permissions (gap)","YES","CURRENT_REACHABLE_BASELINE","PARTIAL_SCOPED_EVIDENCE","Working/defrost list filters and empty state at four widths. LIMITS: Historical role context; all line states/authority not inferred. See surface-reconciliation.json#MAIN-DEFROST","factory","/defrost/*","None or delegated to explicit action surface","line_updated only","defrost calendar/archive + audit"
"MAIN-RETURNS","Возвраты на производство","frontend/src/screens/ReturnsScreen.tsx","RETURNS","main-returns","publication/read policy (gap)","YES","CURRENT_REACHABLE_BASELINE","PARTIAL_SCOPED_EVIDENCE","Retained feed/archive details match title/reason and preserve list on Back. LIMITS: All roles/records and backend scope not inferred. See surface-reconciliation.json#MAIN-RETURNS","factory","/returns/*","None or delegated to explicit action surface","quantity_release_updated","returns archive + audit"
"MAIN-LOG","Пересменка / Журнал","frontend/src/screens/ShiftLogScreen.tsx","LOG","main-log","shift-log permissions","YES","CURRENT_REACHABLE_BASELINE","PARTIAL_SCOPED_EVIDENCE","Retained four-width entry, active/archive tabs and filter queries. LIMITS: UI-SWEEP-036 archive detail failure remains; not full journal acceptance. See surface-reconciliation.json#MAIN-LOG","factory + department + shift window","/shift-log/*","None or delegated to explicit action surface","notification on important; reload/manual","shift-log archive/snapshots + audit"
"MAIN-CHATS","Чаты","frontend/src/screens/ChatsScreen.tsx","CHATS","main-chats","chat members/read","YES","CURRENT_REACHABLE_BASELINE","PARTIAL_SCOPED_EVIDENCE","List filters/search and selected dialog read-only entry/return at four widths. LIMITS: Historical role scope; realtime delivery not inferred. See surface-reconciliation.json#MAIN-CHATS","factory + participant/department/company chat visibility","/chats/*; /directory/*","None or delegated to explicit action surface","chat_updated to participants","soft-deleted message history + audit moderation"
"MAIN-ANNOUNCEMENTS","Объявления","frontend/src/screens/AnnouncementsScreen.tsx","ANNOUNCEMENTS","main-announcements","audience/read/publish","YES","CURRENT_REACHABLE_BASELINE","PARTIAL_SCOPED_EVIDENCE","Three tabs and management refresh issue expected read-only GETs at four widths. LIMITS: Historical evidence; UI-SWEEP-046 archive diagnostic visibility remains. See surface-reconciliation.json#MAIN-ANNOUNCEMENTS","factory + recipient audience","/announcements/*","None or delegated to explicit action surface","notification_created/unread refresh","announcement archive + acknowledgement report + audit"
"MAIN-ARCHIVE","Архив","frontend/src/screens/ArchiveScreen.tsx","ARCHIVE","main-archive","per-source permission","YES","CURRENT_REACHABLE_BASELINE","PARTIAL_SCOPED_EVIDENCE","ADMIN catalogue entry, category queries and UI return on desktop/360/390/430. LIMITS: Not every permitted role or current runtime state; historical evidence. See surface-reconciliation.json#MAIN-ARCHIVE","factory + source entity visibility","/archive/*","None or delegated to explicit action surface","explicit reload/filter","source histories + audit"
"MAIN-NOTIFICATIONS","Уведомления","frontend/src/screens/NotificationsScreen.tsx","NOTIFICATIONS","main-notifications","recipient","YES","CURRENT_REACHABLE_BASELINE","PARTIAL_SCOPED_EVIDENCE","Bell opens notification screen and screen Back restores Shift at four widths in retained read-only run. LIMITS: All notification sources/roles not accepted; UI-SWEEP-044 remains, navigation does not prove read mutation. See surface-reconciliation.json#MAIN-NOTIFICATIONS","recipient user + factory","/notifications/*; /push/*","None or delegated to explicit action surface","notification_created + count_changed","notification list/read state"
"MAIN-OPS","Статистика / Аудит","frontend/src/screens/OpsAuditScreen.tsx","OPS","main-ops","MANAGEMENT/ADMIN current role overlay","YES","CURRENT_REACHABLE_BASELINE","PARTIAL_SCOPED_EVIDENCE","Retained ADMIN entry and five-tab interaction sequence at desktop/360/390/430. LIMITS: Historical UI evidence; other roles, current runtime and KPI semantics not accepted. See surface-reconciliation.json#MAIN-OPS","factory + period/line/department","/ops/*","None or delegated to explicit action surface","manual/filter refresh","AuditLog + source histories"
"MAIN-REPORT","Сообщить об ошибке","frontend/src/screens/BugReportScreen.tsx","REPORT","main-report","All users; ADMIN inbox","YES","CURRENT_REACHABLE_BASELINE","PARTIAL_SCOPED_EVIDENCE","WORKER form and ADMIN empty list rendered on four widths in retained read-only captures; WORKER has no admin list. LIMITS: UI visibility is not backend denial; current runtime and all roles not inferred. See surface-reconciliation.json#MAIN-REPORT","author/admin + factory","/error-reports/*","None or delegated to explicit action surface","manual refresh","status/audit + external file export"
"SUB-AUTH-LOGIN","Вход","frontend/src/App.tsx","AUTH","sub-auth-login","Unauthenticated / pending auth","YES","CURRENT_REACHABLE_BASELINE","PARTIAL_SCOPED_EVIDENCE","App delegates entry to FactorySelectScreen; retained four-width real login 201, auth/me 200 and factory selection; local invalid login sends no request. LIMITS: PWA install affordance absent (UI-SWEEP-069); physical install pending. All login failures not covered here. See surface-reconciliation.json#SUB-AUTH-LOGIN","factory access chosen after auth","/auth/login; /auth/register; /auth/password/*","None or delegated to explicit action surface","auth_context_changed","AuditLog"
"SUB-AUTH-REGISTER","Регистрация","frontend/src/App.tsx","AUTH","sub-auth-register","Unauthenticated / pending auth","YES","CURRENT_REACHABLE_BASELINE","PARTIAL_SCOPED_EVIDENCE","Local mismatch validation/Back and the exact browser-isolated successful registration UI outcome are proved at desktop/360/390/430. A visible Russian 409 retains all fields; retry reuses the same operationId, opens the guest factory picker, browser Back exposes the completion/waiting state and authenticated browser-memory reload restores the picker. LIMITS: Registration and auth/me were intercepted. Actual backend user creation, credential persistence, audit/rate limiting/concurrency and physical Android Back/keyboard are not inferred. See surface-reconciliation.json#SUB-AUTH-REGISTER","factory access chosen after auth","/auth/login; /auth/register; /auth/password/*","None or delegated to explicit action surface","auth_context_changed","AuditLog"
"SUB-AUTH-FIRST-PASSWORD","Первичная смена пароля","frontend/src/App.tsx","AUTH","sub-auth-first-password","Unauthenticated / pending auth","YES","CURRENT_REACHABLE_BASELINE","PARTIAL_SCOPED_EVIDENCE","Isolated exact set-password submit, mismatch rejection, resulting picker and reload/Back at four widths. LIMITS: Browser-intercepted writes; actual credential persistence and backend authority not inferred. See surface-reconciliation.json#SUB-AUTH-FIRST-PASSWORD","factory access chosen after auth","/auth/login; /auth/register; /auth/password/*","None or delegated to explicit action surface","auth_context_changed","AuditLog"
"SUB-FACTORY-SELECT","Выбор доступного завода","frontend/src/screens/FactorySelectScreen.tsx","FACTORY","sub-factory-select","Any authenticated access holder","YES","CURRENT_REACHABLE_BASELINE","PARTIAL_SCOPED_EVIDENCE","Real login, automatic picker, Back, explicit reopen and factory 4 auth/me outcome at four widths. LIMITS: All factory/access combinations not blanket accepted; historical pilot context. See surface-reconciliation.json#SUB-FACTORY-SELECT","allowed factory only","/auth/factories; /auth/select-factory","None or delegated to explicit action surface","reconnect after context switch","AuditLog factory selection"
"SUB-FACTORY-SWITCH","Переключение завода в активной сессии","frontend/src/screens/FactorySelectScreen.tsx","FACTORY","sub-factory-switch","Any authenticated access holder","YES","CURRENT_REVALIDATION_REQUIRED","PARTIAL_SCOPED_EVIDENCE","App clears local factory context, picker opens, same factory 4 restored with auth session at four widths. LIMITS: Not transition to a distinct factory or cross-factory authority proof. See surface-reconciliation.json#SUB-FACTORY-SWITCH","allowed factory only","/auth/factories; /auth/select-factory","None or delegated to explicit action surface","reconnect after context switch","AuditLog factory selection"
"SUB-GUEST-ASSIGNMENT","Заявка гостя на назначение","frontend/src/screens/FactorySelectScreen.tsx","FACTORY","sub-guest-assignment","Any authenticated access holder","YES","CURRENT_REACHABLE_BASELINE","PARTIAL_SCOPED_EVIDENCE","Historical owner corrected by mapping: selected-factory Home owns collapsed/pending assignment card, not FactorySelect. Exact intercepted submit produces pending and hides duplicate affordance after reload at four widths. LIMITS: Backend write/idempotency/authority not proved; baseline ID retained with owner correction, not extra current-state denominator. See surface-reconciliation.json#SUB-GUEST-ASSIGNMENT","allowed factory only","/auth/factories; /auth/select-factory","None or delegated to explicit action surface","reconnect after context switch","AuditLog factory selection"
"SUB-GUEST-HOME","Гостевой стартовый экран","frontend/src/App.tsx","HOME","sub-guest-home","Guest; authenticated shell","YES","CURRENT_REACHABLE_BASELINE","PARTIAL_SCOPED_EVIDENCE","GuestHomeScreen renders assignment card; real guest draft sequence and browser-isolated pending state at four widths. LIMITS: Assigned/rejected/cancelled/load-error variants and live role refresh not proved here. See surface-reconciliation.json#SUB-GUEST-HOME","selectedFactoryId","/auth/me; /auth/factories","None or delegated to explicit action surface","auth_context_changed","AuditLog login/access"
"SUB-SHIFT-CURRENT","Текущая смена","frontend/src/screens/ShiftPeopleScreen.tsx","SHIFT","sub-shift-current","By shift/self/manage permissions","YES","CURRENT_REACHABLE_BASELINE","PARTIAL_SCOPED_EVIDENCE","Four-width current context retained after picker Close/backdrop/Back with no command. LIMITS: No start/end/assignment or real-time transition proof from viewing current context. See surface-reconciliation.json#SUB-SHIFT-CURRENT","factory + canonical DAY/NIGHT window","/shift/*; /lines/*; /assignments/*; /work-areas/*","None or delegated to explicit action surface","shift_updated + assignment_updated + line_updated","shift/past + Assignment history + ShiftLog snapshot"
"SUB-SHIFT-FUTURE","Следующая смена / план","frontend/src/screens/ShiftPeopleScreen.tsx","SHIFT","sub-shift-future","By shift/self/manage permissions","YES","CURRENT_REACHABLE_BASELINE","PARTIAL_SCOPED_EVIDENCE","Four-width canonical future target selection retained after GET-backed refresh; next planning panels and local filters open without commands. LIMITS: next/future remain distinct shiftTab values. Empty planned-lines Open draft branch absent in retained runtime; no planning persistence inferred. See surface-reconciliation.json#SUB-SHIFT-FUTURE","factory + canonical DAY/NIGHT window","/shift/*; /lines/*; /assignments/*; /work-areas/*","None or delegated to explicit action surface","shift_updated + assignment_updated + line_updated","shift/past + Assignment history + ShiftLog snapshot"
"SUB-SHIFT-CONTRACTORS","План и факт наёмных","frontend/src/screens/ShiftPeopleScreen.tsx","SHIFT","sub-shift-contractors","By shift/self/manage permissions","YES","CURRENT_REACHABLE_BASELINE","PARTIAL_SCOPED_EVIDENCE","Four-width planning read models; isolated contractor-lead arrival/absence/replacement commands change intended browser rows, next plan exact selected users and cleared selection. LIMITS: Browser state only; no actual company/factory isolation, arrival or plan persistence, concurrent submission proof. See surface-reconciliation.json#SUB-SHIFT-CONTRACTORS","factory + canonical DAY/NIGHT window","/shift/*; /lines/*; /assignments/*; /work-areas/*","None or delegated to explicit action surface","shift_updated + assignment_updated + line_updated","shift/past + Assignment history + ShiftLog snapshot"
"SUB-SHIFT-PAST","Календарь прошлых смен","frontend/src/screens/ShiftPeopleScreen.tsx","SHIFT","sub-shift-past","By shift/self/manage permissions","YES","CURRENT_REACHABLE_BASELINE","PARTIAL_SCOPED_EVIDENCE","Four-width past GET detail/read-only tabs and personal calendar month navigation/return. LIMITS: Current mode and historyOnly share owner but are not interchangeable role/visibility proof; history contents not exhaustively checked. See surface-reconciliation.json#SUB-SHIFT-PAST","factory + canonical DAY/NIGHT window","/shift/*; /lines/*; /assignments/*; /work-areas/*","None or delegated to explicit action surface","shift_updated + assignment_updated + line_updated","shift/past + Assignment history + ShiftLog snapshot"
"SUB-SHIFT-HANDOVER","Сводка передачи смены","frontend/src/screens/ShiftPeopleScreen.tsx","SHIFT","sub-shift-handover","By shift/self/manage permissions","YES","CURRENT_REACHABLE_BASELINE","PARTIAL_SCOPED_EVIDENCE","Four-width previous handover exact fixture load/read receipt, Close/Back, prepare refresh preserving comment, intercepted single submit replacing draft with snapshot. LIMITS: No backend immutable snapshot/persistence/formula or department authority proof; task section navigation is not exact card opening proof. See surface-reconciliation.json#SUB-SHIFT-HANDOVER","factory + canonical DAY/NIGHT window","/shift/*; /lines/*; /assignments/*; /work-areas/*","None or delegated to explicit action surface","shift_updated + assignment_updated + line_updated","shift/past + Assignment history + ShiftLog snapshot"
"SUB-SHIFT-LINES","Линии текущей смены","frontend/src/screens/ShiftPeopleScreen.tsx","SHIFT","sub-shift-lines","By shift/self/manage permissions","YES","CURRENT_REACHABLE_BASELINE","PARTIAL_SCOPED_EVIDENCE","Four-width operational KPI switches and exact line dashboard/activity GET refresh retain line context. LIMITS: Not every line/status population or authority proof. See surface-reconciliation.json#SUB-SHIFT-LINES","factory + canonical DAY/NIGHT window","/shift/*; /lines/*; /assignments/*; /work-areas/*","None or delegated to explicit action surface","shift_updated + assignment_updated + line_updated","shift/past + Assignment history + ShiftLog snapshot"
"SUB-SHIFT-WORKAREAS","Повременщики и рабочие зоны","frontend/src/screens/ShiftPeopleScreen.tsx","SHIFT","sub-shift-workareas","By shift/self/manage permissions","YES","CURRENT_REACHABLE_BASELINE","PARTIAL_SCOPED_EVIDENCE","Four-width exact browser-fixture area card/board and explicit Close returns to Shift. LIMITS: Not full real work-area list or department visibility proof. See surface-reconciliation.json#SUB-SHIFT-WORKAREAS","factory + canonical DAY/NIGHT window","/shift/*; /lines/*; /assignments/*; /work-areas/*","None or delegated to explicit action surface","shift_updated + assignment_updated + line_updated","shift/past + Assignment history + ShiftLog snapshot"
"SUB-SHIFT-PEOPLE","Люди текущей смены","frontend/src/screens/ShiftPeopleScreen.tsx","SHIFT","sub-shift-people","By shift/self/manage permissions","YES","CURRENT_REACHABLE_BASELINE","PARTIAL_SCOPED_EVIDENCE","Four-width people panel/filter and deterministic free/assigned WORKER actions via intercepted read rows. LIMITS: Synthetic attendance is not actual shift membership or all role proof. See surface-reconciliation.json#SUB-SHIFT-PEOPLE","factory + canonical DAY/NIGHT window","/shift/*; /lines/*; /assignments/*; /work-areas/*","None or delegated to explicit action surface","shift_updated + assignment_updated + line_updated","shift/past + Assignment history + ShiftLog snapshot"
"SUB-LINES-ACTIVE","Активные линии","frontend/src/screens/SituationScreen.tsx","LINES","sub-lines-active","lines.read","YES","CURRENT_REACHABLE_BASELINE","PARTIAL_SCOPED_EVIDENCE","Current workingLines section selects RUNNING at289 and renders work cards at608; retained four-width list/detail navigation. Additional read-only four-width target proves exact received-name multiset and section count for RUNNING/DOWNTIME/DEFROST/STOPPED; no line/wash commands. LIMITS: Current ADMIN received-list display proof only; backend state formula, other roles and changes during refresh not proved. See surface-reconciliation.json#SUB-LINES-ACTIVE","factory + visible runtime rows","/lines; /lines/:id/*; /wash; /work-areas","None or delegated to explicit action surface","line/shift/assignment/wash invalidation","line timeline + archive + ops metrics"
"SUB-LINES-STOPPED","Остановленные линии / простои","frontend/src/screens/SituationScreen.tsx","LINES","sub-lines-stopped","lines.read","YES","CURRENT_REACHABLE_BASELINE","PARTIAL_SCOPED_EVIDENCE","Current STOPPED details section at639 and start picker; four-width real stopped row opens start draft and Back restores picker. Additional read-only four-width target proves exact received-name multiset and section count for RUNNING/DOWNTIME/DEFROST/STOPPED; no line/wash commands. LIMITS: Current ADMIN exact received-list membership proved; successful start, backend transition authority and live refresh not proved. See surface-reconciliation.json#SUB-LINES-STOPPED","factory + visible runtime rows","/lines; /lines/:id/*; /wash; /work-areas","None or delegated to explicit action surface","line/shift/assignment/wash invalidation","line timeline + archive + ops metrics"
"SUB-TASKS-BOARD","Доска заявок","frontend/src/screens/TasksScreen.tsx","TASKS","sub-tasks-board","tasks.read","YES","CURRENT_REACHABLE_BASELINE","PARTIAL_SCOPED_EVIDENCE","Four-width applied query changes results and reset restores list; selected detail refresh200. LIMITS: Not board completeness/status formulas or all users proof. See surface-reconciliation.json#SUB-TASKS-BOARD","factory + recipient/department visibility","/tasks/*; /tasks/recipient-departments","None or delegated to explicit action surface","task_updated","TaskHistory + archive + audit"
"SUB-TASKS-ARCHIVE","Архив и метрики заявок","frontend/src/screens/TasksScreen.tsx","TASKS","sub-tasks-archive","tasks.read","YES","CURRENT_REACHABLE_BASELINE","PARTIAL_SCOPED_EVIDENCE","Four-width archive summary200 and exact date/line/department/assignee/type/status/shift GET parameters; reopen preserves filters. LIMITS: Not archive formulas/content correctness or hidden-data authority proof. See surface-reconciliation.json#SUB-TASKS-ARCHIVE","factory + recipient/department visibility","/tasks/*; /tasks/recipient-departments","None or delegated to explicit action surface","task_updated","TaskHistory + archive + audit"
"SUB-WASH-ACTIVE","Активные мойки","frontend/src/screens/WashScreen.tsx","WASH","sub-wash-active","wash read/control roles","YES","CURRENT_REACHABLE_BASELINE","PARTIAL_SCOPED_EVIDENCE","Active mode restored; isolated line start creates same browser-memory session after reload. LIMITS: No actual start/line-state persistence or concurrency proof. See surface-reconciliation.json#SUB-WASH-ACTIVE","factory + session entity access","/wash/*","None or delegated to explicit action surface","wash_updated + assignment_updated","wash archive/events + audit"
"SUB-WASH-REQUESTS","Задания на мойку","frontend/src/screens/WashScreen.tsx","WASH","sub-wash-requests","wash read/control roles","YES","CURRENT_REACHABLE_BASELINE","PARTIAL_SCOPED_EVIDENCE","Request list mode; isolated take/start/reopen uses exact request/session. LIMITS: No actual request authority/persistence/idempotency proof. See surface-reconciliation.json#SUB-WASH-REQUESTS","factory + session entity access","/wash/*","None or delegated to explicit action surface","wash_updated + assignment_updated","wash archive/events + audit"
"SUB-WASH-ARCHIVE","Архив моек","frontend/src/screens/WashScreen.tsx","WASH","sub-wash-archive","wash read/control roles","YES","CURRENT_REACHABLE_BASELINE","PARTIAL_SCOPED_EVIDENCE","Archive list mode renders and returns Active. LIMITS: No exact archive detail/history or record-provenance acceptance. See surface-reconciliation.json#SUB-WASH-ARCHIVE","factory + session entity access","/wash/*","None or delegated to explicit action surface","wash_updated + assignment_updated","wash archive/events + audit"
"SUB-WASH-OVERVIEW","Обзор активной мойки","frontend/src/screens/WashScreen.tsx","WASH","sub-wash-overview","wash read/control roles","YES","CURRENT_REACHABLE_BASELINE","PARTIAL_SCOPED_EVIDENCE","Role-visible detail tabs select their own panel; Overview restored. LIMITS: Visible tab selection not exact overview read-model validation. See surface-reconciliation.json#SUB-WASH-OVERVIEW","factory + session entity access","/wash/*","None or delegated to explicit action surface","wash_updated + assignment_updated","wash archive/events + audit"
"SUB-WASH-PEOPLE","Люди на мойке","frontend/src/screens/WashScreen.tsx","WASH","sub-wash-people","wash read/control roles","YES","CURRENT_REACHABLE_BASELINE","PARTIAL_SCOPED_EVIDENCE","People tab plus card/detail person entry to Shift; layered Back restores exact PEOPLE detail. LIMITS: No person assignment mutation or history integrity proof. See surface-reconciliation.json#SUB-WASH-PEOPLE","factory + session entity access","/wash/*","None or delegated to explicit action surface","wash_updated + assignment_updated","wash archive/events + audit"
"SUB-WASH-ISSUES","Проблемы мойки","frontend/src/screens/WashScreen.tsx","WASH","sub-wash-issues","wash read/control roles","YES","CURRENT_REACHABLE_BASELINE","PARTIAL_SCOPED_EVIDENCE","Issues tab; separate intercepted issue PATCHes update targeted browser-memory records. LIMITS: No backend authority/persistence or all issue states proved. See surface-reconciliation.json#SUB-WASH-ISSUES","factory + session entity access","/wash/*","None or delegated to explicit action surface","wash_updated + assignment_updated","wash archive/events + audit"
"SUB-WASH-TASKS","Мини-задания мойки","frontend/src/screens/WashScreen.tsx","WASH","sub-wash-tasks","wash read/control roles","YES","CURRENT_REACHABLE_BASELINE","PARTIAL_SCOPED_EVIDENCE","Tasks panel selected; isolated control-item completion/close updates targeted records. LIMITS: Browser fixtures do not prove real task ownership/persistence. See surface-reconciliation.json#SUB-WASH-TASKS","factory + session entity access","/wash/*","None or delegated to explicit action surface","wash_updated + assignment_updated","wash archive/events + audit"
"SUB-WASH-CONTROL","Контроль мойки","frontend/src/screens/WashScreen.tsx","WASH","sub-wash-control","wash read/control roles","YES","CURRENT_REACHABLE_BASELINE","PARTIAL_SCOPED_EVIDENCE","Control panel selected in retained role-visible tab sequence. LIMITS: Not all control items/statuses, lower content or permission checks proved. See surface-reconciliation.json#SUB-WASH-CONTROL","factory + session entity access","/wash/*","None or delegated to explicit action surface","wash_updated + assignment_updated","wash archive/events + audit"
"SUB-WASH-FEED","Лента событий мойки","frontend/src/screens/WashScreen.tsx","WASH","sub-wash-feed","wash read/control roles","YES","CURRENT_REACHABLE_BASELINE","PARTIAL_SCOPED_EVIDENCE","Feed panel selected in retained role-visible tab sequence. LIMITS: Exact event ordering/content/history not independently proved. See surface-reconciliation.json#SUB-WASH-FEED","factory + session entity access","/wash/*","None or delegated to explicit action surface","wash_updated + assignment_updated","wash archive/events + audit"
"SUB-WASH-OKK","ОКК-проверка мойки","frontend/src/screens/WashScreen.tsx","WASH","sub-wash-okk","wash read/control roles","YES","CURRENT_REACHABLE_BASELINE","PARTIAL_SCOPED_EVIDENCE","The OKK detail tab selects the exact panel. A browser-isolated NEEDS_REWORK review with rating 7, comment, author, time and attachment renders after retry and remains after reload at desktop/360/390/430. LIMITS: Browser-intercepted read model only. Historical backend persistence, OKK authority, RBAC/factory scope, audit and physical device behavior are not inferred. See surface-reconciliation.json#SUB-WASH-OKK","factory + session entity access","/wash/*","None or delegated to explicit action surface","wash_updated + assignment_updated","wash archive/events + audit"
"SUB-OKK-ACTIVE","Активные записи брака","frontend/src/screens/OkkScreen.tsx","OKK","sub-okk-active","okk.read","YES","CURRENT_REACHABLE_BASELINE","PARTIAL_SCOPED_EVIDENCE","Active record detail and UI/browser Back preserve tab/card count. LIMITS: No complete active-filter/backend authority proof. See surface-reconciliation.json#SUB-OKK-ACTIVE","factory","/okk/*; /directory/users; /lines","None or delegated to explicit action surface","okk_updated emitted; quantity_release_updated consumed","OKK archive + audit"
"SUB-OKK-ARCHIVE","Архив брака","frontend/src/screens/OkkScreen.tsx","OKK","sub-okk-archive","okk.read","YES","CURRENT_REACHABLE_BASELINE","PARTIAL_SCOPED_EVIDENCE","Archived record detail and UI/browser Back preserve tab/card count. LIMITS: All archived records/diagnostic filtering and role scope not inferred. See surface-reconciliation.json#SUB-OKK-ARCHIVE","factory","/okk/*; /directory/users; /lines","None or delegated to explicit action surface","okk_updated emitted; quantity_release_updated consumed","OKK archive + audit"
"SUB-STOCK-ACTIVE","Активная некондиция","frontend/src/screens/StockScreen.tsx","STOCK","sub-stock-active","stock.read","YES","CURRENT_REACHABLE_BASELINE","PARTIAL_SCOPED_EVIDENCE","List/detail Back retains count; isolated create adds intended card and archive removes intended card after reload. LIMITS: Browser-memory outcomes do not prove real archival filtering or backend persistence. See surface-reconciliation.json#SUB-STOCK-ACTIVE","factory","/stock/*","None or delegated to explicit action surface","manual/local refresh","stock archive + audit"
"SUB-STOCK-ARCHIVE","Архив некондиции","frontend/src/screens/StockScreen.tsx","STOCK","sub-stock-archive","stock.read","YES","CURRENT_REACHABLE_BASELINE","PARTIAL_SCOPED_EVIDENCE","Archive catalogue stock section uses canonical ArchiveScreen selectedSection, statuses ON_STOCK/ISSUED/ARCHIVED; retained four-width category query/heading/return evidence. LIMITS: StockScreen has archive command but no separate archive tab. This is alternate canonical Archive entry, not a direct Stock-to-Archive link or archived-only filter/result completeness proof. See surface-reconciliation.json#SUB-STOCK-ARCHIVE","factory","/stock/*","None or delegated to explicit action surface","manual/local refresh","stock archive + audit"
"SUB-ORDERS-STOCK","Позиции остатков","frontend/src/screens/OrdersStockScreen.tsx","ORDERS","sub-orders-stock","orders.read","YES","CURRENT_REACHABLE_BASELINE","PARTIAL_SCOPED_EVIDENCE","Item list, real detail GET, nested edit draft and Back. Existing retained orders-filter-outcomes proves exact archive search/shortage/status query with empty arrays, UI empty result, draft Back/reset across four widths. Existing isolated category/department test proves query and summary only. Strengthened isolated four-width target proves distinct item present initially, removed by category/department response and restored by reset. LIMITS: Browser-only selective result/reset proved. Saved quantities/minimum persistence, real backend predicates/scope and all filter combinations remain unproved. See surface-reconciliation.json#SUB-ORDERS-STOCK","factory + department","/orders/*","None or delegated to explicit action surface","orders_updated","movements/order archive + audit"
"SUB-ORDERS-REQUESTS","Заявки на заказ","frontend/src/screens/OrdersStockScreen.tsx","ORDERS","sub-orders-requests","orders.read","YES","CURRENT_REACHABLE_BASELINE","PARTIAL_SCOPED_EVIDENCE","Request list/detail and both distinct decision forms open/close in layers. A four-width browser-isolated lifecycle sends exact ORDERED and NOT_NEEDED close payloads, removes only the intended active cards, renders archived statuses/comments and preserves both decisions after reload. LIMITS: Browser-intercepted commands/read models only. Backend persistence, RBAC/factory authority, audit/concurrency and physical Android Back are not inferred. See surface-reconciliation.json#SUB-ORDERS-REQUESTS","factory + department","/orders/*","None or delegated to explicit action surface","orders_updated","movements/order archive + audit"
"SUB-ORDERS-ARCHIVE","Архив заказов и движений","frontend/src/screens/OrdersStockScreen.tsx","ORDERS","sub-orders-archive","orders.read","YES","CURRENT_REACHABLE_BASELINE","PARTIAL_SCOPED_EVIDENCE","Exact archive/status queries and archived detail/confirmation Back remain proved. The retained four-width browser-isolated lifecycle also sends exact archive and restore commands, converges active/archive lists and selected detail, and preserves the restored state after browser-memory reload. LIMITS: Browser-intercepted commands/read models only. Backend persistence, authority, audit/concurrency, complete archive-history semantics and physical Android Back are not inferred. See surface-reconciliation.json#SUB-ORDERS-ARCHIVE","factory + department","/orders/*","None or delegated to explicit action surface","orders_updated","movements/order archive + audit"
"SUB-CHECKLISTS-INWORK","Чек-листы в работе","frontend/src/screens/ChecklistsScreen.tsx","CHECKLISTS","sub-checklists-inwork","checklist permissions","YES","CURRENT_REACHABLE_BASELINE","PARTIAL_SCOPED_EVIDENCE","Isolated active/paused run entry and return paths. LIMITS: Browser runs do not prove live workspace population or lifecycle. See surface-reconciliation.json#SUB-CHECKLISTS-INWORK","factory + department + assignee + line","/checklists/*; /directory/*","None or delegated to explicit action surface","checklist_updated invalidation","archive/journal/reports + audit"
"SUB-CHECKLISTS-AVAILABLE","Доступные чек-листы","frontend/src/screens/ChecklistsScreen.tsx","CHECKLISTS","sub-checklists-available","checklist permissions","YES","CURRENT_REACHABLE_BASELINE","PARTIAL_SCOPED_EVIDENCE","Start-new switches to available tab without write; template history/preview/start confirmation. LIMITS: Available scope/real start authority not inferred. See surface-reconciliation.json#SUB-CHECKLISTS-AVAILABLE","factory + department + assignee + line","/checklists/*; /directory/*","None or delegated to explicit action surface","checklist_updated invalidation","archive/journal/reports + audit"
"SUB-CHECKLISTS-ARCHIVE","Архив запусков","frontend/src/screens/ChecklistsScreen.tsx","CHECKLISTS","sub-checklists-archive","checklist permissions","YES","CURRENT_REACHABLE_BASELINE","PARTIAL_SCOPED_EVIDENCE","Exact archive filter GET; separate isolated archive-run entry paths. LIMITS: All historical/personal records and authority not inferred. See surface-reconciliation.json#SUB-CHECKLISTS-ARCHIVE","factory + department + assignee + line","/checklists/*; /directory/*","None or delegated to explicit action surface","checklist_updated invalidation","archive/journal/reports + audit"
"SUB-CHECKLISTS-REPORTS","Фильтры и отчёты","frontend/src/screens/ChecklistsScreen.tsx","CHECKLISTS","sub-checklists-reports","checklist permissions","YES","CURRENT_REACHABLE_BASELINE","PARTIAL_SCOPED_EVIDENCE","Configured filters reach exact GET; Excel/shift report/PDF GET completes and filters reset. LIMITS: File contents/formulas not proved by completed download. See surface-reconciliation.json#SUB-CHECKLISTS-REPORTS","factory + department + assignee + line","/checklists/*; /directory/*","None or delegated to explicit action surface","checklist_updated invalidation","archive/journal/reports + audit"
"SUB-CHECKLISTS-TEMPLATES","Управление шаблонами","frontend/src/screens/ChecklistsScreen.tsx","CHECKLISTS","sub-checklists-templates","checklist permissions","YES","CURRENT_REACHABLE_BASELINE","PARTIAL_SCOPED_EVIDENCE","Library preview/pristine edit/duplicate/row layers; separate version-save/reorder/start/restore fixture outcomes. LIMITS: No real version persistence/RBAC proof. See surface-reconciliation.json#SUB-CHECKLISTS-TEMPLATES","factory + department + assignee + line","/checklists/*; /directory/*","None or delegated to explicit action surface","checklist_updated invalidation","archive/journal/reports + audit"
"SUB-CHECKLISTS-JOURNAL","Журнал шаблона / таблица","frontend/src/screens/ChecklistsScreen.tsx","CHECKLISTS","sub-checklists-journal","checklist permissions","YES","CURRENT_REACHABLE_BASELINE","PARTIAL_SCOPED_EVIDENCE","Selected template journal GET and table/journal switch; isolated occurrence open/return. LIMITS: Complete history correspondence not independently proved. See surface-reconciliation.json#SUB-CHECKLISTS-JOURNAL","factory + department + assignee + line","/checklists/*; /directory/*","None or delegated to explicit action surface","checklist_updated invalidation","archive/journal/reports + audit"
"SUB-DEFROST-LINES","Линии холодильной службы","frontend/src/screens/DefrostScreen.tsx","DEFROST","sub-defrost-lines","defrost permissions (gap)","YES","CURRENT_REACHABLE_BASELINE","PARTIAL_SCOPED_EVIDENCE","Filter active state/card counts and exact line calendar entry. LIMITS: Not independent live line-state reconciliation. See surface-reconciliation.json#SUB-DEFROST-LINES","factory","/defrost/*","None or delegated to explicit action surface","line_updated only","defrost calendar/archive + audit"
"SUB-DEFROST-CALENDAR","Календарь оттайки","frontend/src/screens/DefrostScreen.tsx","DEFROST","sub-defrost-calendar","defrost permissions (gap)","YES","CURRENT_REACHABLE_BASELINE","PARTIAL_SCOPED_EVIDENCE","Exact selected line; previous/next/today month, 30/60 selection and UI/browser return. LIMITS: Not calendar formula/event window proof. See surface-reconciliation.json#SUB-DEFROST-CALENDAR","factory","/defrost/*","None or delegated to explicit action surface","line_updated only","defrost calendar/archive + audit"
"SUB-DEFROST-DAY","События выбранного дня","frontend/src/screens/DefrostScreen.tsx","DEFROST","sub-defrost-day","defrost permissions (gap)","YES","CURRENT_REACHABLE_BASELINE","PARTIAL_SCOPED_EVIDENCE","Selected date in line calendar and retained parent Back. LIMITS: Exact selected-day event content not independently proved. See surface-reconciliation.json#SUB-DEFROST-DAY","factory","/defrost/*","None or delegated to explicit action surface","line_updated only","defrost calendar/archive + audit"
"SUB-RETURNS-ACTIVE","Активные возвраты","frontend/src/screens/ReturnsScreen.tsx","RETURNS","sub-returns-active","publication/read policy (gap)","YES","CURRENT_REACHABLE_BASELINE","PARTIAL_SCOPED_EVIDENCE","Feed detail Back; separate intercepted create/archive refresh intended browser-memory card. LIMITS: Not actual database filtering/persistence proof. See surface-reconciliation.json#SUB-RETURNS-ACTIVE","factory","/returns/*","None or delegated to explicit action surface","quantity_release_updated","returns archive + audit"
"SUB-RETURNS-ARCHIVE","Архив возвратов","frontend/src/screens/ReturnsScreen.tsx","RETURNS","sub-returns-archive","publication/read policy (gap)","YES","CURRENT_REACHABLE_BASELINE","PARTIAL_SCOPED_EVIDENCE","Archive detail has no archive action; separate browser-memory archive survives reload/Back. LIMITS: All diagnostic and permission cases not accepted. See surface-reconciliation.json#SUB-RETURNS-ARCHIVE","factory","/returns/*","None or delegated to explicit action surface","quantity_release_updated","returns archive + audit"
"SUB-LOG-ACTIVE","Журнал смены","frontend/src/screens/ShiftLogScreen.tsx","LOG","sub-log-active","shift-log permissions","YES","CURRENT_REACHABLE_BASELINE","PARTIAL_SCOPED_EVIDENCE","Active-tab query/card count and filter apply/reset/Back at four widths. LIMITS: All records/roles and positive individual predicates not accepted. See surface-reconciliation.json#SUB-LOG-ACTIVE","factory + department + shift window","/shift-log/*","None or delegated to explicit action surface","notification on important; reload/manual","shift-log archive/snapshots + audit"
"SUB-LOG-ARCHIVE","Архив пересменки","frontend/src/screens/ShiftLogScreen.tsx","LOG","sub-log-archive","shift-log permissions","YES","CURRENT_REACHABLE_BASELINE","PARTIAL_SCOPED_EVIDENCE","Archive tab/query and captured blocked detail attempt at four widths. LIMITS: UI-SWEEP-036 real list/detail mismatch is OPEN; detail is NOT PASS. See surface-reconciliation.json#SUB-LOG-ARCHIVE","factory + department + shift window","/shift-log/*","None or delegated to explicit action surface","notification on important; reload/manual","shift-log archive/snapshots + audit"
"SUB-CHATS-LIST","Список чатов","frontend/src/screens/ChatsScreen.tsx","CHATS","sub-chats-list","chat members/read","YES","CURRENT_REACHABLE_BASELINE","PARTIAL_SCOPED_EVIDENCE","Five filters, exact title search narrows intended card, clear restores count. LIMITS: Every chat type/role/access combination not proved. See surface-reconciliation.json#SUB-CHATS-LIST","factory + participant/department/company chat visibility","/chats/*; /directory/*","None or delegated to explicit action surface","chat_updated to participants","soft-deleted message history + audit moderation"
"SUB-CHATS-CONVERSATION","Переписка","frontend/src/screens/ChatsScreen.tsx","CHATS","sub-chats-conversation","chat members/read","YES","CURRENT_REVALIDATION_REQUIRED","PARTIAL_SCOPED_EVIDENCE","Detail GET/refresh, layer Back; separate isolated send/reply/edit/delete/react/poll refreshed outcomes. LIMITS: Read POST intercepted; no backend ownership/persistence/realtime proof. See surface-reconciliation.json#SUB-CHATS-CONVERSATION","factory + participant/department/company chat visibility","/chats/*; /directory/*","None or delegated to explicit action surface","chat_updated to participants","soft-deleted message history + audit moderation"
"SUB-CHATS-MEDIA","Медиа и файлы чата","frontend/src/screens/ChatsScreen.tsx","CHATS","sub-chats-media","chat members/read","YES","CURRENT_REACHABLE_BASELINE","PARTIAL_SCOPED_EVIDENCE","Media GET and shared inline gallery/video entries with UI/browser parent restoration. LIMITS: Browser media fixtures; physical playback/storage/RBAC not inferred. See surface-reconciliation.json#SUB-CHATS-MEDIA","factory + participant/department/company chat visibility","/chats/*; /directory/*","None or delegated to explicit action surface","chat_updated to participants","soft-deleted message history + audit moderation"
"SUB-ANNOUNCEMENTS-CURRENT","Текущие объявления","frontend/src/screens/AnnouncementsScreen.tsx","ANNOUNCEMENTS","sub-announcements-current","audience/read/publish","YES","CURRENT_REACHABLE_BASELINE","PARTIAL_SCOPED_EVIDENCE","Current tab; isolated UUID acknowledgement, empty-state archive action, three-page photo/text navigation. LIMITS: No real acknowledgement authority/persistence; only synthetic page fixtures. See surface-reconciliation.json#SUB-ANNOUNCEMENTS-CURRENT","factory + recipient audience","/announcements/*","None or delegated to explicit action surface","notification_created/unread refresh","announcement archive + acknowledgement report + audit"
"SUB-ANNOUNCEMENTS-ARCHIVE","Архив объявлений","frontend/src/screens/AnnouncementsScreen.tsx","ANNOUNCEMENTS","sub-announcements-archive","audience/read/publish","YES","CURRENT_REACHABLE_BASELINE","PARTIAL_SCOPED_EVIDENCE","Inline archive detail closes before tab on browser Back; isolated archive reload result. LIMITS: UI-SWEEP-046 remains; isolated archive does not prove real persistence/visibility correctness. See surface-reconciliation.json#SUB-ANNOUNCEMENTS-ARCHIVE","factory + recipient audience","/announcements/*","None or delegated to explicit action surface","notification_created/unread refresh","announcement archive + acknowledgement report + audit"
"SUB-ANNOUNCEMENTS-MANAGEMENT","Управление объявлениями","frontend/src/screens/AnnouncementsScreen.tsx","ANNOUNCEMENTS","sub-announcements-management","audience/read/publish","YES","CURRENT_REACHABLE_BASELINE","PARTIAL_SCOPED_EVIDENCE","Management GET/refresh, local create entry, journal and edit draft close restore management. LIMITS: All roles, persisted edits and all managed records not blanket accepted. See surface-reconciliation.json#SUB-ANNOUNCEMENTS-MANAGEMENT","factory + recipient audience","/announcements/*","None or delegated to explicit action surface","notification_created/unread refresh","announcement archive + acknowledgement report + audit"
"SUB-ARCHIVE-CATEGORIES","Категории архива","frontend/src/screens/ArchiveScreen.tsx","ARCHIVE","sub-archive-categories","per-source permission","YES","CURRENT_REACHABLE_BASELINE","PARTIAL_SCOPED_EVIDENCE","11 concrete categories, expected section query and heading, filter draft Back and category return at four widths. LIMITS: Role-dependent missing categories and current build not accepted. See surface-reconciliation.json#SUB-ARCHIVE-CATEGORIES","factory + source entity visibility","/archive/*","None or delegated to explicit action surface","explicit reload/filter","source histories + audit"
"SUB-ARCHIVE-RECORDS","Список записей категории","frontend/src/screens/ArchiveScreen.tsx","ARCHIVE","sub-archive-records","per-source permission","YES","CURRENT_REACHABLE_BASELINE","PARTIAL_SCOPED_EVIDENCE","Category GET/items; attachment page 2 exact combined filenames, unique records, detail Back and retained scroll. LIMITS: Pagination beyond page 2 and other categories not proved. See surface-reconciliation.json#SUB-ARCHIVE-RECORDS","factory + source entity visibility","/archive/*","None or delegated to explicit action surface","explicit reload/filter","source histories + audit"
"SUB-NOTIFICATIONS-LIST","Центр уведомлений","frontend/src/screens/NotificationsScreen.tsx","NOTIFICATIONS","sub-notifications-list","recipient","YES","CURRENT_REACHABLE_BASELINE","PARTIAL_SCOPED_EVIDENCE","Canonical checklist source screen after auth/me; separate browser-intercepted individual/bulk read updates intended cards and survives reload. LIMITS: UI-SWEEP-044 source/read mismatch remains; synthetic read proof does not establish real source flow persistence or backend authority. See surface-reconciliation.json#SUB-NOTIFICATIONS-LIST","recipient user + factory","/notifications/*; /push/*","None or delegated to explicit action surface","notification_created + count_changed","notification list/read state"
"SUB-NOTIFICATIONS-PUSH","Push-подписка устройства","frontend/src/screens/NotificationsScreen.tsx","NOTIFICATIONS","sub-notifications-push","recipient","YES","CURRENT_REACHABLE_BASELINE","PARTIAL_SCOPED_EVIDENCE","Screen dispatches canonical open-settings event; settings LIFO tested. Separate granted-permission fallback enable/intercepted disable proof. LIMITS: Push subscription owner is App, not standalone notification tab. Native prompt, real subscription/delivery and physical gate pending. See surface-reconciliation.json#SUB-NOTIFICATIONS-PUSH","recipient user + factory","/notifications/*; /push/*","None or delegated to explicit action surface","notification_created + count_changed","notification list/read state"
"SUB-OPS-LOSSES","Потери","frontend/src/screens/OpsAuditScreen.tsx","OPS","sub-ops-losses","MANAGEMENT/ADMIN current role overlay","YES","CURRENT_REACHABLE_BASELINE","PARTIAL_SCOPED_EVIDENCE","Loss tab active-state and separately captured visible body at four widths. LIMITS: No exact KPI formula, settled-data identity or full lower-content proof. See surface-reconciliation.json#SUB-OPS-LOSSES","factory + period/line/department","/ops/*","None or delegated to explicit action surface","manual/filter refresh","AuditLog + source histories"
"SUB-OPS-OVERVIEW","Операционный обзор","frontend/src/screens/OpsAuditScreen.tsx","OPS","sub-ops-overview","MANAGEMENT/ADMIN current role overlay","YES","CURRENT_REACHABLE_BASELINE","PARTIAL_SCOPED_EVIDENCE","Overview tab active-state and separately captured visible body at four widths. LIMITS: No exact KPI formula, settled-data identity or full lower-content proof. See surface-reconciliation.json#SUB-OPS-OVERVIEW","factory + period/line/department","/ops/*","None or delegated to explicit action surface","manual/filter refresh","AuditLog + source histories"
"SUB-OPS-EVENTS","События","frontend/src/screens/OpsAuditScreen.tsx","OPS","sub-ops-events","MANAGEMENT/ADMIN current role overlay","YES","CURRENT_REACHABLE_BASELINE","PARTIAL_SCOPED_EVIDENCE","Events tab active-state and separately captured visible body at four widths. LIMITS: Every row/source identity, pagination and individual filter predicates not proved. See surface-reconciliation.json#SUB-OPS-EVENTS","factory + period/line/department","/ops/*","None or delegated to explicit action surface","manual/filter refresh","AuditLog + source histories"
"SUB-OPS-AUDIT","Аудит","frontend/src/screens/OpsAuditScreen.tsx","OPS","sub-ops-audit","MANAGEMENT/ADMIN current role overlay","YES","CURRENT_REACHABLE_BASELINE","PARTIAL_SCOPED_EVIDENCE","Audit tab selection, detail open/Back, combined audit query and visible empty result at four widths. LIMITS: Not all row identities/actions or positive individual filter results; role isolation separate. See surface-reconciliation.json#SUB-OPS-AUDIT","factory + period/line/department","/ops/*","None or delegated to explicit action surface","manual/filter refresh","AuditLog + source histories"
"SUB-OPS-MODULES","Показатели модулей","frontend/src/screens/OpsAuditScreen.tsx","OPS","sub-ops-modules","MANAGEMENT/ADMIN current role overlay","YES","CURRENT_REACHABLE_BASELINE","PARTIAL_SCOPED_EVIDENCE","Modules tab active-state and separately captured visible body at four widths. LIMITS: No per-module formula or complete lower-content acceptance. See surface-reconciliation.json#SUB-OPS-MODULES","factory + period/line/department","/ops/*","None or delegated to explicit action surface","manual/filter refresh","AuditLog + source histories"
"SUB-REPORT-FORM","Форма сообщения об ошибке","frontend/src/screens/BugReportScreen.tsx","REPORT","sub-report-form","All users; ADMIN inbox","YES","CURRENT_REACHABLE_BASELINE","PARTIAL_SCOPED_EVIDENCE","WORKER fields survive Back/reload; local PNG preview/remove. Separate intercepted submit clears draft and refreshes synthetic list; cancelled upload retains file and isolated retry succeeds. LIMITS: No backend report/upload persistence or physical file handling proof. See surface-reconciliation.json#SUB-REPORT-FORM","author/admin + factory","/error-reports/*","None or delegated to explicit action surface","manual refresh","status/audit + external file export"
"SUB-REPORT-ADMIN","Админский список ошибок","frontend/src/screens/BugReportScreen.tsx","REPORT","sub-report-admin","All users; ADMIN inbox","YES","CURRENT_REACHABLE_BASELINE","PARTIAL_SCOPED_EVIDENCE","Real ADMIN empty list captured; separate browser-memory report submit refreshes list. LIMITS: Real list contained no records; intercepted rows do not prove real list/detail authorization or persistence. See surface-reconciliation.json#SUB-REPORT-ADMIN","author/admin + factory","/error-reports/*","None or delegated to explicit action surface","manual refresh","status/audit + external file export"
"SUB-LEGACY-APP","Старый альтернативный App","frontend/src/app/App.tsx","LEGACY","sub-legacy-app","Unreachable","NO","UNREACHABLE_RETAINED","NOT_APPLICABLE_UNREACHABLE","P17A already marks Unreachable; current main.tsx imports ../src/App.tsx, not app/App.tsx. Static old component absent from reachable graph and has no controls/route entry. LIMITS: Row retained, not counted as tested UI or removed for coverage. Revalidate on import graph/source change. See surface-reconciliation.json#SUB-LEGACY-APP","none at runtime","not in current main.tsx import graph","None or delegated to explicit action surface","incomplete dead outbox","none"
"SUB-LEGACY-OFFLINE","Незавершённый offline outbox","frontend/src/app/App.tsx","LEGACY","sub-legacy-offline","Unreachable","NO","UNREACHABLE_RETAINED","NOT_APPLICABLE_UNREACHABLE","P17A labels dead outbox; old sync-engine function has no reachable import/caller from current main. No separate rendered UI surface in old App. LIMITS: Only dead legacy outbox path; does not assert current PWA/offline behavior. Original row retained and not counted as runtime PASS. See surface-reconciliation.json#SUB-LEGACY-OFFLINE","none at runtime","not in current main.tsx import graph","None or delegated to explicit action surface","incomplete dead outbox","none"
"ADMIN-01","Обзор","frontend/src/screens/AdminConfigScreen.tsx","ADMIN","admin-01","ADMIN plus limited delegated managers","YES","CURRENT_REACHABLE_BASELINE","REVALIDATION_REQUIRED","Evidence/source hash changed; revalidate mapping. LIMITS: Retained runtime had five or fewer health groups; additional-groups branch requires its separate fixture evidence. Overview totals are not formula proof. See surface-reconciliation.json#ADMIN-01","selected factory; global service rules explicit","/admin/* plus module settings endpoints","None or delegated to explicit action surface","auth_context_changed on access changes","AuditLog + admin audit read model"
"ADMIN-02","Заводы","frontend/src/screens/AdminConfigScreen.tsx","ADMIN","admin-02","ADMIN plus limited delegated managers","YES","CURRENT_REACHABLE_BASELINE","REVALIDATION_REQUIRED","Evidence/source hash changed; revalidate mapping. LIMITS: No create/import/activate/save inferred; separate factory entries and mutation evidence required. Not cross-factory authority proof. See surface-reconciliation.json#ADMIN-02","selected factory; global service rules explicit","/admin/* plus module settings endpoints","None or delegated to explicit action surface","auth_context_changed on access changes","AuditLog + admin audit read model"
"ADMIN-03","Пользователи и доступы","frontend/src/screens/AdminConfigScreen.tsx","ADMIN","admin-03","ADMIN plus limited delegated managers","YES","CURRENT_REACHABLE_BASELINE","REVALIDATION_REQUIRED","Evidence/source hash changed; revalidate mapping. LIMITS: No grant or assignment-review outcome from this local draft evidence; limited manager branches require separate proof. See surface-reconciliation.json#ADMIN-03","selected factory; global service rules explicit","/admin/* plus module settings endpoints","None or delegated to explicit action surface","auth_context_changed on access changes","AuditLog + admin audit read model"
"ADMIN-04","Отделы и службы","frontend/src/screens/AdminConfigScreen.tsx","ADMIN","admin-04","ADMIN plus limited delegated managers","YES","CURRENT_REACHABLE_BASELINE","REVALIDATION_REQUIRED","Evidence/source hash changed; revalidate mapping. LIMITS: Not department creation, disable, cross-factory behavior or persistence proof. See surface-reconciliation.json#ADMIN-04","selected factory; global service rules explicit","/admin/* plus module settings endpoints","None or delegated to explicit action surface","auth_context_changed on access changes","AuditLog + admin audit read model"
"ADMIN-05","Должности и роли","frontend/src/screens/AdminConfigScreen.tsx","ADMIN","admin-05","ADMIN plus limited delegated managers","YES","CURRENT_REACHABLE_BASELINE","REVALIDATION_REQUIRED","Evidence/source hash changed; revalidate mapping. LIMITS: Parent/preset selection is not authority or hierarchy save proof. External company and job-title creations remain separate actions; no mutation inferred. See surface-reconciliation.json#ADMIN-05","selected factory; global service rules explicit","/admin/* plus module settings endpoints","None or delegated to explicit action surface","auth_context_changed on access changes","AuditLog + admin audit read model"
"ADMIN-06","Линии и позиции","frontend/src/screens/AdminConfigScreen.tsx","ADMIN","admin-06","ADMIN plus limited delegated managers","YES","CURRENT_REACHABLE_BASELINE","REVALIDATION_REQUIRED","Evidence/source hash changed; revalidate mapping. LIMITS: No line Create/rename/status mutation proved by these navigation assertions. See surface-reconciliation.json#ADMIN-06","selected factory; global service rules explicit","/admin/* plus module settings endpoints","None or delegated to explicit action surface","auth_context_changed on access changes","AuditLog + admin audit read model"
"ADMIN-07","Позиции на линиях","frontend/src/screens/AdminConfigScreen.tsx","ADMIN","admin-07","ADMIN plus limited delegated managers","YES","CURRENT_REACHABLE_BASELINE","REVALIDATION_REQUIRED","Evidence/source hash changed; revalidate mapping. LIMITS: No position Create/edit/archive persistence proved. See surface-reconciliation.json#ADMIN-07","selected factory; global service rules explicit","/admin/* plus module settings endpoints","None or delegated to explicit action surface","auth_context_changed on access changes","AuditLog + admin audit read model"
"ADMIN-08","Шаблоны состава","frontend/src/screens/AdminConfigScreen.tsx","ADMIN","admin-08","ADMIN plus limited delegated managers","YES","CURRENT_REACHABLE_BASELINE","REVALIDATION_REQUIRED","Evidence/source hash changed; revalidate mapping. LIMITS: Duplicate draft is not persisted duplicate creation; save/apply/archive need separate evidence. See surface-reconciliation.json#ADMIN-08","selected factory; global service rules explicit","/admin/* plus module settings endpoints","None or delegated to explicit action surface","auth_context_changed on access changes","AuditLog + admin audit read model"
"ADMIN-09","Повременщики / рабочие зоны","frontend/src/screens/AdminConfigScreen.tsx","ADMIN","admin-09","ADMIN plus limited delegated managers","YES","CURRENT_REACHABLE_BASELINE","REVALIDATION_REQUIRED","Evidence/source hash changed; revalidate mapping. LIMITS: Department selection conditional when available; not all company/department roles proved. No create/status mutation from enabled button. See surface-reconciliation.json#ADMIN-09","selected factory; global service rules explicit","/admin/* plus module settings endpoints","None or delegated to explicit action surface","auth_context_changed on access changes","AuditLog + admin audit read model"
"ADMIN-10","Роли и права","frontend/src/screens/AdminConfigScreen.tsx","ADMIN","admin-10","ADMIN plus limited delegated managers","YES","CURRENT_REACHABLE_BASELINE","REVALIDATION_REQUIRED","Evidence/source hash changed; revalidate mapping. LIMITS: Save/PATCH blocked in this test; effective backend capability changes and limited-manager bounds not proved by preview. See surface-reconciliation.json#ADMIN-10","selected factory; global service rules explicit","/admin/* plus module settings endpoints","None or delegated to explicit action surface","auth_context_changed on access changes","AuditLog + admin audit read model"
"ADMIN-11","Настройки модулей","frontend/src/screens/AdminConfigScreen.tsx","ADMIN","admin-11","ADMIN plus limited delegated managers","YES","CURRENT_REACHABLE_BASELINE","REVALIDATION_REQUIRED","Evidence/source hash changed; revalidate mapping. LIMITS: Browser fixture state only; not backend settings persistence/authority/audit. Other settings cards not accepted wholesale. See surface-reconciliation.json#ADMIN-11","selected factory; global service rules explicit","/admin/* plus module settings endpoints","None or delegated to explicit action surface","auth_context_changed on access changes","AuditLog + admin audit read model"
"ADMIN-12","Восстановление","frontend/src/screens/AdminConfigScreen.tsx","ADMIN","admin-12","ADMIN plus limited delegated managers","YES","CURRENT_REACHABLE_BASELINE","REVALIDATION_REQUIRED","Evidence/source hash changed; revalidate mapping. LIMITS: No Restore command or persisted restoration inferred; recovery entity kinds need their distinct evidence. See surface-reconciliation.json#ADMIN-12","selected factory; global service rules explicit","/admin/* plus module settings endpoints","None or delegated to explicit action surface","auth_context_changed on access changes","AuditLog + admin audit read model"
"ADMIN-13","Диагностика данных","frontend/src/screens/AdminConfigScreen.tsx","ADMIN","admin-13","ADMIN plus limited delegated managers","YES","CURRENT_REACHABLE_BASELINE","REVALIDATION_REQUIRED","Evidence/source hash changed; revalidate mapping. LIMITS: Not every diagnostic group/row or diagnostic classification correctness. Explicit diagnostic text findings remain separate. See surface-reconciliation.json#ADMIN-13","selected factory; global service rules explicit","/admin/* plus module settings endpoints","None or delegated to explicit action surface","auth_context_changed on access changes","AuditLog + admin audit read model"
"ADMIN-14","Аудит действий админки","frontend/src/screens/AdminConfigScreen.tsx","ADMIN","admin-14","ADMIN plus limited delegated managers","YES","CURRENT_REACHABLE_BASELINE","REVALIDATION_REQUIRED","Evidence/source hash changed; revalidate mapping. LIMITS: Content capture is not event completeness, scope/privacy, timestamp or labels correctness proof. No new runtime review claimed. See surface-reconciliation.json#ADMIN-14","selected factory; global service rules explicit","/admin/* plus module settings endpoints","None or delegated to explicit action surface","auth_context_changed on access changes","AuditLog + admin audit read model"
"MOD-MOBILE-MORE","Mobile sheet «Ещё»","frontend/src/App.tsx","HOME","mod-mobile-more","Guest; authenticated shell","YES","CURRENT_REACHABLE_BASELINE","PARTIAL_SCOPED_EVIDENCE","Content click, backdrop/Close, settings/quick-slot LIFO, one destination and browser Back; local settings restored. LIMITS: One destination is not all dynamic role-specific menu entries; physical Back pending. See surface-reconciliation.json#MOD-MOBILE-MORE","selectedFactoryId","/auth/me; /auth/factories","Only explicit guarded action where applicable","auth_context_changed","AuditLog login/access"
"MOD-DEVICE-SETTINGS","Настройки устройства: звук/вибрация/быстрые разделы","frontend/src/App.tsx","HOME","mod-device-settings","Guest; authenticated shell","YES","CURRENT_REACHABLE_BASELINE","PARTIAL_SCOPED_EVIDENCE","Sound/vibration/quick-slot local changes restored; layered Back; recorded current PWA shell without install action. LIMITS: UI-SWEEP-069 remains; physical vibration/install and all browser permission states pending. See surface-reconciliation.json#MOD-DEVICE-SETTINGS","selectedFactoryId","/auth/me; /auth/factories","Only explicit guarded action where applicable","auth_context_changed","AuditLog login/access"
"MOD-PUSH-PERMISSION","Разрешение браузерных уведомлений","frontend/src/App.tsx","HOME","mod-push-permission","Guest; authenticated shell","YES","CURRENT_REACHABLE_BASELINE","PARTIAL_SCOPED_EVIDENCE","Playwright-granted notification permission; unavailable-push enable fallback and intercepted unsubscribe disable; preference and Back outcomes. LIMITS: Native prompt, actual push subscription/delivery, denied and physical permission states not inferred. See surface-reconciliation.json#MOD-PUSH-PERMISSION","selectedFactoryId","/auth/me; /auth/factories","Only explicit guarded action where applicable","auth_context_changed","AuditLog login/access"
"MOD-FACTORY-PICKER","Переключатель завода","frontend/src/screens/FactorySelectScreen.tsx","FACTORY","mod-factory-picker","Any authenticated access holder","YES","CURRENT_REACHABLE_BASELINE","PARTIAL_SCOPED_EVIDENCE","Automatic picker and explicit reopen, browser Back and successful factory selection at four widths. LIMITS: All error/loading/empty access states not proved here. See surface-reconciliation.json#MOD-FACTORY-PICKER","allowed factory only","/auth/factories; /auth/select-factory","Only explicit guarded action where applicable","reconnect after context switch","AuditLog factory selection"
"MOD-GUEST-ASSIGNMENT","Заявка гостя на назначение","frontend/src/screens/FactorySelectScreen.tsx","FACTORY","mod-guest-assignment","Any authenticated access holder","YES","CURRENT_REACHABLE_BASELINE","PARTIAL_SCOPED_EVIDENCE","Current surface is inline expanded guest-request-form, not modal. Canonical option/comment, submit disabled/enabled, focus Back then layer Back, reopen recovery and Cancel prove distinct expanded state at four widths. LIMITS: Old MOD name retained for traceability; no duplicate modal. Save evidence is separate browser-intercepted proof, not server persistence. See surface-reconciliation.json#MOD-GUEST-ASSIGNMENT","allowed factory only","/auth/factories; /auth/select-factory","Only explicit guarded action where applicable","reconnect after context switch","AuditLog factory selection"
"MOD-ATTACHMENT-SOURCE","Выбор источника вложения","frontend/src/screens/BugReportScreen.tsx","REPORT","mod-attachment-source","All users; ADMIN inbox","YES","CURRENT_REACHABLE_BASELINE","PARTIAL_SCOPED_EVIDENCE","Shared picker Back and local PNG file chooser; camera single input accept=image/* capture=environment at four widths. LIMITS: Physical permissions/camera pending; only tested report entry, not every shared consumer. See surface-reconciliation.json#MOD-ATTACHMENT-SOURCE","author/admin + factory","/error-reports/*","Only explicit guarded action where applicable","manual refresh","status/audit + external file export"
"MOD-ATTACHMENT-VIEWER","Просмотр фото/видео/файла","frontend/src/screens/BugReportScreen.tsx","REPORT","mod-attachment-viewer","All users; ADMIN inbox","YES","CURRENT_REACHABLE_BASELINE","PARTIAL_SCOPED_EVIDENCE","Canonical preview state renders viewer; retained announcement/chat browser fixtures prove image gallery counter/boundaries, video/audio pending/error/retry and UI/browser Back at four widths. LIMITS: Shared-owner proof is NOT exact BugReport parent entry proof; real media authorization/playback/physical controls not inferred. No blanket consumer PASS. See surface-reconciliation.json#MOD-ATTACHMENT-VIEWER","author/admin + factory","/error-reports/*","Only explicit guarded action where applicable","manual refresh","status/audit + external file export"
"MOD-REPORT-DETAIL","Карточка сообщения об ошибке","frontend/src/screens/BugReportScreen.tsx","REPORT","mod-report-detail","All users; ADMIN inbox","YES","CURRENT_REACHABLE_BASELINE","PARTIAL_SCOPED_EVIDENCE","Separate isolated detail PATCH changes status to In progress, survives Close/reopen and browser Back at four widths. LIMITS: Real ADMIN detail was unavailable in empty-list run; no backend persistence/RBAC or attachment viewer claim. See surface-reconciliation.json#MOD-REPORT-DETAIL","author/admin + factory","/error-reports/*","Only explicit guarded action where applicable","manual refresh","status/audit + external file export"
"MOD-SHIFT-PICKER","Выбор текущей/следующей/прошлой смены","frontend/src/screens/ShiftPeopleScreen.tsx","SHIFT","mod-shift-picker","By shift/self/manage permissions","YES","CURRENT_REACHABLE_BASELINE","PARTIAL_SCOPED_EVIDENCE","Four-width inner click preserves picker, explicit Close/backdrop/browser Back close upper layer; future target remains after refresh. LIMITS: Not every date range/state option or midnight boundary proof. See surface-reconciliation.json#MOD-SHIFT-PICKER","factory + canonical DAY/NIGHT window","/shift/*; /lines/*; /assignments/*; /work-areas/*","Only explicit guarded action where applicable","shift_updated + assignment_updated + line_updated","shift/past + Assignment history + ShiftLog snapshot"
"MOD-SHIFT-PEOPLE","Панель людей смены","frontend/src/screens/ShiftPeopleScreen.tsx","SHIFT","mod-shift-people","By shift/self/manage permissions","YES","CURRENT_REACHABLE_BASELINE","PARTIAL_SCOPED_EVIDENCE","Inner click retains panel; backdrop closes; nested target/search Back restores same panel at four widths. LIMITS: No assignment mutation inferred from picker opening. See surface-reconciliation.json#MOD-SHIFT-PEOPLE","factory + canonical DAY/NIGHT window","/shift/*; /lines/*; /assignments/*; /work-areas/*","Only explicit guarded action where applicable","shift_updated + assignment_updated + line_updated","shift/past + Assignment history + ShiftLog snapshot"
"MOD-SHIFT-FUTURE","Панель планирования следующей смены","frontend/src/screens/ShiftPeopleScreen.tsx","SHIFT","mod-shift-future","By shift/self/manage permissions","YES","CURRENT_REACHABLE_BASELINE","PARTIAL_SCOPED_EVIDENCE","Four-width planning panels, employee/contractor distinct profile and assignment-board entries return to original panel. LIMITS: No all future states/backend plan authority proof. See surface-reconciliation.json#MOD-SHIFT-FUTURE","factory + canonical DAY/NIGHT window","/shift/*; /lines/*; /assignments/*; /work-areas/*","Only explicit guarded action where applicable","shift_updated + assignment_updated + line_updated","shift/past + Assignment history + ShiftLog snapshot"
"MOD-SHIFT-HANDOVER","Передача смены","frontend/src/screens/ShiftPeopleScreen.tsx","SHIFT","mod-shift-handover","By shift/self/manage permissions","YES","CURRENT_REACHABLE_BASELINE","PARTIAL_SCOPED_EVIDENCE","Current handoverMode prepare/previous layer; four-width explicit Close/browser Back, comment-preserving refresh and single intercepted trimmed-comment submit. LIMITS: Two modes require separate continued inventory entries; no actual server snapshot/read receipt changed or backend idempotency proof. See surface-reconciliation.json#MOD-SHIFT-HANDOVER","factory + canonical DAY/NIGHT window","/shift/*; /lines/*; /assignments/*; /work-areas/*","Only explicit guarded action where applicable","shift_updated + assignment_updated + line_updated","shift/past + Assignment history + ShiftLog snapshot"
"MOD-SHIFT-MANUAL-SEARCH","Ручной поиск сотрудника","frontend/src/screens/ShiftPeopleScreen.tsx","SHIFT","mod-shift-manual-search","By shift/self/manage permissions","YES","CURRENT_REACHABLE_BASELINE","PARTIAL_SCOPED_EVIDENCE","Four-width current/future short-query validation; Back blurs then closes search retaining people/planning parent. LIMITS: This record does not prove successful remote search/select/assignment; current/future remain distinct contexts. See surface-reconciliation.json#MOD-SHIFT-MANUAL-SEARCH","factory + canonical DAY/NIGHT window","/shift/*; /lines/*; /assignments/*; /work-areas/*","Only explicit guarded action where applicable","shift_updated + assignment_updated + line_updated","shift/past + Assignment history + ShiftLog snapshot"
"MOD-SHIFT-TARGET","Выбор назначения сотрудника","frontend/src/screens/ShiftPeopleScreen.tsx","SHIFT","mod-shift-target","By shift/self/manage permissions","YES","CURRENT_REACHABLE_BASELINE","PARTIAL_SCOPED_EVIDENCE","Four-width free/assigned person target sheet inner click/Close/Back and nested line/area return preserve target. LIMITS: No all-target submit or actual assignment authority proof. See surface-reconciliation.json#MOD-SHIFT-TARGET","factory + canonical DAY/NIGHT window","/shift/*; /lines/*; /assignments/*; /work-areas/*","Only explicit guarded action where applicable","shift_updated + assignment_updated + line_updated","shift/past + Assignment history + ShiftLog snapshot"
"MOD-SHIFT-WORKAREA-PICKER","Выбор рабочей зоны","frontend/src/screens/ShiftPeopleScreen.tsx","SHIFT","mod-shift-workarea-picker","By shift/self/manage permissions","YES","CURRENT_REACHABLE_BASELINE","PARTIAL_SCOPED_EVIDENCE","Four-width two-area fixture inner/backdrop/Back, exact area selection opens board and Back returns target. Single-area readonly flow skips picker. LIMITS: Browser dictionary only, not live area scope or assignment proof. See surface-reconciliation.json#MOD-SHIFT-WORKAREA-PICKER","factory + canonical DAY/NIGHT window","/shift/*; /lines/*; /assignments/*; /work-areas/*","Only explicit guarded action where applicable","shift_updated + assignment_updated + line_updated","shift/past + Assignment history + ShiftLog snapshot"
"MOD-SHIFT-LINE-PICKER","Выбор линии","frontend/src/screens/ShiftPeopleScreen.tsx","SHIFT","mod-shift-line-picker","By shift/self/manage permissions","YES","CURRENT_REACHABLE_BASELINE","PARTIAL_SCOPED_EVIDENCE","Four-width exact working-line selection opens person slot board, Back restores picker then same target; no command. LIMITS: Not stopped/inactive line variants or assignment Save proof. See surface-reconciliation.json#MOD-SHIFT-LINE-PICKER","factory + canonical DAY/NIGHT window","/shift/*; /lines/*; /assignments/*; /work-areas/*","Only explicit guarded action where applicable","shift_updated + assignment_updated + line_updated","shift/past + Assignment history + ShiftLog snapshot"
"MOD-SHIFT-NOT-NEEDED","Причина «не нужен»","frontend/src/screens/ShiftPeopleScreen.tsx","SHIFT","mod-shift-not-needed","By shift/self/manage permissions","YES","CURRENT_REACHABLE_BASELINE","PARTIAL_SCOPED_EVIDENCE","Four-width notNeededWillBe Cancel/two-level Back without request; exact intercepted reason removes intended WILL_BE row and shows feedback. LIMITS: No server cancellation/attendance/notification proof. See surface-reconciliation.json#MOD-SHIFT-NOT-NEEDED","factory + canonical DAY/NIGHT window","/shift/*; /lines/*; /assignments/*; /work-areas/*","Only explicit guarded action where applicable","shift_updated + assignment_updated + line_updated","shift/past + Assignment history + ShiftLog snapshot"
"MOD-SHIFT-SLOT-ACTIONS","Действия с занятым местом","frontend/src/screens/ShiftPeopleScreen.tsx","SHIFT","mod-shift-slot-actions","By shift/self/manage permissions","YES","CURRENT_REACHABLE_BASELINE","PARTIAL_SCOPED_EVIDENCE","Four-width upper-sheet Close/backdrop/Back plus intercepted Home/release exact target/UUID and refreshed HOME/free states; required comment validation. LIMITS: Readonly missing-workforce branch supplemented by fixture only; not backend release/reassignment authority. See surface-reconciliation.json#MOD-SHIFT-SLOT-ACTIONS","factory + canonical DAY/NIGHT window","/shift/*; /lines/*; /assignments/*; /work-areas/*","Only explicit guarded action where applicable","shift_updated + assignment_updated + line_updated","shift/past + Assignment history + ShiftLog snapshot"
"MOD-SHIFT-WORKAREA-BOARD","Доска рабочей зоны","frontend/src/screens/ShiftPeopleScreen.tsx","SHIFT","mod-shift-workarea-board","By shift/self/manage permissions","YES","CURRENT_REACHABLE_BASELINE","PARTIAL_SCOPED_EVIDENCE","Four-width exact board/candidate layer, contained inner click, Back to board and Close to card; intercepted slots refresh. LIMITS: No real persisted slots/concurrency or factory authority proof. See surface-reconciliation.json#MOD-SHIFT-WORKAREA-BOARD","factory + canonical DAY/NIGHT window","/shift/*; /lines/*; /assignments/*; /work-areas/*","Only explicit guarded action where applicable","shift_updated + assignment_updated + line_updated","shift/past + Assignment history + ShiftLog snapshot"
"MOD-SHIFT-WORKAREA-CANDIDATE","Кандидат в рабочую зону","frontend/src/screens/ShiftPeopleScreen.tsx","SHIFT","mod-shift-workarea-candidate","By shift/self/manage permissions","YES","CURRENT_REACHABLE_BASELINE","PARTIAL_SCOPED_EVIDENCE","Four-width free/movable candidates reach exact fixture slots; Cancel no command, confirm includes source assignment. LIMITS: No backend move/duplicate prevention or candidate permission proof. See surface-reconciliation.json#MOD-SHIFT-WORKAREA-CANDIDATE","factory + canonical DAY/NIGHT window","/shift/*; /lines/*; /assignments/*; /work-areas/*","Only explicit guarded action where applicable","shift_updated + assignment_updated + line_updated","shift/past + Assignment history + ShiftLog snapshot"
"MOD-SHIFT-REQUIREMENT","Редактор потребности","frontend/src/screens/ShiftPeopleScreen.tsx","SHIFT","mod-shift-requirement","By shift/self/manage permissions","YES","CURRENT_REACHABLE_BASELINE","PARTIAL_SCOPED_EVIDENCE","Four-width line/area stepper-input drafts cancel without request; exact intercepted preview/PATCH renders third slot. LIMITS: Line and area commands remain distinct. Not backend capacity or persistence proof. See surface-reconciliation.json#MOD-SHIFT-REQUIREMENT","factory + canonical DAY/NIGHT window","/shift/*; /lines/*; /assignments/*; /work-areas/*","Only explicit guarded action where applicable","shift_updated + assignment_updated + line_updated","shift/past + Assignment history + ShiftLog snapshot"
"MOD-SHIFT-FUTURE-LINE","Плановая доска линии","frontend/src/screens/ShiftPeopleScreen.tsx","SHIFT","mod-shift-future-line","By shift/self/manage permissions","YES","CURRENT_REACHABLE_BASELINE","PARTIAL_SCOPED_EVIDENCE","Four-width exact NIGHT planned-line board, nested profile/detail return and selected slot results in intercepted memory. LIMITS: No time-window formula or real planning persistence/authority proof. See surface-reconciliation.json#MOD-SHIFT-FUTURE-LINE","factory + canonical DAY/NIGHT window","/shift/*; /lines/*; /assignments/*; /work-areas/*","Only explicit guarded action where applicable","shift_updated + assignment_updated + line_updated","shift/past + Assignment history + ShiftLog snapshot"
"MOD-SHIFT-FUTURE-MOVE","Подтверждение переноса в плане","frontend/src/screens/ShiftPeopleScreen.tsx","SHIFT","mod-shift-future-move","By shift/self/manage permissions","YES","CURRENT_REACHABLE_BASELINE","PARTIAL_SCOPED_EVIDENCE","Four-width occupied-slot replacement names exact source/replaced assignment and refreshed intended slot. LIMITS: No backend move/concurrency/idempotency proof; unrelated move confirmations not accepted. See surface-reconciliation.json#MOD-SHIFT-FUTURE-MOVE","factory + canonical DAY/NIGHT window","/shift/*; /lines/*; /assignments/*; /work-areas/*","Only explicit guarded action where applicable","shift_updated + assignment_updated + line_updated","shift/past + Assignment history + ShiftLog snapshot"
"MOD-SHIFT-FUTURE-NONLINE","Плановое назначение вне линии","frontend/src/screens/ShiftPeopleScreen.tsx","SHIFT","mod-shift-future-nonline","By shift/self/manage permissions","YES","CURRENT_REACHABLE_BASELINE","PARTIAL_SCOPED_EVIDENCE","Four-width exact WASH fixture assignment/release, work-area confirmation Back/Cancel no command and confirm source/UUID; refreshed intended slots. LIMITS: Different WASH/area commands retained, no real backend plan persistence or factory authority proof. See surface-reconciliation.json#MOD-SHIFT-FUTURE-NONLINE","factory + canonical DAY/NIGHT window","/shift/*; /lines/*; /assignments/*; /work-areas/*","Only explicit guarded action where applicable","shift_updated + assignment_updated + line_updated","shift/past + Assignment history + ShiftLog snapshot"
"MOD-SHIFT-TEMPLATE-REMAP","Preview смены шаблона состава","frontend/src/screens/ShiftPeopleScreen.tsx","SHIFT","mod-shift-template-remap","By shift/self/manage permissions","YES","CURRENT_REACHABLE_BASELINE","PARTIAL_SCOPED_EVIDENCE","Four-width planned-board four exact preview requests and close paths; one intercepted apply retains original operationId and selected template. LIMITS: ACTIVATE remap scope is separate from planned-board proof; no backend remap integrity/persistence. See surface-reconciliation.json#MOD-SHIFT-TEMPLATE-REMAP","factory + canonical DAY/NIGHT window","/shift/*; /lines/*; /assignments/*; /work-areas/*","Only explicit guarded action where applicable","shift_updated + assignment_updated + line_updated","shift/past + Assignment history + ShiftLog snapshot"
"MOD-SHIFT-PERSON-FIRST","Person-first выбор места","frontend/src/screens/ShiftPeopleScreen.tsx","SHIFT","mod-shift-person-first","By shift/self/manage permissions","YES","CURRENT_REACHABLE_BASELINE","PARTIAL_SCOPED_EVIDENCE","Four-width exact direct free-slot line/position/slot/UUID and intended employee in browser-refreshed slot; second wash selected then Back/Cancel. LIMITS: Wash selection is not wash assignment; no actual backend atomic assignment proof. See surface-reconciliation.json#MOD-SHIFT-PERSON-FIRST","factory + canonical DAY/NIGHT window","/shift/*; /lines/*; /assignments/*; /work-areas/*","Only explicit guarded action where applicable","shift_updated + assignment_updated + line_updated","shift/past + Assignment history + ShiftLog snapshot"
"MOD-SHIFT-LINE-BOARD","Доска назначений линии","frontend/src/screens/ShiftPeopleScreen.tsx","SHIFT","mod-shift-line-board","By shift/self/manage permissions","YES","CURRENT_REACHABLE_BASELINE","PARTIAL_SCOPED_EVIDENCE","Four-width exact dashboard/activity GET and refresh, nested slot/profile Back restoration; intercepted slot updates separate. LIMITS: Not all line states/role variants or server assignments proof. See surface-reconciliation.json#MOD-SHIFT-LINE-BOARD","factory + canonical DAY/NIGHT window","/shift/*; /lines/*; /assignments/*; /work-areas/*","Only explicit guarded action where applicable","shift_updated + assignment_updated + line_updated","shift/past + Assignment history + ShiftLog snapshot"
"MOD-SHIFT-SLOT-FIRST","Slot-first выбор сотрудника","frontend/src/screens/ShiftPeopleScreen.tsx","SHIFT","mod-shift-slot-first","By shift/self/manage permissions","YES","CURRENT_REACHABLE_BASELINE","PARTIAL_SCOPED_EVIDENCE","Four-width free candidate exact slot/UUID refresh; movable candidate Cancel then exact confirmed source assignment. Readonly search Back unwinds to board. LIMITS: Intercepted writes, not backend idempotency/concurrency/permissions or all candidate filters. See surface-reconciliation.json#MOD-SHIFT-SLOT-FIRST","factory + canonical DAY/NIGHT window","/shift/*; /lines/*; /assignments/*; /work-areas/*","Only explicit guarded action where applicable","shift_updated + assignment_updated + line_updated","shift/past + Assignment history + ShiftLog snapshot"
"MOD-SHIFT-LINE-ACTIONS","Действия линии из смены","frontend/src/screens/ShiftPeopleScreen.tsx","SHIFT","mod-shift-line-actions","By shift/self/manage permissions","YES","CURRENT_REACHABLE_BASELINE","PARTIAL_SCOPED_EVIDENCE","Four-width available actions open local draft, Cancel same dashboard, statistics expands existing details; action sheet closes first. LIMITS: No confirmed line command from draft actions; available-only branches not all statuses. See surface-reconciliation.json#MOD-SHIFT-LINE-ACTIONS","factory + canonical DAY/NIGHT window","/shift/*; /lines/*; /assignments/*; /work-areas/*","Only explicit guarded action where applicable","shift_updated + assignment_updated + line_updated","shift/past + Assignment history + ShiftLog snapshot"
"MOD-SHIFT-LINE-ASSIGNMENT","Назначение на линию","frontend/src/screens/ShiftPeopleScreen.tsx","SHIFT","mod-shift-line-assignment","By shift/self/manage permissions","YES","CURRENT_REACHABLE_BASELINE","PARTIAL_SCOPED_EVIDENCE","Current lineShiftAssignment GET plan, nested row draft Back/Cancel, intercepted row PATCH and removal update exact browser-memory row; refresh retains context. LIMITS: Historical generic label mapped to existing shift-assignment panel, not all person assignment commands. No server plan persistence. See surface-reconciliation.json#MOD-SHIFT-LINE-ASSIGNMENT","factory + canonical DAY/NIGHT window","/shift/*; /lines/*; /assignments/*; /work-areas/*","Only explicit guarded action where applicable","shift_updated + assignment_updated + line_updated","shift/past + Assignment history + ShiftLog snapshot"
"MOD-SHIFT-START","Начало смены","frontend/src/screens/ShiftPeopleScreen.tsx","SHIFT","mod-shift-start","By shift/self/manage permissions","NO_CURRENT_RENDERED_STATE","HISTORICAL_BASELINE_RETAINED","NOT_APPLICABLE_NO_CURRENT_STATE","A current reachable-frontend static reconciliation finds only unused canStartShift/canEndShift response fields and no generic whole-shift start control or /shift/start call. The historical baseline row is retained without inventing a current surface. LIMITS: This is current UI reachability evidence, not a backend endpoint removal claim. It does not apply to the distinct line-start picker or any direct API test. See surface-reconciliation.json#MOD-SHIFT-START","factory + canonical DAY/NIGHT window","/shift/*; /lines/*; /assignments/*; /work-areas/*","Only explicit guarded action where applicable","shift_updated + assignment_updated + line_updated","shift/past + Assignment history + ShiftLog snapshot"
"MOD-SHIFT-END","Завершение смены","frontend/src/screens/ShiftPeopleScreen.tsx","SHIFT","mod-shift-end","By shift/self/manage permissions","NO_CURRENT_RENDERED_STATE","HISTORICAL_BASELINE_RETAINED","NOT_APPLICABLE_NO_CURRENT_STATE","A current reachable-frontend static reconciliation finds no generic whole-shift end control or /shift/end call. The rendered «Завершить смену линии» action is a different line-result contract and is already represented by MOD-SHIFT-LINE-ACTIONS, so the historical baseline row remains separate. LIMITS: This is current UI reachability evidence, not a backend endpoint removal claim. It does not infer the result or authority of the separate line-specific action. See surface-reconciliation.json#MOD-SHIFT-END","factory + canonical DAY/NIGHT window","/shift/*; /lines/*; /assignments/*; /work-areas/*","Only explicit guarded action where applicable","shift_updated + assignment_updated + line_updated","shift/past + Assignment history + ShiftLog snapshot"
"MOD-SHIFT-WILLBE","Подтверждение выхода","frontend/src/screens/ShiftPeopleScreen.tsx","SHIFT","mod-shift-willbe","By shift/self/manage permissions","YES","CURRENT_REACHABLE_BASELINE","PARTIAL_SCOPED_EVIDENCE","Four-width exact intercepted mark updates self active; empty cancellation locally blocked, exact cancellation updates no-mark state. LIMITS: No actual next-shift attendance/persistence or backend identity authority proof. See surface-reconciliation.json#MOD-SHIFT-WILLBE","factory + canonical DAY/NIGHT window","/shift/*; /lines/*; /assignments/*; /work-areas/*","Only explicit guarded action where applicable","shift_updated + assignment_updated + line_updated","shift/past + Assignment history + ShiftLog snapshot"
"MOD-SHIFT-RETURN","Запрос возврата в смену","frontend/src/screens/ShiftPeopleScreen.tsx","SHIFT","mod-shift-return","By shift/self/manage permissions","YES","CURRENT_REACHABLE_BASELINE","PARTIAL_SCOPED_EVIDENCE","Four-width empty reason validation without request; exact intercepted reason hides action only after refreshed shift/me pending request. LIMITS: No actual return request/backend employee spoof protection or notification proof. See surface-reconciliation.json#MOD-SHIFT-RETURN","factory + canonical DAY/NIGHT window","/shift/*; /lines/*; /assignments/*; /work-areas/*","Only explicit guarded action where applicable","shift_updated + assignment_updated + line_updated","shift/past + Assignment history + ShiftLog snapshot"
"MOD-SHIFT-TASK","Заявка из смены","frontend/src/screens/ShiftPeopleScreen.tsx","SHIFT","mod-shift-task","By shift/self/manage permissions","YES","CURRENT_REACHABLE_BASELINE","PARTIAL_SCOPED_EVIDENCE","Four-width line-specific task draft from action sheet; department retained locally, Back/Cancel return same dashboard without task mutation. LIMITS: No task Create or exact linked-card navigation proof; wash draft in same test is distinct action. See surface-reconciliation.json#MOD-SHIFT-TASK","factory + canonical DAY/NIGHT window","/shift/*; /lines/*; /assignments/*; /work-areas/*","Only explicit guarded action where applicable","shift_updated + assignment_updated + line_updated","shift/past + Assignment history + ShiftLog snapshot"
"MOD-SHIFT-PROFILE","Карточка сотрудника из смены","frontend/src/screens/ShiftPeopleScreen.tsx","SHIFT","mod-shift-profile","By shift/self/manage permissions","YES","CURRENT_REACHABLE_BASELINE","PARTIAL_SCOPED_EVIDENCE","Four-width exact attendance-row profile GET fixture; Close/browser Back restore same row; Refresh one additional GET keeps card open. LIMITS: Read fixture only, not real profile authority/all fields or mutating profile actions. See surface-reconciliation.json#MOD-SHIFT-PROFILE","factory + canonical DAY/NIGHT window","/shift/*; /lines/*; /assignments/*; /work-areas/*","Only explicit guarded action where applicable","shift_updated + assignment_updated + line_updated","shift/past + Assignment history + ShiftLog snapshot"
"MOD-PEOPLE-FILTERS","Поиск и фильтры людей","frontend/src/screens/PeopleScreen.tsx","PEOPLE","mod-people-filters","By people/profile permissions","YES","CURRENT_REACHABLE_BASELINE","PARTIAL_SCOPED_EVIDENCE","Four-width category/search summary, GET q+mode, exact person, refresh200, browser Back preserving search and clear hint. LIMITS: Not every category combination/factory authority or result completeness. Current filterOpen PremiumSheet owner at440. See surface-reconciliation.json#MOD-PEOPLE-FILTERS","factory + department/company visibility","/people; /people/search; /people/:id","Only explicit guarded action where applicable","operational invalidation for assignment state","assignment history + audit notes/actions"
"MOD-PEOPLE-PROFILE","Профиль сотрудника","frontend/src/screens/PeopleScreen.tsx","PEOPLE","mod-people-profile","By people/profile permissions","YES","CURRENT_REACHABLE_BASELINE","PARTIAL_SCOPED_EVIDENCE","Four-width selected person profile identity/photo/current assignment and close/refresh; notes/skills nested return. LIMITS: UI-SWEEP-063 linked task target fails; profile mapping is not complete acceptance of all content/actions. See surface-reconciliation.json#MOD-PEOPLE-PROFILE","factory + department/company visibility","/people; /people/search; /people/:id","Only explicit guarded action where applicable","operational invalidation for assignment state","assignment history + audit notes/actions"
"MOD-PEOPLE-SKILL","Создание/редактирование навыка","frontend/src/screens/PeopleScreen.tsx","PEOPLE","mod-people-skill","By people/profile permissions","YES","CURRENT_REACHABLE_BASELINE","PARTIAL_SCOPED_EVIDENCE","Four-width create-form and existing-skill dirty discard contracts; browser-isolated exact POST/PATCH creates a configured line skill, edits experience, refreshes the open profile and preserves the updated skill after browser-memory reload. UI-SWEEP-110 mobile copy wrap replayed at desktop/360/390/430. LIMITS: Command outcomes and line dictionary are browser-memory/intercepted evidence only: backend persistence, authority/RBAC, real configuration scope, audit, concurrency and physical Android Back/keyboard are not inferred. Real employee skills were not mutated. See surface-reconciliation.json#MOD-PEOPLE-SKILL","factory + department/company visibility","/people; /people/search; /people/:id","Only explicit guarded action where applicable","operational invalidation for assignment state","assignment history + audit notes/actions"
"MOD-PEOPLE-NOTE","Заметка руководства","frontend/src/screens/PeopleScreen.tsx","PEOPLE","mod-people-note","By people/profile permissions","YES","CURRENT_REACHABLE_BASELINE","PARTIAL_SCOPED_EVIDENCE","Four-width new-note Stay/discard and existing-note edit/delete Back contracts; browser-isolated exact POST/PATCH/DELETE lifecycle creates, edits, soft-deletes, refreshes the open profile and preserves the original note after browser-memory reload. UI-SWEEP-109 footer/body layout replayed after fix at desktop/360/390/430. LIMITS: Command outcomes are browser-memory/intercepted evidence only: backend persistence, authority/RBAC, audit, concurrency and physical Android Back/keyboard are not inferred. Real People note records were not mutated. See surface-reconciliation.json#MOD-PEOPLE-NOTE","factory + department/company visibility","/people; /people/search; /people/:id","Only explicit guarded action where applicable","operational invalidation for assignment state","assignment history + audit notes/actions"
"MOD-PEOPLE-PHOTO","Управление фото профиля","frontend/src/screens/PeopleScreen.tsx","PEOPLE","mod-people-photo","By people/profile permissions","YES","CURRENT_REACHABLE_BASELINE","PARTIAL_SCOPED_EVIDENCE","Four-width local PNG selection and cancel; separate intercepted multipart upload then rendered after reload, intercepted delete then absent after reload, Back restores list. Shared profile body/footer layout replayed at desktop/360/390/430 after UI-SWEEP-109. LIMITS: Current photo controls remain inline in the profile. Upload/delete are browser-intercepted state only: no backend storage/file authority, physical camera, permissions or Android Back proof. See surface-reconciliation.json#MOD-PEOPLE-PHOTO","factory + department/company visibility","/people; /people/search; /people/:id","Only explicit guarded action where applicable","operational invalidation for assignment state","assignment history + audit notes/actions"
"MOD-PEOPLE-PASSWORD","Сброс пароля","frontend/src/screens/PeopleScreen.tsx","PEOPLE","mod-people-password","By people/profile permissions","YES","CURRENT_REACHABLE_BASELINE","PARTIAL_SCOPED_EVIDENCE","Four-width reason-form dirty discard; browser-isolated exact reset POST with reason/operationId changes the profile action to disabled required-password-change state, exposes the Russian success notice after profile close, and preserves required-change state after browser-memory reload without a repeat command. LIMITS: Reset command/capability state is intercepted browser evidence only: no real credential or session change, backend authorization/persistence/idempotency/audit or physical Android Back/keyboard proof. Separate from the Admin control-phrase dialog. See surface-reconciliation.json#MOD-PEOPLE-PASSWORD","factory + department/company visibility","/people; /people/search; /people/:id","Only explicit guarded action where applicable","operational invalidation for assignment state","assignment history + audit notes/actions"
"MOD-ADMIN-DELEGATION","Делегирование прав","frontend/src/screens/AdminConfigScreen.tsx","ADMIN","mod-admin-delegation","ADMIN plus limited delegated managers","YES","CURRENT_REACHABLE_BASELINE","REVALIDATION_REQUIRED","Evidence/source hash changed; revalidate mapping. LIMITS: Source and target distinct current picker variants. No applied rights/backend assignment or hierarchy authority inferred. See surface-reconciliation.json#MOD-ADMIN-DELEGATION","selected factory; global service rules explicit","/admin/* plus module settings endpoints","Only explicit guarded action where applicable","auth_context_changed on access changes","AuditLog + admin audit read model"
"MOD-ADMIN-DELEGATION-HELP","Справка по делегированию","frontend/src/screens/AdminConfigScreen.tsx","ADMIN","mod-admin-delegation-help","ADMIN plus limited delegated managers","YES","CURRENT_REACHABLE_BASELINE","REVALIDATION_REQUIRED","Evidence/source hash changed; revalidate mapping. LIMITS: Read-only help layer is not proof of delegation policy correctness or successful grant. See surface-reconciliation.json#MOD-ADMIN-DELEGATION-HELP","selected factory; global service rules explicit","/admin/* plus module settings endpoints","Only explicit guarded action where applicable","auth_context_changed on access changes","AuditLog + admin audit read model"
"MOD-ADMIN-CONFIRM","Безопасное подтверждение админ-действия","frontend/src/screens/AdminConfigScreen.tsx","ADMIN","mod-admin-confirm","ADMIN plus limited delegated managers","YES","CURRENT_REACHABLE_BASELINE","REVALIDATION_REQUIRED","Evidence/source hash changed; revalidate mapping. LIMITS: Generic pendingAction owner does not equate different commands. Save/Create/Restore and all other confirmation kinds require exact action evidence. See surface-reconciliation.json#MOD-ADMIN-CONFIRM","selected factory; global service rules explicit","/admin/* plus module settings endpoints","Only explicit guarded action where applicable","auth_context_changed on access changes","AuditLog + admin audit read model"
"MOD-LINE-DETAIL","Карточка линии","frontend/src/screens/SituationScreen.tsx","LINES","mod-line-detail","lines.read","YES","CURRENT_REACHABLE_BASELINE","PARTIAL_SCOPED_EVIDENCE","Four-width title and explicit detail open exact dashboard GET200; refresh retains card and both close paths restore list; scroll exposes lower content and footer. LIMITS: Not all field/formula/backend scope proof. See surface-reconciliation.json#MOD-LINE-DETAIL","factory + visible runtime rows","/lines; /lines/:id/*; /wash; /work-areas","Only explicit guarded action where applicable","line/shift/assignment/wash invalidation","line timeline + archive + ops metrics"
"MOD-LINE-DOWNTIME","Остановка/простой/возврат в работу","frontend/src/screens/SituationScreen.tsx","LINES","mod-line-downtime","lines.read","YES","CURRENT_REACHABLE_BASELINE","PARTIAL_SCOPED_EVIDENCE","Four-width existing action forms open and Back returns parent; separate service-state return-to-work draft focus/layer Back. LIMITS: No confirmed STOP/PAUSE/WORK command or duration/overlap correctness from these dismissals. See surface-reconciliation.json#MOD-LINE-DOWNTIME","factory + visible runtime rows","/lines; /lines/:id/*; /wash; /work-areas","Only explicit guarded action where applicable","line/shift/assignment/wash invalidation","line timeline + archive + ops metrics"
"MOD-LINE-TIMELINE","Временная история линии","frontend/src/screens/SituationScreen.tsx","LINES","mod-line-timeline","lines.read","YES","CURRENT_REACHABLE_BASELINE","PARTIAL_SCOPED_EVIDENCE","Four-width timeline action GET200 and nested Back restores detail; selected event source navigates to Defrost then Back. Four-width strengthened target verifies exact request date/type, response date/type and line ID, UI date/pressed shift and displayed linked-task count; previous/next use prior response navigation. No formula proof. LIMITS: No complete event history/formula or exact source-event focus proof. See surface-reconciliation.json#MOD-LINE-TIMELINE","factory + visible runtime rows","/lines; /lines/:id/*; /wash; /work-areas","Only explicit guarded action where applicable","line/shift/assignment/wash invalidation","line timeline + archive + ops metrics"
"MOD-LINE-STATS","Статистика линии","frontend/src/screens/SituationScreen.tsx","LINES","mod-line-stats","lines.read","YES","CURRENT_REACHABLE_BASELINE","PARTIAL_SCOPED_EVIDENCE","Four-width stats dashboard GET200; UI/browser close restore same line detail. LIMITS: Current-state modal has only four metrics and Close, no period/filter controls (SituationScreen892-911). Metric derivation/backend formulas remain unproved; period controls belong to MOD-LINE-TIMELINE. See surface-reconciliation.json#MOD-LINE-STATS","factory + visible runtime rows","/lines; /lines/:id/*; /wash; /work-areas","Only explicit guarded action where applicable","line/shift/assignment/wash invalidation","line timeline + archive + ops metrics"
"MOD-TASK-FILTERS","Фильтры заявок","frontend/src/screens/TasksScreen.tsx","TASKS","mod-task-filters","tasks.read","YES","CURRENT_REACHABLE_BASELINE","PARTIAL_SCOPED_EVIDENCE","Four-width draft type/department/line changes discarded by Back; apply changes visible results, reopen matches applied state and reset restores all. LIMITS: No all combinations/scope correctness from these cases. See surface-reconciliation.json#MOD-TASK-FILTERS","factory + recipient/department visibility","/tasks/*; /tasks/recipient-departments","Only explicit guarded action where applicable","task_updated","TaskHistory + archive + audit"
"MOD-TASK-ARCHIVE","Архив и метрики","frontend/src/screens/TasksScreen.tsx","TASKS","mod-task-archive","tasks.read","YES","CURRENT_REACHABLE_BASELINE","PARTIAL_SCOPED_EVIDENCE","archiveOpen layer UI Close/browser Back and preserved applied filter values at four widths. LIMITS: Same existing archive view, no export or backend result completeness inferred. See surface-reconciliation.json#MOD-TASK-ARCHIVE","factory + recipient/department visibility","/tasks/*; /tasks/recipient-departments","Only explicit guarded action where applicable","task_updated","TaskHistory + archive + audit"
"MOD-TASK-ACTIONS","Действия с заявкой","frontend/src/screens/TasksScreen.tsx","TASKS","mod-task-actions","tasks.read","YES","CURRENT_REACHABLE_BASELINE","PARTIAL_SCOPED_EVIDENCE","Four-width action-sheet Cancel/Back, redirect/complete form entries, intercepted take exact UUID and refreshed In progress state. LIMITS: Not all command completion; escalation intercepted, not scheduler/backend authority proof. See surface-reconciliation.json#MOD-TASK-ACTIONS","factory + recipient/department visibility","/tasks/*; /tasks/recipient-departments","Only explicit guarded action where applicable","task_updated","TaskHistory + archive + audit"
"MOD-TASK-DETAIL","Карточка заявки","frontend/src/screens/TasksScreen.tsx","TASKS","mod-task-detail","tasks.read","YES","CURRENT_REACHABLE_BASELINE","PARTIAL_SCOPED_EVIDENCE","Four-width exact detail GET-refresh200, nested comment/redirect parent preservation and explicit Close/browser Back. LIMITS: No linked-source exact focus acceptance; all detail content/permissions not proved. See surface-reconciliation.json#MOD-TASK-DETAIL","factory + recipient/department visibility","/tasks/*; /tasks/recipient-departments","Only explicit guarded action where applicable","task_updated","TaskHistory + archive + audit"
"MOD-TASK-CREATE","Создание заявки","frontend/src/screens/TasksScreen.tsx","TASKS","mod-task-create","tasks.read","YES","CURRENT_REACHABLE_BASELINE","PARTIAL_SCOPED_EVIDENCE","Desktop/360/390/430 browser-isolated lifecycle: controlled Russian 409 retains every create value; retry reuses the exact operationId and sends the exact URGENT/description/line/department/assignee/deadline payload; the created card and detail survive reload. LIMITS: Browser-memory interception proves UI command composition, retry idempotency key reuse and rendered reload state only. Backend persistence, RBAC/factory authority, audit, attachment upload and physical Android behavior are not inferred. See surface-reconciliation.json#MOD-TASK-CREATE","factory + recipient/department visibility","/tasks/*; /tasks/recipient-departments","Only explicit guarded action where applicable","task_updated","TaskHistory + archive + audit"
"MOD-TASK-TAKE","Взять/изменить исполнение","frontend/src/screens/TasksScreen.tsx","TASKS","mod-task-take","tasks.read","YES","CURRENT_REACHABLE_BASELINE","PARTIAL_SCOPED_EVIDENCE","Four-width separate sheet/detail take handlers send one UUID and refresh browser-memory task to In progress. LIMITS: Take is direct existing command, not invented modal. No backend persistence/claim concurrency or permission proof. See surface-reconciliation.json#MOD-TASK-TAKE","factory + recipient/department visibility","/tasks/*; /tasks/recipient-departments","Only explicit guarded action where applicable","task_updated","TaskHistory + archive + audit"
"MOD-TASK-COMPLETE","Завершение заявки","frontend/src/screens/TasksScreen.tsx","TASKS","mod-task-complete","tasks.read","YES","CURRENT_REACHABLE_BASELINE","PARTIAL_SCOPED_EVIDENCE","Desktop/360/390/430 browser-isolated lifecycle: exact completion comment/operationId command is submitted once; the task leaves the active list, appears under the completed filter as DONE, and its final detail/comment survive reload; browser Back closes detail to the filtered list. LIMITS: Browser-memory interception proves UI command composition, presentation/filter transition and rendered reload state only. Backend persistence, completion authority, concurrency, audit and physical Android behavior are not inferred. See surface-reconciliation.json#MOD-TASK-COMPLETE","factory + recipient/department visibility","/tasks/*; /tasks/recipient-departments","Only explicit guarded action where applicable","task_updated","TaskHistory + archive + audit"
"MOD-TASK-REDIRECT","Перенаправление заявки","frontend/src/screens/TasksScreen.tsx","TASKS","mod-task-redirect","tasks.read","YES","CURRENT_REACHABLE_BASELINE","PARTIAL_SCOPED_EVIDENCE","Desktop/360/390/430 browser-isolated lifecycle: exact redirect comment/department/assignee/operationId command is submitted once; refreshed detail shows the new recipient and redirect comment and preserves both after reload. LIMITS: Browser-memory interception proves UI command composition and rendered reload state only. Backend persistence, recipient scope/RBAC, concurrency, audit and physical Android behavior are not inferred. See surface-reconciliation.json#MOD-TASK-REDIRECT","factory + recipient/department visibility","/tasks/*; /tasks/recipient-departments","Only explicit guarded action where applicable","task_updated","TaskHistory + archive + audit"
"MOD-WASH-REQUEST","Создание задания на мойку","frontend/src/screens/WashScreen.tsx","WASH","mod-wash-request","wash read/control roles","YES","CURRENT_REACHABLE_BASELINE","PARTIAL_SCOPED_EVIDENCE","Canonical request form opens and untouched Cancel restores the list. A controlled Russian 409 remains visible with line, description, priority, comment and selected file retained; retry sends the exact operationId-bearing request payload and exact multipart WASH_CONTROL_ITEM attachment, then the request card and attachment survive browser-memory reload at desktop/360/390/430. LIMITS: Browser-intercepted commands/read model only. Backend persistence, storage authority, RBAC/factory scope, idempotency, audit and physical file chooser/camera/Android behavior are not inferred. See surface-reconciliation.json#MOD-WASH-REQUEST","factory + session entity access","/wash/*","Only explicit guarded action where applicable","wash_updated + assignment_updated","wash archive/events + audit"
"MOD-WASH-START","Начать мойку","frontend/src/screens/WashScreen.tsx","WASH","mod-wash-start","wash read/control roles","YES","CURRENT_REACHABLE_BASELINE","PARTIAL_SCOPED_EVIDENCE","LINE/OTHER local forms and two-stage focus/layer Back are proved. A stopped-line command separately survives browser-memory reload. For OTHER, a controlled Russian 409 retains name/description; retry sends the exact operationId-bearing payload, renders the named wash card/detail and preserves it after reload at desktop/360/390/430. LIMITS: Browser-intercepted commands/read models only. Backend session/line persistence, authority, RBAC/factory scope, idempotency, audit/concurrency and physical keyboard/Android Back are not inferred. See surface-reconciliation.json#MOD-WASH-START","factory + session entity access","/wash/*","Only explicit guarded action where applicable","wash_updated + assignment_updated","wash archive/events + audit"
"MOD-WASH-MESSAGE","Фото/комментарий мойки","frontend/src/screens/WashScreen.tsx","WASH","mod-wash-message","wash read/control roles","YES","CURRENT_REACHABLE_BASELINE","PARTIAL_SCOPED_EVIDENCE","The canonical photo/comment form opens and Cancel restores the active wash. A controlled Russian 409 remains visible with comment and selected file retained; retry sends the exact operationId-bearing message payload and exact multipart WASH_MESSAGE attachment. The feed card and attachment survive browser-memory reload, and focus Back then layer Back sends no additional command at desktop/360/390/430. LIMITS: Browser-intercepted command/read model only. Backend persistence, attachment storage authority, RBAC/factory scope, idempotency, audit and physical file chooser/camera/Android behavior are not inferred. See surface-reconciliation.json#MOD-WASH-MESSAGE","factory + session entity access","/wash/*","Only explicit guarded action where applicable","wash_updated + assignment_updated","wash archive/events + audit"
"MOD-WASH-ISSUE","Проблема мойки","frontend/src/screens/WashScreen.tsx","WASH","mod-wash-issue","wash read/control roles","YES","CURRENT_REACHABLE_BASELINE","PARTIAL_SCOPED_EVIDENCE","New issue action opens and untouched Cancel restores detail. LIMITS: No issue creation proof; resolution is separate state. See surface-reconciliation.json#MOD-WASH-ISSUE","factory + session entity access","/wash/*","Only explicit guarded action where applicable","wash_updated + assignment_updated","wash archive/events + audit"
"MOD-WASH-CONTROL","Контроль/мини-задание","frontend/src/screens/WashScreen.tsx","WASH","mod-wash-control","wash read/control roles","YES","CURRENT_REACHABLE_BASELINE","PARTIAL_SCOPED_EVIDENCE","New task/control action opens and untouched Cancel restores detail. LIMITS: No task creation or completion proof from this draft. See surface-reconciliation.json#MOD-WASH-CONTROL","factory + session entity access","/wash/*","Only explicit guarded action where applicable","wash_updated + assignment_updated","wash archive/events + audit"
"MOD-WASH-OKK","ОКК-проверка мойки","frontend/src/screens/WashScreen.tsx","WASH","mod-wash-okk","wash read/control roles","YES","CURRENT_REACHABLE_BASELINE","PARTIAL_SCOPED_EVIDENCE","The canonical OKK review form opens, rating selection resets on Cancel, and a controlled Russian 409 remains visible with decision, comment, rating 7 and selected file retained. Retry sends the exact operationId-bearing review payload and exact multipart WASH_OKK_REVIEW attachment; the result card survives browser-memory reload at desktop/360/390/430. LIMITS: Browser-intercepted command/read model only. Backend persistence, OKK authority, attachment storage, RBAC/factory scope, idempotency, audit and physical file chooser/camera/Android behavior are not inferred. See surface-reconciliation.json#MOD-WASH-OKK","factory + session entity access","/wash/*","Only explicit guarded action where applicable","wash_updated + assignment_updated","wash archive/events + audit"
"MOD-WASH-COMPLETE","Завершить мойку","frontend/src/screens/WashScreen.tsx","WASH","mod-wash-complete","wash read/control roles","YES","CURRENT_REACHABLE_BASELINE","PARTIAL_SCOPED_EVIDENCE","Completion confirmation opens and Cancel restores active detail. A controlled Russian 409 remains visible in the active dialog; retry sends the exact operationId-bearing completion command, moves the session into the browser-memory archive, survives reload and browser Back restores the archive list at desktop/360/390/430. LIMITS: Browser-intercepted command/read model only. Backend persistence, completion guard authority, RBAC/factory scope, idempotency, audit, concurrency and physical Android Back are not inferred. See surface-reconciliation.json#MOD-WASH-COMPLETE","factory + session entity access","/wash/*","Only explicit guarded action where applicable","wash_updated + assignment_updated","wash archive/events + audit"
"MOD-WASH-REQUEST-ACTION","Статус задания на мойку","frontend/src/screens/WashScreen.tsx","WASH","mod-wash-request-action","wash read/control roles","YES","CURRENT_REACHABLE_BASELINE","PARTIAL_SCOPED_EVIDENCE","Exact intercepted take/start commands update request and reopen same resulting session. LIMITS: Current request actions are inline commands, not separate modal; browser memory only, no authority/persistence proof. See surface-reconciliation.json#MOD-WASH-REQUEST-ACTION","factory + session entity access","/wash/*","Only explicit guarded action where applicable","wash_updated + assignment_updated","wash archive/events + audit"
"MOD-OKK-CREATE","Новый брак","frontend/src/screens/OkkScreen.tsx","OKK","mod-okk-create","okk.read","YES","CURRENT_REACHABLE_BASELINE","PARTIAL_SCOPED_EVIDENCE","Desktop/360/390/430 browser-isolated lifecycle: the 12-field form and DAY/NIGHT select pass required validity; a controlled Russian 409 keeps the entered values, retry sends the exact create payload with a UUID operationId, and the resulting card/detail survive browser-memory reload. LIMITS: Browser interception proves UI composition, rejected-draft retention and rendered reload state only. Backend persistence, assigned-master authority, RBAC/factory scope, audit, concurrency and physical Android behavior are not inferred. See surface-reconciliation.json#MOD-OKK-CREATE","factory","/okk/*; /directory/users; /lines","Only explicit guarded action where applicable","okk_updated emitted; quantity_release_updated consumed","OKK archive + audit"
"MOD-OKK-COMPLETE","Отметить выполнение","frontend/src/screens/OkkScreen.tsx","OKK","mod-okk-complete","okk.read","YES","CURRENT_REACHABLE_BASELINE","PARTIAL_SCOPED_EVIDENCE","Desktop/360/390/430 browser-isolated lifecycle: completion draft Stay/discard remains intact; a controlled Russian 409 keeps every entered value and the form open, retry sends the exact completion payload with UUID operationId, and refreshed detail shows the completion status, people and corrective action. LIMITS: Browser interception proves UI composition, local retry state and rendered result only. Backend persistence, completion authority, RBAC/factory scope, audit, concurrency and physical Android behavior are not inferred. See surface-reconciliation.json#MOD-OKK-COMPLETE","factory","/okk/*; /directory/users; /lines","Only explicit guarded action where applicable","okk_updated emitted; quantity_release_updated consumed","OKK archive + audit"
"MOD-OKK-RELEASE","Частичная выдача","frontend/src/screens/OkkScreen.tsx","OKK","mod-okk-release","okk.read","YES","CURRENT_REACHABLE_BASELINE","PARTIAL_SCOPED_EVIDENCE","Desktop/360/390/430 browser-isolated lifecycle: balance/preview, required input, Cancel/reopen and focus/layer Back pass; the exact partial-release quantity/comment/UUID command refreshes balance and release history, which remains present in the final reloaded archive detail. LIMITS: Browser interception proves command composition and rendered read-model convergence only. Backend persistence, quantity locking, RBAC/factory scope, audit, concurrency and physical Android behavior are not inferred. See surface-reconciliation.json#MOD-OKK-RELEASE","factory","/okk/*; /directory/users; /lines","Only explicit guarded action where applicable","okk_updated emitted; quantity_release_updated consumed","OKK archive + audit"
"MOD-OKK-ATTACH","Вложение к браку","frontend/src/screens/OkkScreen.tsx","OKK","mod-okk-attach","okk.read","YES","CURRENT_REACHABLE_BASELINE","PARTIAL_SCOPED_EVIDENCE","Attachment Back; separate intercepted PNG multipart metadata/UUID and browser-memory reload/detail result. LIMITS: No real storage/RBAC/media delivery proof. See surface-reconciliation.json#MOD-OKK-ATTACH","factory","/okk/*; /directory/users; /lines","Only explicit guarded action where applicable","okk_updated emitted; quantity_release_updated consumed","OKK archive + audit"
"MOD-OKK-DETAIL","Карточка брака","frontend/src/screens/OkkScreen.tsx","OKK","mod-okk-detail","okk.read","YES","CURRENT_REACHABLE_BASELINE","PARTIAL_SCOPED_EVIDENCE","Selected card title matches detail; 14 fields and UI/browser Back preserve count/tab. LIMITS: All values and lower media not independently accepted; historical damaged-photo observation retained. See surface-reconciliation.json#MOD-OKK-DETAIL","factory","/okk/*; /directory/users; /lines","Only explicit guarded action where applicable","okk_updated emitted; quantity_release_updated consumed","OKK archive + audit"
"MOD-STOCK-CREATE","Создать некондицию","frontend/src/screens/StockScreen.tsx","STOCK","mod-stock-create","stock.read","YES","CURRENT_REACHABLE_BASELINE","PARTIAL_SCOPED_EVIDENCE","Optional name/required quantity/unit draft; separate exact intercepted create payload and refreshed card/detail after reload. LIMITS: Normalization and server persistence not inferred; empty-name draft is not empty-name successful create proof. See surface-reconciliation.json#MOD-STOCK-CREATE","factory","/stock/*","Only explicit guarded action where applicable","manual/local refresh","stock archive + audit"
"MOD-STOCK-STATUS","Скрытие/архив некондиции","frontend/src/screens/StockScreen.tsx","STOCK","mod-stock-status","stock.read","YES","CURRENT_REACHABLE_BASELINE","PARTIAL_SCOPED_EVIDENCE","Current archive is direct action, not modal; exact intercepted operationId request removes card/detail and survives browser-memory reload. LIMITS: No real archive/hidden-state authority or persistence proof; no new confirmation invented. See surface-reconciliation.json#MOD-STOCK-STATUS","factory","/stock/*","Only explicit guarded action where applicable","manual/local refresh","stock archive + audit"
"MOD-STOCK-ATTACH","Вложение к некондиции","frontend/src/screens/StockScreen.tsx","STOCK","mod-stock-attach","stock.read","YES","CURRENT_REACHABLE_BASELINE","PARTIAL_SCOPED_EVIDENCE","Real local PNG selection; intercepted multipart metadata/UUID, updated counter and attachment after browser-memory reload and Back. LIMITS: Backend storage/RBAC and physical camera pending; no real upload performed. See surface-reconciliation.json#MOD-STOCK-ATTACH","factory","/stock/*","Only explicit guarded action where applicable","manual/local refresh","stock archive + audit"
"MOD-STOCK-DETAIL","Карточка некондиции","frontend/src/screens/StockScreen.tsx","STOCK","mod-stock-detail","stock.read","YES","CURRENT_REACHABLE_BASELINE","PARTIAL_SCOPED_EVIDENCE","Same-card reopen, UI/browser Close and retained list/count at four widths. LIMITS: All detail fields/media/actions not inferred; edit/issue are distinct current forms needing explicit surface census entries. See surface-reconciliation.json#MOD-STOCK-DETAIL","factory","/stock/*","Only explicit guarded action where applicable","manual/local refresh","stock archive + audit"
"MOD-RETURN-CREATE","Создать возврат","frontend/src/screens/ReturnsScreen.tsx","RETURNS","mod-return-create","publication/read policy (gap)","YES","CURRENT_REACHABLE_BASELINE","PARTIAL_SCOPED_EVIDENCE","Intercepted trimmed fields/quantity/UUID create and multipart photo, refreshed card/media after reload and Back. LIMITS: No backend create/upload persistence or storage proof. See surface-reconciliation.json#MOD-RETURN-CREATE","factory","/returns/*","Only explicit guarded action where applicable","quantity_release_updated","returns archive + audit"
"MOD-RETURN-DETAIL","Карточка возврата","frontend/src/screens/ReturnsScreen.tsx","RETURNS","mod-return-detail","publication/read policy (gap)","YES","CURRENT_REACHABLE_BASELINE","PARTIAL_SCOPED_EVIDENCE","Selected title/reason match; UI/browser Close preserves list; archived record lacks archive action. LIMITS: All remaining fields/history/media not inferred. See surface-reconciliation.json#MOD-RETURN-DETAIL","factory","/returns/*","Only explicit guarded action where applicable","quantity_release_updated","returns archive + audit"
"MOD-RETURN-ARCHIVE","Архивировать возврат","frontend/src/screens/ReturnsScreen.tsx","RETURNS","mod-return-archive","publication/read policy (gap)","YES","CURRENT_REACHABLE_BASELINE","PARTIAL_SCOPED_EVIDENCE","Exact intercepted archive command removes feed row, exposes archive row after reload and Back. LIMITS: Browser memory only; actual archive/authority not inferred. See surface-reconciliation.json#MOD-RETURN-ARCHIVE","factory","/returns/*","Only explicit guarded action where applicable","quantity_release_updated","returns archive + audit"
"MOD-RETURN-RELEASE","Частичная выдача возврата","frontend/src/screens/ReturnsScreen.tsx","RETURNS","mod-return-release","publication/read policy (gap)","YES","CURRENT_REACHABLE_BASELINE","PARTIAL_SCOPED_EVIDENCE","Exact intercepted quantity/comment/UUID release and reduced balance/history after reload/reopen/Back. LIMITS: No real quantity integrity/concurrency or backend authority proof. See surface-reconciliation.json#MOD-RETURN-RELEASE","factory","/returns/*","Only explicit guarded action where applicable","quantity_release_updated","returns archive + audit"
"MOD-ORDERS-FILTERS","Фильтры остатков/заказов","frontend/src/screens/OrdersStockScreen.tsx","ORDERS","mod-orders-filters","orders.read","YES","CURRENT_REACHABLE_BASELINE","PARTIAL_SCOPED_EVIDENCE","Exact search/status/archive queries, draft Back/reset; later nonempty category/department query and applied summary. LIMITS: Initial category runtime gap preserved; later concrete query proof not universal positive predicate proof. See surface-reconciliation.json#MOD-ORDERS-FILTERS","factory + department","/orders/*","Only explicit guarded action where applicable","orders_updated","movements/order archive + audit"
"MOD-ORDERS-ITEM","Карточка остатка","frontend/src/screens/OrdersStockScreen.tsx","ORDERS","mod-orders-item","orders.read","YES","CURRENT_REACHABLE_BASELINE","PARTIAL_SCOPED_EVIDENCE","Item detail, nested drafts and UI/browser Close remain proved. Retained four-width browser-isolated lifecycles separately prove exact edit, take, restock, linked-order, archive and restore commands, controlled error/draft retention where applicable, selected-detail/list convergence and browser-memory reload. LIMITS: Browser-intercepted commands/read models only. Backend persistence, RBAC/factory authority, audit/concurrency, attachment upload and physical Android keyboard/Back are not inferred. See surface-reconciliation.json#MOD-ORDERS-ITEM","factory + department","/orders/*","Only explicit guarded action where applicable","orders_updated","movements/order archive + audit"
"MOD-ORDERS-REQUEST","Карточка заказа","frontend/src/screens/OrdersStockScreen.tsx","ORDERS","mod-orders-request","orders.read","YES","CURRENT_REACHABLE_BASELINE","PARTIAL_SCOPED_EVIDENCE","Request detail closes through UI/browser Back. Both decision forms are distinct; exact ORDERED and NOT_NEEDED submits converge active/archive lists, archived detail and browser-memory reload at desktop/360/390/430. LIMITS: Browser-intercepted commands/read models only. Backend persistence, request authority, RBAC/factory scope, audit/concurrency and physical Android Back are not inferred. See surface-reconciliation.json#MOD-ORDERS-REQUEST","factory + department","/orders/*","Only explicit guarded action where applicable","orders_updated","movements/order archive + audit"
"MOD-ORDERS-CREATE-ITEM","Создать позицию остатка","frontend/src/screens/OrdersStockScreen.tsx","ORDERS","mod-orders-create-item","orders.read","YES","CURRENT_REACHABLE_BASELINE","PARTIAL_SCOPED_EVIDENCE","Four-width browser-isolated exact create POST including operationId yields intended card/detail and survives browser-memory reload; rejected409 retains values, Stay preserves draft and discard sends no retry. LIMITS: Browser-intercepted command/state only: backend persistence/RBAC/audit/idempotency enforcement, attachment upload and physical keyboard/Back not proved. See surface-reconciliation.json#MOD-ORDERS-CREATE-ITEM","factory + department","/orders/*","Only explicit guarded action where applicable","orders_updated","movements/order archive + audit"
"MOD-ORDERS-FROM-ITEM","Заказ из остатка","frontend/src/screens/OrdersStockScreen.tsx","ORDERS","mod-orders-from-item","orders.read","YES","CURRENT_REACHABLE_BASELINE","PARTIAL_SCOPED_EVIDENCE","Specific item Order action and clean Back are proved. Four-width browser-isolated exact POST creates one linked request, updates the item list and selected detail, disables duplicate UI creation, exposes the source item in request detail and survives browser-memory reload. LIMITS: Browser fixture only; backend persistence, authority, duplicate enforcement, attachment upload, audit/concurrency and physical Back remain unproved. See surface-reconciliation.json#MOD-ORDERS-FROM-ITEM","factory + department","/orders/*","Only explicit guarded action where applicable","orders_updated","movements/order archive + audit"
"MOD-ORDERS-MANUAL","Ручная заявка на заказ","frontend/src/screens/OrdersStockScreen.tsx","ORDERS","mod-orders-manual","orders.read","YES","CURRENT_REACHABLE_BASELINE","PARTIAL_SCOPED_EVIDENCE","Manual request form/comment/attachment controls and draft discard are proved. Four-width browser-isolated exact POST creates each intended request, exposes its detail and retains it through browser-memory reload before the distinct decisions. LIMITS: Browser fixture only; backend persistence/RBAC/audit/idempotency, attachment upload and physical keyboard/Back remain unproved. See surface-reconciliation.json#MOD-ORDERS-MANUAL","factory + department","/orders/*","Only explicit guarded action where applicable","orders_updated","movements/order archive + audit"
"MOD-ORDERS-STATUS","Изменить статус заказа","frontend/src/screens/OrdersStockScreen.tsx","ORDERS","mod-orders-status","orders.read","YES","CURRENT_REACHABLE_BASELINE","PARTIAL_SCOPED_EVIDENCE","Both close-ordered and close-not-needed forms open and Back closes the top layer. Four-width browser-isolated exact close commands prove ORDERED and NOT_NEEDED transitions, active-list removal, archived status/comment display and browser-memory reload. LIMITS: Browser fixture only; backend persistence/RBAC/factory authority, audit/concurrency and physical Back remain unproved. The grouped surface represents two separately asserted modes. See surface-reconciliation.json#MOD-ORDERS-STATUS","factory + department","/orders/*","Only explicit guarded action where applicable","orders_updated","movements/order archive + audit"
"MOD-CHECKLIST-RUNNER","Focused checklist runner","frontend/src/screens/ChecklistsScreen.tsx","CHECKLISTS","mod-checklist-runner","checklist permissions","YES","CURRENT_REACHABLE_BASELINE","PARTIAL_SCOPED_EVIDENCE","Isolated row-type payloads/retry/navigation/plan/pause/resume and parent Back. LIMITS: Focused runner retained; no backend persistence/idempotency/RBAC or physical keyboard proof. See surface-reconciliation.json#MOD-CHECKLIST-RUNNER","factory + department + assignee + line","/checklists/*; /directory/*","Only explicit guarded action where applicable","checklist_updated invalidation","archive/journal/reports + audit"
"MOD-CHECKLIST-ACTIONS","Действия с запуском","frontend/src/screens/ChecklistsScreen.tsx","CHECKLISTS","mod-checklist-actions","checklist permissions","YES","CURRENT_REACHABLE_BASELINE","PARTIAL_SCOPED_EVIDENCE","Isolated pause/resume/close action paths. LIMITS: Distinct commands retain their assertions; no full live lifecycle proof. See surface-reconciliation.json#MOD-CHECKLIST-ACTIONS","factory + department + assignee + line","/checklists/*; /directory/*","Only explicit guarded action where applicable","checklist_updated invalidation","archive/journal/reports + audit"
"MOD-CHECKLIST-FINAL","Финальная проверка ответов","frontend/src/screens/ChecklistsScreen.tsx","CHECKLISTS","mod-checklist-final","checklist permissions","YES","CURRENT_REACHABLE_BASELINE","PARTIAL_SCOPED_EVIDENCE","Isolated final review and missing-row return/periodic return. LIMITS: Not generic template publish confirmation or backend completion guarantee. See surface-reconciliation.json#MOD-CHECKLIST-FINAL","factory + department + assignee + line","/checklists/*; /directory/*","Only explicit guarded action where applicable","checklist_updated invalidation","archive/journal/reports + audit"
"MOD-CHECKLIST-LOCAL-DETAIL","Локальная карточка чек-листа","frontend/src/screens/ChecklistsScreen.tsx","CHECKLISTS","mod-checklist-local-detail","checklist permissions","YES","CURRENT_REACHABLE_BASELINE","PARTIAL_SCOPED_EVIDENCE","Template history/local preview and isolated occurrence detail/return. LIMITS: All detail field identities not asserted independently. See surface-reconciliation.json#MOD-CHECKLIST-LOCAL-DETAIL","factory + department + assignee + line","/checklists/*; /directory/*","Only explicit guarded action where applicable","checklist_updated invalidation","archive/journal/reports + audit"
"MOD-CHECKLIST-ARCHIVE-DETAIL","Карточка архивного запуска","frontend/src/screens/ChecklistsScreen.tsx","CHECKLISTS","mod-checklist-archive-detail","checklist permissions","YES","CURRENT_REACHABLE_BASELINE","PARTIAL_SCOPED_EVIDENCE","Both isolated archive-run entry points and PDF path. LIMITS: Actual file contents/archive authorization not inferred. See surface-reconciliation.json#MOD-CHECKLIST-ARCHIVE-DETAIL","factory + department + assignee + line","/checklists/*; /directory/*","Only explicit guarded action where applicable","checklist_updated invalidation","archive/journal/reports + audit"
"MOD-CHECKLIST-PREVIEW","Предпросмотр шаблона","frontend/src/screens/ChecklistsScreen.tsx","CHECKLISTS","mod-checklist-preview","checklist permissions","YES","CURRENT_REACHABLE_BASELINE","PARTIAL_SCOPED_EVIDENCE","Preview next/back/close; separate isolated empty-preview close. LIMITS: All row type rendering/actual execution not blanket accepted. See surface-reconciliation.json#MOD-CHECKLIST-PREVIEW","factory + department + assignee + line","/checklists/*; /directory/*","Only explicit guarded action where applicable","checklist_updated invalidation","archive/journal/reports + audit"
"MOD-CHECKLIST-BUILDER","Конструктор шаблона","frontend/src/screens/ChecklistsScreen.tsx","CHECKLISTS","mod-checklist-builder","checklist permissions","YES","CURRENT_REACHABLE_BASELINE","PARTIAL_SCOPED_EVIDENCE","Local selectors/rows/reorder/flags/discard; separate isolated existing version save. LIMITS: Create/duplicate publish and server persistence not inferred from edit save. See surface-reconciliation.json#MOD-CHECKLIST-BUILDER","factory + department + assignee + line","/checklists/*; /directory/*","Only explicit guarded action where applicable","checklist_updated invalidation","archive/journal/reports + audit"
"MOD-CHECKLIST-ITEM","Редактор пункта","frontend/src/screens/ChecklistsScreen.tsx","CHECKLISTS","mod-checklist-item","checklist permissions","YES","CURRENT_REACHABLE_BASELINE","PARTIAL_SCOPED_EVIDENCE","Local SELECT/NUMBER row options/range/unit/required flags and editor Back. LIMITS: No blanket server row create/edit/archive success proof. See surface-reconciliation.json#MOD-CHECKLIST-ITEM","factory + department + assignee + line","/checklists/*; /directory/*","Only explicit guarded action where applicable","checklist_updated invalidation","archive/journal/reports + audit"
"MOD-CHECKLIST-ASSIGN","Назначить/взять в работу","frontend/src/screens/ChecklistsScreen.tsx","CHECKLISTS","mod-checklist-assign","checklist permissions","YES","CURRENT_REACHABLE_BASELINE","PARTIAL_SCOPED_EVIDENCE","Start confirmation Back and separate intercepted template start outcome. LIMITS: All assignee/dept permission combinations and real start persistence not inferred. See surface-reconciliation.json#MOD-CHECKLIST-ASSIGN","factory + department + assignee + line","/checklists/*; /directory/*","Only explicit guarded action where applicable","checklist_updated invalidation","archive/journal/reports + audit"
"MOD-CHECKLIST-CLOSE","Ручное завершение с причиной","frontend/src/screens/ChecklistsScreen.tsx","CHECKLISTS","mod-checklist-close","checklist permissions","YES","CURRENT_REACHABLE_BASELINE","PARTIAL_SCOPED_EVIDENCE","Exact isolated manual-close outcome in history/runner scenarios. LIMITS: No real server close/archive/audit guarantee. See surface-reconciliation.json#MOD-CHECKLIST-CLOSE","factory + department + assignee + line","/checklists/*; /directory/*","Only explicit guarded action where applicable","checklist_updated invalidation","archive/journal/reports + audit"
"MOD-CHECKLIST-CONFIRM","Подтверждение результата","frontend/src/screens/ChecklistsScreen.tsx","CHECKLISTS","mod-checklist-confirm","checklist permissions","YES","CURRENT_REACHABLE_BASELINE","PARTIAL_SCOPED_EVIDENCE","The historical result-confirmation label maps to the current focused-runner final review, not to builder publication or generic ActionModal confirmation. The retained four-width lifecycle opens «Проверьте результат», returns to a missing required row, completes exact row/retry flows and reaches the final browser-memory result; Back closes the review layer before the runner. LIMITS: Browser-intercepted runner state only. Backend persistence, completion authority, RBAC/factory/department scope, audit/idempotency and physical Android Back/keyboard are not inferred. Builder publication and row/template archive confirmations remain separate surfaces. See surface-reconciliation.json#MOD-CHECKLIST-CONFIRM","factory + department + assignee + line","/checklists/*; /directory/*","Only explicit guarded action where applicable","checklist_updated invalidation","archive/journal/reports + audit"
"MOD-CHECKLIST-REPORTS","Фильтры и отчёты","frontend/src/screens/ChecklistsScreen.tsx","CHECKLISTS","mod-checklist-reports","checklist permissions","YES","CURRENT_REACHABLE_BASELINE","PARTIAL_SCOPED_EVIDENCE","Filter fields reach exact GET; reopen/Back/reset preserves contract. LIMITS: Distinct from report result table; file content/formulas and all predicates not accepted. See surface-reconciliation.json#MOD-CHECKLIST-REPORTS","factory + department + assignee + line","/checklists/*; /directory/*","Only explicit guarded action where applicable","checklist_updated invalidation","archive/journal/reports + audit"
"MOD-DEFROST-ACTION","Выбор линии для оттайки/запуска/обдува","frontend/src/screens/DefrostScreen.tsx","DEFROST","mod-defrost-action","defrost permissions (gap)","YES","CURRENT_REACHABLE_BASELINE","PARTIAL_SCOPED_EVIDENCE","Start, blow and complete forms reset through Close/Back. Browser-isolated start and complete commands each retain the entered comment and show a Russian controlled 409, then retry with the exact operationId-bearing payload, converge the line through On defrost and In work states, survive reload and close the empty completion modal through browser Back at desktop/360/390/430. Separate exact blow evidence updates its counter after reload. LIMITS: All commands/read models are browser-intercepted. Backend persistence, transition authority, RBAC/factory scope, idempotency, audit, concurrency and physical Android Back are not inferred. See surface-reconciliation.json#MOD-DEFROST-ACTION","factory","/defrost/*","Only explicit guarded action where applicable","line_updated only","defrost calendar/archive + audit"
"MOD-LOG-DETAIL","Карточка журнала","frontend/src/screens/ShiftLogScreen.tsx","LOG","mod-log-detail","shift-log permissions","YES","CURRENT_REACHABLE_BASELINE","PARTIAL_SCOPED_EVIDENCE","Browser-isolated detail/read and UI/browser close preserve parent. LIMITS: Real archived detail blocked by UI-SWEEP-036; fixture proof does not supersede failure or prove authority. See surface-reconciliation.json#MOD-LOG-DETAIL","factory + department + shift window","/shift-log/*","Only explicit guarded action where applicable","notification on important; reload/manual","shift-log archive/snapshots + audit"
"MOD-LOG-CREATE","Новая запись смены","frontend/src/screens/ShiftLogScreen.tsx","LOG","mod-log-create","shift-log permissions","YES","CURRENT_REACHABLE_BASELINE","PARTIAL_SCOPED_EVIDENCE","Required-field and dirty-discard behavior plus an isolated controlled 409 with retained values, exact retry payload, created card/detail after reload and browser Back at desktop/360/390/430. LIMITS: Create/read requests were browser-intercepted and persistence is browser-memory only; backend authority, persistence, audit, idempotency/concurrency and physical Android behavior are not inferred. See surface-reconciliation.json#MOD-LOG-CREATE","factory + department + shift window","/shift-log/*","Only explicit guarded action where applicable","notification on important; reload/manual","shift-log archive/snapshots + audit"
"MOD-LOG-COMMENT","Комментарий к записи","frontend/src/screens/ShiftLogScreen.tsx","LOG","mod-log-comment","shift-log permissions","YES","CURRENT_REACHABLE_BASELINE","PARTIAL_SCOPED_EVIDENCE","Isolated nested comment draft/LIFO Back plus a controlled Russian 409 with visible in-form error, retained value, exact retry payload and comment detail after browser-memory reload at desktop/360/390/430. LIMITS: Comment mutation/read model were browser-intercepted; backend persistence, authority, audit, idempotency/concurrency and physical Android behavior are not inferred. See surface-reconciliation.json#MOD-LOG-COMMENT","factory + department + shift window","/shift-log/*","Only explicit guarded action where applicable","notification on important; reload/manual","shift-log archive/snapshots + audit"
"MOD-LOG-CLOSE","Закрыть важное уведомление","frontend/src/screens/ShiftLogScreen.tsx","LOG","mod-log-close","shift-log permissions","YES","CURRENT_REACHABLE_BASELINE","PARTIAL_SCOPED_EVIDENCE","Important-close draft/focus/layer Back plus a controlled Russian 409 with visible in-form error, retained reason, exact retry payload, closed browser-memory archive state after reload and browser Back at desktop/360/390/430. LIMITS: Close mutation/read model were browser-intercepted; backend persistence, authority, audit, idempotency/concurrency and physical Android behavior are not inferred. See surface-reconciliation.json#MOD-LOG-CLOSE","factory + department + shift window","/shift-log/*","Only explicit guarded action where applicable","notification on important; reload/manual","shift-log archive/snapshots + audit"
"MOD-LOG-ATTACH","Вложение к журналу","frontend/src/screens/ShiftLogScreen.tsx","LOG","mod-log-attach","shift-log permissions","YES","CURRENT_REACHABLE_BASELINE","PARTIAL_SCOPED_EVIDENCE","Isolated file selection/cancel plus controlled Russian upload 409 with visible in-dialog error, retained selection, exact multipart retry context, attachment result after browser-memory reload and browser Back at desktop/360/390/430. LIMITS: Uploads/read model were browser-intercepted; backend upload/storage/authorization, audit/idempotency, real file lifecycle and physical camera/file chooser are not inferred. See surface-reconciliation.json#MOD-LOG-ATTACH","factory + department + shift window","/shift-log/*","Only explicit guarded action where applicable","notification on important; reload/manual","shift-log archive/snapshots + audit"
"MOD-CHAT-ATTACH","Выбор медиа/файла/опроса","frontend/src/screens/ChatsScreen.tsx","CHATS","mod-chat-attach","chat members/read","YES","CURRENT_REACHABLE_BASELINE","PARTIAL_SCOPED_EVIDENCE","Attachment panel Cancel and poll entry restore conversation. LIMITS: Not all picker upload/camera/permission outcomes. See surface-reconciliation.json#MOD-CHAT-ATTACH","factory + participant/department/company chat visibility","/chats/*; /directory/*","Only explicit guarded action where applicable","chat_updated to participants","soft-deleted message history + audit moderation"
"MOD-CHAT-MESSAGE-ACTIONS","Действия с сообщением","frontend/src/screens/ChatsScreen.tsx","CHATS","mod-chat-message-actions","chat members/read","YES","CURRENT_REACHABLE_BASELINE","PARTIAL_SCOPED_EVIDENCE","Action sheet/reply layers and isolated copy/reaction/edit/delete/send outcomes. LIMITS: Server ownership, real clipboard/device behavior and delivery not blanket accepted. See surface-reconciliation.json#MOD-CHAT-MESSAGE-ACTIONS","factory + participant/department/company chat visibility","/chats/*; /directory/*","Only explicit guarded action where applicable","chat_updated to participants","soft-deleted message history + audit moderation"
"MOD-CHAT-PARTICIPANT","Профиль участника","frontend/src/screens/ChatsScreen.tsx","CHATS","mod-chat-participant","chat members/read","YES","CURRENT_REACHABLE_BASELINE","PARTIAL_SCOPED_EVIDENCE","Participant profile Close plus isolated canonical profile/member action outcomes. LIMITS: All participant/authority states not proved; fixture only for writes. See surface-reconciliation.json#MOD-CHAT-PARTICIPANT","factory + participant/department/company chat visibility","/chats/*; /directory/*","Only explicit guarded action where applicable","chat_updated to participants","soft-deleted message history + audit moderation"
"MOD-CHAT-DIRECT","Новый личный чат","frontend/src/screens/ChatsScreen.tsx","CHATS","mod-chat-direct","chat members/read","YES","CURRENT_REACHABLE_BASELINE","PARTIAL_SCOPED_EVIDENCE","Direct picker Cancel; separate selected person clear/reselect and exact intercepted POST opens intended chat after reload. LIMITS: No actual chat persistence/identity scope proof. See surface-reconciliation.json#MOD-CHAT-DIRECT","factory + participant/department/company chat visibility","/chats/*; /directory/*","Only explicit guarded action where applicable","chat_updated to participants","soft-deleted message history + audit moderation"
"MOD-CHAT-GROUP","Новый групповой чат","frontend/src/screens/ChatsScreen.tsx","CHATS","mod-chat-group","chat members/read","YES","CURRENT_REACHABLE_BASELINE","PARTIAL_SCOPED_EVIDENCE","Group draft type/department/flags Back; separate exact scoped member create opens refreshed browser group. LIMITS: Not real group/member creation or RBAC proof. See surface-reconciliation.json#MOD-CHAT-GROUP","factory + participant/department/company chat visibility","/chats/*; /directory/*","Only explicit guarded action where applicable","chat_updated to participants","soft-deleted message history + audit moderation"
"MOD-CHAT-INFO","Информация/участники/медиа","frontend/src/screens/ChatsScreen.tsx","CHATS","mod-chat-info","chat members/read","YES","CURRENT_REACHABLE_BASELINE","PARTIAL_SCOPED_EVIDENCE","Info Done/Back and isolated promote/demote/remove/add/transfer/leave/archive/block/hide targeted outcomes. LIMITS: Distinct nested confirmations not collapsed into general Info acceptance; backend authority/realtime not inferred. See surface-reconciliation.json#MOD-CHAT-INFO","factory + participant/department/company chat visibility","/chats/*; /directory/*","Only explicit guarded action where applicable","chat_updated to participants","soft-deleted message history + audit moderation"
"MOD-CHAT-POLL","Создание опроса","frontend/src/screens/ChatsScreen.tsx","CHATS","mod-chat-poll","chat members/read","YES","CURRENT_REACHABLE_BASELINE","PARTIAL_SCOPED_EVIDENCE","Topic/options add/remove/flags Cancel; separate intercepted poll create/vote refreshed state. LIMITS: No server voting integrity or real persistence proof. See surface-reconciliation.json#MOD-CHAT-POLL","factory + participant/department/company chat visibility","/chats/*; /directory/*","Only explicit guarded action where applicable","chat_updated to participants","soft-deleted message history + audit moderation"
"MOD-CHAT-EDIT","Редактирование сообщения","frontend/src/screens/ChatsScreen.tsx","CHATS","mod-chat-edit","chat members/read","YES","CURRENT_REACHABLE_BASELINE","PARTIAL_SCOPED_EVIDENCE","Exact isolated edit and cancelled edit paths with refreshed message text. LIMITS: Backend ownership/persistence/audit not inferred. See surface-reconciliation.json#MOD-CHAT-EDIT","factory + participant/department/company chat visibility","/chats/*; /directory/*","Only explicit guarded action where applicable","chat_updated to participants","soft-deleted message history + audit moderation"
"MOD-CHAT-DELETE","Удаление сообщения","frontend/src/screens/ChatsScreen.tsx","CHATS","mod-chat-delete","chat members/read","YES","CURRENT_REACHABLE_BASELINE","PARTIAL_SCOPED_EVIDENCE","Exact isolated delete and cancel paths with refreshed message outcome. LIMITS: No real deletion performed; backend ownership/audit not inferred. See surface-reconciliation.json#MOD-CHAT-DELETE","factory + participant/department/company chat visibility","/chats/*; /directory/*","Only explicit guarded action where applicable","chat_updated to participants","soft-deleted message history + audit moderation"
"MOD-ANNOUNCEMENT-EDITOR","Редактор объявления","frontend/src/screens/AnnouncementsScreen.tsx","ANNOUNCEMENTS","mod-announcement-editor","audience/read/publish","YES","CURRENT_REACHABLE_BASELINE","PARTIAL_SCOPED_EVIDENCE","Audience/preview draft Back/Cancel; separate intercepted trimmed text/audience/recurrence/UUID Save payload. LIMITS: Real save/upload persistence and delivery not inferred. See surface-reconciliation.json#MOD-ANNOUNCEMENT-EDITOR","factory + recipient audience","/announcements/*","Only explicit guarded action where applicable","notification_created/unread refresh","announcement archive + acknowledgement report + audit"
"MOD-ANNOUNCEMENT-ARCHIVE","Перенести в архив","frontend/src/screens/AnnouncementsScreen.tsx","ANNOUNCEMENTS","mod-announcement-archive","audience/read/publish","YES","CURRENT_REACHABLE_BASELINE","PARTIAL_SCOPED_EVIDENCE","Confirmation Cancel/Back/Close restore management; separate intercepted UUID archive command survives browser-memory reload. LIMITS: Browser fixture only; backend authority/persistence not inferred. See surface-reconciliation.json#MOD-ANNOUNCEMENT-ARCHIVE","factory + recipient audience","/announcements/*","Only explicit guarded action where applicable","notification_created/unread refresh","announcement archive + acknowledgement report + audit"
"MOD-ANNOUNCEMENT-ACKS","Журнал ознакомления","frontend/src/screens/AnnouncementsScreen.tsx","ANNOUNCEMENTS","mod-announcement-acks","audience/read/publish","YES","CURRENT_REACHABLE_BASELINE","PARTIAL_SCOPED_EVIDENCE","Journal GET 200; browser Back and explicit Close retain management. LIMITS: Exact journal identities/totals and all recipients not asserted by opening/closing proof. See surface-reconciliation.json#MOD-ANNOUNCEMENT-ACKS","factory + recipient audience","/announcements/*","Only explicit guarded action where applicable","notification_created/unread refresh","announcement archive + acknowledgement report + audit"
"MOD-ARCHIVE-FILTERS","Фильтры архива","frontend/src/screens/ArchiveScreen.tsx","ARCHIVE","mod-archive-filters","per-source permission","YES","CURRENT_REACHABLE_BASELINE","PARTIAL_SCOPED_EVIDENCE","Combined selected fields reach GET query; empty result; reopen preserves selected values; reset removes query at four widths. LIMITS: Positive results for each independent predicate not proved; historical ADMIN scope. See surface-reconciliation.json#MOD-ARCHIVE-FILTERS","factory + source entity visibility","/archive/*","Only explicit guarded action where applicable","explicit reload/filter","source histories + audit"
"MOD-ARCHIVE-EXPORT","Экспорт выборки","frontend/src/screens/ArchiveScreen.tsx","ARCHIVE","mod-archive-export","per-source permission","YES","CURRENT_REACHABLE_BASELINE","PARTIAL_SCOPED_EVIDENCE","Sheet close/backdrop; task and attachment CSV/XLSX downloads; browser-isolated print invocation. LIMITS: Workbook semantic contents, all categories and physical print dialogue not accepted. See surface-reconciliation.json#MOD-ARCHIVE-EXPORT","factory + source entity visibility","/archive/*","Only explicit guarded action where applicable","explicit reload/filter","source histories + audit"
"MOD-ARCHIVE-SUMMARY","Сводка категории","frontend/src/screens/ArchiveScreen.tsx","ARCHIVE","mod-archive-summary","per-source permission","YES","CURRENT_REACHABLE_BASELINE","PARTIAL_SCOPED_EVIDENCE","Five analytics GETs, six local tabs, visible active content, Back preserving search at four widths. LIMITS: Formula accuracy, every role and source visibility not proved by UI test; bounded findings remain. See surface-reconciliation.json#MOD-ARCHIVE-SUMMARY","factory + source entity visibility","/archive/*","Only explicit guarded action where applicable","explicit reload/filter","source histories + audit"
"MOD-ARCHIVE-DETAIL","Карточка архивной записи","frontend/src/screens/ArchiveScreen.tsx","ARCHIVE","mod-archive-detail","per-source permission","YES","CURRENT_REACHABLE_BASELINE","PARTIAL_SCOPED_EVIDENCE","Concrete detail endpoint/type/title and section fields, UI/browser Back/scroll; task/defrost section navigation. LIMITS: Source section not entity deep-link; hidden lower content and all source variants not blanket accepted. See surface-reconciliation.json#MOD-ARCHIVE-DETAIL","factory + source entity visibility","/archive/*","Only explicit guarded action where applicable","explicit reload/filter","source histories + audit"
"MOD-ARCHIVE-ATTACHMENT","Карточка архивного вложения","frontend/src/screens/ArchiveScreen.tsx","ARCHIVE","mod-archive-attachment","per-source permission","YES","CURRENT_REACHABLE_BASELINE","PARTIAL_SCOPED_EVIDENCE","Attachment detail identity, page-two entry/Back, guarded photo link and source section transition. LIMITS: All media formats, playback and physical handlers not accepted; historical attachment findings retained. See surface-reconciliation.json#MOD-ARCHIVE-ATTACHMENT","factory + source entity visibility","/archive/*","Only explicit guarded action where applicable","explicit reload/filter","source histories + audit"
"MOD-ARCHIVE-CORRECTION","Уточнение времени простоя","frontend/src/screens/ArchiveScreen.tsx","ARCHIVE","mod-archive-correction","per-source permission","YES","CURRENT_REACHABLE_BASELINE","PARTIAL_SCOPED_EVIDENCE","Browser-isolated correction form above summary, dirty Stay and explicit discard at four widths; no API mutation. LIMITS: Save/persistence NOT proved; UI-SWEEP-047 history timing remains bounded. Cancel is not Save evidence. See surface-reconciliation.json#MOD-ARCHIVE-CORRECTION","factory + source entity visibility","/archive/*","Only explicit guarded action where applicable","explicit reload/filter","source histories + audit"
"MOD-OPS-FILTERS","Фильтры статистики","frontend/src/screens/OpsAuditScreen.tsx","OPS","mod-ops-filters","MANAGEMENT/ADMIN current role overlay","YES","CURRENT_REACHABLE_BASELINE","PARTIAL_SCOPED_EVIDENCE","Exact combined overview/audit query GET 200, empty audit list, all selected fields survive reopen, browser Back restores Audit tab at four widths. LIMITS: Quick periods only date-shape assertions, not exact calendar formulas; positive individual predicates and network-error state not proved here. See surface-reconciliation.json#MOD-OPS-FILTERS","factory + period/line/department","/ops/*","Only explicit guarded action where applicable","manual/filter refresh","AuditLog + source histories"
"MOD-OPS-AUDIT-DETAIL","Карточка аудита","frontend/src/screens/OpsAuditScreen.tsx","OPS","mod-ops-audit-detail","MANAGEMENT/ADMIN current role overlay","YES","CURRENT_REACHABLE_BASELINE","PARTIAL_SCOPED_EVIDENCE","First visible detail opens; strong labels exclude blocker; browser Back hides detail and preserves Audit tab at four widths. LIMITS: Exact selected-row-to-detail payload correspondence not asserted; all detail variants, UI Close and physical Back not inferred. See surface-reconciliation.json#MOD-OPS-AUDIT-DETAIL","factory + period/line/department","/ops/*","Only explicit guarded action where applicable","manual/filter refresh","AuditLog + source histories"
"MOD-CHECKLIST-RUNNER-DISCARD","Несохранённый ответ чек-листа","frontend/src/screens/ChecklistsScreen.tsx","MOD-CHECKLIST-RUNNER","runnerDiscardOpen","existing editable run context","YES","CURRENT_ADDITION","PARTIAL_SCOPED_EVIDENCE","Targeted runner test passed desktop/360/390/430: explicit text edit forces dialog; Stay retains exact text; second exit closes with no additional intercepted command. Targeted history rerun: actual browser Back opens discard, second Back closes only confirmation; exact draft and unchanged intercepted-write count verified at desktop/360/390/430. LIMITS: Physical Android Back remains PENDING. Intercepted browser state does not prove backend persistence/authority; dirty-source/build identity not inferred. See surface-reconciliation.json#MOD-CHECKLIST-RUNNER-DISCARD","selected run fixture","","","",""
"MOD-ADMIN-ACCESS-DEACTIVATE","Отключение доступа к заводу","frontend/src/screens/AdminConfigScreen.tsx","ADMIN-03","selectedProfile active access -> pendingAction","existing factory access guard","REVALIDATION_REQUIRED","CURRENT_ADDITION","REVALIDATION_REQUIRED","Evidence/source hash changed; revalidate mapping. LIMITS: Browser-intercepted synthetic user/read models only. Backend access authority/persistence/audit/realtime/concurrency and physical Android Back are not inferred. See surface-reconciliation.json#MOD-ADMIN-ACCESS-DEACTIVATE","selected profile and access.factoryId","","","",""
"MOD-ADMIN-REQUEST-ACCEPT","Принять заявку на назначение","frontend/src/screens/AdminConfigScreen.tsx","ADMIN-03","acceptAssignmentRequest -> pendingAction","existing assignment review guard","REVALIDATION_REQUIRED","CURRENT_ADDITION","REVALIDATION_REQUIRED","Evidence/source hash changed; revalidate mapping. LIMITS: No backend assignment, version concurrency, realtime rights or audit proof. See surface-reconciliation.json#MOD-ADMIN-REQUEST-ACCEPT","selected assignment request","","","",""
"MOD-ADMIN-REQUEST-REJECT","Отклонить заявку на назначение","frontend/src/screens/AdminConfigScreen.tsx","ADMIN-03","rejectAssignmentRequest -> pendingAction","existing assignment review guard","REVALIDATION_REQUIRED","CURRENT_ADDITION","REVALIDATION_REQUIRED","Evidence/source hash changed; revalidate mapping. LIMITS: No server rejection/persistence or applicant notification proof. See surface-reconciliation.json#MOD-ADMIN-REQUEST-REJECT","selected assignment request","","","",""
"MOD-ADMIN-DELEGATION-SOURCE","Выбор сотрудника-образца","frontend/src/screens/AdminConfigScreen.tsx","MOD-ADMIN-DELEGATION","delegationPicker === source","existing delegation context","REVALIDATION_REQUIRED","CURRENT_ADDITION","REVALIDATION_REQUIRED","Evidence/source hash changed; revalidate mapping. LIMITS: Not permission-grant or source candidate authority proof; shared rendering not target search proof. See surface-reconciliation.json#MOD-ADMIN-DELEGATION-SOURCE","context.sourceCandidates","","","",""
"MOD-ADMIN-DELEGATION-TARGET","Выбор получателя прав","frontend/src/screens/AdminConfigScreen.tsx","MOD-ADMIN-DELEGATION","delegationPicker === target","existing delegation context","REVALIDATION_REQUIRED","CURRENT_ADDITION","REVALIDATION_REQUIRED","Evidence/source hash changed; revalidate mapping. LIMITS: Target search/Back not inferred from source picker test. No applied grant/RBAC or realtime proof. See surface-reconciliation.json#MOD-ADMIN-DELEGATION-TARGET","context.targetCandidates","","","",""
"MOD-ADMIN-DELEGATION-APPLY","Подтвердить выдачу прав по образцу","frontend/src/screens/AdminConfigScreen.tsx","MOD-ADMIN-DELEGATION","delegationPreview -> pendingAction","existing delegation context","REVALIDATION_REQUIRED","CURRENT_ADDITION","REVALIDATION_REQUIRED","Evidence/source hash changed; revalidate mapping. LIMITS: Browser-intercepted synthetic Apply/read models only. Backend permission intersection/subset enforcement, hierarchy/department/factory authority, persistence/audit/realtime/concurrency and physical Android Back are not inferred. See surface-reconciliation.json#MOD-ADMIN-DELEGATION-APPLY","preview target/nextAccess","","","",""
"MOD-ADMIN-PASSWORD-RESET","Подтверждение сброса пароля","frontend/src/screens/AdminConfigScreen.tsx","ADMIN-03","selectedProfile -> pendingAction password reset","existing user management guard","REVALIDATION_REQUIRED","CURRENT_ADDITION","REVALIDATION_REQUIRED","Evidence/source hash changed; revalidate mapping. LIMITS: Password reset and Admin read models were intercepted. Actual credential persistence, session invalidation, backend authority/audit/idempotency/concurrency and physical Android Back/keyboard are not inferred. See surface-reconciliation.json#MOD-ADMIN-PASSWORD-RESET","selected profile","","","",""
"MOD-ADMIN-USER-BLOCK","Подтверждение блокировки пользователя","frontend/src/screens/AdminConfigScreen.tsx","ADMIN-03","confirmWithPreview block-status; active user","existing user block guard","REVALIDATION_REQUIRED","CURRENT_ADDITION","REVALIDATION_REQUIRED","Evidence/source hash changed; revalidate mapping. LIMITS: No actual block/session invalidation or unblock variant proof. See surface-reconciliation.json#MOD-ADMIN-USER-BLOCK","selected user","","","",""
"MOD-ADMIN-ROLE-MATRIX-SAVE","Подтверждение матрицы прав","frontend/src/screens/AdminConfigScreen.tsx","ADMIN-10","rolePreview -> pendingAction role permissions","existing role matrix guard","REVALIDATION_REQUIRED","CURRENT_ADDITION","REVALIDATION_REQUIRED","Evidence/source hash changed; revalidate mapping. LIMITS: Browser-only state, no actual rights granted. ADMIN/warning requireText variants and backend authority/persistence/audit not proved. See surface-reconciliation.json#MOD-ADMIN-ROLE-MATRIX-SAVE","selected role context","","","",""
"MOD-ADMIN-SETTINGS-SAVE","Подтверждение настроек смены","frontend/src/screens/AdminConfigScreen.tsx","ADMIN-11","fallback MODULE_SETTINGS shift preview -> pendingAction","existing module settings guard","REVALIDATION_REQUIRED","CURRENT_ADDITION","REVALIDATION_REQUIRED","Evidence/source hash changed; revalidate mapping. LIMITS: Only fallback shift card; not all module settings, actual backend persistence or audit proof. See surface-reconciliation.json#MOD-ADMIN-SETTINGS-SAVE","selected factory shift settings","","","",""
"MOD-ADMIN-RECOVERY-RESTORE","Восстановление записи: подтверждение","frontend/src/screens/AdminConfigScreen.tsx","ADMIN-12","recovery item -> pendingAction restore","existing recovery guard","REVALIDATION_REQUIRED","CURRENT_ADDITION","REVALIDATION_REQUIRED","Evidence/source hash changed; revalidate mapping. LIMITS: No restored data or all entity-type proof; diagnostics direct Restore is distinct and not inferred from recovery entry. See surface-reconciliation.json#MOD-ADMIN-RECOVERY-RESTORE","selected factory recovery item","","","",""
"MOD-ADMIN-JOB-DEACTIVATE","Отключение должности","frontend/src/screens/AdminConfigScreen.tsx","ADMIN-05","pendingAction job title; title.isActive","existing job management guard","YES","CURRENT_ADDITION","PARTIAL_SCOPED_EVIDENCE","Four widths: retained real confirmation proves focus/layer Back and Cancel; a synthetic browser-isolated 409 retains the reason, retry sends the exact inactive command, disables both editable fields, exposes Restore and remains inactive after browser-memory reload. LIMITS: Synthetic title and Admin reads were intercepted. Backend persistence, hierarchy/factory authority, audit, idempotency/concurrency and physical Android Back are not inferred; Restore remains separately proved. See surface-reconciliation.json#MOD-ADMIN-JOB-DEACTIVATE","selected active job title","","","",""
"MOD-ADMIN-LINE-DEACTIVATE","Отключение линии","frontend/src/screens/AdminConfigScreen.tsx","ADMIN-06","pendingAction line status; !line.deletedAt","existing line configuration guard","REVALIDATION_REQUIRED","CURRENT_ADDITION","REVALIDATION_REQUIRED","Evidence/source hash changed; revalidate mapping. LIMITS: Synthetic line and Admin reads were intercepted. Backend persistence, operational line-transition authority, factory scope, audit, idempotency/concurrency and physical Android Back are not inferred; Restore remains separately proved. See surface-reconciliation.json#MOD-ADMIN-LINE-DEACTIVATE","selected active line","","","",""
"MOD-ADMIN-LINE-POSITION-DEACTIVATE","Отключение позиции линии","frontend/src/screens/AdminConfigScreen.tsx","ADMIN-07","pendingAction line position; position.isActive","existing line position guard","REVALIDATION_REQUIRED","CURRENT_ADDITION","REVALIDATION_REQUIRED","Evidence/source hash changed; revalidate mapping. LIMITS: Synthetic line position and Admin reads were intercepted. Backend persistence, factory/owner authority, audit, idempotency/concurrency and physical Android Back are not inferred; Restore remains separately proved. See surface-reconciliation.json#MOD-ADMIN-LINE-POSITION-DEACTIVATE","selected line and active position","","","",""
"MOD-ADMIN-STAFFING-TEMPLATE-DEACTIVATE","Отключение шаблона состава","frontend/src/screens/AdminConfigScreen.tsx","ADMIN-08","pendingAction staffing template; template.isActive","existing staffing template guard","REVALIDATION_REQUIRED","CURRENT_ADDITION","REVALIDATION_REQUIRED","Evidence/source hash changed; revalidate mapping. LIMITS: Synthetic staffing template and Admin reads were intercepted. Backend persistence, factory/owner authority, audit, idempotency/concurrency and physical Android Back are not inferred; Restore remains separately proved. See surface-reconciliation.json#MOD-ADMIN-STAFFING-TEMPLATE-DEACTIVATE","selected line and template","","","",""
"MOD-ADMIN-WORK-AREA-DEACTIVATE","Отключение рабочей зоны","frontend/src/screens/AdminConfigScreen.tsx","ADMIN-09","pendingAction area status; area.isActive !== false","existing work-area guard","REVALIDATION_REQUIRED","CURRENT_ADDITION","REVALIDATION_REQUIRED","Evidence/source hash changed; revalidate mapping. LIMITS: Synthetic work area and Admin reads were intercepted. Backend persistence, factory/owner authority, audit, idempotency/concurrency and physical Android Back are not inferred; Restore remains separately proved. See surface-reconciliation.json#MOD-ADMIN-WORK-AREA-DEACTIVATE","selected active area","","","",""
"MOD-ADMIN-WORK-AREA-POSITION-DEACTIVATE","Отключение позиции рабочей зоны","frontend/src/screens/AdminConfigScreen.tsx","ADMIN-09","pendingAction area position; position.isActive !== false","existing work-area position guard","REVALIDATION_REQUIRED","CURRENT_ADDITION","REVALIDATION_REQUIRED","Evidence/source hash changed; revalidate mapping. LIMITS: Synthetic work-area position and Admin reads were intercepted. Backend persistence, factory/owner authority, audit, idempotency/concurrency and physical Android Back are not inferred; Restore remains separately proved. See surface-reconciliation.json#MOD-ADMIN-WORK-AREA-POSITION-DEACTIVATE","selected area and position","","","",""
"MOD-ADMIN-FACTORY-CREATE","Создать завод: подтверждение","frontend/src/screens/AdminConfigScreen.tsx","ADMIN-02","pendingAction createFactory","existing factory create guard","REVALIDATION_REQUIRED","CURRENT_ADDITION","REVALIDATION_REQUIRED","Evidence/source hash changed; revalidate mapping. LIMITS: Browser-intercepted synthetic factories and read models only. Backend factory creation, persistence, RBAC/factory authority, audit/idempotency/concurrency and physical Android Back are not inferred. See surface-reconciliation.json#MOD-ADMIN-FACTORY-CREATE","new factory from setup draft","","","",""
"MOD-ADMIN-FACTORY-IMPORT","Импортировать конфигурацию: подтверждение","frontend/src/screens/AdminConfigScreen.tsx","ADMIN-02","pendingAction createFactoryFromImport","existing factory import guard","REVALIDATION_REQUIRED","CURRENT_ADDITION","REVALIDATION_REQUIRED","Evidence/source hash changed; revalidate mapping. LIMITS: Backend validation/persistence/RBAC/audit not proved; this Submit not Cancel/Back proof. See surface-reconciliation.json#MOD-ADMIN-FACTORY-IMPORT","new target only","","","",""
"MOD-ADMIN-FACTORY-DEACTIVATE","Деактивация завода: подтверждение","frontend/src/screens/AdminConfigScreen.tsx","ADMIN-02","pendingAction factory status; selectedFactory.isActive","existing factory status guard","REVALIDATION_REQUIRED","CURRENT_ADDITION","REVALIDATION_REQUIRED","Evidence/source hash changed; revalidate mapping. LIMITS: Synthetic factory and Admin reads were intercepted. Actual backend persistence, last-active-factory guard, RBAC, audit, idempotency/concurrency and physical Android Back are not inferred. See surface-reconciliation.json#MOD-ADMIN-FACTORY-DEACTIVATE","selected active factory","","","",""
"MOD-ADMIN-DEPARTMENT-DEACTIVATE","Деактивация отдела: подтверждение","frontend/src/screens/AdminConfigScreen.tsx","ADMIN-04","pendingAction department status; department.isActive","existing department status guard","REVALIDATION_REQUIRED","CURRENT_ADDITION","REVALIDATION_REQUIRED","Evidence/source hash changed; revalidate mapping. LIMITS: Synthetic department and Admin reads were intercepted. Backend persistence, department/factory authority, audit, idempotency/concurrency and physical Android Back are not inferred; Restore remains separately proved. See surface-reconciliation.json#MOD-ADMIN-DEPARTMENT-DEACTIVATE","selected local department","","","",""
"MOD-ADMIN-COMPANY-DEACTIVATE","Отключение фирмы: подтверждение","frontend/src/screens/AdminConfigScreen.tsx","ADMIN-05","pendingAction company status; company.isActive","existing company management guard","REVALIDATION_REQUIRED","CURRENT_ADDITION","REVALIDATION_REQUIRED","Evidence/source hash changed; revalidate mapping. LIMITS: Synthetic company and Admin reads were intercepted. Backend persistence, membership/factory authority, audit, idempotency/concurrency and physical Android Back are not inferred; Restore remains separately proved. See surface-reconciliation.json#MOD-ADMIN-COMPANY-DEACTIVATE","selected active company","","","",""
"MOD-ADMIN-COMPANY-RESTORE","Восстановление фирмы: подтверждение","frontend/src/screens/AdminConfigScreen.tsx","ADMIN-05","pendingAction company status; !company.isActive","existing company management guard","REVALIDATION_REQUIRED","CURRENT_ADDITION","REVALIDATION_REQUIRED","Evidence/source hash changed; revalidate mapping. LIMITS: Backend restoration/persistence, RBAC/audit and physical Android Back NOT proved. Other entity restore branches not inferred. See surface-reconciliation.json#MOD-ADMIN-COMPANY-RESTORE","selected inactive company","","","",""
"MOD-CHECKLIST-ARCHIVE-ROW","Архивирование пункта шаблона","frontend/src/screens/ChecklistsScreen.tsx","SUB-CHECKLISTS-TEMPLATES","modal.mode === archive-row","existing template management guard","YES","CURRENT_ADDITION","PARTIAL_SCOPED_EVIDENCE","The confirmation and Back dismissal remain proved. A separate four-width browser-isolated lifecycle intercepts the exact operationId-bearing PATCH with isActive:false, renders «В архиве» without the Delete action, and preserves that result after reload. LIMITS: Browser-memory command/read-model result only. Backend persistence, template-version semantics, RBAC/factory scope, audit and physical Android Back are not inferred. The operation is soft archive, not physical deletion. See surface-reconciliation.json#MOD-CHECKLIST-ARCHIVE-ROW","selected template and row","","","",""
"MOD-CHECKLIST-ARCHIVE-TEMPLATE","Архивирование шаблона","frontend/src/screens/ChecklistsScreen.tsx","SUB-CHECKLISTS-TEMPLATES","modal.mode === archive-template","existing template management guard","YES","CURRENT_ADDITION","PARTIAL_SCOPED_EVIDENCE","The confirmation and Back dismissal remain proved. A separate four-width browser-isolated lifecycle shows a controlled Russian 409 without losing template identity, retries with an exact operationId-bearing archive POST, removes the template from the active library, preserves the already active run, and shows the archived template after reload. LIMITS: Browser-memory command/read-model result only. Backend persistence, active-run server semantics, RBAC/factory scope, audit/idempotency/concurrency and physical Android Back are not inferred. See surface-reconciliation.json#MOD-CHECKLIST-ARCHIVE-TEMPLATE","selected template","","","",""
"MOD-CHECKLIST-RESTORE-TEMPLATE","Восстановление шаблона","frontend/src/screens/ChecklistsScreen.tsx","SUB-CHECKLISTS-ARCHIVE","modal.mode === restore-template","existing template management guard","YES","CURRENT_ADDITION","PARTIAL_SCOPED_EVIDENCE","Four-width intercepted restore exact selected id and operationId; confirmation hidden and intended archived name absent after result at test 13062-13073. LIMITS: Browser memory only, not backend persistence/RBAC/audit or new active-list reopen; Cancel/Back not demonstrated by this Submit. See surface-reconciliation.json#MOD-CHECKLIST-RESTORE-TEMPLATE","selected archived template","","","",""
"MOD-CHECKLIST-PAUSE","Пауза чек-листа","frontend/src/screens/ChecklistsScreen.tsx","MOD-CHECKLIST-ACTIONS","modal.mode === pause","existing run-action guard","YES","CURRENT_ADDITION","PARTIAL_SCOPED_EVIDENCE","Four-width intercepted reason Submit followed by visible Resume action at test 12587-12593. LIMITS: No real persistence/authority/idempotency proof; Cancel/Back/invalid reason retention not inferred. See surface-reconciliation.json#MOD-CHECKLIST-PAUSE","selected active run","","","",""
"MOD-CHECKLIST-RESUME","Возобновление чек-листа","frontend/src/screens/ChecklistsScreen.tsx","MOD-CHECKLIST-RUNNER","modal.mode === resume","existing run-action guard","YES","CURRENT_ADDITION","PARTIAL_SCOPED_EVIDENCE","Four-width intercepted runner Resume confirmation followed by visible runner without Resume button at test 12593-12599. LIMITS: This proves runner entry, not both entry paths independently. No backend persistence/RBAC or confirmation Cancel/Back proof. See surface-reconciliation.json#MOD-CHECKLIST-RESUME","selected paused run","","","",""
"MOD-CHECKLIST-BUILDER-DISCARD","Выход из конструктора чек-листа","frontend/src/screens/ChecklistsScreen.tsx","MOD-CHECKLIST-BUILDER","builderDiscardOpen","existing template editor access","YES","CURRENT_ADDITION","PARTIAL_SCOPED_EVIDENCE","Explicit dialog visibility, Stay, second Cancel and discard asserted in retained four-width readonly test at lines 12249-12257. Local draft only. LIMITS: Not Save proof. Physical Android Back pending; historical browser evidence not a fresh build acceptance. See surface-reconciliation.json#MOD-CHECKLIST-BUILDER-DISCARD","current template builder context","","","",""
"MOD-CHECKLIST-BUILDER-PUBLISH","Новая версия активного шаблона","frontend/src/screens/ChecklistsScreen.tsx","MOD-CHECKLIST-BUILDER","builderPublishConfirmOpen","existing template editor access","YES","CURRENT_ADDITION","PARTIAL_SCOPED_EVIDENCE","Explicit confirmation and changed template name visible after intercepted Save at test lines 13013-13017, four widths. LIMITS: Browser-memory result only; backend version immutability/persistence/RBAC and this confirmation Cancel/Back not proved by that Save assertion. Not create/duplicate publication proof. See surface-reconciliation.json#MOD-CHECKLIST-BUILDER-PUBLISH","selected active template","","","",""
"SUB-CHAT-EMOJI","Панель эмодзи","frontend/src/screens/ChatsScreen.tsx","SUB-CHATS-CONVERSATION","showEmoji","current composer access","YES","CURRENT_ADDITION","PARTIAL_SCOPED_EVIDENCE","Retained emoji category/insert and layered Back restore conversation. LIMITS: Not all categories/device keyboard states accepted. See surface-reconciliation.json#SUB-CHAT-EMOJI","selected chat","","","",""
"SUB-CHAT-VOICE-RECORDING","Запись голосового черновика","frontend/src/screens/ChatsScreen.tsx","SUB-CHATS-CONVERSATION","voiceRecording","composer voice supported, not sending","YES","CURRENT_ADDITION","PARTIAL_SCOPED_EVIDENCE","Asynchronous simulated MediaRecorder Cancel leaves no latent file; Done produces one draft. LIMITS: Physical microphone, timer limit and real permissions pending. See surface-reconciliation.json#SUB-CHAT-VOICE-RECORDING","selected chat local draft","","","",""
"SUB-CHAT-VOICE-ERROR","Ошибка записи голоса","frontend/src/screens/ChatsScreen.tsx","SUB-CHATS-CONVERSATION","voiceError","retry available when supportsVoice","YES","CURRENT_ADDITION","PARTIAL_SCOPED_EVIDENCE","Simulated failed recording exposes Retry and subsequent recording path. LIMITS: Not every native permission/error variant or physical capture proof. See surface-reconciliation.json#SUB-CHAT-VOICE-ERROR","selected chat local draft","","","",""
"SUB-CHAT-VOICE-DRAFT","Готовый голосовой черновик","frontend/src/screens/ChatsScreen.tsx","SUB-CHATS-CONVERSATION","voiceFile in pendingFiles","composer; not sending for rerecord/remove","YES","CURRENT_ADDITION","PARTIAL_SCOPED_EVIDENCE","Simulated finished draft can be rerecorded and removed locally. LIMITS: No actual voice upload/send/playback proof. See surface-reconciliation.json#SUB-CHAT-VOICE-DRAFT","selected chat local draft","","","",""
"MOD-CHAT-MEMBER-REMOVE","Удалить участника из чата","frontend/src/screens/ChatsScreen.tsx","MOD-CHAT-INFO","pendingMemberAction.kind === remove","current member removal guard","YES","CURRENT_ADDITION","PARTIAL_SCOPED_EVIDENCE","Isolated confirmation cancel preserves member; confirmed action changes intended browser-memory member. LIMITS: No actual membership/authority/audit proof. See surface-reconciliation.json#MOD-CHAT-MEMBER-REMOVE","selected chat/member","","","",""
"MOD-CHAT-TRANSFER","Передать управление чатом","frontend/src/screens/ChatsScreen.tsx","MOD-CHAT-INFO","pendingMemberAction.kind === transfer","current ownership transfer guard","YES","CURRENT_ADDITION","PARTIAL_SCOPED_EVIDENCE","Isolated transfer cancel/confirm and targeted refreshed ownership outcome. LIMITS: No real ownership/RBAC change proved. See surface-reconciliation.json#MOD-CHAT-TRANSFER","selected chat/member","","","",""
"MOD-CHAT-LEAVE","Выйти из чата","frontend/src/screens/ChatsScreen.tsx","MOD-CHAT-INFO","pendingMemberAction.kind === leave","current leave guard","YES","CURRENT_ADDITION","PARTIAL_SCOPED_EVIDENCE","Isolated leave confirmation updates intended browser chat state. LIMITS: No actual membership persistence or all cancel variants inferred. See surface-reconciliation.json#MOD-CHAT-LEAVE","selected chat/current user","","","",""
"MOD-CHAT-ARCHIVE","Архивировать чат","frontend/src/screens/ChatsScreen.tsx","MOD-CHAT-INFO","pendingMemberAction.kind === archive","current archive guard","YES","CURRENT_ADDITION","PARTIAL_SCOPED_EVIDENCE","Isolated archive confirmation affects intended browser chat only. LIMITS: No actual archive/participant propagation/audit proof. See surface-reconciliation.json#MOD-CHAT-ARCHIVE","selected chat","","","",""
"MOD-WASH-RESOLVE-ISSUE","Закрыть проблему мойки","frontend/src/screens/WashScreen.tsx","SUB-WASH-ISSUES","modal === resolveIssue; selectedIssueId","current issue-action guard","YES","CURRENT_ADDITION","PARTIAL_SCOPED_EVIDENCE","Two exact intercepted issue PATCHes update intended browser-memory records at four widths. LIMITS: Actual permission/persistence/audit not inferred; separate from new issue form. See surface-reconciliation.json#MOD-WASH-RESOLVE-ISSUE","current wash issue","","","",""
"MOD-WASH-FINISH-CONTROL","Выполнить задание мойки","frontend/src/screens/WashScreen.tsx","SUB-WASH-TASKS","modal === finishControl; selectedControlId","current task/control-action guard","YES","CURRENT_ADDITION","PARTIAL_SCOPED_EVIDENCE","Two exact intercepted control-item PATCHes update intended browser-memory records at four widths. LIMITS: No real persistence/authority or attachment upload proof; separate from new task form. See surface-reconciliation.json#MOD-WASH-FINISH-CONTROL","current wash control item","","","",""
"MOD-ORDERS-EDIT-ITEM","Редактировать остаток","frontend/src/screens/OrdersStockScreen.tsx","MOD-ORDERS-ITEM","modal.mode === edit-item","canManageItems; nonarchived item","YES","CURRENT_ADDITION","PARTIAL_SCOPED_EVIDENCE","Four-width browser-isolated exact PATCH updates list and open detail, survives detail reopen and browser-memory reload; rejected409 retains values, Stay keeps draft and discard sends no retry. LIMITS: Browser-intercepted command/state only: backend persistence/RBAC/audit/concurrency and physical keyboard/Back not proved. See surface-reconciliation.json#MOD-ORDERS-EDIT-ITEM","selected factory item","","","",""
"MOD-ORDERS-TAKE","Израсходовать остаток","frontend/src/screens/OrdersStockScreen.tsx","MOD-ORDERS-ITEM","modal.mode === take","canTake; nonarchived item","YES","CURRENT_ADDITION","PARTIAL_SCOPED_EVIDENCE","Exact take form opens and clean Back restores parent at four widths. Isolated four-width quantity target proves exact POST, list and open detail updated16/19, reopen and browser-memory reload19. Take rejection preserves values; Stay/Cancel discard sends no repeat. LIMITS: Browser-intercepted commands/state only: backend persistence, authority, concurrency and physical keyboard/Back not proved. Restock rejection not independently tested. See surface-reconciliation.json#MOD-ORDERS-TAKE","selected factory item","","","",""
"MOD-ORDERS-RESTOCK","Пополнить остаток","frontend/src/screens/OrdersStockScreen.tsx","MOD-ORDERS-ITEM","modal.mode === restock","canRestock; nonarchived item","YES","CURRENT_ADDITION","PARTIAL_SCOPED_EVIDENCE","Exact restock form opens and clean Back restores parent at four widths. Isolated four-width quantity target proves exact POST, list and open detail updated16/19, reopen and browser-memory reload19. Take rejection preserves values; Stay/Cancel discard sends no repeat. LIMITS: Browser-intercepted commands/state only: backend persistence, authority, concurrency and physical keyboard/Back not proved. Restock rejection not independently tested. See surface-reconciliation.json#MOD-ORDERS-RESTOCK","selected factory item","","","",""
"MOD-ORDERS-ARCHIVE-ITEM","Архивировать позицию остатка","frontend/src/screens/OrdersStockScreen.tsx","MOD-ORDERS-ITEM","modal.mode === archive","canManageItems; nonarchived item","YES","CURRENT_ADDITION","PARTIAL_SCOPED_EVIDENCE","Archive confirmation and Back are proved at four widths. Browser-isolated exact archive POST, active-list removal, archive visibility, selected-detail convergence and browser-state reload are also proved at desktop/360/390/430. LIMITS: Browser fixture only; backend persistence, authority, audit, concurrency and physical Back remain unproved. See surface-reconciliation.json#MOD-ORDERS-ARCHIVE-ITEM","selected factory item","","","",""
"MOD-ORDERS-RESTORE-ITEM","Восстановить позицию остатка","frontend/src/screens/OrdersStockScreen.tsx","MOD-ORDERS-ITEM","modal.mode === restore","canManageItems; archived item","YES","CURRENT_ADDITION","PARTIAL_SCOPED_EVIDENCE","Archived detail, restore confirmation and Back are proved at four widths. Browser-isolated exact restore POST, archive-list removal, active-list visibility, selected-detail convergence and browser-state reload are also proved at desktop/360/390/430. LIMITS: Browser fixture only; backend persistence, authority, audit, concurrency and physical Back remain unproved; archived precondition is supplied by the same isolated lifecycle. See surface-reconciliation.json#MOD-ORDERS-RESTORE-ITEM","selected factory item","","","",""
"MOD-OKK-FULL-COMPLETE","Полностью завершить запись ОКК","frontend/src/screens/OkkScreen.tsx","MOD-OKK-DETAIL","modal === fullComplete && activeId","current canManage guard","YES","CURRENT_ADDITION","PARTIAL_SCOPED_EVIDENCE","Separate confirmation opens and closes by Back in the retained draft test. In the desktop/360/390/430 browser-isolated lifecycle, a controlled Russian 409 leaves the confirmation and error visible; retry sends the exact UUID-bearing full-complete command, removes the active row, preserves the completed archive after reload and browser Back returns to that archive list. LIMITS: Browser interception proves UI command composition, rejection handling and rendered archive transition only. Backend persistence, full-complete authority, RBAC/factory scope, audit, concurrency and physical Android behavior are not inferred; this remains distinct from the completion editor. See surface-reconciliation.json#MOD-OKK-FULL-COMPLETE","selected factory record","","postAction(activeId, full-complete)","",""
"MOD-STOCK-EDIT","Редактировать некондицию","frontend/src/screens/StockScreen.tsx","MOD-STOCK-DETAIL","modal === edit && active","isAdmin OR stock.manage","YES","CURRENT_ADDITION","PARTIAL_SCOPED_EVIDENCE","Desktop/360/390/430 draft Stay/discard/reopen plus browser-isolated exact PATCH lifecycle: controlled Russian 409 retains name/quantity/unit, retry renders the edited card/detail, and reopen plus browser-memory reload preserve the result. LIMITS: Commands and read model were browser-intercepted. Backend persistence, RBAC/factory authority, audit, concurrency and physical Android behavior are not inferred. Additive surface identity, not duplicate generic detail. See surface-reconciliation.json#MOD-STOCK-EDIT","selected factory stock record","GET /stock?factoryId","PATCH /stock/:id","canonical store reload","not established by browser-isolated lifecycle evidence"
"MOD-STOCK-ISSUE","Выдать некондицию","frontend/src/screens/StockScreen.tsx","MOD-STOCK-DETAIL","modal === issue && active","isAdmin OR stock.manage","YES","CURRENT_ADDITION","PARTIAL_SCOPED_EVIDENCE","Desktop/360/390/430 required-comment draft/cancel/reopen plus browser-isolated exact POST lifecycle: controlled Russian 409 retains the comment, Stay preserves it, retry updates list/metric/detail to ISSUED, and browser-memory reload plus Back preserve the result. LIMITS: Commands and read model were browser-intercepted. Backend persistence, RBAC/factory authority, audit, concurrency and physical Android behavior are not inferred. Separate command/state from edit. See surface-reconciliation.json#MOD-STOCK-ISSUE","selected factory stock record","GET /stock?factoryId","POST /stock/:id/issue","canonical store reload","not established by browser-isolated lifecycle evidence"
"MOD-ADMIN-JOB-RESTORE","ADMIN","frontend/src/screens/AdminConfigScreen.tsx","MOD-ADMIN-JOB-DEACTIVATE","pendingAction for inactive job title","ADMIN","REVALIDATION_REQUIRED","CURRENT_ADDITION","REVALIDATION_REQUIRED","Evidence/source hash changed; revalidate mapping. LIMITS: Backend persistence/RBAC/audit and physical Back not proved. Shared disable result is distinct. See surface-reconciliation.json#MOD-ADMIN-JOB-RESTORE","selected factory; browser-only fixture","","","",""
"MOD-ADMIN-DEPARTMENT-RESTORE","ADMIN","frontend/src/screens/AdminConfigScreen.tsx","MAIN-ADMIN","pendingAction for inactive local department","ADMIN","REVALIDATION_REQUIRED","CURRENT_ADDITION","REVALIDATION_REQUIRED","Evidence/source hash changed; revalidate mapping. LIMITS: Backend persistence/RBAC/audit and physical Back not proved. See surface-reconciliation.json#MOD-ADMIN-DEPARTMENT-RESTORE","selected factory; browser-only fixture","","","",""
"MOD-ADMIN-LINE-RESTORE","ADMIN","frontend/src/screens/AdminConfigScreen.tsx","MOD-ADMIN-LINE-DEACTIVATE","pendingAction when line.deletedAt exists","ADMIN","REVALIDATION_REQUIRED","CURRENT_ADDITION","REVALIDATION_REQUIRED","Evidence/source hash changed; revalidate mapping. LIMITS: Backend persistence/line lifecycle/RBAC/audit and physical Back not proved. See surface-reconciliation.json#MOD-ADMIN-LINE-RESTORE","selected factory browser fixture","","","",""
"MOD-ADMIN-LINE-POSITION-RESTORE","ADMIN","frontend/src/screens/AdminConfigScreen.tsx","MAIN-ADMIN","pendingAction inactive line-position","ADMIN","REVALIDATION_REQUIRED","CURRENT_ADDITION","REVALIDATION_REQUIRED","Evidence/source hash changed; revalidate mapping. LIMITS: Browser-only state, no backend persistence/RBAC/audit or physical Back proof. See surface-reconciliation.json#MOD-ADMIN-LINE-POSITION-RESTORE","selected factory browser fixture","","","",""
"MOD-ADMIN-STAFFING-TEMPLATE-RESTORE","ADMIN","frontend/src/screens/AdminConfigScreen.tsx","MAIN-ADMIN","pendingAction inactive staffing-template","ADMIN","REVALIDATION_REQUIRED","CURRENT_ADDITION","REVALIDATION_REQUIRED","Evidence/source hash changed; revalidate mapping. LIMITS: Browser-only state, no backend persistence/RBAC/audit or physical Back proof. See surface-reconciliation.json#MOD-ADMIN-STAFFING-TEMPLATE-RESTORE","selected factory browser fixture","","","",""
"MOD-ADMIN-WORK-AREA-RESTORE","ADMIN","frontend/src/screens/AdminConfigScreen.tsx","MAIN-ADMIN","pendingAction inactive work-area","ADMIN","REVALIDATION_REQUIRED","CURRENT_ADDITION","REVALIDATION_REQUIRED","Evidence/source hash changed; revalidate mapping. LIMITS: Browser-only state, no backend persistence/RBAC/audit or physical Back proof. See surface-reconciliation.json#MOD-ADMIN-WORK-AREA-RESTORE","selected factory browser fixture","","","",""
"MOD-ADMIN-WORK-AREA-POSITION-RESTORE","ADMIN","frontend/src/screens/AdminConfigScreen.tsx","MAIN-ADMIN","pendingAction inactive work-area-position","ADMIN","REVALIDATION_REQUIRED","CURRENT_ADDITION","REVALIDATION_REQUIRED","Evidence/source hash changed; revalidate mapping. LIMITS: Browser-only state, no backend persistence/RBAC/audit or physical Back proof. See surface-reconciliation.json#MOD-ADMIN-WORK-AREA-POSITION-RESTORE","selected factory browser fixture","","","",""
"MOD-ADMIN-FACTORY-RESTORE","ADMIN","frontend/src/screens/AdminConfigScreen.tsx","MAIN-ADMIN","pendingAction selectedFactory inactive","ADMIN","REVALIDATION_REQUIRED","CURRENT_ADDITION","REVALIDATION_REQUIRED","Evidence/source hash changed; revalidate mapping. LIMITS: Synthetic factory and Admin reads were intercepted. Actual backend persistence, last-active-factory guard, RBAC, audit, idempotency/concurrency and physical Android Back are not inferred. See surface-reconciliation.json#MOD-ADMIN-FACTORY-RESTORE","selected factory browser-transformed status only","","","",""
"MOD-ADMIN-FACTORY-ACCESS-RESTORE","ADMIN","frontend/src/screens/AdminConfigScreen.tsx","MAIN-ADMIN","pendingAction inactive profile factory access","ADMIN","REVALIDATION_REQUIRED","CURRENT_ADDITION","REVALIDATION_REQUIRED","Evidence/source hash changed; revalidate mapping. LIMITS: Synthetic browser-only user; backend authority/persistence/realtime and physical Back not inferred. See surface-reconciliation.json#MOD-ADMIN-FACTORY-ACCESS-RESTORE","synthetic user selected factory","","","",""
