"viewport","surface","runtimeTextLength","horizontalOverflow","runtimeScan","findings","visualReview","screenshot"
"desktop","Админка / Обзор / содержимое","2569","0","PASS","","REVIEWED_HISTORICAL_VIEWPORT_ONLY; Original viewed directly on 2026-09-08. Visible viewport only; lower scrolled content and current-build equivalence not inferred.","docs/full-ui-interaction-sweep/screenshots/desktop/deep-admin-обзор.png"
"desktop","Админка / Заводы / содержимое","19440","0","PASS","","REVIEWED","docs/full-ui-interaction-sweep/screenshots/desktop/deep-admin-заводы.png"
"desktop","Админка / Пользователи и доступы / содержимое","8071","0","PASS","","REVIEWED_HISTORICAL_VIEWPORT_ONLY; Original viewed directly on 2026-09-08. Visible viewport only; lower scrolled content and current-build equivalence not inferred.","docs/full-ui-interaction-sweep/screenshots/desktop/deep-admin-пользователи-и-доступы.png"
"desktop","Админка / Отделы и службы / содержимое","3401","0","PASS","","REVIEWED_HISTORICAL_VIEWPORT_ONLY; Original viewed directly on 2026-09-08. Visible viewport only; lower scrolled content and current-build equivalence not inferred.","docs/full-ui-interaction-sweep/screenshots/desktop/deep-admin-отделы-и-службы.png"
"desktop","Админка / Должности и роли / содержимое","7112","0","PASS","","REVIEWED_HISTORICAL_VIEWPORT_ONLY; Original viewed directly on 2026-09-08. Visible viewport only; lower scrolled content and current-build equivalence not inferred. Retained temporary-company name corresponds to bounded UI-SWEEP-050.","docs/full-ui-interaction-sweep/screenshots/desktop/deep-admin-должности-и-роли.png"
"desktop","Админка / Линии и позиции / содержимое","3006","0","PASS","","REVIEWED_HISTORICAL_VIEWPORT_ONLY; Original viewed directly on 2026-09-08. Visible viewport only; lower scrolled content and current-build equivalence not inferred.","docs/full-ui-interaction-sweep/screenshots/desktop/deep-admin-линии-и-позиции.png"
"desktop","Админка / Позиции на линиях / содержимое","5048","0","PASS","","REVIEWED_HISTORICAL_VIEWPORT_ONLY; Original viewed directly on 2026-09-08. Visible viewport only; lower scrolled content and current-build equivalence not inferred. Checkbox layout is BEFORE the documented UI-SWEEP-049 fix; tight adjacent row labels visible.","docs/full-ui-interaction-sweep/screenshots/desktop/deep-admin-позиции-на-линиях.png"
"desktop","Админка / Шаблоны состава / содержимое","5413","0","PASS","","REVIEWED_HISTORICAL_VIEWPORT_ONLY; Original viewed directly on 2026-09-08. Visible viewport only; lower scrolled content and current-build equivalence not inferred. Tight adjacent position/count labels visible; current reproduction required.","docs/full-ui-interaction-sweep/screenshots/desktop/deep-admin-шаблоны-состава.png"
"desktop","Админка / Повременщики / рабочие зоны / содержимое","5446","0","PASS","","REVIEWED_HISTORICAL_VIEWPORT_ONLY; Original viewed directly on 2026-09-08. Historical visible viewport only; lower scrolled content, current-build equivalence and action persistence are not inferred. Diagnostic/provenance labels retained for comparison with later classifier evidence; no runtime records changed.","docs/full-ui-interaction-sweep/screenshots/desktop/deep-admin-повременщики-рабочие-зоны.png"
"desktop","Админка / Роли и права / содержимое","14523","0","PASS","","REVIEWED_HISTORICAL_VIEWPORT_ONLY; Original viewed directly on 2026-09-08. Historical visible viewport only; lower scrolled content, current-build equivalence and action persistence are not inferred.","docs/full-ui-interaction-sweep/screenshots/desktop/deep-admin-роли-и-права.png"
"desktop","Админка / Настройки модулей / содержимое","3198","0","PASS","","REVIEWED_HISTORICAL_VIEWPORT_ONLY; Original viewed directly on 2026-09-08. Historical visible viewport only; lower scrolled content, current-build equivalence and action persistence are not inferred.","docs/full-ui-interaction-sweep/screenshots/desktop/deep-admin-настройки-модулей.png"
"desktop","Админка / Восстановление / содержимое","49929","0","PASS","","REVIEWED_HISTORICAL_VIEWPORT_ONLY; Original viewed directly on 2026-09-08. Historical visible viewport only; lower scrolled content, current-build equivalence and action persistence are not inferred. Diagnostic/provenance labels retained for comparison with later classifier evidence; no runtime records changed.","docs/full-ui-interaction-sweep/screenshots/desktop/deep-admin-восстановление.png"
"desktop","Админка / карточка восстановления","49929","0","PASS","","REVIEWED_HISTORICAL_VIEWPORT_ONLY; Original viewed directly on 2026-09-08. Historical visible viewport only; lower scrolled content, current-build equivalence and action persistence are not inferred. Diagnostic/provenance labels retained for comparison with later classifier evidence; no runtime records changed.","docs/full-ui-interaction-sweep/screenshots/desktop/deep-recovery-card.png"
"desktop","Админка / Диагностика данных / содержимое","257442","0","FAIL","diagnostic-marker: ия Причина отключения: Prepilot archive regression завершён Восстановить Диагностическая проверка Динамическая линия Линия Завод 4 Без подразделения П","REVIEWED_NON_PRODUCT_ADMIN_DIAGNOSTIC_SURFACE","docs/full-ui-interaction-sweep/screenshots/desktop/deep-admin-диагностика-данных.png"
"desktop","Админка / Аудит действий админки / содержимое","1493","0","PASS","","REVIEWED_HISTORICAL_VIEWPORT_ONLY; Original viewed directly on 2026-09-08. Historical visible viewport only; lower scrolled content, current-build equivalence and action persistence are not inferred. Bottom navigation labels wrap mid-word; historical observation requires current comparison.","docs/full-ui-interaction-sweep/screenshots/desktop/deep-admin-аудит-действий-админки.png"
"desktop","Статистика / Потери","4151","0","PASS","","REVIEWED_HISTORICAL_VIEWPORT_ONLY; Original viewed directly on 2026-09-08. Historical visible viewport only; lower scrolled content, current-build equivalence and action persistence are not inferred.","docs/full-ui-interaction-sweep/screenshots/desktop/deep-ops-потери.png"
"desktop","Статистика / Обзор","725","0","PASS","","REVIEWED_HISTORICAL_VIEWPORT_ONLY; Original viewed directly on 2026-09-08. Historical visible viewport only; lower scrolled content, current-build equivalence and action persistence are not inferred.","docs/full-ui-interaction-sweep/screenshots/desktop/deep-ops-обзор.png"
"desktop","Статистика / События","3806","0","PASS","","REVIEWED_HISTORICAL_VIEWPORT_ONLY; Original viewed directly on 2026-09-08. Historical visible viewport only; lower scrolled content, current-build equivalence and action persistence are not inferred.","docs/full-ui-interaction-sweep/screenshots/desktop/deep-ops-события.png"
"desktop","Статистика / Аудит","7862","0","PASS","","REVIEWED_HISTORICAL_VIEWPORT_ONLY; Original viewed directly on 2026-09-08. Historical visible viewport only; lower scrolled content, current-build equivalence and action persistence are not inferred.","docs/full-ui-interaction-sweep/screenshots/desktop/deep-ops-аудит.png"
"desktop","Статистика / Модули","1125","0","PASS","","REVIEWED_HISTORICAL_VIEWPORT_ONLY; Original viewed directly on 2026-09-08. Historical visible viewport only; lower scrolled content, current-build equivalence and action persistence are not inferred. Empty KPI icon circles visible; current-state comparison required before classifying a present defect.","docs/full-ui-interaction-sweep/screenshots/desktop/deep-ops-модули.png"
"desktop","Аудит / детали","8013","0","PASS","","REVIEWED_HISTORICAL_VIEWPORT_ONLY; Original viewed directly on 2026-09-08. Historical visible viewport only; lower scrolled content, current-build equivalence and action persistence are not inferred.","docs/full-ui-interaction-sweep/screenshots/desktop/deep-audit-detail.png"
"desktop","Статистика / фильтры","9242","0","PASS","","REVIEWED","docs/full-ui-interaction-sweep/screenshots/desktop/deep-ops-filters.png"
"360","Админка / Обзор / содержимое","2341","0","PASS","","REVIEWED_HISTORICAL_VIEWPORT_ONLY; Original viewed directly on 2026-09-08. Visible viewport only; lower scrolled content and current-build equivalence not inferred.","docs/full-ui-interaction-sweep/screenshots/360/deep-admin-обзор.png"
"360","Админка / Заводы / содержимое","19212","0","PASS","","REVIEWED_HISTORICAL_VIEWPORT_ONLY; Original viewed directly on 2026-09-08. Historical visible viewport only; lower scrolled content, current-build equivalence and action persistence are not inferred. Diagnostic/provenance labels retained for comparison with later classifier evidence; no runtime records changed.","docs/full-ui-interaction-sweep/screenshots/360/deep-admin-заводы.png"
"360","Админка / Пользователи и доступы / содержимое","7843","0","PASS","","REVIEWED_HISTORICAL_VIEWPORT_ONLY; Original viewed directly on 2026-09-08. Visible viewport only; lower scrolled content and current-build equivalence not inferred.","docs/full-ui-interaction-sweep/screenshots/360/deep-admin-пользователи-и-доступы.png"
"360","Админка / Отделы и службы / содержимое","3173","0","PASS","","REVIEWED_HISTORICAL_VIEWPORT_ONLY; Original viewed directly on 2026-09-08. Visible viewport only; lower scrolled content and current-build equivalence not inferred. Selected department-type label is clipped in this historical capture; current reproduction required.","docs/full-ui-interaction-sweep/screenshots/360/deep-admin-отделы-и-службы.png"
"360","Админка / Должности и роли / содержимое","6884","0","PASS","","REVIEWED_HISTORICAL_VIEWPORT_ONLY; Original viewed directly on 2026-09-08. Historical visible viewport only; lower scrolled content, current-build equivalence and action persistence are not inferred.","docs/full-ui-interaction-sweep/screenshots/360/deep-admin-должности-и-роли.png"
"360","Админка / Линии и позиции / содержимое","2778","0","PASS","","REVIEWED_HISTORICAL_VIEWPORT_ONLY; Original viewed directly on 2026-09-08. Historical visible viewport only; lower scrolled content, current-build equivalence and action persistence are not inferred.","docs/full-ui-interaction-sweep/screenshots/360/deep-admin-линии-и-позиции.png"
"360","Админка / Позиции на линиях / содержимое","4820","0","PASS","","REVIEWED_HISTORICAL_VIEWPORT_ONLY; Original viewed directly on 2026-09-08. Historical visible viewport only; lower scrolled content, current-build equivalence and action persistence are not inferred. Historical BEFORE checkbox layout; compare documented UI-SWEEP-049 AFTER, not a newly reproduced defect.","docs/full-ui-interaction-sweep/screenshots/360/deep-admin-позиции-на-линиях.png"
"360","Админка / Шаблоны состава / содержимое","5185","0","PASS","","REVIEWED_HISTORICAL_VIEWPORT_ONLY; Original viewed directly on 2026-09-08. Historical visible viewport only; lower scrolled content, current-build equivalence and action persistence are not inferred.","docs/full-ui-interaction-sweep/screenshots/360/deep-admin-шаблоны-состава.png"
"360","Админка / Повременщики / рабочие зоны / содержимое","5218","0","PASS","","REVIEWED_HISTORICAL_VIEWPORT_ONLY; Original viewed directly on 2026-09-08. Historical visible viewport only; lower scrolled content, current-build equivalence and action persistence are not inferred. Diagnostic/provenance labels retained for comparison with later classifier evidence; no runtime records changed.","docs/full-ui-interaction-sweep/screenshots/360/deep-admin-повременщики-рабочие-зоны.png"
"360","Админка / Роли и права / содержимое","14295","0","PASS","","REVIEWED_HISTORICAL_VIEWPORT_ONLY; Original viewed directly on 2026-09-08. Historical visible viewport only; lower scrolled content, current-build equivalence and action persistence are not inferred.","docs/full-ui-interaction-sweep/screenshots/360/deep-admin-роли-и-права.png"
"360","Админка / Настройки модулей / содержимое","2970","0","PASS","","REVIEWED_HISTORICAL_VIEWPORT_ONLY; Original viewed directly on 2026-09-08. Historical visible viewport only; lower scrolled content, current-build equivalence and action persistence are not inferred.","docs/full-ui-interaction-sweep/screenshots/360/deep-admin-настройки-модулей.png"
"360","Админка / Восстановление / содержимое","49701","0","PASS","","REVIEWED","docs/full-ui-interaction-sweep/screenshots/360/deep-admin-восстановление.png"
"360","Админка / карточка восстановления","49701","0","PASS","","REVIEWED","docs/full-ui-interaction-sweep/screenshots/360/deep-recovery-card.png"
"360","Админка / Диагностика данных / содержимое","257214","0","FAIL","diagnostic-marker: ия Причина отключения: Prepilot archive regression завершён Восстановить Диагностическая проверка Динамическая линия Линия Завод 4 Без подразделения П","REVIEWED_NON_PRODUCT_ADMIN_DIAGNOSTIC_SURFACE","docs/full-ui-interaction-sweep/screenshots/360/deep-admin-диагностика-данных.png"
"360","Админка / Аудит действий админки / содержимое","1265","0","PASS","","REVIEWED_HISTORICAL_VIEWPORT_ONLY; Original viewed directly on 2026-09-08. Historical visible viewport only; lower scrolled content, current-build equivalence and action persistence are not inferred.","docs/full-ui-interaction-sweep/screenshots/360/deep-admin-аудит-действий-админки.png"
"360","Статистика / Потери","3929","0","PASS","","REVIEWED_HISTORICAL_VIEWPORT_ONLY; Original viewed directly on 2026-09-08. Historical visible viewport only; lower scrolled content, current-build equivalence and action persistence are not inferred.","docs/full-ui-interaction-sweep/screenshots/360/deep-ops-потери.png"
"360","Статистика / Обзор","497","0","PASS","","REVIEWED_HISTORICAL_VIEWPORT_ONLY; Original viewed directly on 2026-09-08. Historical visible viewport only; lower scrolled content, current-build equivalence and action persistence are not inferred. Dense four-column KPI labels; current-state comparison required.","docs/full-ui-interaction-sweep/screenshots/360/deep-ops-обзор.png"
"360","Статистика / События","3577","0","PASS","","REVIEWED_HISTORICAL_VIEWPORT_ONLY; Original viewed directly on 2026-09-08. Historical visible viewport only; lower scrolled content, current-build equivalence and action persistence are not inferred.","docs/full-ui-interaction-sweep/screenshots/360/deep-ops-события.png"
"360","Статистика / Аудит","7634","0","PASS","","REVIEWED_HISTORICAL_VIEWPORT_ONLY; Original viewed directly on 2026-09-08. Historical viewport only; filters and audit detail readable. Screenshot does not prove filter mutation, Back or current-build equivalence.","docs/full-ui-interaction-sweep/screenshots/360/deep-ops-аудит.png"
"360","Статистика / Модули","897","0","PASS","","REVIEWED_HISTORICAL_VIEWPORT_ONLY; Original viewed directly on 2026-09-08. Historical viewport only; filters and audit detail readable. Screenshot does not prove filter mutation, Back or current-build equivalence. Empty KPI icon circles visible at all mobile widths; compare later/current evidence before a product finding.","docs/full-ui-interaction-sweep/screenshots/360/deep-ops-модули.png"
"360","Аудит / детали","7785","0","PASS","","REVIEWED","docs/full-ui-interaction-sweep/screenshots/360/deep-audit-detail.png"
"360","Статистика / фильтры","9014","0","PASS","","REVIEWED_HISTORICAL_VIEWPORT_ONLY; Original viewed directly on 2026-09-08. Historical viewport only; filters and audit detail readable. Screenshot does not prove filter mutation, Back or current-build equivalence.","docs/full-ui-interaction-sweep/screenshots/360/deep-ops-filters.png"
"390","Админка / Обзор / содержимое","2349","0","PASS","","REVIEWED_HISTORICAL_VIEWPORT_ONLY; Original viewed directly on 2026-09-08. Visible viewport only; lower scrolled content and current-build equivalence not inferred.","docs/full-ui-interaction-sweep/screenshots/390/deep-admin-обзор.png"
"390","Админка / Заводы / содержимое","19220","0","PASS","","REVIEWED_HISTORICAL_VIEWPORT_ONLY; Original viewed directly on 2026-09-08. Historical visible viewport only; lower scrolled content, current-build equivalence and action persistence are not inferred. Diagnostic/provenance labels retained for comparison with later classifier evidence; no runtime records changed.","docs/full-ui-interaction-sweep/screenshots/390/deep-admin-заводы.png"
"390","Админка / Пользователи и доступы / содержимое","7851","0","PASS","","REVIEWED_HISTORICAL_VIEWPORT_ONLY; Original viewed directly on 2026-09-08. Visible viewport only; lower scrolled content and current-build equivalence not inferred.","docs/full-ui-interaction-sweep/screenshots/390/deep-admin-пользователи-и-доступы.png"
"390","Админка / Отделы и службы / содержимое","3181","0","PASS","","REVIEWED_HISTORICAL_VIEWPORT_ONLY; Original viewed directly on 2026-09-08. Visible viewport only; lower scrolled content and current-build equivalence not inferred.","docs/full-ui-interaction-sweep/screenshots/390/deep-admin-отделы-и-службы.png"
"390","Админка / Должности и роли / содержимое","6892","0","PASS","","REVIEWED_HISTORICAL_VIEWPORT_ONLY; Original viewed directly on 2026-09-08. Historical visible viewport only; lower scrolled content, current-build equivalence and action persistence are not inferred.","docs/full-ui-interaction-sweep/screenshots/390/deep-admin-должности-и-роли.png"
"390","Админка / Линии и позиции / содержимое","2786","0","PASS","","REVIEWED_HISTORICAL_VIEWPORT_ONLY; Original viewed directly on 2026-09-08. Historical visible viewport only; lower scrolled content, current-build equivalence and action persistence are not inferred.","docs/full-ui-interaction-sweep/screenshots/390/deep-admin-линии-и-позиции.png"
"390","Админка / Позиции на линиях / содержимое","4828","0","PASS","","REVIEWED_HISTORICAL_VIEWPORT_ONLY; Original viewed directly on 2026-09-08. Historical visible viewport only; lower scrolled content, current-build equivalence and action persistence are not inferred. Historical BEFORE checkbox layout; compare documented UI-SWEEP-049 AFTER, not a newly reproduced defect.","docs/full-ui-interaction-sweep/screenshots/390/deep-admin-позиции-на-линиях.png"
"390","Админка / Шаблоны состава / содержимое","5193","0","PASS","","REVIEWED_HISTORICAL_VIEWPORT_ONLY; Original viewed directly on 2026-09-08. Historical visible viewport only; lower scrolled content, current-build equivalence and action persistence are not inferred.","docs/full-ui-interaction-sweep/screenshots/390/deep-admin-шаблоны-состава.png"
"390","Админка / Повременщики / рабочие зоны / содержимое","5226","0","PASS","","REVIEWED_HISTORICAL_VIEWPORT_ONLY; Original viewed directly on 2026-09-08. Historical visible viewport only; lower scrolled content, current-build equivalence and action persistence are not inferred. Diagnostic/provenance labels retained for comparison with later classifier evidence; no runtime records changed.","docs/full-ui-interaction-sweep/screenshots/390/deep-admin-повременщики-рабочие-зоны.png"
"390","Админка / Роли и права / содержимое","14303","0","PASS","","REVIEWED_HISTORICAL_VIEWPORT_ONLY; Original viewed directly on 2026-09-08. Historical visible viewport only; lower scrolled content, current-build equivalence and action persistence are not inferred.","docs/full-ui-interaction-sweep/screenshots/390/deep-admin-роли-и-права.png"
"390","Админка / Настройки модулей / содержимое","2978","0","PASS","","REVIEWED_HISTORICAL_VIEWPORT_ONLY; Original viewed directly on 2026-09-08. Historical visible viewport only; lower scrolled content, current-build equivalence and action persistence are not inferred.","docs/full-ui-interaction-sweep/screenshots/390/deep-admin-настройки-модулей.png"
"390","Админка / Восстановление / содержимое","49709","0","PASS","","REVIEWED_HISTORICAL_VIEWPORT_ONLY; Original viewed directly on 2026-09-08. Historical visible viewport only; lower scrolled content, current-build equivalence and action persistence are not inferred. Diagnostic/provenance labels retained for comparison with later classifier evidence; no runtime records changed.","docs/full-ui-interaction-sweep/screenshots/390/deep-admin-восстановление.png"
"390","Админка / карточка восстановления","49709","0","PASS","","REVIEWED_HISTORICAL_VIEWPORT_ONLY; Original viewed directly on 2026-09-08. Historical visible viewport only; lower scrolled content, current-build equivalence and action persistence are not inferred. Diagnostic/provenance labels retained for comparison with later classifier evidence; no runtime records changed.","docs/full-ui-interaction-sweep/screenshots/390/deep-recovery-card.png"
"390","Админка / Диагностика данных / содержимое","257222","0","FAIL","diagnostic-marker: ия Причина отключения: Prepilot archive regression завершён Восстановить Диагностическая проверка Динамическая линия Линия Завод 4 Без подразделения П","REVIEWED_NON_PRODUCT_ADMIN_DIAGNOSTIC_SURFACE","docs/full-ui-interaction-sweep/screenshots/390/deep-admin-диагностика-данных.png"
"390","Админка / Аудит действий админки / содержимое","1273","0","PASS","","REVIEWED_HISTORICAL_VIEWPORT_ONLY; Original viewed directly on 2026-09-08. Historical visible viewport only; lower scrolled content, current-build equivalence and action persistence are not inferred.","docs/full-ui-interaction-sweep/screenshots/390/deep-admin-аудит-действий-админки.png"
"390","Статистика / Потери","3937","0","PASS","","REVIEWED_HISTORICAL_VIEWPORT_ONLY; Original viewed directly on 2026-09-08. Historical visible viewport only; lower scrolled content, current-build equivalence and action persistence are not inferred. Historical truncated brand is prior UI-SWEEP-023 state.","docs/full-ui-interaction-sweep/screenshots/390/deep-ops-потери.png"
"390","Статистика / Обзор","505","0","PASS","","REVIEWED_HISTORICAL_VIEWPORT_ONLY; Original viewed directly on 2026-09-08. Historical visible viewport only; lower scrolled content, current-build equivalence and action persistence are not inferred. Historical truncated brand is prior UI-SWEEP-023 state.","docs/full-ui-interaction-sweep/screenshots/390/deep-ops-обзор.png"
"390","Статистика / События","3585","0","PASS","","REVIEWED_HISTORICAL_VIEWPORT_ONLY; Original viewed directly on 2026-09-08. Historical visible viewport only; lower scrolled content, current-build equivalence and action persistence are not inferred. Historical truncated brand is prior UI-SWEEP-023 state.","docs/full-ui-interaction-sweep/screenshots/390/deep-ops-события.png"
"390","Статистика / Аудит","7642","0","PASS","","REVIEWED_HISTORICAL_VIEWPORT_ONLY; Original viewed directly on 2026-09-08. Historical viewport only; filters and audit detail readable. Screenshot does not prove filter mutation, Back or current-build equivalence. Historical brand truncation corresponds to BEFORE UI-SWEEP-023.","docs/full-ui-interaction-sweep/screenshots/390/deep-ops-аудит.png"
"390","Статистика / Модули","905","0","PASS","","REVIEWED_HISTORICAL_VIEWPORT_ONLY; Original viewed directly on 2026-09-08. Historical viewport only; filters and audit detail readable. Screenshot does not prove filter mutation, Back or current-build equivalence. Empty KPI icon circles visible at all mobile widths; compare later/current evidence before a product finding. Historical brand truncation corresponds to BEFORE UI-SWEEP-023.","docs/full-ui-interaction-sweep/screenshots/390/deep-ops-модули.png"
"390","Аудит / детали","7793","0","PASS","","REVIEWED_HISTORICAL_VIEWPORT_ONLY; Original viewed directly on 2026-09-08. Historical viewport only; filters and audit detail readable. Screenshot does not prove filter mutation, Back or current-build equivalence.","docs/full-ui-interaction-sweep/screenshots/390/deep-audit-detail.png"
"390","Статистика / фильтры","9022","0","PASS","","REVIEWED_HISTORICAL_VIEWPORT_ONLY; Original viewed directly on 2026-09-08. Historical viewport only; filters and audit detail readable. Screenshot does not prove filter mutation, Back or current-build equivalence.","docs/full-ui-interaction-sweep/screenshots/390/deep-ops-filters.png"
"430","Админка / Обзор / содержимое","2349","0","PASS","","REVIEWED_HISTORICAL_VIEWPORT_ONLY; Original viewed directly on 2026-09-08. Visible viewport only; lower scrolled content and current-build equivalence not inferred.","docs/full-ui-interaction-sweep/screenshots/430/deep-admin-обзор.png"
"430","Админка / Заводы / содержимое","19220","0","PASS","","REVIEWED_HISTORICAL_VIEWPORT_ONLY; Original viewed directly on 2026-09-08. Historical visible viewport only; lower scrolled content, current-build equivalence and action persistence are not inferred. Diagnostic/provenance labels retained for comparison with later classifier evidence; no runtime records changed.","docs/full-ui-interaction-sweep/screenshots/430/deep-admin-заводы.png"
"430","Админка / Пользователи и доступы / содержимое","7851","0","PASS","","REVIEWED_HISTORICAL_VIEWPORT_ONLY; Original viewed directly on 2026-09-08. Visible viewport only; lower scrolled content and current-build equivalence not inferred.","docs/full-ui-interaction-sweep/screenshots/430/deep-admin-пользователи-и-доступы.png"
"430","Админка / Отделы и службы / содержимое","3181","0","PASS","","REVIEWED_HISTORICAL_VIEWPORT_ONLY; Original viewed directly on 2026-09-08. Visible viewport only; lower scrolled content and current-build equivalence not inferred.","docs/full-ui-interaction-sweep/screenshots/430/deep-admin-отделы-и-службы.png"
"430","Админка / Должности и роли / содержимое","6892","0","PASS","","REVIEWED_HISTORICAL_VIEWPORT_ONLY; Original viewed directly on 2026-09-08. Historical visible viewport only; lower scrolled content, current-build equivalence and action persistence are not inferred.","docs/full-ui-interaction-sweep/screenshots/430/deep-admin-должности-и-роли.png"
"430","Админка / Линии и позиции / содержимое","2786","0","PASS","","REVIEWED_HISTORICAL_VIEWPORT_ONLY; Original viewed directly on 2026-09-08. Historical visible viewport only; lower scrolled content, current-build equivalence and action persistence are not inferred.","docs/full-ui-interaction-sweep/screenshots/430/deep-admin-линии-и-позиции.png"
"430","Админка / Позиции на линиях / содержимое","4828","0","PASS","","REVIEWED_HISTORICAL_VIEWPORT_ONLY; Original viewed directly on 2026-09-08. Historical visible viewport only; lower scrolled content, current-build equivalence and action persistence are not inferred. Historical BEFORE checkbox layout; compare documented UI-SWEEP-049 AFTER, not a newly reproduced defect.","docs/full-ui-interaction-sweep/screenshots/430/deep-admin-позиции-на-линиях.png"
"430","Админка / Шаблоны состава / содержимое","5193","0","PASS","","REVIEWED_HISTORICAL_VIEWPORT_ONLY; Original viewed directly on 2026-09-08. Historical visible viewport only; lower scrolled content, current-build equivalence and action persistence are not inferred.","docs/full-ui-interaction-sweep/screenshots/430/deep-admin-шаблоны-состава.png"
"430","Админка / Повременщики / рабочие зоны / содержимое","5226","0","PASS","","REVIEWED_HISTORICAL_VIEWPORT_ONLY; Original viewed directly on 2026-09-08. Historical visible viewport only; lower scrolled content, current-build equivalence and action persistence are not inferred. Diagnostic/provenance labels retained for comparison with later classifier evidence; no runtime records changed.","docs/full-ui-interaction-sweep/screenshots/430/deep-admin-повременщики-рабочие-зоны.png"
"430","Админка / Роли и права / содержимое","14303","0","PASS","","REVIEWED_HISTORICAL_VIEWPORT_ONLY; Original viewed directly on 2026-09-08. Historical visible viewport only; lower scrolled content, current-build equivalence and action persistence are not inferred.","docs/full-ui-interaction-sweep/screenshots/430/deep-admin-роли-и-права.png"
"430","Админка / Настройки модулей / содержимое","2978","0","PASS","","REVIEWED_HISTORICAL_VIEWPORT_ONLY; Original viewed directly on 2026-09-08. Historical visible viewport only; lower scrolled content, current-build equivalence and action persistence are not inferred.","docs/full-ui-interaction-sweep/screenshots/430/deep-admin-настройки-модулей.png"
"430","Админка / Восстановление / содержимое","49709","0","PASS","","REVIEWED_HISTORICAL_VIEWPORT_ONLY; Original viewed directly on 2026-09-08. Historical visible viewport only; lower scrolled content, current-build equivalence and action persistence are not inferred. Diagnostic/provenance labels retained for comparison with later classifier evidence; no runtime records changed.","docs/full-ui-interaction-sweep/screenshots/430/deep-admin-восстановление.png"
"430","Админка / карточка восстановления","49709","0","PASS","","REVIEWED_HISTORICAL_VIEWPORT_ONLY; Original viewed directly on 2026-09-08. Historical visible viewport only; lower scrolled content, current-build equivalence and action persistence are not inferred. Diagnostic/provenance labels retained for comparison with later classifier evidence; no runtime records changed.","docs/full-ui-interaction-sweep/screenshots/430/deep-recovery-card.png"
"430","Админка / Диагностика данных / содержимое","257222","0","FAIL","diagnostic-marker: ия Причина отключения: Prepilot archive regression завершён Восстановить Диагностическая проверка Динамическая линия Линия Завод 4 Без подразделения П","REVIEWED_NON_PRODUCT_ADMIN_DIAGNOSTIC_SURFACE","docs/full-ui-interaction-sweep/screenshots/430/deep-admin-диагностика-данных.png"
"430","Админка / Аудит действий админки / содержимое","1273","0","PASS","","REVIEWED_HISTORICAL_VIEWPORT_ONLY; Original viewed directly on 2026-09-08. Historical visible viewport only; lower scrolled content, current-build equivalence and action persistence are not inferred.","docs/full-ui-interaction-sweep/screenshots/430/deep-admin-аудит-действий-админки.png"
"430","Статистика / Потери","3937","0","PASS","","REVIEWED_HISTORICAL_VIEWPORT_ONLY; Original viewed directly on 2026-09-08. Historical visible viewport only; lower scrolled content, current-build equivalence and action persistence are not inferred. Historical truncated brand is prior UI-SWEEP-023 state.","docs/full-ui-interaction-sweep/screenshots/430/deep-ops-потери.png"
"430","Статистика / Обзор","505","0","PASS","","REVIEWED_HISTORICAL_VIEWPORT_ONLY; Original viewed directly on 2026-09-08. Historical visible viewport only; lower scrolled content, current-build equivalence and action persistence are not inferred. Historical truncated brand is prior UI-SWEEP-023 state.","docs/full-ui-interaction-sweep/screenshots/430/deep-ops-обзор.png"
"430","Статистика / События","3585","0","PASS","","REVIEWED_HISTORICAL_VIEWPORT_ONLY; Original viewed directly on 2026-09-08. Historical visible viewport only; lower scrolled content, current-build equivalence and action persistence are not inferred. Historical truncated brand is prior UI-SWEEP-023 state.","docs/full-ui-interaction-sweep/screenshots/430/deep-ops-события.png"
"430","Статистика / Аудит","7642","0","PASS","","REVIEWED_HISTORICAL_VIEWPORT_ONLY; Original viewed directly on 2026-09-08. Historical viewport only; filters and audit detail readable. Screenshot does not prove filter mutation, Back or current-build equivalence. Historical brand truncation corresponds to BEFORE UI-SWEEP-023.","docs/full-ui-interaction-sweep/screenshots/430/deep-ops-аудит.png"
"430","Статистика / Модули","905","0","PASS","","REVIEWED_HISTORICAL_VIEWPORT_ONLY; Original viewed directly on 2026-09-08. Historical viewport only; filters and audit detail readable. Screenshot does not prove filter mutation, Back or current-build equivalence. Empty KPI icon circles visible at all mobile widths; compare later/current evidence before a product finding. Historical brand truncation corresponds to BEFORE UI-SWEEP-023.","docs/full-ui-interaction-sweep/screenshots/430/deep-ops-модули.png"
"430","Аудит / детали","7793","0","PASS","","REVIEWED_HISTORICAL_VIEWPORT_ONLY; Original viewed directly on 2026-09-08. Historical viewport only; filters and audit detail readable. Screenshot does not prove filter mutation, Back or current-build equivalence.","docs/full-ui-interaction-sweep/screenshots/430/deep-audit-detail.png"
"430","Статистика / фильтры","9022","0","PASS","","REVIEWED","docs/full-ui-interaction-sweep/screenshots/430/deep-ops-filters.png"
"desktop","Админка / подтверждение восстановления","50175","0","PASS","","REVIEWED_HISTORICAL_VIEWPORT_ONLY; Original inspected on 2026-09-08. Historical visible viewport only; no new persistence, Back or current-build acceptance inferred. Entity, consequence, cancel and restore visible; confirmation screenshot does not prove restore.","docs/full-ui-interaction-sweep/screenshots/desktop/admin-recovery-confirm.png"
"360","Админка / подтверждение восстановления","49947","0","PASS","","REVIEWED","docs/full-ui-interaction-sweep/screenshots/360/admin-recovery-confirm.png"
"390","Админка / подтверждение восстановления","49955","0","PASS","","REVIEWED_HISTORICAL_VIEWPORT_ONLY; Original inspected on 2026-09-08. Historical visible viewport only; no new persistence, Back or current-build acceptance inferred. Entity, consequence, cancel and restore visible; confirmation screenshot does not prove restore.","docs/full-ui-interaction-sweep/screenshots/390/admin-recovery-confirm.png"
"430","Админка / подтверждение восстановления","49955","0","PASS","","REVIEWED_HISTORICAL_VIEWPORT_ONLY; Original inspected on 2026-09-08. Historical visible viewport only; no new persistence, Back or current-build acceptance inferred. Entity, consequence, cancel and restore visible; confirmation screenshot does not prove restore.","docs/full-ui-interaction-sweep/screenshots/430/admin-recovery-confirm.png"
"desktop","Админка / предпросмотр прав","9026","0","PASS","","REVIEWED","docs/full-ui-interaction-sweep/screenshots/desktop/admin-permission-preview.png"
"desktop","Админка / причина подтверждения прав","9415","0","PASS","","REVIEWED_RETAINED_CAPTURE_CONTEXT_VERIFIED; Exact SHA-256, surface, viewport, role and CURRENT_READONLY lifecycle reconciled to retained manifest. Historical capture, not latest-build acceptance.","docs/full-ui-interaction-sweep/screenshots/desktop/admin-permission-confirm-reason.png"
"360","Админка / предпросмотр прав","8798","0","PASS","","REVIEWED","docs/full-ui-interaction-sweep/screenshots/360/admin-permission-preview.png"
"360","Админка / причина подтверждения прав","9187","0","PASS","","REVIEWED_RETAINED_CAPTURE_CONTEXT_VERIFIED; Exact SHA-256, surface, viewport, role and CURRENT_READONLY lifecycle reconciled to retained manifest. Historical capture, not latest-build acceptance.","docs/full-ui-interaction-sweep/screenshots/360/admin-permission-confirm-reason.png"
"390","Админка / предпросмотр прав","8806","0","PASS","","REVIEWED_HISTORICAL_VIEWPORT_ONLY; Original inspected on 2026-09-08. Historical visible viewport only; no new persistence, Back or current-build acceptance inferred. Recipient, department, role and visible rights readable; lower rights/actions outside viewport not assessed.","docs/full-ui-interaction-sweep/screenshots/390/admin-permission-preview.png"
"390","Админка / причина подтверждения прав","9195","0","PASS","","REVIEWED_RETAINED_CAPTURE_CONTEXT_VERIFIED; Exact SHA-256, surface, viewport, role and CURRENT_READONLY lifecycle reconciled to retained manifest. Historical capture, not latest-build acceptance.","docs/full-ui-interaction-sweep/screenshots/390/admin-permission-confirm-reason.png"
"430","Админка / предпросмотр прав","8806","0","PASS","","REVIEWED_HISTORICAL_VIEWPORT_ONLY; Original inspected on 2026-09-08. Historical visible viewport only; no new persistence, Back or current-build acceptance inferred. Recipient, department, role and visible rights readable; lower rights/actions outside viewport not assessed.","docs/full-ui-interaction-sweep/screenshots/430/admin-permission-preview.png"
"430","Админка / причина подтверждения прав","9195","0","PASS","","REVIEWED_RETAINED_CAPTURE_CONTEXT_VERIFIED; Exact SHA-256, surface, viewport, role and CURRENT_READONLY lifecycle reconciled to retained manifest. Historical capture, not latest-build acceptance.","docs/full-ui-interaction-sweep/screenshots/430/admin-permission-confirm-reason.png"
"desktop","Админка / контрольная фраза сброса пароля","9171","0","PASS","","REVIEWED_RETAINED_CAPTURE_CONTEXT_VERIFIED; Exact SHA-256, surface, viewport, role and CURRENT_READONLY lifecycle reconciled to retained manifest. Historical capture, not latest-build acceptance.","docs/full-ui-interaction-sweep/screenshots/desktop/admin-password-reset-confirm-text.png"
"desktop","Админка / ошибка ФИО","8978","0","PASS","","REVIEWED_HISTORICAL_VIEWPORT_ONLY; Original inspected on 2026-09-08. Historical visible viewport only; no new persistence, Back or current-build acceptance inferred. Required-name error is visible with other draft fields retained.","docs/full-ui-interaction-sweep/screenshots/desktop/admin-identity-validation.png"
"desktop","Админка / ФИО после отмены","8942","0","PASS","","REVIEWED_HISTORICAL_VIEWPORT_ONLY; Original inspected on 2026-09-08. Historical visible viewport only; no new persistence, Back or current-build acceptance inferred. Mobile vertical profile tabs are historical UI-SWEEP-070 BEFORE; AFTER evidence is documented in review-pack/20260907-132931-admin-identity-job-settings-after-subnav-fix-reviewed/.","docs/full-ui-interaction-sweep/screenshots/desktop/admin-identity-cancel.png"
"360","Админка / контрольная фраза сброса пароля","8943","0","PASS","","REVIEWED_RETAINED_CAPTURE_CONTEXT_VERIFIED; Exact SHA-256, surface, viewport, role and CURRENT_READONLY lifecycle reconciled to retained manifest. Historical capture, not latest-build acceptance.","docs/full-ui-interaction-sweep/screenshots/360/admin-password-reset-confirm-text.png"
"360","Админка / ошибка ФИО","8750","0","PASS","","REVIEWED","docs/full-ui-interaction-sweep/screenshots/360/admin-identity-validation.png"
"360","Админка / ФИО после отмены","8714","0","PASS","","REVIEWED_HISTORICAL_VIEWPORT_ONLY; Original inspected on 2026-09-08. Historical visible viewport only; no new persistence, Back or current-build acceptance inferred. Mobile vertical profile tabs are historical UI-SWEEP-070 BEFORE; AFTER evidence is documented in review-pack/20260907-132931-admin-identity-job-settings-after-subnav-fix-reviewed/.","docs/full-ui-interaction-sweep/screenshots/360/admin-identity-cancel.png"
"390","Админка / контрольная фраза сброса пароля","8951","0","PASS","","REVIEWED_RETAINED_CAPTURE_CONTEXT_VERIFIED; Exact SHA-256, surface, viewport, role and CURRENT_READONLY lifecycle reconciled to retained manifest. Historical capture, not latest-build acceptance.","docs/full-ui-interaction-sweep/screenshots/390/admin-password-reset-confirm-text.png"
"390","Админка / ошибка ФИО","8758","0","PASS","","REVIEWED_HISTORICAL_VIEWPORT_ONLY; Original inspected on 2026-09-08. Historical visible viewport only; no new persistence, Back or current-build acceptance inferred. Required-name error is visible with other draft fields retained.","docs/full-ui-interaction-sweep/screenshots/390/admin-identity-validation.png"
"390","Админка / ФИО после отмены","8722","0","PASS","","REVIEWED_HISTORICAL_VIEWPORT_ONLY; Original inspected on 2026-09-08. Historical visible viewport only; no new persistence, Back or current-build acceptance inferred. Mobile vertical profile tabs are historical UI-SWEEP-070 BEFORE; AFTER evidence is documented in review-pack/20260907-132931-admin-identity-job-settings-after-subnav-fix-reviewed/.","docs/full-ui-interaction-sweep/screenshots/390/admin-identity-cancel.png"
"430","Админка / контрольная фраза сброса пароля","8951","0","PASS","","REVIEWED_RETAINED_CAPTURE_CONTEXT_VERIFIED; Exact SHA-256, surface, viewport, role and CURRENT_READONLY lifecycle reconciled to retained manifest. Historical capture, not latest-build acceptance.","docs/full-ui-interaction-sweep/screenshots/430/admin-password-reset-confirm-text.png"
"430","Админка / ошибка ФИО","8758","0","PASS","","REVIEWED_HISTORICAL_VIEWPORT_ONLY; Original inspected on 2026-09-08. Historical visible viewport only; no new persistence, Back or current-build acceptance inferred. Required-name error is visible with other draft fields retained.","docs/full-ui-interaction-sweep/screenshots/430/admin-identity-validation.png"
"430","Админка / ФИО после отмены","8722","0","PASS","","REVIEWED_HISTORICAL_VIEWPORT_ONLY; Original inspected on 2026-09-08. Historical visible viewport only; no new persistence, Back or current-build acceptance inferred. Mobile vertical profile tabs are historical UI-SWEEP-070 BEFORE; AFTER evidence is documented in review-pack/20260907-132931-admin-identity-job-settings-after-subnav-fix-reviewed/.","docs/full-ui-interaction-sweep/screenshots/430/admin-identity-cancel.png"
"desktop","Админка / черновик состава","5526","0","PASS","","REVIEWED_HISTORICAL_VIEWPORT_ONLY; Original inspected on 2026-09-08. Historical visible viewport only; no new persistence, Back or current-build acceptance inferred. Mobile numeric inputs lack visible Min/Plan/Max labels in this capture; compare later evidence. Lower save/cancel partly outside viewport, scroll reachability not inferred.","docs/full-ui-interaction-sweep/screenshots/desktop/admin-template-draft.png"
"360","Админка / черновик состава","5274","0","PASS","","REVIEWED_HISTORICAL_VIEWPORT_ONLY; Original inspected on 2026-09-08. Historical visible viewport only; no new persistence, Back or current-build acceptance inferred. Mobile numeric inputs lack visible Min/Plan/Max labels in this capture; compare later evidence. Lower save/cancel partly outside viewport, scroll reachability not inferred.","docs/full-ui-interaction-sweep/screenshots/360/admin-template-draft.png"
"390","Админка / черновик состава","5282","0","PASS","","REVIEWED","docs/full-ui-interaction-sweep/screenshots/390/admin-template-draft.png"
"430","Админка / черновик состава","5282","0","PASS","","REVIEWED_HISTORICAL_VIEWPORT_ONLY; Original inspected on 2026-09-08. Historical visible viewport only; no new persistence, Back or current-build acceptance inferred. Mobile numeric inputs lack visible Min/Plan/Max labels in this capture; compare later evidence. Lower save/cancel partly outside viewport, scroll reachability not inferred.","docs/full-ui-interaction-sweep/screenshots/430/admin-template-draft.png"
"desktop","Сообщить об ошибке / выбор вложения","915","0","PASS","","REVIEWED_RETAINED_CAPTURE_CONTEXT_VERIFIED; Exact SHA-256, surface, viewport, role and CURRENT_READONLY lifecycle reconciled to retained manifest. Historical capture, not latest-build acceptance.","docs/full-ui-interaction-sweep/screenshots/desktop/report-worker-attachment-picker.png"
"desktop","Сообщить об ошибке / локальное вложение","733","0","PASS","","REVIEWED_RETAINED_CAPTURE_CONTEXT_VERIFIED; Exact SHA-256, surface, viewport, role and CURRENT_READONLY lifecycle reconciled to retained manifest. Historical capture, not latest-build acceptance.","docs/full-ui-interaction-sweep/screenshots/desktop/report-worker-attachment-selected.png"
"desktop","Сообщить об ошибке / черновик WORKER","677","0","PASS","","REVIEWED_HISTORICAL_VIEWPORT_ONLY; Original directly inspected 2026-09-08. Historical visible viewport only. No new action, query correctness, persistence, Back or current-build acceptance inferred. Draft fields and attachment/send actions readable. Desktop header spacing and bottom navigation word wrapping retained as historical observations.","docs/full-ui-interaction-sweep/screenshots/desktop/report-worker-draft.png"
"360","Сообщить об ошибке / выбор вложения","818","0","PASS","","REVIEWED_RETAINED_CAPTURE_CONTEXT_VERIFIED; Exact SHA-256, surface, viewport, role and CURRENT_READONLY lifecycle reconciled to retained manifest. Historical capture, not latest-build acceptance.","docs/full-ui-interaction-sweep/screenshots/360/report-worker-attachment-picker.png"
"360","Сообщить об ошибке / локальное вложение","632","0","PASS","","REVIEWED_RETAINED_CAPTURE_CONTEXT_VERIFIED; Exact SHA-256, surface, viewport, role and CURRENT_READONLY lifecycle reconciled to retained manifest. Historical capture, not latest-build acceptance.","docs/full-ui-interaction-sweep/screenshots/360/report-worker-attachment-selected.png"
"360","Сообщить об ошибке / черновик WORKER","580","0","PASS","","REVIEWED","docs/full-ui-interaction-sweep/screenshots/360/report-worker-draft.png"
"390","Сообщить об ошибке / выбор вложения","826","0","PASS","","REVIEWED_RETAINED_CAPTURE_CONTEXT_VERIFIED; Exact SHA-256, surface, viewport, role and CURRENT_READONLY lifecycle reconciled to retained manifest. Historical capture, not latest-build acceptance.","docs/full-ui-interaction-sweep/screenshots/390/report-worker-attachment-picker.png"
"390","Сообщить об ошибке / локальное вложение","640","0","PASS","","REVIEWED_RETAINED_CAPTURE_CONTEXT_VERIFIED; Exact SHA-256, surface, viewport, role and CURRENT_READONLY lifecycle reconciled to retained manifest. Historical capture, not latest-build acceptance.","docs/full-ui-interaction-sweep/screenshots/390/report-worker-attachment-selected.png"
"390","Сообщить об ошибке / черновик WORKER","588","0","PASS","","REVIEWED_HISTORICAL_VIEWPORT_ONLY; Original directly inspected 2026-09-08. Historical visible viewport only. No new action, query correctness, persistence, Back or current-build acceptance inferred. Draft fields and attachment/send actions readable. Desktop header spacing and bottom navigation word wrapping retained as historical observations.","docs/full-ui-interaction-sweep/screenshots/390/report-worker-draft.png"
"430","Сообщить об ошибке / выбор вложения","826","0","PASS","","REVIEWED_RETAINED_CAPTURE_CONTEXT_VERIFIED; Exact SHA-256, surface, viewport, role and CURRENT_READONLY lifecycle reconciled to retained manifest. Historical capture, not latest-build acceptance.","docs/full-ui-interaction-sweep/screenshots/430/report-worker-attachment-picker.png"
"430","Сообщить об ошибке / локальное вложение","640","0","PASS","","REVIEWED_RETAINED_CAPTURE_CONTEXT_VERIFIED; Exact SHA-256, surface, viewport, role and CURRENT_READONLY lifecycle reconciled to retained manifest. Historical capture, not latest-build acceptance.","docs/full-ui-interaction-sweep/screenshots/430/report-worker-attachment-selected.png"
"430","Сообщить об ошибке / черновик WORKER","588","0","PASS","","REVIEWED_HISTORICAL_VIEWPORT_ONLY; Original directly inspected 2026-09-08. Historical visible viewport only. No new action, query correctness, persistence, Back or current-build acceptance inferred. Draft fields and attachment/send actions readable. Desktop header spacing and bottom navigation word wrapping retained as historical observations.","docs/full-ui-interaction-sweep/screenshots/430/report-worker-draft.png"
"desktop","Заказы / фильтры архива","1036","0","PASS","","REVIEWED_HISTORICAL_VIEWPORT_ONLY; Original directly inspected 2026-09-08. Historical visible viewport only. No new action, query correctness, persistence, Back or current-build acceptance inferred. Search/category/status/decision/department and reset/show controls readable, including mobile footer.","docs/full-ui-interaction-sweep/screenshots/desktop/orders-archive-filters.png"
"360","Заказы / фильтры архива","808","0","PASS","","REVIEWED_HISTORICAL_VIEWPORT_ONLY; Original directly inspected 2026-09-08. Historical visible viewport only. No new action, query correctness, persistence, Back or current-build acceptance inferred. Search/category/status/decision/department and reset/show controls readable, including mobile footer.","docs/full-ui-interaction-sweep/screenshots/360/orders-archive-filters.png"
"390","Заказы / фильтры архива","816","0","PASS","","REVIEWED_HISTORICAL_VIEWPORT_ONLY; Original directly inspected 2026-09-08. Historical visible viewport only. No new action, query correctness, persistence, Back or current-build acceptance inferred. Search/category/status/decision/department and reset/show controls readable, including mobile footer.","docs/full-ui-interaction-sweep/screenshots/390/orders-archive-filters.png"
"430","Заказы / фильтры архива","816","0","PASS","","REVIEWED_HISTORICAL_VIEWPORT_ONLY; Original directly inspected 2026-09-08. Historical visible viewport only. No new action, query correctness, persistence, Back or current-build acceptance inferred. Search/category/status/decision/department and reset/show controls readable, including mobile footer.","docs/full-ui-interaction-sweep/screenshots/430/orders-archive-filters.png"
"desktop","Архив / Заявки и простои / фильтры","2448","0","PASS","","REVIEWED_HISTORICAL_VIEWPORT_ONLY; Original directly inspected 2026-09-08. Historical visible viewport only. No new action, query correctness, persistence, Back or current-build acceptance inferred. Desktop labels and footer actions readable; mobile variants remain separate evidence. Checkbox is visually separated from its label; compare later affected-owner evidence before classifying a current defect.","docs/full-ui-interaction-sweep/screenshots/desktop/archive-filters-tasks.png"
"desktop","Архив / Чек-листы / фильтры","1960","0","PASS","","REVIEWED_HISTORICAL_VIEWPORT_ONLY; Original directly inspected 2026-09-08. Historical visible viewport only. No new action, query correctness, persistence, Back or current-build acceptance inferred. Desktop labels and footer actions readable; mobile variants remain separate evidence.","docs/full-ui-interaction-sweep/screenshots/desktop/archive-filters-checklists.png"
"desktop","Архив / ОКК / фильтры","2284","0","PASS","","REVIEWED_HISTORICAL_VIEWPORT_ONLY; Original directly inspected 2026-09-08. Historical visible viewport only. No new action, query correctness, persistence, Back or current-build acceptance inferred. Desktop labels and footer actions readable; mobile variants remain separate evidence.","docs/full-ui-interaction-sweep/screenshots/desktop/archive-filters-okk.png"
"desktop","Архив / Возвраты на производство / фильтры","1044","0","PASS","","REVIEWED_HISTORICAL_VIEWPORT_ONLY; Original directly inspected 2026-09-08. Historical visible viewport only. No new action, query correctness, persistence, Back or current-build acceptance inferred. Desktop labels and footer actions readable; mobile variants remain separate evidence.","docs/full-ui-interaction-sweep/screenshots/desktop/archive-filters-returns.png"
"desktop","Архив / Некондиция / фильтры","592","0","PASS","","REVIEWED_HISTORICAL_VIEWPORT_ONLY; Original directly inspected 2026-09-08. Historical visible viewport only. No new action, query correctness, persistence, Back or current-build acceptance inferred. Desktop labels and footer actions readable; mobile variants remain separate evidence.","docs/full-ui-interaction-sweep/screenshots/desktop/archive-filters-stock.png"
"desktop","Архив / Заказы / Остатки / фильтры","961","0","PASS","","REVIEWED_HISTORICAL_VIEWPORT_ONLY; Original directly inspected 2026-09-08. Historical visible viewport only. No new action, query correctness, persistence, Back or current-build acceptance inferred. Desktop labels and footer actions readable; mobile variants remain separate evidence.","docs/full-ui-interaction-sweep/screenshots/desktop/archive-filters-orders.png"
"desktop","Архив / Мойка / фильтры","2456","0","PASS","","REVIEWED_HISTORICAL_VIEWPORT_ONLY; Original directly inspected 2026-09-08. Historical visible viewport only. No new action, query correctness, persistence, Back or current-build acceptance inferred. Desktop labels and footer actions readable; mobile variants remain separate evidence.","docs/full-ui-interaction-sweep/screenshots/desktop/archive-filters-wash.png"
"desktop","Архив / Оттайка / фильтры","1128","0","PASS","","REVIEWED_HISTORICAL_VIEWPORT_ONLY; Original directly inspected 2026-09-08. Historical visible viewport only. No new action, query correctness, persistence, Back or current-build acceptance inferred. Desktop labels and footer actions readable; mobile variants remain separate evidence.","docs/full-ui-interaction-sweep/screenshots/desktop/archive-filters-defrost.png"
"desktop","Архив / Пересменка / Журнал / фильтры","1779","0","PASS","","REVIEWED_HISTORICAL_VIEWPORT_ONLY; Original directly inspected 2026-09-08. Historical visible viewport only. No new action, query correctness, persistence, Back or current-build acceptance inferred. Desktop labels and footer actions readable; mobile variants remain separate evidence.","docs/full-ui-interaction-sweep/screenshots/desktop/archive-filters-shiftLog.png"
"desktop","Архив / Объявления / фильтры","1275","0","PASS","","REVIEWED_HISTORICAL_VIEWPORT_ONLY; Original directly inspected 2026-09-08. Historical visible viewport only. No new action, query correctness, persistence, Back or current-build acceptance inferred. Desktop labels and footer actions readable; mobile variants remain separate evidence.","docs/full-ui-interaction-sweep/screenshots/desktop/archive-filters-announcements.png"
"desktop","Архив / Файлы и вложения / фильтры","2417","0","PASS","","REVIEWED_HISTORICAL_VIEWPORT_ONLY; Original directly inspected 2026-09-08. Historical visible viewport only. No new action, query correctness, persistence, Back or current-build acceptance inferred. Desktop labels and footer actions readable; mobile variants remain separate evidence.","docs/full-ui-interaction-sweep/screenshots/desktop/archive-filters-attachments.png"
"360","Архив / Заявки и простои / фильтры","2220","0","PASS","","REVIEWED","docs/full-ui-interaction-sweep/screenshots/360/archive-filters-tasks.png"
"360","Архив / Чек-листы / фильтры","1732","0","PASS","","REVIEWED_HISTORICAL_VIEWPORT_ONLY; Original directly inspected 2026-09-08. Historical mobile viewport only. Header, dates, visible labels and footer actions readable; no current-build, query, Back or persistence acceptance inferred. Lower form fields extend beyond captured scroll-body viewport. Screenshot does not prove their scroll reachability or unreachability.","docs/full-ui-interaction-sweep/screenshots/360/archive-filters-checklists.png"
"360","Архив / ОКК / фильтры","2056","0","PASS","","REVIEWED_HISTORICAL_VIEWPORT_ONLY; Original directly inspected 2026-09-08. Historical mobile viewport only. Header, dates, visible labels and footer actions readable; no current-build, query, Back or persistence acceptance inferred.","docs/full-ui-interaction-sweep/screenshots/360/archive-filters-okk.png"
"360","Архив / Возвраты на производство / фильтры","816","0","PASS","","REVIEWED_HISTORICAL_VIEWPORT_ONLY; Original directly inspected 2026-09-08. Historical mobile viewport only. Header, dates, visible labels and footer actions readable; no current-build, query, Back or persistence acceptance inferred.","docs/full-ui-interaction-sweep/screenshots/360/archive-filters-returns.png"
"360","Архив / Некондиция / фильтры","364","0","PASS","","REVIEWED_HISTORICAL_VIEWPORT_ONLY; Original directly inspected 2026-09-08. Historical mobile viewport only. Header, dates, visible labels and footer actions readable; no current-build, query, Back or persistence acceptance inferred.","docs/full-ui-interaction-sweep/screenshots/360/archive-filters-stock.png"
"360","Архив / Заказы / Остатки / фильтры","733","0","PASS","","REVIEWED_HISTORICAL_VIEWPORT_ONLY; Original directly inspected 2026-09-08. Historical mobile viewport only. Header, dates, visible labels and footer actions readable; no current-build, query, Back or persistence acceptance inferred. Lower form fields extend beyond captured scroll-body viewport. Screenshot does not prove their scroll reachability or unreachability.","docs/full-ui-interaction-sweep/screenshots/360/archive-filters-orders.png"
"360","Архив / Мойка / фильтры","2228","0","PASS","","REVIEWED_HISTORICAL_VIEWPORT_ONLY; Original directly inspected 2026-09-08. Historical mobile viewport only. Header, dates, visible labels and footer actions readable; no current-build, query, Back or persistence acceptance inferred.","docs/full-ui-interaction-sweep/screenshots/360/archive-filters-wash.png"
"360","Архив / Оттайка / фильтры","900","0","PASS","","REVIEWED_HISTORICAL_VIEWPORT_ONLY; Original directly inspected 2026-09-08. Historical mobile viewport only. Header, dates, visible labels and footer actions readable; no current-build, query, Back or persistence acceptance inferred.","docs/full-ui-interaction-sweep/screenshots/360/archive-filters-defrost.png"
"360","Архив / Пересменка / Журнал / фильтры","1551","0","PASS","","REVIEWED_HISTORICAL_VIEWPORT_ONLY; Original directly inspected 2026-09-08. Historical mobile viewport only. Header, dates, visible labels and footer actions readable; no current-build, query, Back or persistence acceptance inferred.","docs/full-ui-interaction-sweep/screenshots/360/archive-filters-shiftLog.png"
"360","Архив / Объявления / фильтры","1047","0","PASS","","REVIEWED_HISTORICAL_VIEWPORT_ONLY; Original directly inspected 2026-09-08. Historical mobile viewport only. Header, dates, visible labels and footer actions readable; no current-build, query, Back or persistence acceptance inferred.","docs/full-ui-interaction-sweep/screenshots/360/archive-filters-announcements.png"
"360","Архив / Файлы и вложения / фильтры","2189","0","PASS","","REVIEWED_HISTORICAL_VIEWPORT_ONLY; Original directly inspected 2026-09-08. Historical mobile viewport only. Header, dates, visible labels and footer actions readable; no current-build, query, Back or persistence acceptance inferred.","docs/full-ui-interaction-sweep/screenshots/360/archive-filters-attachments.png"
"390","Архив / Заявки и простои / фильтры","2228","0","PASS","","REVIEWED_HISTORICAL_VIEWPORT_ONLY; Original directly inspected 2026-09-08. Historical mobile viewport only. Header, dates, visible labels and footer actions readable; no current-build, query, Back or persistence acceptance inferred. Lower form fields extend beyond captured scroll-body viewport. Screenshot does not prove their scroll reachability or unreachability.","docs/full-ui-interaction-sweep/screenshots/390/archive-filters-tasks.png"
"390","Архив / Чек-листы / фильтры","1740","0","PASS","","REVIEWED_HISTORICAL_VIEWPORT_ONLY; Original directly inspected 2026-09-08. Historical mobile viewport only. Header, dates, visible labels and footer actions readable; no current-build, query, Back or persistence acceptance inferred. Lower form fields extend beyond captured scroll-body viewport. Screenshot does not prove their scroll reachability or unreachability.","docs/full-ui-interaction-sweep/screenshots/390/archive-filters-checklists.png"
"390","Архив / ОКК / фильтры","2064","0","PASS","","REVIEWED_HISTORICAL_VIEWPORT_ONLY; Original directly inspected 2026-09-08. Historical mobile viewport only. Header, dates, visible labels and footer actions readable; no current-build, query, Back or persistence acceptance inferred.","docs/full-ui-interaction-sweep/screenshots/390/archive-filters-okk.png"
"390","Архив / Возвраты на производство / фильтры","824","0","PASS","","REVIEWED_HISTORICAL_VIEWPORT_ONLY; Original directly inspected 2026-09-08. Historical mobile viewport only. Header, dates, visible labels and footer actions readable; no current-build, query, Back or persistence acceptance inferred.","docs/full-ui-interaction-sweep/screenshots/390/archive-filters-returns.png"
"390","Архив / Некондиция / фильтры","372","0","PASS","","REVIEWED_HISTORICAL_VIEWPORT_ONLY; Original directly inspected 2026-09-08. Historical mobile viewport only. Header, dates, visible labels and footer actions readable; no current-build, query, Back or persistence acceptance inferred.","docs/full-ui-interaction-sweep/screenshots/390/archive-filters-stock.png"
"390","Архив / Заказы / Остатки / фильтры","741","0","PASS","","REVIEWED_HISTORICAL_VIEWPORT_ONLY; Original directly inspected 2026-09-08. Historical mobile viewport only. Header, dates, visible labels and footer actions readable; no current-build, query, Back or persistence acceptance inferred.","docs/full-ui-interaction-sweep/screenshots/390/archive-filters-orders.png"
"390","Архив / Мойка / фильтры","2236","0","PASS","","REVIEWED_HISTORICAL_VIEWPORT_ONLY; Original directly inspected 2026-09-08. Historical mobile viewport only. Header, dates, visible labels and footer actions readable; no current-build, query, Back or persistence acceptance inferred.","docs/full-ui-interaction-sweep/screenshots/390/archive-filters-wash.png"
"390","Архив / Оттайка / фильтры","908","0","PASS","","REVIEWED_HISTORICAL_VIEWPORT_ONLY; Original directly inspected 2026-09-08. Historical mobile viewport only. Header, dates, visible labels and footer actions readable; no current-build, query, Back or persistence acceptance inferred.","docs/full-ui-interaction-sweep/screenshots/390/archive-filters-defrost.png"
"390","Архив / Пересменка / Журнал / фильтры","1559","0","PASS","","REVIEWED_HISTORICAL_VIEWPORT_ONLY; Original directly inspected 2026-09-08. Historical mobile viewport only. Header, dates, visible labels and footer actions readable; no current-build, query, Back or persistence acceptance inferred.","docs/full-ui-interaction-sweep/screenshots/390/archive-filters-shiftLog.png"
"390","Архив / Объявления / фильтры","1055","0","PASS","","REVIEWED_HISTORICAL_VIEWPORT_ONLY; Original directly inspected 2026-09-08. Historical mobile viewport only. Header, dates, visible labels and footer actions readable; no current-build, query, Back or persistence acceptance inferred.","docs/full-ui-interaction-sweep/screenshots/390/archive-filters-announcements.png"
"390","Архив / Файлы и вложения / фильтры","2197","0","PASS","","REVIEWED_HISTORICAL_VIEWPORT_ONLY; Original directly inspected 2026-09-08. Historical mobile viewport only. Header, dates, visible labels and footer actions readable; no current-build, query, Back or persistence acceptance inferred.","docs/full-ui-interaction-sweep/screenshots/390/archive-filters-attachments.png"
"430","Архив / Заявки и простои / фильтры","2228","0","PASS","","REVIEWED_HISTORICAL_VIEWPORT_ONLY; Original directly inspected 2026-09-08. Historical mobile viewport only. Header, dates, visible labels and footer actions readable; no current-build, query, Back or persistence acceptance inferred. Lower form fields extend beyond captured scroll-body viewport. Screenshot does not prove their scroll reachability or unreachability.","docs/full-ui-interaction-sweep/screenshots/430/archive-filters-tasks.png"
"430","Архив / Чек-листы / фильтры","1740","0","PASS","","REVIEWED_HISTORICAL_VIEWPORT_ONLY; Original directly inspected 2026-09-08. Historical mobile viewport only. Header, dates, visible labels and footer actions readable; no current-build, query, Back or persistence acceptance inferred. Lower form fields extend beyond captured scroll-body viewport. Screenshot does not prove their scroll reachability or unreachability.","docs/full-ui-interaction-sweep/screenshots/430/archive-filters-checklists.png"
"430","Архив / ОКК / фильтры","2064","0","PASS","","REVIEWED_HISTORICAL_VIEWPORT_ONLY; Original directly inspected 2026-09-08. Historical mobile viewport only. Header, dates, visible labels and footer actions readable; no current-build, query, Back or persistence acceptance inferred.","docs/full-ui-interaction-sweep/screenshots/430/archive-filters-okk.png"
"430","Архив / Возвраты на производство / фильтры","824","0","PASS","","REVIEWED_HISTORICAL_VIEWPORT_ONLY; Original directly inspected 2026-09-08. Historical mobile viewport only. Header, dates, visible labels and footer actions readable; no current-build, query, Back or persistence acceptance inferred.","docs/full-ui-interaction-sweep/screenshots/430/archive-filters-returns.png"
"430","Архив / Некондиция / фильтры","372","0","PASS","","REVIEWED_HISTORICAL_VIEWPORT_ONLY; Original directly inspected 2026-09-08. Historical mobile viewport only. Header, dates, visible labels and footer actions readable; no current-build, query, Back or persistence acceptance inferred.","docs/full-ui-interaction-sweep/screenshots/430/archive-filters-stock.png"
"430","Архив / Заказы / Остатки / фильтры","741","0","PASS","","REVIEWED_HISTORICAL_VIEWPORT_ONLY; Original directly inspected 2026-09-08. Historical mobile viewport only. Header, dates, visible labels and footer actions readable; no current-build, query, Back or persistence acceptance inferred.","docs/full-ui-interaction-sweep/screenshots/430/archive-filters-orders.png"
"430","Архив / Мойка / фильтры","2236","0","PASS","","REVIEWED_HISTORICAL_VIEWPORT_ONLY; Original directly inspected 2026-09-08. Historical mobile viewport only. Header, dates, visible labels and footer actions readable; no current-build, query, Back or persistence acceptance inferred.","docs/full-ui-interaction-sweep/screenshots/430/archive-filters-wash.png"
"430","Архив / Оттайка / фильтры","908","0","PASS","","REVIEWED_HISTORICAL_VIEWPORT_ONLY; Original directly inspected 2026-09-08. Historical mobile viewport only. Header, dates, visible labels and footer actions readable; no current-build, query, Back or persistence acceptance inferred.","docs/full-ui-interaction-sweep/screenshots/430/archive-filters-defrost.png"
"430","Архив / Пересменка / Журнал / фильтры","1559","0","PASS","","REVIEWED_HISTORICAL_VIEWPORT_ONLY; Original directly inspected 2026-09-08. Historical mobile viewport only. Header, dates, visible labels and footer actions readable; no current-build, query, Back or persistence acceptance inferred.","docs/full-ui-interaction-sweep/screenshots/430/archive-filters-shiftLog.png"
"430","Архив / Объявления / фильтры","1055","0","PASS","","REVIEWED_HISTORICAL_VIEWPORT_ONLY; Original directly inspected 2026-09-08. Historical mobile viewport only. Header, dates, visible labels and footer actions readable; no current-build, query, Back or persistence acceptance inferred.","docs/full-ui-interaction-sweep/screenshots/430/archive-filters-announcements.png"
"430","Архив / Файлы и вложения / фильтры","2197","0","PASS","","REVIEWED","docs/full-ui-interaction-sweep/screenshots/430/archive-filters-attachments.png"
"desktop","Архив / Заявки и простои / применённые фильтры","2398","0","PASS","","REVIEWED_HISTORICAL_VIEWPORT_ONLY; Original inspected 2026-09-08. Reopened populated filter sheet, not result-list screenshot; dates, selected values and footer readable. Existing test lines 4440-4536 asserts real GET combined query, empty result and reset/reopen, not individual positive-data predicates. No current-build acceptance inferred.","docs/full-ui-interaction-sweep/screenshots/desktop/archive-applied-tasks.png"
"desktop","Архив / Чек-листы / применённые фильтры","1506","0","PASS","","REVIEWED_HISTORICAL_VIEWPORT_ONLY; Original inspected 2026-09-08. Reopened populated filter sheet, not result-list screenshot; dates, selected values and footer readable. Existing test lines 4440-4536 asserts real GET combined query, empty result and reset/reopen, not individual positive-data predicates. No current-build acceptance inferred.","docs/full-ui-interaction-sweep/screenshots/desktop/archive-applied-checklists.png"
"desktop","Архив / ОКК / применённые фильтры","1248","0","PASS","","REVIEWED_HISTORICAL_VIEWPORT_ONLY; Original inspected 2026-09-08. Reopened populated filter sheet, not result-list screenshot; dates, selected values and footer readable. Existing test lines 4440-4536 asserts real GET combined query, empty result and reset/reopen, not individual positive-data predicates. No current-build acceptance inferred.","docs/full-ui-interaction-sweep/screenshots/desktop/archive-applied-okk.png"
"desktop","Архив / Возвраты на производство / применённые фильтры","746","0","PASS","","REVIEWED_HISTORICAL_VIEWPORT_ONLY; Original inspected 2026-09-08. Reopened populated filter sheet, not result-list screenshot; dates, selected values and footer readable. Existing test lines 4440-4536 asserts real GET combined query, empty result and reset/reopen, not individual positive-data predicates. No current-build acceptance inferred.","docs/full-ui-interaction-sweep/screenshots/desktop/archive-applied-returns.png"
"desktop","Архив / Некондиция / применённые фильтры","697","0","PASS","","REVIEWED_HISTORICAL_VIEWPORT_ONLY; Original inspected 2026-09-08. Reopened populated filter sheet, not result-list screenshot; dates, selected values and footer readable. Existing test lines 4440-4536 asserts real GET combined query, empty result and reset/reopen, not individual positive-data predicates. No current-build acceptance inferred.","docs/full-ui-interaction-sweep/screenshots/desktop/archive-applied-stock.png"
"desktop","Архив / Заказы / Остатки / применённые фильтры","1043","0","PASS","","REVIEWED_HISTORICAL_VIEWPORT_ONLY; Original inspected 2026-09-08. Reopened populated filter sheet, not result-list screenshot; dates, selected values and footer readable. Existing test lines 4440-4536 asserts real GET combined query, empty result and reset/reopen, not individual positive-data predicates. No current-build acceptance inferred.","docs/full-ui-interaction-sweep/screenshots/desktop/archive-applied-orders.png"
"desktop","Архив / Мойка / применённые фильтры","1164","0","PASS","","REVIEWED_HISTORICAL_VIEWPORT_ONLY; Original inspected 2026-09-08. Reopened populated filter sheet, not result-list screenshot; dates, selected values and footer readable. Existing test lines 4440-4536 asserts real GET combined query, empty result and reset/reopen, not individual positive-data predicates. No current-build acceptance inferred.","docs/full-ui-interaction-sweep/screenshots/desktop/archive-applied-wash.png"
"desktop","Архив / Оттайка / применённые фильтры","1160","0","PASS","","REVIEWED_HISTORICAL_VIEWPORT_ONLY; Original inspected 2026-09-08. Reopened populated filter sheet, not result-list screenshot; dates, selected values and footer readable. Existing test lines 4440-4536 asserts real GET combined query, empty result and reset/reopen, not individual positive-data predicates. No current-build acceptance inferred.","docs/full-ui-interaction-sweep/screenshots/desktop/archive-applied-defrost.png"
"desktop","Архив / Пересменка / Журнал / применённые фильтры","981","0","PASS","","REVIEWED_HISTORICAL_VIEWPORT_ONLY; Original inspected 2026-09-08. Reopened populated filter sheet, not result-list screenshot; dates, selected values and footer readable. Existing test lines 4440-4536 asserts real GET combined query, empty result and reset/reopen, not individual positive-data predicates. No current-build acceptance inferred.","docs/full-ui-interaction-sweep/screenshots/desktop/archive-applied-shiftLog.png"
"desktop","Архив / Объявления / применённые фильтры","687","0","PASS","","REVIEWED_HISTORICAL_VIEWPORT_ONLY; Original inspected 2026-09-08. Reopened populated filter sheet, not result-list screenshot; dates, selected values and footer readable. Existing test lines 4440-4536 asserts real GET combined query, empty result and reset/reopen, not individual positive-data predicates. No current-build acceptance inferred.","docs/full-ui-interaction-sweep/screenshots/desktop/archive-applied-announcements.png"
"desktop","Архив / Файлы и вложения / применённые фильтры","705","0","PASS","","REVIEWED_HISTORICAL_VIEWPORT_ONLY; Original inspected 2026-09-08. Reopened populated filter sheet, not result-list screenshot; dates, selected values and footer readable. Existing test lines 4440-4536 asserts real GET combined query, empty result and reset/reopen, not individual positive-data predicates. No current-build acceptance inferred.","docs/full-ui-interaction-sweep/screenshots/desktop/archive-applied-attachments.png"
"360","Архив / Заявки и простои / применённые фильтры","2170","0","PASS","","REVIEWED_HISTORICAL_VIEWPORT_ONLY; Original directly inspected 2026-09-08. Reopened populated mobile filter sheet: visible dates, selected labels and footer actions readable. Long-form lower fields outside capture are not assessed for scroll reachability. Historical combined-query/reopen proof remains distinct from each positive-data predicate and current-build acceptance.","docs/full-ui-interaction-sweep/screenshots/360/archive-applied-tasks.png"
"360","Архив / Чек-листы / применённые фильтры","1278","0","PASS","","REVIEWED_HISTORICAL_VIEWPORT_ONLY; Original directly inspected 2026-09-08. Reopened populated mobile filter sheet: visible dates, selected labels and footer actions readable. Long-form lower fields outside capture are not assessed for scroll reachability. Historical combined-query/reopen proof remains distinct from each positive-data predicate and current-build acceptance.","docs/full-ui-interaction-sweep/screenshots/360/archive-applied-checklists.png"
"360","Архив / ОКК / применённые фильтры","1020","0","PASS","","REVIEWED_HISTORICAL_VIEWPORT_ONLY; Original directly inspected 2026-09-08. Reopened populated mobile filter sheet: visible dates, selected labels and footer actions readable. Long-form lower fields outside capture are not assessed for scroll reachability. Historical combined-query/reopen proof remains distinct from each positive-data predicate and current-build acceptance.","docs/full-ui-interaction-sweep/screenshots/360/archive-applied-okk.png"
"360","Архив / Возвраты на производство / применённые фильтры","518","0","PASS","","REVIEWED_HISTORICAL_VIEWPORT_ONLY; Original directly inspected 2026-09-08. Reopened populated mobile filter sheet: visible dates, selected labels and footer actions readable. Long-form lower fields outside capture are not assessed for scroll reachability. Historical combined-query/reopen proof remains distinct from each positive-data predicate and current-build acceptance.","docs/full-ui-interaction-sweep/screenshots/360/archive-applied-returns.png"
"360","Архив / Некондиция / применённые фильтры","469","0","PASS","","REVIEWED_HISTORICAL_VIEWPORT_ONLY; Original directly inspected 2026-09-08. Reopened populated mobile filter sheet: visible dates, selected labels and footer actions readable. Long-form lower fields outside capture are not assessed for scroll reachability. Historical combined-query/reopen proof remains distinct from each positive-data predicate and current-build acceptance.","docs/full-ui-interaction-sweep/screenshots/360/archive-applied-stock.png"
"360","Архив / Заказы / Остатки / применённые фильтры","815","0","PASS","","REVIEWED_HISTORICAL_VIEWPORT_ONLY; Original directly inspected 2026-09-08. Reopened populated mobile filter sheet: visible dates, selected labels and footer actions readable. Long-form lower fields outside capture are not assessed for scroll reachability. Historical combined-query/reopen proof remains distinct from each positive-data predicate and current-build acceptance.","docs/full-ui-interaction-sweep/screenshots/360/archive-applied-orders.png"
"360","Архив / Мойка / применённые фильтры","936","0","PASS","","REVIEWED_HISTORICAL_VIEWPORT_ONLY; Original directly inspected 2026-09-08. Reopened populated mobile filter sheet: visible dates, selected labels and footer actions readable. Long-form lower fields outside capture are not assessed for scroll reachability. Historical combined-query/reopen proof remains distinct from each positive-data predicate and current-build acceptance.","docs/full-ui-interaction-sweep/screenshots/360/archive-applied-wash.png"
"360","Архив / Оттайка / применённые фильтры","932","0","PASS","","REVIEWED_HISTORICAL_VIEWPORT_ONLY; Original directly inspected 2026-09-08. Reopened populated mobile filter sheet: visible dates, selected labels and footer actions readable. Long-form lower fields outside capture are not assessed for scroll reachability. Historical combined-query/reopen proof remains distinct from each positive-data predicate and current-build acceptance.","docs/full-ui-interaction-sweep/screenshots/360/archive-applied-defrost.png"
"360","Архив / Пересменка / Журнал / применённые фильтры","753","0","PASS","","REVIEWED_HISTORICAL_VIEWPORT_ONLY; Original directly inspected 2026-09-08. Reopened populated mobile filter sheet: visible dates, selected labels and footer actions readable. Long-form lower fields outside capture are not assessed for scroll reachability. Historical combined-query/reopen proof remains distinct from each positive-data predicate and current-build acceptance.","docs/full-ui-interaction-sweep/screenshots/360/archive-applied-shiftLog.png"
"360","Архив / Объявления / применённые фильтры","459","0","PASS","","REVIEWED_HISTORICAL_VIEWPORT_ONLY; Original directly inspected 2026-09-08. Reopened populated mobile filter sheet: visible dates, selected labels and footer actions readable. Long-form lower fields outside capture are not assessed for scroll reachability. Historical combined-query/reopen proof remains distinct from each positive-data predicate and current-build acceptance.","docs/full-ui-interaction-sweep/screenshots/360/archive-applied-announcements.png"
"360","Архив / Файлы и вложения / применённые фильтры","477","0","PASS","","REVIEWED_HISTORICAL_VIEWPORT_ONLY; Original directly inspected 2026-09-08. Reopened populated mobile filter sheet: visible dates, selected labels and footer actions readable. Long-form lower fields outside capture are not assessed for scroll reachability. Historical combined-query/reopen proof remains distinct from each positive-data predicate and current-build acceptance.","docs/full-ui-interaction-sweep/screenshots/360/archive-applied-attachments.png"
"390","Архив / Заявки и простои / применённые фильтры","2178","0","PASS","","REVIEWED_HISTORICAL_VIEWPORT_ONLY; Original directly inspected 2026-09-08. Reopened populated mobile filter sheet: visible dates, selected labels and footer actions readable. Long-form lower fields outside capture are not assessed for scroll reachability. Historical combined-query/reopen proof remains distinct from each positive-data predicate and current-build acceptance.","docs/full-ui-interaction-sweep/screenshots/390/archive-applied-tasks.png"
"390","Архив / Чек-листы / применённые фильтры","1286","0","PASS","","REVIEWED","docs/full-ui-interaction-sweep/screenshots/390/archive-applied-checklists.png"
"390","Архив / ОКК / применённые фильтры","1028","0","PASS","","REVIEWED_HISTORICAL_VIEWPORT_ONLY; Original directly inspected 2026-09-08. Reopened populated mobile filter sheet: visible dates, selected labels and footer actions readable. Long-form lower fields outside capture are not assessed for scroll reachability. Historical combined-query/reopen proof remains distinct from each positive-data predicate and current-build acceptance.","docs/full-ui-interaction-sweep/screenshots/390/archive-applied-okk.png"
"390","Архив / Возвраты на производство / применённые фильтры","526","0","PASS","","REVIEWED_HISTORICAL_VIEWPORT_ONLY; Original directly inspected 2026-09-08. Reopened populated mobile filter sheet: visible dates, selected labels and footer actions readable. Long-form lower fields outside capture are not assessed for scroll reachability. Historical combined-query/reopen proof remains distinct from each positive-data predicate and current-build acceptance.","docs/full-ui-interaction-sweep/screenshots/390/archive-applied-returns.png"
"390","Архив / Некондиция / применённые фильтры","477","0","PASS","","REVIEWED_HISTORICAL_VIEWPORT_ONLY; Original directly inspected 2026-09-08. Reopened populated mobile filter sheet: visible dates, selected labels and footer actions readable. Long-form lower fields outside capture are not assessed for scroll reachability. Historical combined-query/reopen proof remains distinct from each positive-data predicate and current-build acceptance.","docs/full-ui-interaction-sweep/screenshots/390/archive-applied-stock.png"
"390","Архив / Заказы / Остатки / применённые фильтры","823","0","PASS","","REVIEWED_HISTORICAL_VIEWPORT_ONLY; Original directly inspected 2026-09-08. Reopened populated mobile filter sheet: visible dates, selected labels and footer actions readable. Long-form lower fields outside capture are not assessed for scroll reachability. Historical combined-query/reopen proof remains distinct from each positive-data predicate and current-build acceptance.","docs/full-ui-interaction-sweep/screenshots/390/archive-applied-orders.png"
"390","Архив / Мойка / применённые фильтры","944","0","PASS","","REVIEWED_HISTORICAL_VIEWPORT_ONLY; Original directly inspected 2026-09-08. Reopened populated mobile filter sheet: visible dates, selected labels and footer actions readable. Long-form lower fields outside capture are not assessed for scroll reachability. Historical combined-query/reopen proof remains distinct from each positive-data predicate and current-build acceptance.","docs/full-ui-interaction-sweep/screenshots/390/archive-applied-wash.png"
"390","Архив / Оттайка / применённые фильтры","940","0","PASS","","REVIEWED_HISTORICAL_VIEWPORT_ONLY; Original directly inspected 2026-09-08. Reopened populated mobile filter sheet: visible dates, selected labels and footer actions readable. Long-form lower fields outside capture are not assessed for scroll reachability. Historical combined-query/reopen proof remains distinct from each positive-data predicate and current-build acceptance.","docs/full-ui-interaction-sweep/screenshots/390/archive-applied-defrost.png"
"390","Архив / Пересменка / Журнал / применённые фильтры","761","0","PASS","","REVIEWED_HISTORICAL_VIEWPORT_ONLY; Original directly inspected 2026-09-08. Reopened populated mobile filter sheet: visible dates, selected labels and footer actions readable. Long-form lower fields outside capture are not assessed for scroll reachability. Historical combined-query/reopen proof remains distinct from each positive-data predicate and current-build acceptance.","docs/full-ui-interaction-sweep/screenshots/390/archive-applied-shiftLog.png"
"390","Архив / Объявления / применённые фильтры","467","0","PASS","","REVIEWED_HISTORICAL_VIEWPORT_ONLY; Original directly inspected 2026-09-08. Reopened populated mobile filter sheet: visible dates, selected labels and footer actions readable. Long-form lower fields outside capture are not assessed for scroll reachability. Historical combined-query/reopen proof remains distinct from each positive-data predicate and current-build acceptance.","docs/full-ui-interaction-sweep/screenshots/390/archive-applied-announcements.png"
"390","Архив / Файлы и вложения / применённые фильтры","2280","0","PASS","","REVIEWED_HISTORICAL_VIEWPORT_ONLY; Original directly inspected 2026-09-08. Reopened populated mobile filter sheet: visible dates, selected labels and footer actions readable. Long-form lower fields outside capture are not assessed for scroll reachability. Historical combined-query/reopen proof remains distinct from each positive-data predicate and current-build acceptance.","docs/full-ui-interaction-sweep/screenshots/390/archive-applied-attachments.png"
"430","Архив / Заявки и простои / применённые фильтры","2178","0","PASS","","REVIEWED_HISTORICAL_VIEWPORT_ONLY; Original directly inspected 2026-09-08. Reopened populated mobile filter sheet: visible dates, selected labels and footer actions readable. Long-form lower fields outside capture are not assessed for scroll reachability. Historical combined-query/reopen proof remains distinct from each positive-data predicate and current-build acceptance.","docs/full-ui-interaction-sweep/screenshots/430/archive-applied-tasks.png"
"430","Архив / Чек-листы / применённые фильтры","1286","0","PASS","","REVIEWED_HISTORICAL_VIEWPORT_ONLY; Original directly inspected 2026-09-08. Reopened populated mobile filter sheet: visible dates, selected labels and footer actions readable. Long-form lower fields outside capture are not assessed for scroll reachability. Historical combined-query/reopen proof remains distinct from each positive-data predicate and current-build acceptance.","docs/full-ui-interaction-sweep/screenshots/430/archive-applied-checklists.png"
"430","Архив / ОКК / применённые фильтры","1028","0","PASS","","REVIEWED_HISTORICAL_VIEWPORT_ONLY; Original directly inspected 2026-09-08. Reopened populated mobile filter sheet: visible dates, selected labels and footer actions readable. Long-form lower fields outside capture are not assessed for scroll reachability. Historical combined-query/reopen proof remains distinct from each positive-data predicate and current-build acceptance.","docs/full-ui-interaction-sweep/screenshots/430/archive-applied-okk.png"
"430","Архив / Возвраты на производство / применённые фильтры","526","0","PASS","","REVIEWED_HISTORICAL_VIEWPORT_ONLY; Original directly inspected 2026-09-08. Reopened populated mobile filter sheet: visible dates, selected labels and footer actions readable. Long-form lower fields outside capture are not assessed for scroll reachability. Historical combined-query/reopen proof remains distinct from each positive-data predicate and current-build acceptance.","docs/full-ui-interaction-sweep/screenshots/430/archive-applied-returns.png"
"430","Архив / Некондиция / применённые фильтры","477","0","PASS","","REVIEWED_HISTORICAL_VIEWPORT_ONLY; Original directly inspected 2026-09-08. Reopened populated mobile filter sheet: visible dates, selected labels and footer actions readable. Long-form lower fields outside capture are not assessed for scroll reachability. Historical combined-query/reopen proof remains distinct from each positive-data predicate and current-build acceptance.","docs/full-ui-interaction-sweep/screenshots/430/archive-applied-stock.png"
"430","Архив / Заказы / Остатки / применённые фильтры","823","0","PASS","","REVIEWED_HISTORICAL_VIEWPORT_ONLY; Original directly inspected 2026-09-08. Reopened populated mobile filter sheet: visible dates, selected labels and footer actions readable. Long-form lower fields outside capture are not assessed for scroll reachability. Historical combined-query/reopen proof remains distinct from each positive-data predicate and current-build acceptance.","docs/full-ui-interaction-sweep/screenshots/430/archive-applied-orders.png"
"430","Архив / Мойка / применённые фильтры","944","0","PASS","","REVIEWED_HISTORICAL_VIEWPORT_ONLY; Original directly inspected 2026-09-08. Reopened populated mobile filter sheet: visible dates, selected labels and footer actions readable. Long-form lower fields outside capture are not assessed for scroll reachability. Historical combined-query/reopen proof remains distinct from each positive-data predicate and current-build acceptance.","docs/full-ui-interaction-sweep/screenshots/430/archive-applied-wash.png"
"430","Архив / Оттайка / применённые фильтры","940","0","PASS","","REVIEWED_HISTORICAL_VIEWPORT_ONLY; Original directly inspected 2026-09-08. Reopened populated mobile filter sheet: visible dates, selected labels and footer actions readable. Long-form lower fields outside capture are not assessed for scroll reachability. Historical combined-query/reopen proof remains distinct from each positive-data predicate and current-build acceptance.","docs/full-ui-interaction-sweep/screenshots/430/archive-applied-defrost.png"
"430","Архив / Пересменка / Журнал / применённые фильтры","761","0","PASS","","REVIEWED_HISTORICAL_VIEWPORT_ONLY; Original directly inspected 2026-09-08. Reopened populated mobile filter sheet: visible dates, selected labels and footer actions readable. Long-form lower fields outside capture are not assessed for scroll reachability. Historical combined-query/reopen proof remains distinct from each positive-data predicate and current-build acceptance.","docs/full-ui-interaction-sweep/screenshots/430/archive-applied-shiftLog.png"
"430","Архив / Объявления / применённые фильтры","467","0","PASS","","REVIEWED_HISTORICAL_VIEWPORT_ONLY; Original directly inspected 2026-09-08. Reopened populated mobile filter sheet: visible dates, selected labels and footer actions readable. Long-form lower fields outside capture are not assessed for scroll reachability. Historical combined-query/reopen proof remains distinct from each positive-data predicate and current-build acceptance.","docs/full-ui-interaction-sweep/screenshots/430/archive-applied-announcements.png"
"430","Архив / Файлы и вложения / применённые фильтры","485","0","PASS","","REVIEWED_HISTORICAL_VIEWPORT_ONLY; Original directly inspected 2026-09-08. Reopened populated mobile filter sheet: visible dates, selected labels and footer actions readable. Long-form lower fields outside capture are not assessed for scroll reachability. Historical combined-query/reopen proof remains distinct from each positive-data predicate and current-build acceptance.","docs/full-ui-interaction-sweep/screenshots/430/archive-applied-attachments.png"
"desktop","Архив / tasks / TASK detail","930","0","PASS","","REVIEWED_HISTORICAL_VIEWPORT_ONLY; Original inspected 2026-09-08. Historical desktop viewport; visible detail labels/values readable. Lower history, source navigation, Back and current-build correctness not inferred.","docs/full-ui-interaction-sweep/screenshots/desktop/archive-detail-tasks-task.png"
"desktop","Архив / checklists / CHECKLIST_RUN detail","2824","0","PASS","","REVIEWED_HISTORICAL_VIEWPORT_ONLY; Original inspected 2026-09-08. Historical desktop viewport; visible detail labels/values readable. Lower history, source navigation, Back and current-build correctness not inferred. Calendar date displayed with time (00:00 or 03:00); historical presenter observation requires later/current comparison, not proof of temporal calculation defect.","docs/full-ui-interaction-sweep/screenshots/desktop/archive-detail-checklists-checklist_run.png"
"desktop","Архив / okk / OKK_RECORD detail","1912","0","PASS","","REVIEWED_HISTORICAL_VIEWPORT_ONLY; Original inspected 2026-09-08. Historical desktop viewport; visible detail labels/values readable. Lower history, source navigation, Back and current-build correctness not inferred. Diagnostic/provenance labels retained unchanged for existing bounded-node comparison.","docs/full-ui-interaction-sweep/screenshots/desktop/archive-detail-okk-okk_record.png"
"desktop","Архив / okk / QUANTITY_RELEASE_OPERATION detail","2357","0","PASS","","REVIEWED_HISTORICAL_VIEWPORT_ONLY; Original inspected 2026-09-08. Historical desktop viewport; visible detail labels/values readable. Lower history, source navigation, Back and current-build correctness not inferred. Visible cumulative quantities do not prove individual operation history below viewport. Calendar date displayed with time (00:00 or 03:00); historical presenter observation requires later/current comparison, not proof of temporal calculation defect.","docs/full-ui-interaction-sweep/screenshots/desktop/archive-detail-okk-quantity_release_operation.png"
"desktop","Архив / returns / QUANTITY_RELEASE_OPERATION detail","1632","0","PASS","","REVIEWED_HISTORICAL_VIEWPORT_ONLY; Original inspected 2026-09-08. Historical desktop viewport; visible detail labels/values readable. Lower history, source navigation, Back and current-build correctness not inferred. Visible cumulative quantities do not prove individual operation history below viewport.","docs/full-ui-interaction-sweep/screenshots/desktop/archive-detail-returns-quantity_release_operation.png"
"desktop","Архив / returns / RETURN_RECORD detail","1609","0","PASS","","REVIEWED_HISTORICAL_VIEWPORT_ONLY; Original inspected 2026-09-08. Historical desktop viewport; visible detail labels/values readable. Lower history, source navigation, Back and current-build correctness not inferred. Visible cumulative quantities do not prove individual operation history below viewport.","docs/full-ui-interaction-sweep/screenshots/desktop/archive-detail-returns-return_record.png"
"desktop","Архив / wash / WASH_SESSION detail","2428","0","PASS","","REVIEWED_HISTORICAL_VIEWPORT_ONLY; Original inspected 2026-09-08. Historical desktop viewport; visible detail labels/values readable. Lower history, source navigation, Back and current-build correctness not inferred. Diagnostic/provenance labels retained unchanged for existing bounded-node comparison.","docs/full-ui-interaction-sweep/screenshots/desktop/archive-detail-wash-wash_session.png"
"desktop","Архив / defrost / DEFROST_EVENT detail","746","0","PASS","","REVIEWED_HISTORICAL_VIEWPORT_ONLY; Original inspected 2026-09-08. Historical desktop viewport; visible detail labels/values readable. Lower history, source navigation, Back and current-build correctness not inferred.","docs/full-ui-interaction-sweep/screenshots/desktop/archive-detail-defrost-defrost_event.png"
"desktop","Архив / shiftLog / SHIFT_LOG detail","1949","0","FAIL","clipped-control: button:Объект для вложения не найден | clipped-control: button:Файл повреждён или формат нельзя показать.","REVIEWED_OPEN_FINDING_UI_SWEEP_036","docs/full-ui-interaction-sweep/screenshots/desktop/archive-detail-shiftLog-shift_log.png"
"desktop","Архив / announcements / ANNOUNCEMENT detail","1539","0","PASS","","REVIEWED_HISTORICAL_VIEWPORT_ONLY; Original directly inspected 2026-09-08. Historical viewport only; visible detail labels readable. Source navigation, lower history, playback/download and current-build correctness not inferred. Diagnostic announcement copy retained for bounded UI-SWEEP-046 context; record unchanged.","docs/full-ui-interaction-sweep/screenshots/desktop/archive-detail-announcements-announcement.png"
"desktop","Архив / attachments / PHOTO detail","2493","0","FAIL","unnamed-controls: 1 | clipped-control: button:","REVIEWED_BEFORE_FIX_SUPERSEDED_UI_SWEEP_016","docs/full-ui-interaction-sweep/screenshots/desktop/archive-detail-attachments-photo.png"
"desktop","Архив / attachments / AUDIO detail","2479","0","PASS","","REVIEWED_HISTORICAL_VIEWPORT_ONLY; Original directly inspected 2026-09-08. Historical viewport only; visible detail labels readable. Source navigation, lower history, playback/download and current-build correctness not inferred. Filename/type run together in historical BEFORE UI-SWEEP-016; documented canonical CSS fix and geometric evidence found in gap register. Not reopened as a new defect.","docs/full-ui-interaction-sweep/screenshots/desktop/archive-detail-attachments-audio.png"
"desktop","Архив / attachments / FILE detail","2444","0","PASS","","REVIEWED_HISTORICAL_VIEWPORT_ONLY; Original directly inspected 2026-09-08. Historical viewport only; visible detail labels readable. Source navigation, lower history, playback/download and current-build correctness not inferred. Filename/type run together in historical BEFORE UI-SWEEP-016; documented canonical CSS fix and geometric evidence found in gap register. Not reopened as a new defect.","docs/full-ui-interaction-sweep/screenshots/desktop/archive-detail-attachments-file.png"
"360","Архив / tasks / TASK detail","702","0","PASS","","REVIEWED_HISTORICAL_VIEWPORT_ONLY; Original directly inspected 2026-09-08. Historical viewport only; visible detail labels readable. Source navigation, lower history, playback/download and current-build correctness not inferred.","docs/full-ui-interaction-sweep/screenshots/360/archive-detail-tasks-task.png"
"360","Архив / checklists / CHECKLIST_RUN detail","2596","0","PASS","","REVIEWED_HISTORICAL_VIEWPORT_ONLY; Original directly inspected 2026-09-08. Historical viewport only; visible detail labels readable. Source navigation, lower history, playback/download and current-build correctness not inferred. Date-with-time presenter observation retained; no new calculation defect inferred.","docs/full-ui-interaction-sweep/screenshots/360/archive-detail-checklists-checklist_run.png"
"360","Архив / okk / OKK_RECORD detail","1684","0","PASS","","REVIEWED_HISTORICAL_VIEWPORT_ONLY; Original directly inspected 2026-09-08. Historical viewport only; visible detail labels readable. Source navigation, lower history, playback/download and current-build correctness not inferred.","docs/full-ui-interaction-sweep/screenshots/360/archive-detail-okk-okk_record.png"
"360","Архив / okk / QUANTITY_RELEASE_OPERATION detail","2129","0","PASS","","REVIEWED_HISTORICAL_VIEWPORT_ONLY; Original directly inspected 2026-09-08. Historical viewport only; visible detail labels readable. Source navigation, lower history, playback/download and current-build correctness not inferred. Date-with-time presenter observation retained; no new calculation defect inferred.","docs/full-ui-interaction-sweep/screenshots/360/archive-detail-okk-quantity_release_operation.png"
"360","Архив / returns / QUANTITY_RELEASE_OPERATION detail","1404","0","PASS","","REVIEWED_HISTORICAL_VIEWPORT_ONLY; Original directly inspected 2026-09-08. Historical viewport only; visible detail labels readable. Source navigation, lower history, playback/download and current-build correctness not inferred.","docs/full-ui-interaction-sweep/screenshots/360/archive-detail-returns-quantity_release_operation.png"
"360","Архив / returns / RETURN_RECORD detail","1381","0","PASS","","REVIEWED_HISTORICAL_VIEWPORT_ONLY; Original directly inspected 2026-09-08. Historical viewport only; visible detail labels readable. Source navigation, lower history, playback/download and current-build correctness not inferred.","docs/full-ui-interaction-sweep/screenshots/360/archive-detail-returns-return_record.png"
"360","Архив / wash / WASH_SESSION detail","2200","0","PASS","","REVIEWED","docs/full-ui-interaction-sweep/screenshots/360/archive-detail-wash-wash_session.png"
"360","Архив / defrost / DEFROST_EVENT detail","518","0","PASS","","REVIEWED_HISTORICAL_VIEWPORT_ONLY; Original directly inspected 2026-09-08. Historical viewport only; visible detail labels readable. Source navigation, lower history, playback/download and current-build correctness not inferred.","docs/full-ui-interaction-sweep/screenshots/360/archive-detail-defrost-defrost_event.png"
"360","Архив / shiftLog / SHIFT_LOG detail","1721","0","FAIL","clipped-control: button:Объект для вложения не найден | clipped-control: button:Файл повреждён или формат нельзя показать.","REVIEWED_OPEN_FINDING_UI_SWEEP_036","docs/full-ui-interaction-sweep/screenshots/360/archive-detail-shiftLog-shift_log.png"
"360","Архив / announcements / ANNOUNCEMENT detail","1311","0","PASS","","REVIEWED_HISTORICAL_VIEWPORT_ONLY; Original directly inspected 2026-09-08. Historical mobile viewport; visible labels and close/source actions readable. Lower history and navigation/playback results are not inferred. Diagnostic provenance copy retained unchanged.","docs/full-ui-interaction-sweep/screenshots/360/archive-detail-announcements-announcement.png"
"360","Архив / attachments / PHOTO detail","2265","0","FAIL","unnamed-controls: 1 | clipped-control: button:","REVIEWED_BEFORE_FIX_SUPERSEDED_UI_SWEEP_016","docs/full-ui-interaction-sweep/screenshots/360/archive-detail-attachments-photo.png"
"360","Архив / attachments / AUDIO detail","2251","0","PASS","","REVIEWED_HISTORICAL_VIEWPORT_ONLY; Original directly inspected 2026-09-08. Historical mobile viewport; visible labels and close/source actions readable. Lower history and navigation/playback results are not inferred. Filename and type run together: historical UI-SWEEP-016 BEFORE, not a reopened finding.","docs/full-ui-interaction-sweep/screenshots/360/archive-detail-attachments-audio.png"
"360","Архив / attachments / FILE detail","2216","0","PASS","","REVIEWED_HISTORICAL_VIEWPORT_ONLY; Original directly inspected 2026-09-08. Historical mobile viewport; visible labels and close/source actions readable. Lower history and navigation/playback results are not inferred. Filename and type run together: historical UI-SWEEP-016 BEFORE, not a reopened finding.","docs/full-ui-interaction-sweep/screenshots/360/archive-detail-attachments-file.png"
"390","Архив / tasks / TASK detail","710","0","PASS","","REVIEWED_HISTORICAL_VIEWPORT_ONLY; Original directly inspected 2026-09-08. Historical mobile viewport; visible labels and close/source actions readable. Lower history and navigation/playback results are not inferred.","docs/full-ui-interaction-sweep/screenshots/390/archive-detail-tasks-task.png"
"390","Архив / checklists / CHECKLIST_RUN detail","2604","0","PASS","","REVIEWED_HISTORICAL_VIEWPORT_ONLY; Original directly inspected 2026-09-08. Historical mobile viewport; visible labels and close/source actions readable. Lower history and navigation/playback results are not inferred. Calendar date includes 00:00; retains historical presenter observation for later comparison.","docs/full-ui-interaction-sweep/screenshots/390/archive-detail-checklists-checklist_run.png"
"390","Архив / okk / OKK_RECORD detail","1692","0","PASS","","REVIEWED_HISTORICAL_VIEWPORT_ONLY; Original directly inspected 2026-09-08. Historical mobile viewport; visible labels and close/source actions readable. Lower history and navigation/playback results are not inferred. Diagnostic provenance copy retained unchanged.","docs/full-ui-interaction-sweep/screenshots/390/archive-detail-okk-okk_record.png"
"390","Архив / okk / QUANTITY_RELEASE_OPERATION detail","2137","0","PASS","","REVIEWED_HISTORICAL_VIEWPORT_ONLY; Original inspected 2026-09-08. Historical 390 viewport only; visible field labels and source/close buttons readable. Lower history, source navigation, media playback and current-build acceptance not inferred. Calendar date includes 03:00; historical presenter observation, not a new temporal defect.","docs/full-ui-interaction-sweep/screenshots/390/archive-detail-okk-quantity_release_operation.png"
"390","Архив / returns / QUANTITY_RELEASE_OPERATION detail","1412","0","PASS","","REVIEWED_HISTORICAL_VIEWPORT_ONLY; Original inspected 2026-09-08. Historical 390 viewport only; visible field labels and source/close buttons readable. Lower history, source navigation, media playback and current-build acceptance not inferred.","docs/full-ui-interaction-sweep/screenshots/390/archive-detail-returns-quantity_release_operation.png"
"390","Архив / returns / RETURN_RECORD detail","1389","0","PASS","","REVIEWED_HISTORICAL_VIEWPORT_ONLY; Original inspected 2026-09-08. Historical 390 viewport only; visible field labels and source/close buttons readable. Lower history, source navigation, media playback and current-build acceptance not inferred.","docs/full-ui-interaction-sweep/screenshots/390/archive-detail-returns-return_record.png"
"390","Архив / wash / WASH_SESSION detail","2208","0","PASS","","REVIEWED_HISTORICAL_VIEWPORT_ONLY; Original inspected 2026-09-08. Historical 390 viewport only; visible field labels and source/close buttons readable. Lower history, source navigation, media playback and current-build acceptance not inferred. Diagnostic provenance retained unchanged for bounded finding comparison.","docs/full-ui-interaction-sweep/screenshots/390/archive-detail-wash-wash_session.png"
"390","Архив / defrost / DEFROST_EVENT detail","526","0","PASS","","REVIEWED_HISTORICAL_VIEWPORT_ONLY; Original inspected 2026-09-08. Historical 390 viewport only; visible field labels and source/close buttons readable. Lower history, source navigation, media playback and current-build acceptance not inferred.","docs/full-ui-interaction-sweep/screenshots/390/archive-detail-defrost-defrost_event.png"
"390","Архив / shiftLog / SHIFT_LOG detail","1729","0","FAIL","clipped-control: button:Объект для вложения не найден | clipped-control: button:Файл повреждён или формат нельзя показать.","REVIEWED_OPEN_FINDING_UI_SWEEP_036","docs/full-ui-interaction-sweep/screenshots/390/archive-detail-shiftLog-shift_log.png"
"390","Архив / announcements / ANNOUNCEMENT detail","1319","0","PASS","","REVIEWED_HISTORICAL_VIEWPORT_ONLY; Original inspected 2026-09-08. Historical 390 viewport only; visible field labels and source/close buttons readable. Lower history, source navigation, media playback and current-build acceptance not inferred. Diagnostic provenance retained unchanged for bounded finding comparison.","docs/full-ui-interaction-sweep/screenshots/390/archive-detail-announcements-announcement.png"
"390","Архив / attachments / PHOTO detail","2273","0","FAIL","unnamed-controls: 1 | clipped-control: button:","REVIEWED_BEFORE_FIX_SUPERSEDED_UI_SWEEP_016","docs/full-ui-interaction-sweep/screenshots/390/archive-detail-attachments-photo.png"
"390","Архив / attachments / AUDIO detail","2259","0","PASS","","REVIEWED_HISTORICAL_VIEWPORT_ONLY; Original inspected 2026-09-08. Historical 390 viewport only; visible field labels and source/close buttons readable. Lower history, source navigation, media playback and current-build acceptance not inferred. Filename/type collision is historical BEFORE UI-SWEEP-016.","docs/full-ui-interaction-sweep/screenshots/390/archive-detail-attachments-audio.png"
"390","Архив / attachments / FILE detail","2224","0","PASS","","REVIEWED_HISTORICAL_VIEWPORT_ONLY; Original inspected 2026-09-08. Historical 390 viewport only; visible field labels and source/close buttons readable. Lower history, source navigation, media playback and current-build acceptance not inferred. Filename/type collision is historical BEFORE UI-SWEEP-016.","docs/full-ui-interaction-sweep/screenshots/390/archive-detail-attachments-file.png"
"430","Архив / tasks / TASK detail","710","0","PASS","","REVIEWED_HISTORICAL_VIEWPORT_ONLY; Original inspected 2026-09-08. Historical 430 viewport; visible labels and close/source actions readable. Lower history, media and source navigation not proven by image; no current-build acceptance.","docs/full-ui-interaction-sweep/screenshots/430/archive-detail-tasks-task.png"
"430","Архив / checklists / CHECKLIST_RUN detail","2604","0","PASS","","REVIEWED_HISTORICAL_VIEWPORT_ONLY; Original inspected 2026-09-08. Historical 430 viewport; visible labels and close/source actions readable. Lower history, media and source navigation not proven by image; no current-build acceptance. Historical date-with-time presenter observation retained.","docs/full-ui-interaction-sweep/screenshots/430/archive-detail-checklists-checklist_run.png"
"430","Архив / okk / OKK_RECORD detail","1692","0","PASS","","REVIEWED_HISTORICAL_VIEWPORT_ONLY; Original inspected 2026-09-08. Historical 430 viewport; visible labels and close/source actions readable. Lower history, media and source navigation not proven by image; no current-build acceptance. Diagnostic provenance retained unchanged.","docs/full-ui-interaction-sweep/screenshots/430/archive-detail-okk-okk_record.png"
"430","Архив / okk / QUANTITY_RELEASE_OPERATION detail","2137","0","PASS","","REVIEWED_HISTORICAL_VIEWPORT_ONLY; Original inspected 2026-09-08. Historical 430 viewport; visible labels and close/source actions readable. Lower history, media and source navigation not proven by image; no current-build acceptance. Historical date-with-time presenter observation retained.","docs/full-ui-interaction-sweep/screenshots/430/archive-detail-okk-quantity_release_operation.png"
"430","Архив / returns / QUANTITY_RELEASE_OPERATION detail","1412","0","PASS","","REVIEWED_HISTORICAL_VIEWPORT_ONLY; Original inspected 2026-09-08. Historical 430 viewport; visible labels and close/source actions readable. Lower history, media and source navigation not proven by image; no current-build acceptance.","docs/full-ui-interaction-sweep/screenshots/430/archive-detail-returns-quantity_release_operation.png"
"430","Архив / returns / RETURN_RECORD detail","1389","0","PASS","","REVIEWED_HISTORICAL_VIEWPORT_ONLY; Original inspected 2026-09-08. Historical 430 viewport; visible labels and close/source actions readable. Lower history, media and source navigation not proven by image; no current-build acceptance.","docs/full-ui-interaction-sweep/screenshots/430/archive-detail-returns-return_record.png"
"430","Архив / wash / WASH_SESSION detail","2208","0","PASS","","REVIEWED_HISTORICAL_VIEWPORT_ONLY; Original inspected 2026-09-08. Historical 430 viewport; visible labels and close/source actions readable. Lower history, media and source navigation not proven by image; no current-build acceptance. Diagnostic provenance retained unchanged.","docs/full-ui-interaction-sweep/screenshots/430/archive-detail-wash-wash_session.png"
"430","Архив / defrost / DEFROST_EVENT detail","526","0","PASS","","REVIEWED_HISTORICAL_VIEWPORT_ONLY; Original inspected 2026-09-08. Historical 430 viewport; visible labels and close/source actions readable. Lower history, media and source navigation not proven by image; no current-build acceptance.","docs/full-ui-interaction-sweep/screenshots/430/archive-detail-defrost-defrost_event.png"
"430","Архив / shiftLog / SHIFT_LOG detail","1729","0","FAIL","clipped-control: button:Объект для вложения не найден | clipped-control: button:Файл повреждён или формат нельзя показать.","REVIEWED_OPEN_FINDING_UI_SWEEP_036","docs/full-ui-interaction-sweep/screenshots/430/archive-detail-shiftLog-shift_log.png"
"430","Архив / announcements / ANNOUNCEMENT detail","1319","0","PASS","","REVIEWED_HISTORICAL_VIEWPORT_ONLY; Original inspected 2026-09-08. Historical 430 viewport; visible labels and close/source actions readable. Lower history, media and source navigation not proven by image; no current-build acceptance. Diagnostic provenance retained unchanged.","docs/full-ui-interaction-sweep/screenshots/430/archive-detail-announcements-announcement.png"
"430","Архив / attachments / PHOTO detail","2273","0","FAIL","unnamed-controls: 1 | clipped-control: button:","REVIEWED_BEFORE_FIX_SUPERSEDED_UI_SWEEP_016","docs/full-ui-interaction-sweep/screenshots/430/archive-detail-attachments-photo.png"
"430","Архив / attachments / AUDIO detail","2259","0","PASS","","REVIEWED_HISTORICAL_VIEWPORT_ONLY; Original inspected 2026-09-08. Historical 430 viewport; visible labels and close/source actions readable. Lower history, media and source navigation not proven by image; no current-build acceptance. Historical filename/type collision: BEFORE UI-SWEEP-016.","docs/full-ui-interaction-sweep/screenshots/430/archive-detail-attachments-audio.png"
"430","Архив / attachments / FILE detail","2224","0","PASS","","REVIEWED_HISTORICAL_VIEWPORT_ONLY; Original inspected 2026-09-08. Historical 430 viewport; visible labels and close/source actions readable. Lower history, media and source navigation not proven by image; no current-build acceptance. Historical filename/type collision: BEFORE UI-SWEEP-016.","docs/full-ui-interaction-sweep/screenshots/430/archive-detail-attachments-file.png"
"desktop","Архив / вложения / вторая страница","4021","0","PASS","","REVIEWED_HISTORICAL_VIEWPORT_ONLY; Historical viewport inspected directly. Visible attachment filenames/types/sizes readable; diagnostic names retained. Desktop navigation wrapping remains historical observation. No current pagination or interaction claim.","docs/full-ui-interaction-sweep/screenshots/desktop/archive-attachments-page-two.png"
"360","Архив / вложения / вторая страница","3793","0","PASS","","REVIEWED","docs/full-ui-interaction-sweep/screenshots/360/archive-attachments-page-two.png"
"390","Архив / вложения / вторая страница","3801","0","PASS","","REVIEWED_HISTORICAL_VIEWPORT_ONLY; Historical viewport inspected directly. Visible attachment filenames/types/sizes readable; diagnostic names retained. Desktop navigation wrapping remains historical observation. No current pagination or interaction claim.","docs/full-ui-interaction-sweep/screenshots/390/archive-attachments-page-two.png"
"430","Архив / вложения / вторая страница","3801","0","PASS","","REVIEWED_HISTORICAL_VIEWPORT_ONLY; Historical viewport inspected directly. Visible attachment filenames/types/sizes readable; diagnostic names retained. Desktop navigation wrapping remains historical observation. No current pagination or interaction claim.","docs/full-ui-interaction-sweep/screenshots/430/archive-attachments-page-two.png"
"desktop","Архив / переход tasks","686","0","PASS","","REVIEWED_HISTORICAL_VIEWPORT_ONLY; Historical transition/loading viewport inspected: loading and empty-list text coexist; not a settled loaded-list acceptance. Existing test proves source section GET/heading and Back, not an entity deep-link. Mobile brand truncation maps to historical UI-SWEEP-023; desktop KPI icon/label overlap requires later/current comparison.","docs/full-ui-interaction-sweep/screenshots/desktop/archive-source-tasks.png"
"desktop","Архив / переход defrost","1337","0","PASS","","REVIEWED_HISTORICAL_VIEWPORT_ONLY; Historical source-section viewport inspected: visible actions and line states readable. Test proves section navigation, not selected event detail. Mobile brand truncation maps to historical UI-SWEEP-023. No lower-content/action/current-build acceptance.","docs/full-ui-interaction-sweep/screenshots/desktop/archive-source-defrost.png"
"360","Архив / переход tasks","403","0","PASS","","REVIEWED_HISTORICAL_VIEWPORT_ONLY; Historical transition/loading viewport inspected: loading and empty-list text coexist; not a settled loaded-list acceptance. Existing test proves source section GET/heading and Back, not an entity deep-link. Mobile brand truncation maps to historical UI-SWEEP-023; desktop KPI icon/label overlap requires later/current comparison.","docs/full-ui-interaction-sweep/screenshots/360/archive-source-tasks.png"
"360","Архив / переход defrost","1109","0","PASS","","REVIEWED_HISTORICAL_VIEWPORT_ONLY; Historical source-section viewport inspected: visible actions and line states readable. Test proves section navigation, not selected event detail. Mobile brand truncation maps to historical UI-SWEEP-023. No lower-content/action/current-build acceptance.","docs/full-ui-interaction-sweep/screenshots/360/archive-source-defrost.png"
"390","Архив / переход tasks","411","0","PASS","","REVIEWED_HISTORICAL_VIEWPORT_ONLY; Historical transition/loading viewport inspected: loading and empty-list text coexist; not a settled loaded-list acceptance. Existing test proves source section GET/heading and Back, not an entity deep-link. Mobile brand truncation maps to historical UI-SWEEP-023; desktop KPI icon/label overlap requires later/current comparison.","docs/full-ui-interaction-sweep/screenshots/390/archive-source-tasks.png"
"390","Архив / переход defrost","1117","0","PASS","","REVIEWED","docs/full-ui-interaction-sweep/screenshots/390/archive-source-defrost.png"
"430","Архив / переход tasks","411","0","PASS","","REVIEWED_HISTORICAL_VIEWPORT_ONLY; Historical transition/loading viewport inspected: loading and empty-list text coexist; not a settled loaded-list acceptance. Existing test proves source section GET/heading and Back, not an entity deep-link. Mobile brand truncation maps to historical UI-SWEEP-023; desktop KPI icon/label overlap requires later/current comparison.","docs/full-ui-interaction-sweep/screenshots/430/archive-source-tasks.png"
"430","Архив / переход defrost","1117","0","PASS","","REVIEWED_HISTORICAL_VIEWPORT_ONLY; Historical source-section viewport inspected: visible actions and line states readable. Test proves section navigation, not selected event detail. Mobile brand truncation maps to historical UI-SWEEP-023. No lower-content/action/current-build acceptance.","docs/full-ui-interaction-sweep/screenshots/430/archive-source-defrost.png"
"desktop","Пересменка / применённые фильтры","941","0","PASS","","REVIEWED","docs/full-ui-interaction-sweep/screenshots/desktop/shift-log-applied-filters.png"
"360","Пересменка / применённые фильтры","713","0","PASS","","REVIEWED","docs/full-ui-interaction-sweep/screenshots/360/shift-log-applied-filters.png"
"390","Пересменка / применённые фильтры","721","0","PASS","","REVIEWED","docs/full-ui-interaction-sweep/screenshots/390/shift-log-applied-filters.png"
"430","Пересменка / применённые фильтры","721","0","PASS","","REVIEWED","docs/full-ui-interaction-sweep/screenshots/430/shift-log-applied-filters.png"
"desktop","Пересменка / черновик","848","0","PASS","","REVIEWED_HISTORICAL_VIEWPORT_ONLY; Historical draft inspected directly: visible fields, selected values and footer readable. Screenshot does not prove save, cancellation, keyboard or physical Back.","docs/full-ui-interaction-sweep/screenshots/desktop/shift-log-create-draft.png"
"360","Пересменка / черновик","620","0","PASS","","REVIEWED","docs/full-ui-interaction-sweep/screenshots/360/shift-log-create-draft.png"
"390","Пересменка / черновик","628","0","PASS","","REVIEWED_HISTORICAL_VIEWPORT_ONLY; Historical draft inspected directly: visible fields, selected values and footer readable. Screenshot does not prove save, cancellation, keyboard or physical Back.","docs/full-ui-interaction-sweep/screenshots/390/shift-log-create-draft.png"
"430","Пересменка / черновик","628","0","PASS","","REVIEWED_HISTORICAL_VIEWPORT_ONLY; Historical draft inspected directly: visible fields, selected values and footer readable. Screenshot does not prove save, cancellation, keyboard or physical Back.","docs/full-ui-interaction-sweep/screenshots/430/shift-log-create-draft.png"
"desktop","Пересменка / создание / ошибка сохранения","853","0","PASS","","REVIEWED_CURRENT_ISOLATED","docs/full-ui-interaction-sweep/screenshots/desktop/shift-log-create-submit-error.png"
"desktop","Пересменка / создание / результат","882","0","PASS","","REVIEWED_CURRENT_ISOLATED","docs/full-ui-interaction-sweep/screenshots/desktop/shift-log-create-submit-result.png"
"desktop","Пересменка / созданная запись после reload","882","0","PASS","","REVIEWED_CURRENT_ISOLATED","docs/full-ui-interaction-sweep/screenshots/desktop/shift-log-create-reload-detail.png"
"360","Пересменка / создание / ошибка сохранения","625","0","PASS","","REVIEWED_CURRENT_ISOLATED","docs/full-ui-interaction-sweep/screenshots/360/shift-log-create-submit-error.png"
"360","Пересменка / создание / результат","646","0","PASS","","REVIEWED_CURRENT_ISOLATED","docs/full-ui-interaction-sweep/screenshots/360/shift-log-create-submit-result.png"
"360","Пересменка / созданная запись после reload","646","0","PASS","","REVIEWED_CURRENT_ISOLATED","docs/full-ui-interaction-sweep/screenshots/360/shift-log-create-reload-detail.png"
"390","Пересменка / создание / ошибка сохранения","633","0","PASS","","REVIEWED_CURRENT_ISOLATED","docs/full-ui-interaction-sweep/screenshots/390/shift-log-create-submit-error.png"
"390","Пересменка / создание / результат","654","0","PASS","","REVIEWED_CURRENT_ISOLATED","docs/full-ui-interaction-sweep/screenshots/390/shift-log-create-submit-result.png"
"390","Пересменка / созданная запись после reload","654","0","PASS","","REVIEWED_CURRENT_ISOLATED","docs/full-ui-interaction-sweep/screenshots/390/shift-log-create-reload-detail.png"
"430","Пересменка / создание / ошибка сохранения","633","0","PASS","","REVIEWED_CURRENT_ISOLATED","docs/full-ui-interaction-sweep/screenshots/430/shift-log-create-submit-error.png"
"430","Пересменка / создание / результат","654","0","PASS","","REVIEWED_CURRENT_ISOLATED","docs/full-ui-interaction-sweep/screenshots/430/shift-log-create-submit-result.png"
"430","Пересменка / созданная запись после reload","654","0","PASS","","REVIEWED_CURRENT_ISOLATED","docs/full-ui-interaction-sweep/screenshots/430/shift-log-create-reload-detail.png"
"desktop","Пересменка / комментарий / ошибка сохранения","1007","0","PASS","","REVIEWED_CURRENT_ISOLATED","docs/full-ui-interaction-sweep/screenshots/desktop/shift-log-comment-submit-error.png"
"desktop","Пересменка / комментарий / результат","911","0","PASS","","REVIEWED_CURRENT_ISOLATED","docs/full-ui-interaction-sweep/screenshots/desktop/shift-log-comment-submit-result.png"
"desktop","Пересменка / закрытие важного / ошибка","1054","0","PASS","","REVIEWED_CURRENT_ISOLATED","docs/full-ui-interaction-sweep/screenshots/desktop/shift-log-close-important-submit-error.png"
"desktop","Пересменка / важная запись закрыта","786","0","PASS","","REVIEWED_CURRENT_ISOLATED","docs/full-ui-interaction-sweep/screenshots/desktop/shift-log-close-important-submit-result.png"
"desktop","Пересменка / закрытая запись после reload","887","0","PASS","","REVIEWED_CURRENT_ISOLATED","docs/full-ui-interaction-sweep/screenshots/desktop/shift-log-close-important-reload-detail.png"
"360","Пересменка / комментарий / ошибка сохранения","771","0","PASS","","REVIEWED_CURRENT_ISOLATED","docs/full-ui-interaction-sweep/screenshots/360/shift-log-comment-submit-error.png"
"360","Пересменка / комментарий / результат","675","0","PASS","","REVIEWED_CURRENT_ISOLATED","docs/full-ui-interaction-sweep/screenshots/360/shift-log-comment-submit-result.png"
"360","Пересменка / закрытие важного / ошибка","818","0","PASS","","REVIEWED_CURRENT_ISOLATED","docs/full-ui-interaction-sweep/screenshots/360/shift-log-close-important-submit-error.png"
"360","Пересменка / важная запись закрыта","554","0","PASS","","REVIEWED_CURRENT_ISOLATED","docs/full-ui-interaction-sweep/screenshots/360/shift-log-close-important-submit-result.png"
"360","Пересменка / закрытая запись после reload","651","0","PASS","","REVIEWED_CURRENT_ISOLATED","docs/full-ui-interaction-sweep/screenshots/360/shift-log-close-important-reload-detail.png"
"390","Пересменка / комментарий / ошибка сохранения","779","0","PASS","","REVIEWED_CURRENT_ISOLATED","docs/full-ui-interaction-sweep/screenshots/390/shift-log-comment-submit-error.png"
"390","Пересменка / комментарий / результат","683","0","PASS","","REVIEWED_CURRENT_ISOLATED","docs/full-ui-interaction-sweep/screenshots/390/shift-log-comment-submit-result.png"
"390","Пересменка / закрытие важного / ошибка","826","0","PASS","","REVIEWED_CURRENT_ISOLATED","docs/full-ui-interaction-sweep/screenshots/390/shift-log-close-important-submit-error.png"
"390","Пересменка / важная запись закрыта","562","0","PASS","","REVIEWED_CURRENT_ISOLATED","docs/full-ui-interaction-sweep/screenshots/390/shift-log-close-important-submit-result.png"
"390","Пересменка / закрытая запись после reload","659","0","PASS","","REVIEWED_CURRENT_ISOLATED","docs/full-ui-interaction-sweep/screenshots/390/shift-log-close-important-reload-detail.png"
"430","Пересменка / комментарий / ошибка сохранения","779","0","PASS","","REVIEWED_CURRENT_ISOLATED","docs/full-ui-interaction-sweep/screenshots/430/shift-log-comment-submit-error.png"
"430","Пересменка / комментарий / результат","683","0","PASS","","REVIEWED_CURRENT_ISOLATED","docs/full-ui-interaction-sweep/screenshots/430/shift-log-comment-submit-result.png"
"430","Пересменка / закрытие важного / ошибка","826","0","PASS","","REVIEWED_CURRENT_ISOLATED","docs/full-ui-interaction-sweep/screenshots/430/shift-log-close-important-submit-error.png"
"430","Пересменка / важная запись закрыта","562","0","PASS","","REVIEWED_CURRENT_ISOLATED","docs/full-ui-interaction-sweep/screenshots/430/shift-log-close-important-submit-result.png"
"430","Пересменка / закрытая запись после reload","659","0","PASS","","REVIEWED_CURRENT_ISOLATED","docs/full-ui-interaction-sweep/screenshots/430/shift-log-close-important-reload-detail.png"
"desktop","Пересменка / файл / ошибка загрузки","1152","0","PASS","","REVIEWED_CURRENT_ISOLATED","docs/full-ui-interaction-sweep/screenshots/desktop/shift-log-attachment-submit-error.png"
"desktop","Пересменка / файл / результат повтора","930","0","PASS","","REVIEWED_CURRENT_ISOLATED","docs/full-ui-interaction-sweep/screenshots/desktop/shift-log-attachment-submit-result.png"
"360","Пересменка / файл / ошибка загрузки","912","0","PASS","","REVIEWED_CURRENT_ISOLATED","docs/full-ui-interaction-sweep/screenshots/360/shift-log-attachment-submit-error.png"
"360","Пересменка / файл / результат повтора","690","0","PASS","","REVIEWED_CURRENT_ISOLATED","docs/full-ui-interaction-sweep/screenshots/360/shift-log-attachment-submit-result.png"
"390","Пересменка / файл / ошибка загрузки","920","0","PASS","","REVIEWED_CURRENT_ISOLATED","docs/full-ui-interaction-sweep/screenshots/390/shift-log-attachment-submit-error.png"
"390","Пересменка / файл / результат повтора","698","0","PASS","","REVIEWED_CURRENT_ISOLATED","docs/full-ui-interaction-sweep/screenshots/390/shift-log-attachment-submit-result.png"
"430","Пересменка / файл / ошибка загрузки","920","0","PASS","","REVIEWED_CURRENT_ISOLATED","docs/full-ui-interaction-sweep/screenshots/430/shift-log-attachment-submit-error.png"
"430","Пересменка / файл / результат повтора","698","0","PASS","","REVIEWED_CURRENT_ISOLATED","docs/full-ui-interaction-sweep/screenshots/430/shift-log-attachment-submit-result.png"
"desktop","Возвраты / Архив / detail","14515","0","PASS","","REVIEWED","docs/full-ui-interaction-sweep/screenshots/desktop/returns-archive-detail.png"
"360","Возвраты / Архив / detail","14287","0","PASS","","REVIEWED","docs/full-ui-interaction-sweep/screenshots/360/returns-archive-detail.png"
"390","Возвраты / Архив / detail","14295","0","PASS","","REVIEWED","docs/full-ui-interaction-sweep/screenshots/390/returns-archive-detail.png"
"430","Возвраты / Архив / detail","14295","0","PASS","","REVIEWED","docs/full-ui-interaction-sweep/screenshots/430/returns-archive-detail.png"
"desktop","Возвраты / новый / черновик","1030","0","PASS","","REVIEWED","docs/full-ui-interaction-sweep/screenshots/desktop/returns-create-draft.png"
"360","Возвраты / новый / черновик","802","0","PASS","","REVIEWED","docs/full-ui-interaction-sweep/screenshots/360/returns-create-draft.png"
"390","Возвраты / новый / черновик","810","0","PASS","","REVIEWED","docs/full-ui-interaction-sweep/screenshots/390/returns-create-draft.png"
"430","Возвраты / новый / черновик","810","0","PASS","","REVIEWED","docs/full-ui-interaction-sweep/screenshots/430/returns-create-draft.png"
"desktop","Возвраты / частичная выдача / черновик","771","0","PASS","","REVIEWED","docs/full-ui-interaction-sweep/screenshots/desktop/returns-partial-release-draft.png"
"360","Возвраты / частичная выдача / черновик","543","0","PASS","","REVIEWED","docs/full-ui-interaction-sweep/screenshots/360/returns-partial-release-draft.png"
"390","Возвраты / частичная выдача / черновик","551","0","PASS","","REVIEWED","docs/full-ui-interaction-sweep/screenshots/390/returns-partial-release-draft.png"
"430","Возвраты / частичная выдача / черновик","551","0","PASS","","REVIEWED","docs/full-ui-interaction-sweep/screenshots/430/returns-partial-release-draft.png"
"desktop","Возвраты / подтверждение архива","731","0","PASS","","REVIEWED_AFTER_UI_SWEEP_056_057","docs/full-ui-interaction-sweep/screenshots/desktop/returns-archive-confirm-draft.png"
"360","Возвраты / подтверждение архива","503","0","PASS","","REVIEWED_AFTER_UI_SWEEP_056_057","docs/full-ui-interaction-sweep/screenshots/360/returns-archive-confirm-draft.png"
"390","Возвраты / подтверждение архива","511","0","PASS","","REVIEWED_AFTER_UI_SWEEP_056_057","docs/full-ui-interaction-sweep/screenshots/390/returns-archive-confirm-draft.png"
"430","Возвраты / подтверждение архива","511","0","PASS","","REVIEWED_AFTER_UI_SWEEP_056_057","docs/full-ui-interaction-sweep/screenshots/430/returns-archive-confirm-draft.png"
"desktop","Возвраты / архивирование / результат","650","0","PASS","","REVIEWED_CURRENT_ISOLATED","docs/full-ui-interaction-sweep/screenshots/desktop/returns-archive-submit-result.png"
"360","Возвраты / архивирование / результат","422","0","PASS","","REVIEWED_CURRENT_ISOLATED","docs/full-ui-interaction-sweep/screenshots/360/returns-archive-submit-result.png"
"390","Возвраты / архивирование / результат","430","0","PASS","","REVIEWED_CURRENT_ISOLATED","docs/full-ui-interaction-sweep/screenshots/390/returns-archive-submit-result.png"
"430","Возвраты / архивирование / результат","430","0","PASS","","REVIEWED_CURRENT_ISOLATED","docs/full-ui-interaction-sweep/screenshots/430/returns-archive-submit-result.png"
"desktop","Объявления / подтверждение архива","752","0","PASS","","REVIEWED_AFTER_UI_SWEEP_058","docs/full-ui-interaction-sweep/screenshots/desktop/announcements-archive-confirm-draft.png"
"360","Объявления / подтверждение архива","465","0","PASS","","REVIEWED_AFTER_UI_SWEEP_058","docs/full-ui-interaction-sweep/screenshots/360/announcements-archive-confirm-draft.png"
"390","Объявления / подтверждение архива","473","0","PASS","","REVIEWED_AFTER_UI_SWEEP_058","docs/full-ui-interaction-sweep/screenshots/390/announcements-archive-confirm-draft.png"
"430","Объявления / подтверждение архива","473","0","PASS","","REVIEWED_AFTER_UI_SWEEP_058","docs/full-ui-interaction-sweep/screenshots/430/announcements-archive-confirm-draft.png"
"desktop","Объявления / страница фото 1","528","0","PASS","","REVIEWED_CURRENT_READONLY","docs/full-ui-interaction-sweep/screenshots/desktop/announcements-page-photo-first.png"
"desktop","Объявления / страница фото 2","528","0","PASS","","REVIEWED_CURRENT_READONLY","docs/full-ui-interaction-sweep/screenshots/desktop/announcements-page-photo-second.png"
"desktop","Объявления / текстовая страница","764","0","PASS","","REVIEWED_CURRENT_READONLY","docs/full-ui-interaction-sweep/screenshots/desktop/announcements-page-text.png"
"360","Объявления / страница фото 1","245","0","PASS","","REVIEWED_CURRENT_READONLY","docs/full-ui-interaction-sweep/screenshots/360/announcements-page-photo-first.png"
"360","Объявления / страница фото 2","245","0","PASS","","REVIEWED_CURRENT_READONLY","docs/full-ui-interaction-sweep/screenshots/360/announcements-page-photo-second.png"
"360","Объявления / текстовая страница","481","0","PASS","","REVIEWED_CURRENT_READONLY","docs/full-ui-interaction-sweep/screenshots/360/announcements-page-text.png"
"390","Объявления / страница фото 1","253","0","PASS","","REVIEWED_CURRENT_READONLY","docs/full-ui-interaction-sweep/screenshots/390/announcements-page-photo-first.png"
"390","Объявления / страница фото 2","253","0","PASS","","REVIEWED_CURRENT_READONLY","docs/full-ui-interaction-sweep/screenshots/390/announcements-page-photo-second.png"
"390","Объявления / текстовая страница","489","0","PASS","","REVIEWED_CURRENT_READONLY","docs/full-ui-interaction-sweep/screenshots/390/announcements-page-text.png"
"430","Объявления / страница фото 1","253","0","PASS","","REVIEWED_CURRENT_READONLY","docs/full-ui-interaction-sweep/screenshots/430/announcements-page-photo-first.png"
"430","Объявления / страница фото 2","253","0","PASS","","REVIEWED_CURRENT_READONLY","docs/full-ui-interaction-sweep/screenshots/430/announcements-page-photo-second.png"
"430","Объявления / текстовая страница","489","0","PASS","","REVIEWED_CURRENT_READONLY","docs/full-ui-interaction-sweep/screenshots/430/announcements-page-text.png"
"desktop","Некондиция / черновик","565","0","PASS","","REVIEWED_HISTORICAL_VIEWPORT_ONLY; Historical draft inspected directly: visible fields, selected values and footer readable. Screenshot does not prove save, cancellation, keyboard or physical Back.","docs/full-ui-interaction-sweep/screenshots/desktop/stock-create-draft.png"
"360","Некондиция / черновик","337","0","PASS","","REVIEWED","docs/full-ui-interaction-sweep/screenshots/360/stock-create-draft.png"
"390","Некондиция / черновик","345","0","PASS","","REVIEWED_HISTORICAL_VIEWPORT_ONLY; Historical draft inspected directly: visible fields, selected values and footer readable. Screenshot does not prove save, cancellation, keyboard or physical Back.","docs/full-ui-interaction-sweep/screenshots/390/stock-create-draft.png"
"430","Некондиция / черновик","345","0","PASS","","REVIEWED_HISTORICAL_VIEWPORT_ONLY; Historical draft inspected directly: visible fields, selected values and footer readable. Screenshot does not prove save, cancellation, keyboard or physical Back.","docs/full-ui-interaction-sweep/screenshots/430/stock-create-draft.png"
"desktop","Некондиция / detail","557","0","PASS","","REVIEWED_HISTORICAL_VIEWPORT_ONLY; Historical detail inspected: visible quantity/status/actions readable; numeric title 1050 is ambiguous without presenter/data provenance, not classified as raw ID from pixels alone. No mutation or current-build proof.","docs/full-ui-interaction-sweep/screenshots/desktop/stock-detail-back.png"
"360","Некондиция / detail","329","0","PASS","","REVIEWED","docs/full-ui-interaction-sweep/screenshots/360/stock-detail-back.png"
"390","Некондиция / detail","337","0","PASS","","REVIEWED_HISTORICAL_VIEWPORT_ONLY; Historical detail inspected: visible quantity/status/actions readable; numeric title 1050 is ambiguous without presenter/data provenance, not classified as raw ID from pixels alone. No mutation or current-build proof.","docs/full-ui-interaction-sweep/screenshots/390/stock-detail-back.png"
"430","Некондиция / detail","337","0","PASS","","REVIEWED_HISTORICAL_VIEWPORT_ONLY; Historical detail inspected: visible quantity/status/actions readable; numeric title 1050 is ambiguous without presenter/data provenance, not classified as raw ID from pixels alone. No mutation or current-build proof.","docs/full-ui-interaction-sweep/screenshots/430/stock-detail-back.png"
"desktop","Некондиция / редактирование","573","0","PASS","","REVIEWED","docs/full-ui-interaction-sweep/screenshots/desktop/stock-edit-draft.png"
"desktop","Некондиция / выдача","527","0","PASS","","REVIEWED","docs/full-ui-interaction-sweep/screenshots/desktop/stock-issue-draft.png"
"360","Некондиция / редактирование","345","0","PASS","","REVIEWED","docs/full-ui-interaction-sweep/screenshots/360/stock-edit-draft.png"
"360","Некондиция / выдача","299","0","PASS","","REVIEWED","docs/full-ui-interaction-sweep/screenshots/360/stock-issue-draft.png"
"390","Некондиция / редактирование","353","0","PASS","","REVIEWED","docs/full-ui-interaction-sweep/screenshots/390/stock-edit-draft.png"
"390","Некондиция / выдача","307","0","PASS","","REVIEWED","docs/full-ui-interaction-sweep/screenshots/390/stock-issue-draft.png"
"430","Некондиция / редактирование","353","0","PASS","","REVIEWED","docs/full-ui-interaction-sweep/screenshots/430/stock-edit-draft.png"
"430","Некондиция / выдача","307","0","PASS","","REVIEWED","docs/full-ui-interaction-sweep/screenshots/430/stock-issue-draft.png"
"desktop","Некондиция / редактирование / ошибка","680","0","PASS","","REVIEWED_CURRENT_ISOLATED","docs/full-ui-interaction-sweep/screenshots/desktop/stock-edit-rejected-retained.png"
"desktop","Некондиция / редактирование / результат","600","0","PASS","","REVIEWED_CURRENT_ISOLATED","docs/full-ui-interaction-sweep/screenshots/desktop/stock-edit-result.png"
"desktop","Некондиция / выдача / ошибка","640","0","PASS","","REVIEWED_CURRENT_ISOLATED","docs/full-ui-interaction-sweep/screenshots/desktop/stock-issue-rejected-retained.png"
"desktop","Некондиция / выдача / результат","591","0","PASS","","REVIEWED_CURRENT_ISOLATED","docs/full-ui-interaction-sweep/screenshots/desktop/stock-issue-result.png"
"360","Некондиция / редактирование / ошибка","452","0","PASS","","REVIEWED_CURRENT_ISOLATED","docs/full-ui-interaction-sweep/screenshots/360/stock-edit-rejected-retained.png"
"360","Некондиция / редактирование / результат","372","0","PASS","","REVIEWED_CURRENT_ISOLATED","docs/full-ui-interaction-sweep/screenshots/360/stock-edit-result.png"
"360","Некондиция / выдача / ошибка","412","0","PASS","","REVIEWED_CURRENT_ISOLATED","docs/full-ui-interaction-sweep/screenshots/360/stock-issue-rejected-retained.png"
"360","Некондиция / выдача / результат","363","0","PASS","","REVIEWED_CURRENT_ISOLATED","docs/full-ui-interaction-sweep/screenshots/360/stock-issue-result.png"
"390","Некондиция / редактирование / ошибка","460","0","PASS","","REVIEWED_CURRENT_ISOLATED","docs/full-ui-interaction-sweep/screenshots/390/stock-edit-rejected-retained.png"
"390","Некондиция / редактирование / результат","380","0","PASS","","REVIEWED_CURRENT_ISOLATED","docs/full-ui-interaction-sweep/screenshots/390/stock-edit-result.png"
"390","Некондиция / выдача / ошибка","420","0","PASS","","REVIEWED_CURRENT_ISOLATED","docs/full-ui-interaction-sweep/screenshots/390/stock-issue-rejected-retained.png"
"390","Некондиция / выдача / результат","371","0","PASS","","REVIEWED_CURRENT_ISOLATED","docs/full-ui-interaction-sweep/screenshots/390/stock-issue-result.png"
"430","Некондиция / редактирование / ошибка","460","0","PASS","","REVIEWED_CURRENT_ISOLATED","docs/full-ui-interaction-sweep/screenshots/430/stock-edit-rejected-retained.png"
"430","Некондиция / редактирование / результат","380","0","PASS","","REVIEWED_CURRENT_ISOLATED","docs/full-ui-interaction-sweep/screenshots/430/stock-edit-result.png"
"430","Некондиция / выдача / ошибка","420","0","PASS","","REVIEWED_CURRENT_ISOLATED","docs/full-ui-interaction-sweep/screenshots/430/stock-issue-rejected-retained.png"
"430","Некондиция / выдача / результат","371","0","PASS","","REVIEWED_CURRENT_ISOLATED","docs/full-ui-interaction-sweep/screenshots/430/stock-issue-result.png"
"desktop","Некондиция / архивирование / результат","446","0","PASS","","REVIEWED_CURRENT_ISOLATED","docs/full-ui-interaction-sweep/screenshots/desktop/stock-archive-submit-result.png"
"360","Некондиция / архивирование / результат","218","0","PASS","","REVIEWED_CURRENT_ISOLATED","docs/full-ui-interaction-sweep/screenshots/360/stock-archive-submit-result.png"
"390","Некондиция / архивирование / результат","226","0","PASS","","REVIEWED_CURRENT_ISOLATED","docs/full-ui-interaction-sweep/screenshots/390/stock-archive-submit-result.png"
"430","Некондиция / архивирование / результат","226","0","PASS","","REVIEWED_CURRENT_ISOLATED","docs/full-ui-interaction-sweep/screenshots/430/stock-archive-submit-result.png"
"desktop","Некондиция / создание / результат","500","0","PASS","","REVIEWED_CURRENT_ISOLATED","docs/full-ui-interaction-sweep/screenshots/desktop/stock-create-submit-result.png"
"360","Некондиция / создание / результат","272","0","PASS","","REVIEWED_CURRENT_ISOLATED","docs/full-ui-interaction-sweep/screenshots/360/stock-create-submit-result.png"
"390","Некондиция / создание / результат","280","0","PASS","","REVIEWED_CURRENT_ISOLATED","docs/full-ui-interaction-sweep/screenshots/390/stock-create-submit-result.png"
"430","Некондиция / создание / результат","280","0","PASS","","REVIEWED_CURRENT_ISOLATED","docs/full-ui-interaction-sweep/screenshots/430/stock-create-submit-result.png"
"desktop","ОКК / Архив / detail","3992","0","PASS","","REVIEWED_HISTORICAL_VIEWPORT_ONLY; Historical OKK detail inspected: visible fields and status readable; diagnostic/test content retained. Mobile lower history/attachment/actions outside capture remain unreviewed. Desktop archive explicitly shows damaged/unsupported photo fallback: not successful-media proof. No new interaction/current-build acceptance.","docs/full-ui-interaction-sweep/screenshots/desktop/okk-archive-detail.png"
"desktop","ОКК / Активные записи / detail","1028","0","PASS","","REVIEWED_HISTORICAL_VIEWPORT_ONLY; Original viewed directly on 2026-09-08. Historical visible viewport only; lower scrolled content, current-build equivalence and action persistence are not inferred.","docs/full-ui-interaction-sweep/screenshots/desktop/okk-active-detail.png"
"360","ОКК / Архив / detail","3764","0","PASS","","REVIEWED_INITIAL_VIEWPORT","docs/full-ui-interaction-sweep/screenshots/360/okk-archive-detail.png"
"360","ОКК / Активные записи / detail","800","0","PASS","","REVIEWED_INITIAL_VIEWPORT","docs/full-ui-interaction-sweep/screenshots/360/okk-active-detail.png"
"390","ОКК / Архив / detail","3772","0","PASS","","REVIEWED_HISTORICAL_VIEWPORT_ONLY; Historical OKK detail inspected: visible fields and status readable; diagnostic/test content retained. Mobile lower history/attachment/actions outside capture remain unreviewed. Desktop archive explicitly shows damaged/unsupported photo fallback: not successful-media proof. No new interaction/current-build acceptance.","docs/full-ui-interaction-sweep/screenshots/390/okk-archive-detail.png"
"390","ОКК / Активные записи / detail","808","0","PASS","","REVIEWED_HISTORICAL_VIEWPORT_ONLY; Historical OKK detail inspected: visible fields and status readable; diagnostic/test content retained. Mobile lower history/attachment/actions outside capture remain unreviewed. Desktop archive explicitly shows damaged/unsupported photo fallback: not successful-media proof. No new interaction/current-build acceptance.","docs/full-ui-interaction-sweep/screenshots/390/okk-active-detail.png"
"430","ОКК / Архив / detail","3772","0","PASS","","REVIEWED_HISTORICAL_VIEWPORT_ONLY; Historical OKK detail inspected: visible fields and status readable; diagnostic/test content retained. Mobile lower history/attachment/actions outside capture remain unreviewed. Desktop archive explicitly shows damaged/unsupported photo fallback: not successful-media proof. No new interaction/current-build acceptance.","docs/full-ui-interaction-sweep/screenshots/430/okk-archive-detail.png"
"430","ОКК / Активные записи / detail","808","0","PASS","","REVIEWED_HISTORICAL_VIEWPORT_ONLY; Historical OKK detail inspected: visible fields and status readable; diagnostic/test content retained. Mobile lower history/attachment/actions outside capture remain unreviewed. Desktop archive explicitly shows damaged/unsupported photo fallback: not successful-media proof. No new interaction/current-build acceptance.","docs/full-ui-interaction-sweep/screenshots/430/okk-active-detail.png"
"desktop","ОКК / активная запись / действия","1028","0","PASS","","REVIEWED","docs/full-ui-interaction-sweep/screenshots/desktop/okk-active-actions.png"
"360","ОКК / активная запись / действия","800","0","PASS","","REVIEWED","docs/full-ui-interaction-sweep/screenshots/360/okk-active-actions.png"
"390","ОКК / активная запись / действия","808","0","PASS","","REVIEWED","docs/full-ui-interaction-sweep/screenshots/390/okk-active-actions.png"
"430","ОКК / активная запись / действия","808","0","PASS","","REVIEWED","docs/full-ui-interaction-sweep/screenshots/430/okk-active-actions.png"
"desktop","ОКК / новый брак / нижняя часть","1122","0","PASS","","REVIEWED","docs/full-ui-interaction-sweep/screenshots/desktop/okk-create-draft.png"
"360","ОКК / новый брак / нижняя часть","894","0","PASS","","REVIEWED","docs/full-ui-interaction-sweep/screenshots/360/okk-create-draft.png"
"390","ОКК / новый брак / нижняя часть","902","0","PASS","","REVIEWED","docs/full-ui-interaction-sweep/screenshots/390/okk-create-draft.png"
"430","ОКК / новый брак / нижняя часть","902","0","PASS","","REVIEWED","docs/full-ui-interaction-sweep/screenshots/430/okk-create-draft.png"
"desktop","ОКК / создание / ошибка","872","0","PASS","","REVIEWED_CURRENT_ISOLATED","docs/full-ui-interaction-sweep/screenshots/desktop/okk-create-rejected-retained.png"
"desktop","ОКК / создание / результат","1171","0","PASS","","REVIEWED_CURRENT_ISOLATED","docs/full-ui-interaction-sweep/screenshots/desktop/okk-create-result.png"
"desktop","ОКК / частичная выдача / результат","1295","0","PASS","","REVIEWED_CURRENT_ISOLATED","docs/full-ui-interaction-sweep/screenshots/desktop/okk-release-result.png"
"desktop","ОКК / выполнение / отклонено","965","0","PASS","","REVIEWED_CURRENT_ISOLATED","docs/full-ui-interaction-sweep/screenshots/desktop/okk-completion-rejected-state.png"
"desktop","ОКК / выполнение / результат","1362","0","PASS","","REVIEWED_CURRENT_ISOLATED","docs/full-ui-interaction-sweep/screenshots/desktop/okk-completion-result.png"
"desktop","ОКК / полное завершение / отклонено","830","0","PASS","","REVIEWED_CURRENT_ISOLATED","docs/full-ui-interaction-sweep/screenshots/desktop/okk-full-complete-rejected-state.png"
"desktop","ОКК / архив / результат","1269","0","PASS","","REVIEWED_CURRENT_ISOLATED","docs/full-ui-interaction-sweep/screenshots/desktop/okk-full-complete-archive-result.png"
"360","ОКК / создание / ошибка","644","0","PASS","","REVIEWED_CURRENT_ISOLATED","docs/full-ui-interaction-sweep/screenshots/360/okk-create-rejected-retained.png"
"360","ОКК / создание / результат","943","0","PASS","","REVIEWED_CURRENT_ISOLATED","docs/full-ui-interaction-sweep/screenshots/360/okk-create-result.png"
"360","ОКК / частичная выдача / результат","1067","0","PASS","","REVIEWED_CURRENT_ISOLATED","docs/full-ui-interaction-sweep/screenshots/360/okk-release-result.png"
"360","ОКК / выполнение / отклонено","737","0","PASS","","REVIEWED_CURRENT_ISOLATED","docs/full-ui-interaction-sweep/screenshots/360/okk-completion-rejected-state.png"
"360","ОКК / выполнение / результат","1134","0","PASS","","REVIEWED_CURRENT_ISOLATED","docs/full-ui-interaction-sweep/screenshots/360/okk-completion-result.png"
"360","ОКК / полное завершение / отклонено","602","0","PASS","","REVIEWED_CURRENT_ISOLATED","docs/full-ui-interaction-sweep/screenshots/360/okk-full-complete-rejected-state.png"
"360","ОКК / архив / результат","1041","0","PASS","","REVIEWED_CURRENT_ISOLATED","docs/full-ui-interaction-sweep/screenshots/360/okk-full-complete-archive-result.png"
"390","ОКК / создание / ошибка","652","0","PASS","","REVIEWED_CURRENT_ISOLATED","docs/full-ui-interaction-sweep/screenshots/390/okk-create-rejected-retained.png"
"390","ОКК / создание / результат","951","0","PASS","","REVIEWED_CURRENT_ISOLATED","docs/full-ui-interaction-sweep/screenshots/390/okk-create-result.png"
"390","ОКК / частичная выдача / результат","1075","0","PASS","","REVIEWED_CURRENT_ISOLATED","docs/full-ui-interaction-sweep/screenshots/390/okk-release-result.png"
"390","ОКК / выполнение / отклонено","745","0","PASS","","REVIEWED_CURRENT_ISOLATED","docs/full-ui-interaction-sweep/screenshots/390/okk-completion-rejected-state.png"
"390","ОКК / выполнение / результат","1142","0","PASS","","REVIEWED_CURRENT_ISOLATED","docs/full-ui-interaction-sweep/screenshots/390/okk-completion-result.png"
"390","ОКК / полное завершение / отклонено","610","0","PASS","","REVIEWED_CURRENT_ISOLATED","docs/full-ui-interaction-sweep/screenshots/390/okk-full-complete-rejected-state.png"
"390","ОКК / архив / результат","1049","0","PASS","","REVIEWED_CURRENT_ISOLATED","docs/full-ui-interaction-sweep/screenshots/390/okk-full-complete-archive-result.png"
"430","ОКК / создание / ошибка","652","0","PASS","","REVIEWED_CURRENT_ISOLATED","docs/full-ui-interaction-sweep/screenshots/430/okk-create-rejected-retained.png"
"430","ОКК / создание / результат","951","0","PASS","","REVIEWED_CURRENT_ISOLATED","docs/full-ui-interaction-sweep/screenshots/430/okk-create-result.png"
"430","ОКК / частичная выдача / результат","1075","0","PASS","","REVIEWED_CURRENT_ISOLATED","docs/full-ui-interaction-sweep/screenshots/430/okk-release-result.png"
"430","ОКК / выполнение / отклонено","745","0","PASS","","REVIEWED_CURRENT_ISOLATED","docs/full-ui-interaction-sweep/screenshots/430/okk-completion-rejected-state.png"
"430","ОКК / выполнение / результат","1142","0","PASS","","REVIEWED_CURRENT_ISOLATED","docs/full-ui-interaction-sweep/screenshots/430/okk-completion-result.png"
"430","ОКК / полное завершение / отклонено","610","0","PASS","","REVIEWED_CURRENT_ISOLATED","docs/full-ui-interaction-sweep/screenshots/430/okk-full-complete-rejected-state.png"
"430","ОКК / архив / результат","1049","0","PASS","","REVIEWED_CURRENT_ISOLATED","docs/full-ui-interaction-sweep/screenshots/430/okk-full-complete-archive-result.png"
"desktop","Уведомления / лента","15239","0","PASS","","REVIEWED","docs/full-ui-interaction-sweep/screenshots/desktop/notifications-feed.png"
"desktop","Уведомления / источник / Чек-листы","550","0","FAIL","cross-owner-contract: UI-SWEEP-044: NotificationItem.id не преобразуется в NotificationNavigationIntent.notificationId, поэтому «Открыть» не отмечает уведомление прочитанным.","REVIEWED_OPEN_FINDING_UI_SWEEP_044","docs/full-ui-interaction-sweep/screenshots/desktop/notifications-source-target.png"
"desktop","Уведомления / настройки","15927","0","PASS","","REVIEWED","docs/full-ui-interaction-sweep/screenshots/desktop/notifications-settings.png"
"360","Уведомления / лента","15011","0","PASS","","REVIEWED","docs/full-ui-interaction-sweep/screenshots/360/notifications-feed.png"
"360","Уведомления / источник / Чек-листы","322","0","FAIL","cross-owner-contract: UI-SWEEP-044: NotificationItem.id не преобразуется в NotificationNavigationIntent.notificationId, поэтому «Открыть» не отмечает уведомление прочитанным.","REVIEWED_OPEN_FINDING_UI_SWEEP_044","docs/full-ui-interaction-sweep/screenshots/360/notifications-source-target.png"
"360","Уведомления / настройки","15663","0","PASS","","REVIEWED","docs/full-ui-interaction-sweep/screenshots/360/notifications-settings.png"
"390","Уведомления / лента","15019","0","PASS","","REVIEWED","docs/full-ui-interaction-sweep/screenshots/390/notifications-feed.png"
"390","Уведомления / источник / Чек-листы","330","0","FAIL","cross-owner-contract: UI-SWEEP-044: NotificationItem.id не преобразуется в NotificationNavigationIntent.notificationId, поэтому «Открыть» не отмечает уведомление прочитанным.","REVIEWED_OPEN_FINDING_UI_SWEEP_044","docs/full-ui-interaction-sweep/screenshots/390/notifications-source-target.png"
"390","Уведомления / настройки","15671","0","PASS","","REVIEWED","docs/full-ui-interaction-sweep/screenshots/390/notifications-settings.png"
"430","Уведомления / лента","15019","0","PASS","","REVIEWED","docs/full-ui-interaction-sweep/screenshots/430/notifications-feed.png"
"430","Уведомления / источник / Чек-листы","330","0","FAIL","cross-owner-contract: UI-SWEEP-044: NotificationItem.id не преобразуется в NotificationNavigationIntent.notificationId, поэтому «Открыть» не отмечает уведомление прочитанным.","REVIEWED_OPEN_FINDING_UI_SWEEP_044","docs/full-ui-interaction-sweep/screenshots/430/notifications-source-target.png"
"430","Уведомления / настройки","15671","0","PASS","","REVIEWED","docs/full-ui-interaction-sweep/screenshots/430/notifications-settings.png"
"desktop","Уведомления / отдельное прочтение / результат","784","0","PASS","","REVIEWED_CURRENT_ISOLATED","docs/full-ui-interaction-sweep/screenshots/desktop/notifications-individual-read-submit-result.png"
"desktop","Уведомления / прочитать всё / результат","729","0","PASS","","REVIEWED_CURRENT_ISOLATED","docs/full-ui-interaction-sweep/screenshots/desktop/notifications-bulk-read-submit-result.png"
"360","Уведомления / отдельное прочтение / результат","555","0","PASS","","REVIEWED_CURRENT_ISOLATED","docs/full-ui-interaction-sweep/screenshots/360/notifications-individual-read-submit-result.png"
"360","Уведомления / прочитать всё / результат","502","0","PASS","","REVIEWED_CURRENT_ISOLATED","docs/full-ui-interaction-sweep/screenshots/360/notifications-bulk-read-submit-result.png"
"390","Уведомления / отдельное прочтение / результат","563","0","PASS","","REVIEWED_CURRENT_ISOLATED","docs/full-ui-interaction-sweep/screenshots/390/notifications-individual-read-submit-result.png"
"390","Уведомления / прочитать всё / результат","510","0","PASS","","REVIEWED_CURRENT_ISOLATED","docs/full-ui-interaction-sweep/screenshots/390/notifications-bulk-read-submit-result.png"
"430","Уведомления / отдельное прочтение / результат","563","0","PASS","","REVIEWED_CURRENT_ISOLATED","docs/full-ui-interaction-sweep/screenshots/430/notifications-individual-read-submit-result.png"
"430","Уведомления / прочитать всё / результат","510","0","PASS","","REVIEWED_CURRENT_ISOLATED","docs/full-ui-interaction-sweep/screenshots/430/notifications-bulk-read-submit-result.png"
"desktop","Настройки / уведомления устройства включены локально","2808","0","PASS","","REVIEWED_CURRENT_ISOLATED_PHYSICAL_PENDING","docs/full-ui-interaction-sweep/screenshots/desktop/app-device-notifications-enable-result.png"
"desktop","Настройки / уведомления устройства отключены","2816","0","PASS","","REVIEWED_CURRENT_ISOLATED_PHYSICAL_PENDING","docs/full-ui-interaction-sweep/screenshots/desktop/app-device-notifications-disable-result.png"
"360","Настройки / уведомления устройства включены локально","2544","0","PASS","","REVIEWED_CURRENT_ISOLATED_PHYSICAL_PENDING","docs/full-ui-interaction-sweep/screenshots/360/app-device-notifications-enable-result.png"
"360","Настройки / уведомления устройства отключены","2552","0","PASS","","REVIEWED_CURRENT_ISOLATED_PHYSICAL_PENDING","docs/full-ui-interaction-sweep/screenshots/360/app-device-notifications-disable-result.png"
"390","Настройки / уведомления устройства включены локально","2552","0","PASS","","REVIEWED_CURRENT_ISOLATED_PHYSICAL_PENDING","docs/full-ui-interaction-sweep/screenshots/390/app-device-notifications-enable-result.png"
"390","Настройки / уведомления устройства отключены","2560","0","PASS","","REVIEWED_CURRENT_ISOLATED_PHYSICAL_PENDING","docs/full-ui-interaction-sweep/screenshots/390/app-device-notifications-disable-result.png"
"430","Настройки / уведомления устройства включены локально","2552","0","PASS","","REVIEWED_CURRENT_ISOLATED_PHYSICAL_PENDING","docs/full-ui-interaction-sweep/screenshots/430/app-device-notifications-enable-result.png"
"430","Настройки / уведомления устройства отключены","2560","0","PASS","","REVIEWED_CURRENT_ISOLATED_PHYSICAL_PENDING","docs/full-ui-interaction-sweep/screenshots/430/app-device-notifications-disable-result.png"
"desktop","Оттайка / список","1336","0","PASS","","REVIEWED","docs/full-ui-interaction-sweep/screenshots/desktop/defrost-list.png"
"desktop","Оттайка / календарь","924","0","PASS","","REVIEWED","docs/full-ui-interaction-sweep/screenshots/desktop/defrost-calendar.png"
"360","Оттайка / список","1108","0","PASS","","REVIEWED","docs/full-ui-interaction-sweep/screenshots/360/defrost-list.png"
"360","Оттайка / календарь","695","0","PASS","","REVIEWED","docs/full-ui-interaction-sweep/screenshots/360/defrost-calendar.png"
"390","Оттайка / список","1116","0","PASS","","REVIEWED","docs/full-ui-interaction-sweep/screenshots/390/defrost-list.png"
"390","Оттайка / календарь","703","0","PASS","","REVIEWED","docs/full-ui-interaction-sweep/screenshots/390/defrost-calendar.png"
"430","Оттайка / список","1116","0","PASS","","REVIEWED","docs/full-ui-interaction-sweep/screenshots/430/defrost-list.png"
"430","Оттайка / календарь","703","0","PASS","","REVIEWED","docs/full-ui-interaction-sweep/screenshots/430/defrost-calendar.png"
"desktop","Оттайка / обдув / выбранная линия","876","0","PASS","","REVIEWED_CURRENT_ISOLATED","docs/full-ui-interaction-sweep/screenshots/desktop/defrost-blow-submit-selected.png"
"desktop","Оттайка / обдув / результат","655","0","PASS","","REVIEWED_CURRENT_ISOLATED","docs/full-ui-interaction-sweep/screenshots/desktop/defrost-blow-submit-result.png"
"360","Оттайка / обдув / выбранная линия","648","0","PASS","","REVIEWED_CURRENT_ISOLATED","docs/full-ui-interaction-sweep/screenshots/360/defrost-blow-submit-selected.png"
"360","Оттайка / обдув / результат","427","0","PASS","","REVIEWED_CURRENT_ISOLATED","docs/full-ui-interaction-sweep/screenshots/360/defrost-blow-submit-result.png"
"390","Оттайка / обдув / выбранная линия","656","0","PASS","","REVIEWED_CURRENT_ISOLATED","docs/full-ui-interaction-sweep/screenshots/390/defrost-blow-submit-selected.png"
"390","Оттайка / обдув / результат","435","0","PASS","","REVIEWED_CURRENT_ISOLATED","docs/full-ui-interaction-sweep/screenshots/390/defrost-blow-submit-result.png"
"430","Оттайка / обдув / выбранная линия","656","0","PASS","","REVIEWED_CURRENT_ISOLATED","docs/full-ui-interaction-sweep/screenshots/430/defrost-blow-submit-selected.png"
"430","Оттайка / обдув / результат","435","0","PASS","","REVIEWED_CURRENT_ISOLATED","docs/full-ui-interaction-sweep/screenshots/430/defrost-blow-submit-result.png"
"desktop","Оттайка / начало / ошибка команды","783","0","PASS","","REVIEWED_CURRENT_ISOLATED","docs/full-ui-interaction-sweep/screenshots/desktop/defrost-start-submit-error.png"
"desktop","Оттайка / начало / результат","588","0","PASS","","REVIEWED_CURRENT_ISOLATED","docs/full-ui-interaction-sweep/screenshots/desktop/defrost-start-submit-result.png"
"desktop","Оттайка / завершение / ошибка команды","871","0","PASS","","REVIEWED_CURRENT_ISOLATED","docs/full-ui-interaction-sweep/screenshots/desktop/defrost-complete-submit-error.png"
"desktop","Оттайка / завершение / результат","615","0","PASS","","REVIEWED_CURRENT_ISOLATED","docs/full-ui-interaction-sweep/screenshots/desktop/defrost-complete-submit-result.png"
"desktop","Оттайка / завершение / результат после reload","615","0","PASS","","REVIEWED_CURRENT_ISOLATED","docs/full-ui-interaction-sweep/screenshots/desktop/defrost-complete-reload-result.png"
"360","Оттайка / начало / ошибка команды","555","0","PASS","","REVIEWED_CURRENT_ISOLATED","docs/full-ui-interaction-sweep/screenshots/360/defrost-start-submit-error.png"
"360","Оттайка / начало / результат","360","0","PASS","","REVIEWED_CURRENT_ISOLATED","docs/full-ui-interaction-sweep/screenshots/360/defrost-start-submit-result.png"
"360","Оттайка / завершение / ошибка команды","643","0","PASS","","REVIEWED_CURRENT_ISOLATED","docs/full-ui-interaction-sweep/screenshots/360/defrost-complete-submit-error.png"
"360","Оттайка / завершение / результат","387","0","PASS","","REVIEWED_CURRENT_ISOLATED","docs/full-ui-interaction-sweep/screenshots/360/defrost-complete-submit-result.png"
"360","Оттайка / завершение / результат после reload","387","0","PASS","","REVIEWED_CURRENT_ISOLATED","docs/full-ui-interaction-sweep/screenshots/360/defrost-complete-reload-result.png"
"390","Оттайка / начало / ошибка команды","563","0","PASS","","REVIEWED_CURRENT_ISOLATED","docs/full-ui-interaction-sweep/screenshots/390/defrost-start-submit-error.png"
"390","Оттайка / начало / результат","368","0","PASS","","REVIEWED_CURRENT_ISOLATED","docs/full-ui-interaction-sweep/screenshots/390/defrost-start-submit-result.png"
"390","Оттайка / завершение / ошибка команды","651","0","PASS","","REVIEWED_CURRENT_ISOLATED","docs/full-ui-interaction-sweep/screenshots/390/defrost-complete-submit-error.png"
"390","Оттайка / завершение / результат","395","0","PASS","","REVIEWED_CURRENT_ISOLATED","docs/full-ui-interaction-sweep/screenshots/390/defrost-complete-submit-result.png"
"390","Оттайка / завершение / результат после reload","395","0","PASS","","REVIEWED_CURRENT_ISOLATED","docs/full-ui-interaction-sweep/screenshots/390/defrost-complete-reload-result.png"
"430","Оттайка / начало / ошибка команды","563","0","PASS","","REVIEWED_CURRENT_ISOLATED","docs/full-ui-interaction-sweep/screenshots/430/defrost-start-submit-error.png"
"430","Оттайка / начало / результат","368","0","PASS","","REVIEWED_CURRENT_ISOLATED","docs/full-ui-interaction-sweep/screenshots/430/defrost-start-submit-result.png"
"430","Оттайка / завершение / ошибка команды","651","0","PASS","","REVIEWED_CURRENT_ISOLATED","docs/full-ui-interaction-sweep/screenshots/430/defrost-complete-submit-error.png"
"430","Оттайка / завершение / результат","395","0","PASS","","REVIEWED_CURRENT_ISOLATED","docs/full-ui-interaction-sweep/screenshots/430/defrost-complete-submit-result.png"
"430","Оттайка / завершение / результат после reload","395","0","PASS","","REVIEWED_CURRENT_ISOLATED","docs/full-ui-interaction-sweep/screenshots/430/defrost-complete-reload-result.png"
"desktop","Люди / список","2352","0","PASS","","REVIEWED","docs/full-ui-interaction-sweep/screenshots/desktop/people-list.png"
"desktop","Люди / поиск / ошибка","2622","0","PASS","","REVIEWED","docs/full-ui-interaction-sweep/screenshots/desktop/people-search-error.png"
"desktop","Люди / поиск / восстановлено","2657","0","PASS","","REVIEWED","docs/full-ui-interaction-sweep/screenshots/desktop/people-search-recovered.png"
"desktop","Люди / профиль","2778","0","PASS","","REVIEWED","docs/full-ui-interaction-sweep/screenshots/desktop/people-profile.png"
"desktop","Люди / профиль / низ","3492","0","PASS","","REVIEWED","docs/full-ui-interaction-sweep/screenshots/desktop/people-profile-bottom.png"
"desktop","Люди / профиль / фото выбрано локально","3536","0","PASS","","REVIEWED","docs/full-ui-interaction-sweep/screenshots/desktop/people-profile-photo-selected.png"
"360","Люди / список","1860","0","PASS","","REVIEWED","docs/full-ui-interaction-sweep/screenshots/360/people-list.png"
"360","Люди / поиск / ошибка","2130","0","PASS","","REVIEWED","docs/full-ui-interaction-sweep/screenshots/360/people-search-error.png"
"360","Люди / поиск / восстановлено","2165","0","PASS","","REVIEWED","docs/full-ui-interaction-sweep/screenshots/360/people-search-recovered.png"
"360","Люди / профиль","2286","0","PASS","","REVIEWED","docs/full-ui-interaction-sweep/screenshots/360/people-profile.png"
"360","Люди / профиль / низ","3000","0","PASS","","REVIEWED","docs/full-ui-interaction-sweep/screenshots/360/people-profile-bottom.png"
"360","Люди / профиль / фото выбрано локально","3040","0","PASS","","REVIEWED","docs/full-ui-interaction-sweep/screenshots/360/people-profile-photo-selected.png"
"390","Люди / список","1868","0","PASS","","REVIEWED","docs/full-ui-interaction-sweep/screenshots/390/people-list.png"
"390","Люди / поиск / ошибка","2138","0","PASS","","REVIEWED","docs/full-ui-interaction-sweep/screenshots/390/people-search-error.png"
"390","Люди / поиск / восстановлено","2173","0","PASS","","REVIEWED","docs/full-ui-interaction-sweep/screenshots/390/people-search-recovered.png"
"390","Люди / профиль","2294","0","PASS","","REVIEWED","docs/full-ui-interaction-sweep/screenshots/390/people-profile.png"
"390","Люди / профиль / низ","3008","0","PASS","","REVIEWED","docs/full-ui-interaction-sweep/screenshots/390/people-profile-bottom.png"
"390","Люди / профиль / фото выбрано локально","3048","0","PASS","","REVIEWED","docs/full-ui-interaction-sweep/screenshots/390/people-profile-photo-selected.png"
"430","Люди / список","1868","0","PASS","","REVIEWED","docs/full-ui-interaction-sweep/screenshots/430/people-list.png"
"430","Люди / поиск / ошибка","2138","0","PASS","","REVIEWED","docs/full-ui-interaction-sweep/screenshots/430/people-search-error.png"
"430","Люди / поиск / восстановлено","2173","0","PASS","","REVIEWED","docs/full-ui-interaction-sweep/screenshots/430/people-search-recovered.png"
"430","Люди / профиль","2294","0","PASS","","REVIEWED","docs/full-ui-interaction-sweep/screenshots/430/people-profile.png"
"430","Люди / профиль / низ","3008","0","PASS","","REVIEWED","docs/full-ui-interaction-sweep/screenshots/430/people-profile-bottom.png"
"430","Люди / профиль / фото выбрано локально","3048","0","PASS","","REVIEWED","docs/full-ui-interaction-sweep/screenshots/430/people-profile-photo-selected.png"
"desktop","Люди / навык / линия выбрана","3731","0","PASS","","REVIEWED_AFTER_UI_SWEEP_064","docs/full-ui-interaction-sweep/screenshots/desktop/people-existing-skill-line-draft.png"
"desktop","Люди / изменить заметку","3671","0","PASS","","REVIEWED_AFTER_UI_SWEEP_064","docs/full-ui-interaction-sweep/screenshots/desktop/people-existing-note-edit-draft.png"
"desktop","Люди / изменить заметку / подтверждение","3771","0","PASS","","REVIEWED_AFTER_UI_SWEEP_064","docs/full-ui-interaction-sweep/screenshots/desktop/people-existing-note-discard.png"
"desktop","Люди / удалить заметку / подтверждение","3720","0","PASS","","REVIEWED_AFTER_UI_SWEEP_064","docs/full-ui-interaction-sweep/screenshots/desktop/people-existing-note-delete-confirm.png"
"desktop","Люди / связанная заявка / переход","784","0","FAIL","UI-SWEEP-063_FUNCTIONAL_LINK: Посмотреть заявку открывает доску, но не связанную карточку; localStorage taskHighlightId не имеет consumer.","REVIEWED_OPEN_FINDING_UI_SWEEP_063","docs/full-ui-interaction-sweep/screenshots/desktop/people-service-task-destination.png"
"desktop","Люди / после возврата из заявки","2352","0","PASS","","REVIEWED_AFTER_UI_SWEEP_064","docs/full-ui-interaction-sweep/screenshots/desktop/people-service-task-back.png"
"360","Люди / навык / линия выбрана","3239","0","PASS","","REVIEWED_AFTER_UI_SWEEP_064","docs/full-ui-interaction-sweep/screenshots/360/people-existing-skill-line-draft.png"
"360","Люди / изменить заметку","3179","0","PASS","","REVIEWED_AFTER_UI_SWEEP_064","docs/full-ui-interaction-sweep/screenshots/360/people-existing-note-edit-draft.png"
"360","Люди / изменить заметку / подтверждение","3279","0","PASS","","REVIEWED_AFTER_UI_SWEEP_064","docs/full-ui-interaction-sweep/screenshots/360/people-existing-note-discard.png"
"360","Люди / удалить заметку / подтверждение","3228","0","PASS","","REVIEWED_AFTER_UI_SWEEP_064","docs/full-ui-interaction-sweep/screenshots/360/people-existing-note-delete-confirm.png"
"360","Люди / связанная заявка / переход","501","0","FAIL","UI-SWEEP-063_FUNCTIONAL_LINK: Посмотреть заявку открывает доску, но не связанную карточку; localStorage taskHighlightId не имеет consumer.","REVIEWED_OPEN_FINDING_UI_SWEEP_063","docs/full-ui-interaction-sweep/screenshots/360/people-service-task-destination.png"
"360","Люди / после возврата из заявки","1860","0","PASS","","REVIEWED_AFTER_UI_SWEEP_064","docs/full-ui-interaction-sweep/screenshots/360/people-service-task-back.png"
"390","Люди / навык / линия выбрана","3247","0","PASS","","REVIEWED_AFTER_UI_SWEEP_064","docs/full-ui-interaction-sweep/screenshots/390/people-existing-skill-line-draft.png"
"390","Люди / изменить заметку","3187","0","PASS","","REVIEWED_AFTER_UI_SWEEP_064","docs/full-ui-interaction-sweep/screenshots/390/people-existing-note-edit-draft.png"
"390","Люди / изменить заметку / подтверждение","3287","0","PASS","","REVIEWED_AFTER_UI_SWEEP_064","docs/full-ui-interaction-sweep/screenshots/390/people-existing-note-discard.png"
"390","Люди / удалить заметку / подтверждение","3236","0","PASS","","REVIEWED_AFTER_UI_SWEEP_064","docs/full-ui-interaction-sweep/screenshots/390/people-existing-note-delete-confirm.png"
"390","Люди / связанная заявка / переход","509","0","FAIL","UI-SWEEP-063_FUNCTIONAL_LINK: Посмотреть заявку открывает доску, но не связанную карточку; localStorage taskHighlightId не имеет consumer.","REVIEWED_OPEN_FINDING_UI_SWEEP_063","docs/full-ui-interaction-sweep/screenshots/390/people-service-task-destination.png"
"390","Люди / после возврата из заявки","1868","0","PASS","","REVIEWED_AFTER_UI_SWEEP_064","docs/full-ui-interaction-sweep/screenshots/390/people-service-task-back.png"
"430","Люди / навык / линия выбрана","3247","0","PASS","","REVIEWED_AFTER_UI_SWEEP_064","docs/full-ui-interaction-sweep/screenshots/430/people-existing-skill-line-draft.png"
"430","Люди / изменить заметку","3187","0","PASS","","REVIEWED_AFTER_UI_SWEEP_064","docs/full-ui-interaction-sweep/screenshots/430/people-existing-note-edit-draft.png"
"430","Люди / изменить заметку / подтверждение","3287","0","PASS","","REVIEWED_AFTER_UI_SWEEP_064","docs/full-ui-interaction-sweep/screenshots/430/people-existing-note-discard.png"
"430","Люди / удалить заметку / подтверждение","3236","0","PASS","","REVIEWED_AFTER_UI_SWEEP_064","docs/full-ui-interaction-sweep/screenshots/430/people-existing-note-delete-confirm.png"
"430","Люди / связанная заявка / переход","509","0","FAIL","UI-SWEEP-063_FUNCTIONAL_LINK: Посмотреть заявку открывает доску, но не связанную карточку; localStorage taskHighlightId не имеет consumer.","REVIEWED_OPEN_FINDING_UI_SWEEP_063","docs/full-ui-interaction-sweep/screenshots/430/people-service-task-destination.png"
"430","Люди / после возврата из заявки","1868","0","PASS","","REVIEWED_AFTER_UI_SWEEP_064","docs/full-ui-interaction-sweep/screenshots/430/people-service-task-back.png"
"desktop","Люди / профиль / фото загружено","953","0","PASS","","REVIEWED_CURRENT_ISOLATED","docs/full-ui-interaction-sweep/screenshots/desktop/people-profile-photo-upload-result.png"
"desktop","Люди / профиль / фото удалено","974","0","PASS","","REVIEWED_CURRENT_ISOLATED","docs/full-ui-interaction-sweep/screenshots/desktop/people-profile-photo-delete-result.png"
"360","Люди / профиль / фото загружено","717","0","PASS","","REVIEWED_CURRENT_ISOLATED","docs/full-ui-interaction-sweep/screenshots/360/people-profile-photo-upload-result.png"
"360","Люди / профиль / фото удалено","720","0","PASS","","REVIEWED_CURRENT_ISOLATED","docs/full-ui-interaction-sweep/screenshots/360/people-profile-photo-delete-result.png"
"390","Люди / профиль / фото загружено","725","0","PASS","","REVIEWED_CURRENT_ISOLATED","docs/full-ui-interaction-sweep/screenshots/390/people-profile-photo-upload-result.png"
"390","Люди / профиль / фото удалено","728","0","PASS","","REVIEWED_CURRENT_ISOLATED","docs/full-ui-interaction-sweep/screenshots/390/people-profile-photo-delete-result.png"
"430","Люди / профиль / фото загружено","743","0","PASS","","REVIEWED_CURRENT_ISOLATED","docs/full-ui-interaction-sweep/screenshots/430/people-profile-photo-upload-result.png"
"430","Люди / профиль / фото удалено","728","0","PASS","","REVIEWED_CURRENT_ISOLATED","docs/full-ui-interaction-sweep/screenshots/430/people-profile-photo-delete-result.png"
"desktop","Пересменка / важная запись / детали","900","0","PASS","","REVIEWED_CURRENT_ISOLATED","docs/full-ui-interaction-sweep/screenshots/desktop/shift-log-isolated-detail.png"
"desktop","Пересменка / важная запись / файл загружен","960","0","PASS","","REVIEWED_CURRENT_ISOLATED","docs/full-ui-interaction-sweep/screenshots/desktop/shift-log-isolated-upload-result.png"
"desktop","Пересменка / важная запись / закрытие","1027","0","PASS","","REVIEWED_CURRENT_ISOLATED","docs/full-ui-interaction-sweep/screenshots/desktop/shift-log-isolated-close-important-draft.png"
"360","Пересменка / важная запись / детали","672","0","PASS","","REVIEWED_CURRENT_ISOLATED","docs/full-ui-interaction-sweep/screenshots/360/shift-log-isolated-detail.png"
"360","Пересменка / важная запись / файл загружен","728","0","PASS","","REVIEWED_CURRENT_ISOLATED","docs/full-ui-interaction-sweep/screenshots/360/shift-log-isolated-upload-result.png"
"360","Пересменка / важная запись / закрытие","795","0","PASS","","REVIEWED_CURRENT_ISOLATED","docs/full-ui-interaction-sweep/screenshots/360/shift-log-isolated-close-important-draft.png"
"390","Пересменка / важная запись / детали","680","0","PASS","","REVIEWED_CURRENT_ISOLATED","docs/full-ui-interaction-sweep/screenshots/390/shift-log-isolated-detail.png"
"390","Пересменка / важная запись / файл загружен","736","0","PASS","","REVIEWED_CURRENT_ISOLATED","docs/full-ui-interaction-sweep/screenshots/390/shift-log-isolated-upload-result.png"
"390","Пересменка / важная запись / закрытие","803","0","PASS","","REVIEWED_CURRENT_ISOLATED","docs/full-ui-interaction-sweep/screenshots/390/shift-log-isolated-close-important-draft.png"
"430","Пересменка / важная запись / детали","680","0","PASS","","REVIEWED_CURRENT_ISOLATED","docs/full-ui-interaction-sweep/screenshots/430/shift-log-isolated-detail.png"
"430","Пересменка / важная запись / файл загружен","736","0","PASS","","REVIEWED_CURRENT_ISOLATED","docs/full-ui-interaction-sweep/screenshots/430/shift-log-isolated-upload-result.png"
"430","Пересменка / важная запись / закрытие","803","0","PASS","","REVIEWED_CURRENT_ISOLATED","docs/full-ui-interaction-sweep/screenshots/430/shift-log-isolated-close-important-draft.png"
"desktop","Архив / уточнение времени / черновик","903","0","PASS","","REVIEWED_AFTER_UI_SWEEP_067","docs/full-ui-interaction-sweep/screenshots/desktop/archive-isolated-correction-draft.png"
"desktop","Архив / печать подготовлена","532","0","PASS","","REVIEWED_AFTER_UI_SWEEP_067","docs/full-ui-interaction-sweep/screenshots/desktop/archive-isolated-print-result.png"
"desktop","Архив / источник вложения","765","0","PASS","","REVIEWED_AFTER_UI_SWEEP_067","docs/full-ui-interaction-sweep/screenshots/desktop/archive-isolated-attachment-source.png"
"360","Архив / уточнение времени / черновик","675","0","PASS","","REVIEWED_AFTER_UI_SWEEP_067","docs/full-ui-interaction-sweep/screenshots/360/archive-isolated-correction-draft.png"
"360","Архив / печать подготовлена","304","0","PASS","","REVIEWED_AFTER_UI_SWEEP_067","docs/full-ui-interaction-sweep/screenshots/360/archive-isolated-print-result.png"
"360","Архив / источник вложения","482","0","PASS","","REVIEWED_AFTER_UI_SWEEP_067","docs/full-ui-interaction-sweep/screenshots/360/archive-isolated-attachment-source.png"
"390","Архив / уточнение времени / черновик","683","0","PASS","","REVIEWED_AFTER_UI_SWEEP_067","docs/full-ui-interaction-sweep/screenshots/390/archive-isolated-correction-draft.png"
"390","Архив / печать подготовлена","312","0","PASS","","REVIEWED_AFTER_UI_SWEEP_067","docs/full-ui-interaction-sweep/screenshots/390/archive-isolated-print-result.png"
"390","Архив / источник вложения","490","0","PASS","","REVIEWED_AFTER_UI_SWEEP_067","docs/full-ui-interaction-sweep/screenshots/390/archive-isolated-attachment-source.png"
"430","Архив / уточнение времени / черновик","683","0","PASS","","REVIEWED_AFTER_UI_SWEEP_067","docs/full-ui-interaction-sweep/screenshots/430/archive-isolated-correction-draft.png"
"430","Архив / печать подготовлена","312","0","PASS","","REVIEWED_AFTER_UI_SWEEP_067","docs/full-ui-interaction-sweep/screenshots/430/archive-isolated-print-result.png"
"430","Архив / источник вложения","490","0","PASS","","REVIEWED_AFTER_UI_SWEEP_067","docs/full-ui-interaction-sweep/screenshots/430/archive-isolated-attachment-source.png"
"desktop","Вход / форма","227","0","PASS","","REVIEWED","docs/full-ui-interaction-sweep/screenshots/desktop/factory-login.png"
"desktop","Вход / регистрация","280","0","PASS","","REVIEWED","docs/full-ui-interaction-sweep/screenshots/desktop/factory-register.png"
"desktop","Вход / выбор завода","347","0","PASS","","REVIEWED","docs/full-ui-interaction-sweep/screenshots/desktop/factory-picker.png"
"360","Вход / форма","227","0","PASS","","REVIEWED","docs/full-ui-interaction-sweep/screenshots/360/factory-login.png"
"360","Вход / регистрация","280","0","PASS","","REVIEWED","docs/full-ui-interaction-sweep/screenshots/360/factory-register.png"
"360","Вход / выбор завода","347","0","PASS","","REVIEWED","docs/full-ui-interaction-sweep/screenshots/360/factory-picker.png"
"390","Вход / форма","227","0","PASS","","REVIEWED","docs/full-ui-interaction-sweep/screenshots/390/factory-login.png"
"390","Вход / регистрация","280","0","PASS","","REVIEWED","docs/full-ui-interaction-sweep/screenshots/390/factory-register.png"
"390","Вход / выбор завода","347","0","PASS","","REVIEWED","docs/full-ui-interaction-sweep/screenshots/390/factory-picker.png"
"430","Вход / форма","227","0","PASS","","REVIEWED","docs/full-ui-interaction-sweep/screenshots/430/factory-login.png"
"430","Вход / регистрация","280","0","PASS","","REVIEWED","docs/full-ui-interaction-sweep/screenshots/430/factory-register.png"
"430","Вход / выбор завода","347","0","PASS","","REVIEWED","docs/full-ui-interaction-sweep/screenshots/430/factory-picker.png"
"desktop","Вход / регистрация / заполнено","280","0","PASS","","REVIEWED_BROWSER_ISOLATED","docs/full-ui-interaction-sweep/screenshots/desktop/factory-register-submit-before.png"
"desktop","Вход / регистрация / ошибка","333","0","PASS","","REVIEWED_BROWSER_ISOLATED","docs/full-ui-interaction-sweep/screenshots/desktop/factory-register-submit-error.png"
"desktop","Вход / регистрация / выбор завода","729","0","PASS","","REVIEWED_BROWSER_ISOLATED","docs/full-ui-interaction-sweep/screenshots/desktop/factory-register-submit-picker.png"
"desktop","Вход / регистрация / результат","574","0","PASS","","REVIEWED_BROWSER_ISOLATED","docs/full-ui-interaction-sweep/screenshots/desktop/factory-register-submit-result.png"
"desktop","Вход / регистрация / после reload","604","0","PASS","","REVIEWED_BROWSER_ISOLATED","docs/full-ui-interaction-sweep/screenshots/desktop/factory-register-submit-reload.png"
"360","Вход / регистрация / заполнено","280","0","PASS","","REVIEWED_BROWSER_ISOLATED","docs/full-ui-interaction-sweep/screenshots/360/factory-register-submit-before.png"
"360","Вход / регистрация / ошибка","333","0","PASS","","REVIEWED_BROWSER_ISOLATED","docs/full-ui-interaction-sweep/screenshots/360/factory-register-submit-error.png"
"360","Вход / регистрация / выбор завода","729","0","PASS","","REVIEWED_BROWSER_ISOLATED","docs/full-ui-interaction-sweep/screenshots/360/factory-register-submit-picker.png"
"360","Вход / регистрация / результат","574","0","PASS","","REVIEWED_BROWSER_ISOLATED","docs/full-ui-interaction-sweep/screenshots/360/factory-register-submit-result.png"
"360","Вход / регистрация / после reload","604","0","PASS","","REVIEWED_BROWSER_ISOLATED","docs/full-ui-interaction-sweep/screenshots/360/factory-register-submit-reload.png"
"390","Вход / регистрация / заполнено","280","0","PASS","","REVIEWED_BROWSER_ISOLATED","docs/full-ui-interaction-sweep/screenshots/390/factory-register-submit-before.png"
"390","Вход / регистрация / ошибка","333","0","PASS","","REVIEWED_BROWSER_ISOLATED","docs/full-ui-interaction-sweep/screenshots/390/factory-register-submit-error.png"
"390","Вход / регистрация / выбор завода","729","0","PASS","","REVIEWED_BROWSER_ISOLATED","docs/full-ui-interaction-sweep/screenshots/390/factory-register-submit-picker.png"
"390","Вход / регистрация / результат","574","0","PASS","","REVIEWED_BROWSER_ISOLATED","docs/full-ui-interaction-sweep/screenshots/390/factory-register-submit-result.png"
"390","Вход / регистрация / после reload","604","0","PASS","","REVIEWED_BROWSER_ISOLATED","docs/full-ui-interaction-sweep/screenshots/390/factory-register-submit-reload.png"
"430","Вход / регистрация / заполнено","280","0","PASS","","REVIEWED_BROWSER_ISOLATED","docs/full-ui-interaction-sweep/screenshots/430/factory-register-submit-before.png"
"430","Вход / регистрация / ошибка","333","0","PASS","","REVIEWED_BROWSER_ISOLATED","docs/full-ui-interaction-sweep/screenshots/430/factory-register-submit-error.png"
"430","Вход / регистрация / выбор завода","729","0","PASS","","REVIEWED_BROWSER_ISOLATED","docs/full-ui-interaction-sweep/screenshots/430/factory-register-submit-picker.png"
"430","Вход / регистрация / результат","574","0","PASS","","REVIEWED_BROWSER_ISOLATED","docs/full-ui-interaction-sweep/screenshots/430/factory-register-submit-result.png"
"430","Вход / регистрация / после reload","604","0","PASS","","REVIEWED_BROWSER_ISOLATED","docs/full-ui-interaction-sweep/screenshots/430/factory-register-submit-reload.png"
"desktop","Вход / обязательная смена пароля","229","0","PASS","","REVIEWED_CURRENT_READONLY","docs/full-ui-interaction-sweep/screenshots/desktop/factory-forced-password-draft.png"
"360","Вход / обязательная смена пароля","229","0","PASS","","REVIEWED_CURRENT_READONLY","docs/full-ui-interaction-sweep/screenshots/360/factory-forced-password-draft.png"
"390","Вход / обязательная смена пароля","229","0","PASS","","REVIEWED_CURRENT_READONLY","docs/full-ui-interaction-sweep/screenshots/390/factory-forced-password-draft.png"
"430","Вход / обязательная смена пароля","229","0","PASS","","REVIEWED_CURRENT_READONLY","docs/full-ui-interaction-sweep/screenshots/430/factory-forced-password-draft.png"
"desktop","Вход / новый пароль / выбор завода","366","0","PASS","","REVIEWED_CURRENT_ISOLATED","docs/full-ui-interaction-sweep/screenshots/desktop/factory-forced-password-submit-result.png"
"360","Вход / новый пароль / выбор завода","366","0","PASS","","REVIEWED_CURRENT_ISOLATED","docs/full-ui-interaction-sweep/screenshots/360/factory-forced-password-submit-result.png"
"390","Вход / новый пароль / выбор завода","366","0","PASS","","REVIEWED_CURRENT_ISOLATED","docs/full-ui-interaction-sweep/screenshots/390/factory-forced-password-submit-result.png"
"430","Вход / новый пароль / выбор завода","366","0","PASS","","REVIEWED_CURRENT_ISOLATED","docs/full-ui-interaction-sweep/screenshots/430/factory-forced-password-submit-result.png"
"desktop","Линии / список состояний","1922","0","PASS","","REVIEWED","docs/full-ui-interaction-sweep/screenshots/desktop/situation-list.png"
"desktop","Линии / выбор остановленной линии","2093","0","PASS","","REVIEWED","docs/full-ui-interaction-sweep/screenshots/desktop/situation-start-picker.png"
"desktop","Линии / запуск выбранной линии","2244","0","PASS","","REVIEWED","docs/full-ui-interaction-sweep/screenshots/desktop/situation-start-action-draft.png"
"desktop","Линии / Простой / черновик","2414","0","PASS","","REVIEWED","docs/full-ui-interaction-sweep/screenshots/desktop/situation-action-pause-draft.png"
"desktop","Линии / Остановить / черновик","2433","0","PASS","","REVIEWED","docs/full-ui-interaction-sweep/screenshots/desktop/situation-action-stop-draft.png"
"desktop","Линии / Вернуть в работу / черновик","2244","0","PASS","","REVIEWED","docs/full-ui-interaction-sweep/screenshots/desktop/situation-action-work-draft.png"
"desktop","Линии / detail","2404","0","PASS","","REVIEWED","docs/full-ui-interaction-sweep/screenshots/desktop/situation-detail.png"
"desktop","Линии / detail / нижние секции","2404","0","PASS","","REVIEWED","docs/full-ui-interaction-sweep/screenshots/desktop/situation-detail-lower.png"
"desktop","Линии / текущее состояние","2015","0","PASS","","REVIEWED","docs/full-ui-interaction-sweep/screenshots/desktop/situation-runtime-stats.png"
"desktop","Линии / история","2193","0","PASS","","REVIEWED","docs/full-ui-interaction-sweep/screenshots/desktop/situation-timeline.png"
"360","Линии / список состояний","1694","0","PASS","","REVIEWED","docs/full-ui-interaction-sweep/screenshots/360/situation-list.png"
"360","Линии / выбор остановленной линии","1865","0","PASS","","REVIEWED","docs/full-ui-interaction-sweep/screenshots/360/situation-start-picker.png"
"360","Линии / запуск выбранной линии","2016","0","PASS","","REVIEWED","docs/full-ui-interaction-sweep/screenshots/360/situation-start-action-draft.png"
"360","Линии / Простой / черновик","2186","0","PASS","","REVIEWED","docs/full-ui-interaction-sweep/screenshots/360/situation-action-pause-draft.png"
"360","Линии / Остановить / черновик","2205","0","PASS","","REVIEWED","docs/full-ui-interaction-sweep/screenshots/360/situation-action-stop-draft.png"
"360","Линии / Вернуть в работу / черновик","2016","0","PASS","","REVIEWED","docs/full-ui-interaction-sweep/screenshots/360/situation-action-work-draft.png"
"360","Линии / detail","2176","0","PASS","","REVIEWED","docs/full-ui-interaction-sweep/screenshots/360/situation-detail.png"
"360","Линии / detail / нижние секции","2176","0","PASS","","REVIEWED","docs/full-ui-interaction-sweep/screenshots/360/situation-detail-lower.png"
"360","Линии / текущее состояние","1787","0","PASS","","REVIEWED","docs/full-ui-interaction-sweep/screenshots/360/situation-runtime-stats.png"
"360","Линии / история","1965","0","PASS","","REVIEWED","docs/full-ui-interaction-sweep/screenshots/360/situation-timeline.png"
"390","Линии / список состояний","1702","0","PASS","","REVIEWED","docs/full-ui-interaction-sweep/screenshots/390/situation-list.png"
"390","Линии / выбор остановленной линии","1873","0","PASS","","REVIEWED","docs/full-ui-interaction-sweep/screenshots/390/situation-start-picker.png"
"390","Линии / запуск выбранной линии","2024","0","PASS","","REVIEWED","docs/full-ui-interaction-sweep/screenshots/390/situation-start-action-draft.png"
"390","Линии / Простой / черновик","2194","0","PASS","","REVIEWED","docs/full-ui-interaction-sweep/screenshots/390/situation-action-pause-draft.png"
"390","Линии / Остановить / черновик","2213","0","PASS","","REVIEWED","docs/full-ui-interaction-sweep/screenshots/390/situation-action-stop-draft.png"
"390","Линии / Вернуть в работу / черновик","2024","0","PASS","","REVIEWED","docs/full-ui-interaction-sweep/screenshots/390/situation-action-work-draft.png"
"390","Линии / detail","2184","0","PASS","","REVIEWED","docs/full-ui-interaction-sweep/screenshots/390/situation-detail.png"
"390","Линии / detail / нижние секции","2184","0","PASS","","REVIEWED","docs/full-ui-interaction-sweep/screenshots/390/situation-detail-lower.png"
"390","Линии / текущее состояние","1795","0","PASS","","REVIEWED","docs/full-ui-interaction-sweep/screenshots/390/situation-runtime-stats.png"
"390","Линии / история","1973","0","PASS","","REVIEWED","docs/full-ui-interaction-sweep/screenshots/390/situation-timeline.png"
"430","Линии / список состояний","1702","0","PASS","","REVIEWED","docs/full-ui-interaction-sweep/screenshots/430/situation-list.png"
"430","Линии / выбор остановленной линии","1873","0","PASS","","REVIEWED","docs/full-ui-interaction-sweep/screenshots/430/situation-start-picker.png"
"430","Линии / запуск выбранной линии","2024","0","PASS","","REVIEWED","docs/full-ui-interaction-sweep/screenshots/430/situation-start-action-draft.png"
"430","Линии / Простой / черновик","2194","0","PASS","","REVIEWED","docs/full-ui-interaction-sweep/screenshots/430/situation-action-pause-draft.png"
"430","Линии / Остановить / черновик","2213","0","PASS","","REVIEWED","docs/full-ui-interaction-sweep/screenshots/430/situation-action-stop-draft.png"
"430","Линии / Вернуть в работу / черновик","2024","0","PASS","","REVIEWED","docs/full-ui-interaction-sweep/screenshots/430/situation-action-work-draft.png"
"430","Линии / detail","2184","0","PASS","","REVIEWED","docs/full-ui-interaction-sweep/screenshots/430/situation-detail.png"
"430","Линии / detail / нижние секции","2184","0","PASS","","REVIEWED","docs/full-ui-interaction-sweep/screenshots/430/situation-detail-lower.png"
"430","Линии / текущее состояние","1795","0","PASS","","REVIEWED","docs/full-ui-interaction-sweep/screenshots/430/situation-runtime-stats.png"
"430","Линии / история","1973","0","PASS","","REVIEWED","docs/full-ui-interaction-sweep/screenshots/430/situation-timeline.png"
"desktop","Линии / активная оттайка / переход","516","0","PASS","","REVIEWED_CURRENT_READONLY","docs/full-ui-interaction-sweep/screenshots/desktop/situation-active-defrost-entry.png"
"desktop","Линии / активная мойка / переход","668","0","PASS","","REVIEWED_CURRENT_READONLY","docs/full-ui-interaction-sweep/screenshots/desktop/situation-active-wash-entry.png"
"desktop","Линии / мойка / detail","1597","0","PASS","","REVIEWED_CURRENT_READONLY","docs/full-ui-interaction-sweep/screenshots/desktop/situation-wash-line-detail.png"
"desktop","Линии / оттайка / detail переход","516","0","PASS","","REVIEWED_CURRENT_READONLY","docs/full-ui-interaction-sweep/screenshots/desktop/situation-defrost-detail-entry.png"
"desktop","Линии / detail / вернуть в работу","1506","0","PASS","","REVIEWED_CURRENT_READONLY","docs/full-ui-interaction-sweep/screenshots/desktop/situation-detail-return-work-draft.png"
"desktop","Линии / история / источник оттайки","516","0","PASS","","REVIEWED_CURRENT_READONLY","docs/full-ui-interaction-sweep/screenshots/desktop/situation-timeline-defrost-source.png"
"360","Линии / активная оттайка / переход","288","0","PASS","","REVIEWED_CURRENT_READONLY","docs/full-ui-interaction-sweep/screenshots/360/situation-active-defrost-entry.png"
"360","Линии / активная мойка / переход","439","0","PASS","","REVIEWED_CURRENT_READONLY","docs/full-ui-interaction-sweep/screenshots/360/situation-active-wash-entry.png"
"360","Линии / мойка / detail","1369","0","PASS","","REVIEWED_CURRENT_READONLY","docs/full-ui-interaction-sweep/screenshots/360/situation-wash-line-detail.png"
"360","Линии / оттайка / detail переход","288","0","PASS","","REVIEWED_CURRENT_READONLY","docs/full-ui-interaction-sweep/screenshots/360/situation-defrost-detail-entry.png"
"360","Линии / detail / вернуть в работу","1278","0","PASS","","REVIEWED_CURRENT_READONLY","docs/full-ui-interaction-sweep/screenshots/360/situation-detail-return-work-draft.png"
"360","Линии / история / источник оттайки","288","0","PASS","","REVIEWED_CURRENT_READONLY","docs/full-ui-interaction-sweep/screenshots/360/situation-timeline-defrost-source.png"
"390","Линии / активная оттайка / переход","296","0","PASS","","REVIEWED_CURRENT_READONLY","docs/full-ui-interaction-sweep/screenshots/390/situation-active-defrost-entry.png"
"390","Линии / активная мойка / переход","447","0","PASS","","REVIEWED_CURRENT_READONLY","docs/full-ui-interaction-sweep/screenshots/390/situation-active-wash-entry.png"
"390","Линии / мойка / detail","1377","0","PASS","","REVIEWED_CURRENT_READONLY","docs/full-ui-interaction-sweep/screenshots/390/situation-wash-line-detail.png"
"390","Линии / оттайка / detail переход","296","0","PASS","","REVIEWED_CURRENT_READONLY","docs/full-ui-interaction-sweep/screenshots/390/situation-defrost-detail-entry.png"
"390","Линии / detail / вернуть в работу","1286","0","PASS","","REVIEWED_CURRENT_READONLY","docs/full-ui-interaction-sweep/screenshots/390/situation-detail-return-work-draft.png"
"390","Линии / история / источник оттайки","296","0","PASS","","REVIEWED_CURRENT_READONLY","docs/full-ui-interaction-sweep/screenshots/390/situation-timeline-defrost-source.png"
"430","Линии / активная оттайка / переход","296","0","PASS","","REVIEWED_CURRENT_READONLY","docs/full-ui-interaction-sweep/screenshots/430/situation-active-defrost-entry.png"
"430","Линии / активная мойка / переход","447","0","PASS","","REVIEWED_CURRENT_READONLY","docs/full-ui-interaction-sweep/screenshots/430/situation-active-wash-entry.png"
"430","Линии / мойка / detail","1377","0","PASS","","REVIEWED_CURRENT_READONLY","docs/full-ui-interaction-sweep/screenshots/430/situation-wash-line-detail.png"
"430","Линии / оттайка / detail переход","296","0","PASS","","REVIEWED_CURRENT_READONLY","docs/full-ui-interaction-sweep/screenshots/430/situation-defrost-detail-entry.png"
"430","Линии / detail / вернуть в работу","1286","0","PASS","","REVIEWED_CURRENT_READONLY","docs/full-ui-interaction-sweep/screenshots/430/situation-detail-return-work-draft.png"
"430","Линии / история / источник оттайки","296","0","PASS","","REVIEWED_CURRENT_READONLY","docs/full-ui-interaction-sweep/screenshots/430/situation-timeline-defrost-source.png"
"desktop","Линии / состав не настроен","2420","0","PASS","","REVIEWED_CURRENT_READONLY","docs/full-ui-interaction-sweep/screenshots/desktop/situation-unconfigured-composition-entry.png"
"desktop","Смена / настройка состава линии","2664","0","PASS","","REVIEWED_CURRENT_READONLY","docs/full-ui-interaction-sweep/screenshots/desktop/situation-composition-config-destination.png"
"360","Линии / состав не настроен","2192","0","PASS","","REVIEWED_CURRENT_READONLY","docs/full-ui-interaction-sweep/screenshots/360/situation-unconfigured-composition-entry.png"
"360","Смена / настройка состава линии","2399","0","PASS","","REVIEWED_CURRENT_READONLY","docs/full-ui-interaction-sweep/screenshots/360/situation-composition-config-destination.png"
"390","Линии / состав не настроен","2200","0","PASS","","REVIEWED_CURRENT_READONLY","docs/full-ui-interaction-sweep/screenshots/390/situation-unconfigured-composition-entry.png"
"390","Смена / настройка состава линии","2407","0","PASS","","REVIEWED_CURRENT_READONLY","docs/full-ui-interaction-sweep/screenshots/390/situation-composition-config-destination.png"
"430","Линии / состав не настроен","2200","0","PASS","","REVIEWED_CURRENT_READONLY","docs/full-ui-interaction-sweep/screenshots/430/situation-unconfigured-composition-entry.png"
"430","Смена / настройка состава линии","2407","0","PASS","","REVIEWED_CURRENT_READONLY","docs/full-ui-interaction-sweep/screenshots/430/situation-composition-config-destination.png"
"desktop","Линии / ошибка загрузки","965","0","PASS","","REVIEWED_CURRENT_READONLY","docs/full-ui-interaction-sweep/screenshots/desktop/situation-load-error-retry.png"
"desktop","Линии / после повтора","1922","0","PASS","","REVIEWED_CURRENT_READONLY","docs/full-ui-interaction-sweep/screenshots/desktop/situation-load-retry-recovered.png"
"360","Линии / ошибка загрузки","737","0","PASS","","REVIEWED_CURRENT_READONLY","docs/full-ui-interaction-sweep/screenshots/360/situation-load-error-retry.png"
"360","Линии / после повтора","1694","0","PASS","","REVIEWED_CURRENT_READONLY","docs/full-ui-interaction-sweep/screenshots/360/situation-load-retry-recovered.png"
"390","Линии / ошибка загрузки","745","0","PASS","","REVIEWED_CURRENT_READONLY","docs/full-ui-interaction-sweep/screenshots/390/situation-load-error-retry.png"
"390","Линии / после повтора","1702","0","PASS","","REVIEWED_CURRENT_READONLY","docs/full-ui-interaction-sweep/screenshots/390/situation-load-retry-recovered.png"
"430","Линии / ошибка загрузки","745","0","PASS","","REVIEWED_CURRENT_READONLY","docs/full-ui-interaction-sweep/screenshots/430/situation-load-error-retry.png"
"430","Линии / после повтора","1702","0","PASS","","REVIEWED_CURRENT_READONLY","docs/full-ui-interaction-sweep/screenshots/430/situation-load-retry-recovered.png"
"desktop","Мойка / задания","602","0","PASS","","REVIEWED","docs/full-ui-interaction-sweep/screenshots/desktop/wash-requests-list.png"
"desktop","Мойка / архив","946","0","PASS","","REVIEWED","docs/full-ui-interaction-sweep/screenshots/desktop/wash-archive-list.png"
"desktop","Мойка / новое задание","1256","0","PASS","","REVIEWED","docs/full-ui-interaction-sweep/screenshots/desktop/wash-request-create.png"
"desktop","Мойка / начать / другой объект","756","0","PASS","","REVIEWED","docs/full-ui-interaction-sweep/screenshots/desktop/wash-start-other-draft.png"
"desktop","Мойка / активная / обзор","692","0","PASS","","REVIEWED","docs/full-ui-interaction-sweep/screenshots/desktop/wash-active-detail-overview.png"
"desktop","Мойка / активная / Контроль","672","0","PASS","","REVIEWED","docs/full-ui-interaction-sweep/screenshots/desktop/wash-active-detail-control.png"
"desktop","Мойка / активная / Лента","722","0","PASS","","REVIEWED","docs/full-ui-interaction-sweep/screenshots/desktop/wash-active-detail-feed.png"
"desktop","Мойка / действие / Фото / комментарий","874","0","PASS","","REVIEWED","docs/full-ui-interaction-sweep/screenshots/desktop/wash-action-message.png"
"desktop","Мойка / действие / Проблема","884","0","PASS","","REVIEWED","docs/full-ui-interaction-sweep/screenshots/desktop/wash-action-issue.png"
"desktop","Мойка / действие / Задание","961","0","PASS","","REVIEWED","docs/full-ui-interaction-sweep/screenshots/desktop/wash-action-control.png"
"desktop","Мойка / действие / ОКК-проверка","989","0","PASS","","REVIEWED","docs/full-ui-interaction-sweep/screenshots/desktop/wash-action-review.png"
"desktop","Мойка / действие / Завершить мойку","869","0","PASS","","REVIEWED","docs/full-ui-interaction-sweep/screenshots/desktop/wash-action-complete.png"
"desktop","Мойка / ОКК / рейтинг","989","0","PASS","","REVIEWED","docs/full-ui-interaction-sweep/screenshots/desktop/wash-action-review-rating.png"
"360","Мойка / задания","339","0","PASS","","REVIEWED","docs/full-ui-interaction-sweep/screenshots/360/wash-requests-list.png"
"360","Мойка / архив","683","0","PASS","","REVIEWED","docs/full-ui-interaction-sweep/screenshots/360/wash-archive-list.png"
"360","Мойка / новое задание","993","0","PASS","","REVIEWED","docs/full-ui-interaction-sweep/screenshots/360/wash-request-create.png"
"360","Мойка / начать / другой объект","493","0","PASS","","REVIEWED","docs/full-ui-interaction-sweep/screenshots/360/wash-start-other-draft.png"
"360","Мойка / активная / обзор","463","0","PASS","","REVIEWED","docs/full-ui-interaction-sweep/screenshots/360/wash-active-detail-overview.png"
"360","Мойка / активная / Контроль","444","0","PASS","","REVIEWED","docs/full-ui-interaction-sweep/screenshots/360/wash-active-detail-control.png"
"360","Мойка / активная / Лента","494","0","PASS","","REVIEWED","docs/full-ui-interaction-sweep/screenshots/360/wash-active-detail-feed.png"
"360","Мойка / действие / Фото / комментарий","646","0","PASS","","REVIEWED","docs/full-ui-interaction-sweep/screenshots/360/wash-action-message.png"
"360","Мойка / действие / Проблема","656","0","PASS","","REVIEWED","docs/full-ui-interaction-sweep/screenshots/360/wash-action-issue.png"
"360","Мойка / действие / Задание","733","0","PASS","","REVIEWED","docs/full-ui-interaction-sweep/screenshots/360/wash-action-control.png"
"360","Мойка / действие / ОКК-проверка","761","0","PASS","","REVIEWED","docs/full-ui-interaction-sweep/screenshots/360/wash-action-review.png"
"360","Мойка / действие / Завершить мойку","641","0","PASS","","REVIEWED","docs/full-ui-interaction-sweep/screenshots/360/wash-action-complete.png"
"360","Мойка / ОКК / рейтинг","761","0","PASS","","REVIEWED","docs/full-ui-interaction-sweep/screenshots/360/wash-action-review-rating.png"
"390","Мойка / задания","347","0","PASS","","REVIEWED","docs/full-ui-interaction-sweep/screenshots/390/wash-requests-list.png"
"390","Мойка / архив","691","0","PASS","","REVIEWED","docs/full-ui-interaction-sweep/screenshots/390/wash-archive-list.png"
"390","Мойка / новое задание","1001","0","PASS","","REVIEWED","docs/full-ui-interaction-sweep/screenshots/390/wash-request-create.png"
"390","Мойка / начать / другой объект","501","0","PASS","","REVIEWED","docs/full-ui-interaction-sweep/screenshots/390/wash-start-other-draft.png"
"390","Мойка / активная / обзор","471","0","PASS","","REVIEWED","docs/full-ui-interaction-sweep/screenshots/390/wash-active-detail-overview.png"
"390","Мойка / активная / Контроль","452","0","PASS","","REVIEWED","docs/full-ui-interaction-sweep/screenshots/390/wash-active-detail-control.png"
"390","Мойка / активная / Лента","502","0","PASS","","REVIEWED","docs/full-ui-interaction-sweep/screenshots/390/wash-active-detail-feed.png"
"390","Мойка / действие / Фото / комментарий","654","0","PASS","","REVIEWED","docs/full-ui-interaction-sweep/screenshots/390/wash-action-message.png"
"390","Мойка / действие / Проблема","664","0","PASS","","REVIEWED","docs/full-ui-interaction-sweep/screenshots/390/wash-action-issue.png"
"390","Мойка / действие / Задание","741","0","PASS","","REVIEWED","docs/full-ui-interaction-sweep/screenshots/390/wash-action-control.png"
"390","Мойка / действие / ОКК-проверка","769","0","PASS","","REVIEWED","docs/full-ui-interaction-sweep/screenshots/390/wash-action-review.png"
"390","Мойка / действие / Завершить мойку","649","0","PASS","","REVIEWED","docs/full-ui-interaction-sweep/screenshots/390/wash-action-complete.png"
"390","Мойка / ОКК / рейтинг","769","0","PASS","","REVIEWED","docs/full-ui-interaction-sweep/screenshots/390/wash-action-review-rating.png"
"430","Мойка / задания","347","0","PASS","","REVIEWED","docs/full-ui-interaction-sweep/screenshots/430/wash-requests-list.png"
"430","Мойка / архив","691","0","PASS","","REVIEWED","docs/full-ui-interaction-sweep/screenshots/430/wash-archive-list.png"
"430","Мойка / новое задание","1001","0","PASS","","REVIEWED","docs/full-ui-interaction-sweep/screenshots/430/wash-request-create.png"
"430","Мойка / начать / другой объект","501","0","PASS","","REVIEWED","docs/full-ui-interaction-sweep/screenshots/430/wash-start-other-draft.png"
"430","Мойка / активная / обзор","471","0","PASS","","REVIEWED","docs/full-ui-interaction-sweep/screenshots/430/wash-active-detail-overview.png"
"430","Мойка / активная / Контроль","452","0","PASS","","REVIEWED","docs/full-ui-interaction-sweep/screenshots/430/wash-active-detail-control.png"
"430","Мойка / активная / Лента","502","0","PASS","","REVIEWED","docs/full-ui-interaction-sweep/screenshots/430/wash-active-detail-feed.png"
"430","Мойка / действие / Фото / комментарий","654","0","PASS","","REVIEWED","docs/full-ui-interaction-sweep/screenshots/430/wash-action-message.png"
"430","Мойка / действие / Проблема","664","0","PASS","","REVIEWED","docs/full-ui-interaction-sweep/screenshots/430/wash-action-issue.png"
"430","Мойка / действие / Задание","741","0","PASS","","REVIEWED","docs/full-ui-interaction-sweep/screenshots/430/wash-action-control.png"
"430","Мойка / действие / ОКК-проверка","769","0","PASS","","REVIEWED","docs/full-ui-interaction-sweep/screenshots/430/wash-action-review.png"
"430","Мойка / действие / Завершить мойку","649","0","PASS","","REVIEWED","docs/full-ui-interaction-sweep/screenshots/430/wash-action-complete.png"
"430","Мойка / ОКК / рейтинг","769","0","PASS","","REVIEWED","docs/full-ui-interaction-sweep/screenshots/430/wash-action-review-rating.png"
"desktop","Мойка → Смена / люди карточки","2445","0","PASS","","REVIEWED_AFTER_UI_SWEEP_048","docs/full-ui-interaction-sweep/screenshots/desktop/wash-card-people-entry.png"
"desktop","Мойка → Смена / добавить человека","2445","0","PASS","","REVIEWED_AFTER_UI_SWEEP_048","docs/full-ui-interaction-sweep/screenshots/desktop/wash-detail-add-person-entry.png"
"360","Мойка → Смена / люди карточки","2217","0","PASS","","REVIEWED_AFTER_UI_SWEEP_048","docs/full-ui-interaction-sweep/screenshots/360/wash-card-people-entry.png"
"360","Мойка → Смена / добавить человека","2217","0","PASS","","REVIEWED_AFTER_UI_SWEEP_048","docs/full-ui-interaction-sweep/screenshots/360/wash-detail-add-person-entry.png"
"390","Мойка → Смена / люди карточки","2225","0","PASS","","REVIEWED_AFTER_UI_SWEEP_048","docs/full-ui-interaction-sweep/screenshots/390/wash-card-people-entry.png"
"390","Мойка → Смена / добавить человека","2225","0","PASS","","REVIEWED_AFTER_UI_SWEEP_048","docs/full-ui-interaction-sweep/screenshots/390/wash-detail-add-person-entry.png"
"430","Мойка → Смена / люди карточки","2225","0","PASS","","REVIEWED_AFTER_UI_SWEEP_048","docs/full-ui-interaction-sweep/screenshots/430/wash-card-people-entry.png"
"430","Мойка → Смена / добавить человека","2225","0","PASS","","REVIEWED_AFTER_UI_SWEEP_048","docs/full-ui-interaction-sweep/screenshots/430/wash-detail-add-person-entry.png"
"desktop","Мойка / задание взято / результат","733","0","PASS","","REVIEWED_AFTER_UI_SWEEP_072_AND_073","docs/full-ui-interaction-sweep/screenshots/desktop/wash-request-after-take-result.png"
"desktop","Мойка / запуск из задания / результат","728","0","PASS","","REVIEWED_AFTER_UI_SWEEP_072_AND_073","docs/full-ui-interaction-sweep/screenshots/desktop/wash-request-start-result.png"
"360","Мойка / задание взято / результат","469","0","PASS","","REVIEWED_AFTER_UI_SWEEP_072_AND_073","docs/full-ui-interaction-sweep/screenshots/360/wash-request-after-take-result.png"
"360","Мойка / запуск из задания / результат","497","0","PASS","","REVIEWED_AFTER_UI_SWEEP_072_AND_073","docs/full-ui-interaction-sweep/screenshots/360/wash-request-start-result.png"
"390","Мойка / задание взято / результат","477","0","PASS","","REVIEWED_AFTER_UI_SWEEP_072_AND_073","docs/full-ui-interaction-sweep/screenshots/390/wash-request-after-take-result.png"
"390","Мойка / запуск из задания / результат","505","0","PASS","","REVIEWED_AFTER_UI_SWEEP_072_AND_073","docs/full-ui-interaction-sweep/screenshots/390/wash-request-start-result.png"
"430","Мойка / задание взято / результат","477","0","PASS","","REVIEWED_AFTER_UI_SWEEP_072_AND_073","docs/full-ui-interaction-sweep/screenshots/430/wash-request-after-take-result.png"
"430","Мойка / запуск из задания / результат","505","0","PASS","","REVIEWED_AFTER_UI_SWEEP_072_AND_073","docs/full-ui-interaction-sweep/screenshots/430/wash-request-start-result.png"
"desktop","Мойка / проблемы закрыты / результат","943","0","PASS","","REVIEWED_WASH_ACTIVE_COMPLETION_ISOLATED","docs/full-ui-interaction-sweep/screenshots/desktop/wash-active-issues-resolved-result.png"
"desktop","Мойка / контроль выполнен / результат","783","0","PASS","","REVIEWED_WASH_ACTIVE_COMPLETION_ISOLATED","docs/full-ui-interaction-sweep/screenshots/desktop/wash-active-control-done-result.png"
"desktop","Мойка / мини-задание выполнено / результат","788","0","PASS","","REVIEWED_WASH_ACTIVE_COMPLETION_ISOLATED","docs/full-ui-interaction-sweep/screenshots/desktop/wash-active-task-done-result.png"
"desktop","Мойка / действия участника / переход","1553","0","PASS","","REVIEWED_WASH_ACTIVE_COMPLETION_ISOLATED","docs/full-ui-interaction-sweep/screenshots/desktop/wash-active-person-actions-result.png"
"360","Мойка / проблемы закрыты / результат","713","0","PASS","","REVIEWED_WASH_ACTIVE_COMPLETION_ISOLATED","docs/full-ui-interaction-sweep/screenshots/360/wash-active-issues-resolved-result.png"
"360","Мойка / контроль выполнен / результат","553","0","PASS","","REVIEWED_WASH_ACTIVE_COMPLETION_ISOLATED","docs/full-ui-interaction-sweep/screenshots/360/wash-active-control-done-result.png"
"360","Мойка / мини-задание выполнено / результат","558","0","PASS","","REVIEWED_WASH_ACTIVE_COMPLETION_ISOLATED","docs/full-ui-interaction-sweep/screenshots/360/wash-active-task-done-result.png"
"360","Мойка / действия участника / переход","1325","0","PASS","","REVIEWED_WASH_ACTIVE_COMPLETION_ISOLATED","docs/full-ui-interaction-sweep/screenshots/360/wash-active-person-actions-result.png"
"390","Мойка / проблемы закрыты / результат","721","0","PASS","","REVIEWED_WASH_ACTIVE_COMPLETION_ISOLATED","docs/full-ui-interaction-sweep/screenshots/390/wash-active-issues-resolved-result.png"
"390","Мойка / контроль выполнен / результат","561","0","PASS","","REVIEWED_WASH_ACTIVE_COMPLETION_ISOLATED","docs/full-ui-interaction-sweep/screenshots/390/wash-active-control-done-result.png"
"390","Мойка / мини-задание выполнено / результат","566","0","PASS","","REVIEWED_WASH_ACTIVE_COMPLETION_ISOLATED","docs/full-ui-interaction-sweep/screenshots/390/wash-active-task-done-result.png"
"390","Мойка / действия участника / переход","1333","0","PASS","","REVIEWED_WASH_ACTIVE_COMPLETION_ISOLATED","docs/full-ui-interaction-sweep/screenshots/390/wash-active-person-actions-result.png"
"430","Мойка / проблемы закрыты / результат","721","0","PASS","","REVIEWED_WASH_ACTIVE_COMPLETION_ISOLATED","docs/full-ui-interaction-sweep/screenshots/430/wash-active-issues-resolved-result.png"
"430","Мойка / контроль выполнен / результат","561","0","PASS","","REVIEWED_WASH_ACTIVE_COMPLETION_ISOLATED","docs/full-ui-interaction-sweep/screenshots/430/wash-active-control-done-result.png"
"430","Мойка / мини-задание выполнено / результат","566","0","PASS","","REVIEWED_WASH_ACTIVE_COMPLETION_ISOLATED","docs/full-ui-interaction-sweep/screenshots/430/wash-active-task-done-result.png"
"430","Мойка / действия участника / переход","1333","0","PASS","","REVIEWED_WASH_ACTIVE_COMPLETION_ISOLATED","docs/full-ui-interaction-sweep/screenshots/430/wash-active-person-actions-result.png"
"desktop","Мойка / запуск по линии / выбранная линия","699","0","PASS","","REVIEWED_WASH_START_LINE_SUBMIT_ISOLATED","docs/full-ui-interaction-sweep/screenshots/desktop/wash-start-line-selected.png"
"desktop","Мойка / запуск по линии / результат после reload","694","0","PASS","","REVIEWED_WASH_START_LINE_SUBMIT_ISOLATED","docs/full-ui-interaction-sweep/screenshots/desktop/wash-start-line-submit-result.png"
"360","Мойка / запуск по линии / выбранная линия","435","0","PASS","","REVIEWED_WASH_START_LINE_SUBMIT_ISOLATED","docs/full-ui-interaction-sweep/screenshots/360/wash-start-line-selected.png"
"360","Мойка / запуск по линии / результат после reload","430","0","PASS","","REVIEWED_WASH_START_LINE_SUBMIT_ISOLATED","docs/full-ui-interaction-sweep/screenshots/360/wash-start-line-submit-result.png"
"390","Мойка / запуск по линии / выбранная линия","443","0","PASS","","REVIEWED_WASH_START_LINE_SUBMIT_ISOLATED","docs/full-ui-interaction-sweep/screenshots/390/wash-start-line-selected.png"
"390","Мойка / запуск по линии / результат после reload","438","0","PASS","","REVIEWED_WASH_START_LINE_SUBMIT_ISOLATED","docs/full-ui-interaction-sweep/screenshots/390/wash-start-line-submit-result.png"
"430","Мойка / запуск по линии / выбранная линия","443","0","PASS","","REVIEWED_WASH_START_LINE_SUBMIT_ISOLATED","docs/full-ui-interaction-sweep/screenshots/430/wash-start-line-selected.png"
"430","Мойка / запуск по линии / результат после reload","438","0","PASS","","REVIEWED_WASH_START_LINE_SUBMIT_ISOLATED","docs/full-ui-interaction-sweep/screenshots/430/wash-start-line-submit-result.png"
"desktop","Мойка / новое задание / ошибка сохранения","1258","0","PASS","","REVIEWED_WASH_REQUEST_COMPLETE_OUTCOMES_ISOLATED","docs/full-ui-interaction-sweep/screenshots/desktop/wash-request-create-submit-error.png"
"desktop","Мойка / новое задание / результат","820","0","PASS","","REVIEWED_WASH_REQUEST_COMPLETE_OUTCOMES_ISOLATED","docs/full-ui-interaction-sweep/screenshots/desktop/wash-request-create-submit-result.png"
"desktop","Мойка / завершение / ошибка команды","989","0","PASS","","REVIEWED_WASH_REQUEST_COMPLETE_OUTCOMES_ISOLATED","docs/full-ui-interaction-sweep/screenshots/desktop/wash-complete-submit-error.png"
"desktop","Мойка / завершение / архивный результат","703","0","PASS","","REVIEWED_WASH_REQUEST_COMPLETE_OUTCOMES_ISOLATED","docs/full-ui-interaction-sweep/screenshots/desktop/wash-complete-archive-result.png"
"desktop","Мойка / завершенная / результат после reload","671","0","PASS","","REVIEWED_WASH_REQUEST_COMPLETE_OUTCOMES_ISOLATED","docs/full-ui-interaction-sweep/screenshots/desktop/wash-complete-reload-detail.png"
"360","Мойка / новое задание / ошибка сохранения","989","0","PASS","","REVIEWED_WASH_REQUEST_COMPLETE_OUTCOMES_ISOLATED","docs/full-ui-interaction-sweep/screenshots/360/wash-request-create-submit-error.png"
"360","Мойка / новое задание / результат","552","0","PASS","","REVIEWED_WASH_REQUEST_COMPLETE_OUTCOMES_ISOLATED","docs/full-ui-interaction-sweep/screenshots/360/wash-request-create-submit-result.png"
"360","Мойка / завершение / ошибка команды","759","0","PASS","","REVIEWED_WASH_REQUEST_COMPLETE_OUTCOMES_ISOLATED","docs/full-ui-interaction-sweep/screenshots/360/wash-complete-submit-error.png"
"360","Мойка / завершение / архивный результат","439","0","PASS","","REVIEWED_WASH_REQUEST_COMPLETE_OUTCOMES_ISOLATED","docs/full-ui-interaction-sweep/screenshots/360/wash-complete-archive-result.png"
"360","Мойка / завершенная / результат после reload","440","0","PASS","","REVIEWED_WASH_REQUEST_COMPLETE_OUTCOMES_ISOLATED","docs/full-ui-interaction-sweep/screenshots/360/wash-complete-reload-detail.png"
"390","Мойка / новое задание / ошибка сохранения","997","0","PASS","","REVIEWED_WASH_REQUEST_COMPLETE_OUTCOMES_ISOLATED","docs/full-ui-interaction-sweep/screenshots/390/wash-request-create-submit-error.png"
"390","Мойка / новое задание / результат","560","0","PASS","","REVIEWED_WASH_REQUEST_COMPLETE_OUTCOMES_ISOLATED","docs/full-ui-interaction-sweep/screenshots/390/wash-request-create-submit-result.png"
"390","Мойка / завершение / ошибка команды","767","0","PASS","","REVIEWED_WASH_REQUEST_COMPLETE_OUTCOMES_ISOLATED","docs/full-ui-interaction-sweep/screenshots/390/wash-complete-submit-error.png"
"390","Мойка / завершение / архивный результат","447","0","PASS","","REVIEWED_WASH_REQUEST_COMPLETE_OUTCOMES_ISOLATED","docs/full-ui-interaction-sweep/screenshots/390/wash-complete-archive-result.png"
"390","Мойка / завершенная / результат после reload","448","0","PASS","","REVIEWED_WASH_REQUEST_COMPLETE_OUTCOMES_ISOLATED","docs/full-ui-interaction-sweep/screenshots/390/wash-complete-reload-detail.png"
"430","Мойка / новое задание / ошибка сохранения","997","0","PASS","","REVIEWED_WASH_REQUEST_COMPLETE_OUTCOMES_ISOLATED","docs/full-ui-interaction-sweep/screenshots/430/wash-request-create-submit-error.png"
"430","Мойка / новое задание / результат","560","0","PASS","","REVIEWED_WASH_REQUEST_COMPLETE_OUTCOMES_ISOLATED","docs/full-ui-interaction-sweep/screenshots/430/wash-request-create-submit-result.png"
"430","Мойка / завершение / ошибка команды","767","0","PASS","","REVIEWED_WASH_REQUEST_COMPLETE_OUTCOMES_ISOLATED","docs/full-ui-interaction-sweep/screenshots/430/wash-complete-submit-error.png"
"430","Мойка / завершение / архивный результат","447","0","PASS","","REVIEWED_WASH_REQUEST_COMPLETE_OUTCOMES_ISOLATED","docs/full-ui-interaction-sweep/screenshots/430/wash-complete-archive-result.png"
"430","Мойка / завершенная / результат после reload","448","0","PASS","","REVIEWED_WASH_REQUEST_COMPLETE_OUTCOMES_ISOLATED","docs/full-ui-interaction-sweep/screenshots/430/wash-complete-reload-detail.png"
"desktop","Мойка / фото или комментарий / ошибка сохранения","1059","0","PASS","","REVIEWED_WASH_MESSAGE_OKK_OUTCOMES_ISOLATED","docs/full-ui-interaction-sweep/screenshots/desktop/wash-message-submit-error.png"
"desktop","Мойка / фото или комментарий / результат","767","0","PASS","","REVIEWED_WASH_MESSAGE_OKK_OUTCOMES_ISOLATED","docs/full-ui-interaction-sweep/screenshots/desktop/wash-message-submit-result.png"
"desktop","Мойка / фото или комментарий / после reload","767","0","PASS","","REVIEWED_WASH_MESSAGE_OKK_OUTCOMES_ISOLATED","docs/full-ui-interaction-sweep/screenshots/desktop/wash-message-reload-result.png"
"desktop","Мойка / ОКК-проверка / ошибка сохранения","1214","0","PASS","","REVIEWED_WASH_MESSAGE_OKK_OUTCOMES_ISOLATED","docs/full-ui-interaction-sweep/screenshots/desktop/wash-okk-submit-error.png"
"desktop","Мойка / ОКК-проверка / результат","800","0","PASS","","REVIEWED_WASH_MESSAGE_OKK_OUTCOMES_ISOLATED","docs/full-ui-interaction-sweep/screenshots/desktop/wash-okk-submit-result.png"
"desktop","Мойка / ОКК-проверка / после reload","800","0","PASS","","REVIEWED_WASH_MESSAGE_OKK_OUTCOMES_ISOLATED","docs/full-ui-interaction-sweep/screenshots/desktop/wash-okk-reload-result.png"
"360","Мойка / фото или комментарий / ошибка сохранения","825","0","PASS","","REVIEWED_WASH_MESSAGE_OKK_OUTCOMES_ISOLATED","docs/full-ui-interaction-sweep/screenshots/360/wash-message-submit-error.png"
"360","Мойка / фото или комментарий / результат","533","0","PASS","","REVIEWED_WASH_MESSAGE_OKK_OUTCOMES_ISOLATED","docs/full-ui-interaction-sweep/screenshots/360/wash-message-submit-result.png"
"360","Мойка / фото или комментарий / после reload","533","0","PASS","","REVIEWED_WASH_MESSAGE_OKK_OUTCOMES_ISOLATED","docs/full-ui-interaction-sweep/screenshots/360/wash-message-reload-result.png"
"360","Мойка / ОКК-проверка / ошибка сохранения","976","0","PASS","","REVIEWED_WASH_MESSAGE_OKK_OUTCOMES_ISOLATED","docs/full-ui-interaction-sweep/screenshots/360/wash-okk-submit-error.png"
"360","Мойка / ОКК-проверка / результат","566","0","PASS","","REVIEWED_WASH_MESSAGE_OKK_OUTCOMES_ISOLATED","docs/full-ui-interaction-sweep/screenshots/360/wash-okk-submit-result.png"
"360","Мойка / ОКК-проверка / после reload","566","0","PASS","","REVIEWED_WASH_MESSAGE_OKK_OUTCOMES_ISOLATED","docs/full-ui-interaction-sweep/screenshots/360/wash-okk-reload-result.png"
"390","Мойка / фото или комментарий / ошибка сохранения","833","0","PASS","","REVIEWED_WASH_MESSAGE_OKK_OUTCOMES_ISOLATED","docs/full-ui-interaction-sweep/screenshots/390/wash-message-submit-error.png"
"390","Мойка / фото или комментарий / результат","541","0","PASS","","REVIEWED_WASH_MESSAGE_OKK_OUTCOMES_ISOLATED","docs/full-ui-interaction-sweep/screenshots/390/wash-message-submit-result.png"
"390","Мойка / фото или комментарий / после reload","541","0","PASS","","REVIEWED_WASH_MESSAGE_OKK_OUTCOMES_ISOLATED","docs/full-ui-interaction-sweep/screenshots/390/wash-message-reload-result.png"
"390","Мойка / ОКК-проверка / ошибка сохранения","984","0","PASS","","REVIEWED_WASH_MESSAGE_OKK_OUTCOMES_ISOLATED","docs/full-ui-interaction-sweep/screenshots/390/wash-okk-submit-error.png"
"390","Мойка / ОКК-проверка / результат","574","0","PASS","","REVIEWED_WASH_MESSAGE_OKK_OUTCOMES_ISOLATED","docs/full-ui-interaction-sweep/screenshots/390/wash-okk-submit-result.png"
"390","Мойка / ОКК-проверка / после reload","574","0","PASS","","REVIEWED_WASH_MESSAGE_OKK_OUTCOMES_ISOLATED","docs/full-ui-interaction-sweep/screenshots/390/wash-okk-reload-result.png"
"430","Мойка / фото или комментарий / ошибка сохранения","833","0","PASS","","REVIEWED_WASH_MESSAGE_OKK_OUTCOMES_ISOLATED","docs/full-ui-interaction-sweep/screenshots/430/wash-message-submit-error.png"
"430","Мойка / фото или комментарий / результат","541","0","PASS","","REVIEWED_WASH_MESSAGE_OKK_OUTCOMES_ISOLATED","docs/full-ui-interaction-sweep/screenshots/430/wash-message-submit-result.png"
"430","Мойка / фото или комментарий / после reload","541","0","PASS","","REVIEWED_WASH_MESSAGE_OKK_OUTCOMES_ISOLATED","docs/full-ui-interaction-sweep/screenshots/430/wash-message-reload-result.png"
"430","Мойка / ОКК-проверка / ошибка сохранения","984","0","PASS","","REVIEWED_WASH_MESSAGE_OKK_OUTCOMES_ISOLATED","docs/full-ui-interaction-sweep/screenshots/430/wash-okk-submit-error.png"
"430","Мойка / ОКК-проверка / результат","574","0","PASS","","REVIEWED_WASH_MESSAGE_OKK_OUTCOMES_ISOLATED","docs/full-ui-interaction-sweep/screenshots/430/wash-okk-submit-result.png"
"430","Мойка / ОКК-проверка / после reload","574","0","PASS","","REVIEWED_WASH_MESSAGE_OKK_OUTCOMES_ISOLATED","docs/full-ui-interaction-sweep/screenshots/430/wash-okk-reload-result.png"
"desktop","Мойка / запуск другого объекта / ошибка команды","778","0","PASS","","REVIEWED_WASH_START_OTHER_OUTCOME_ISOLATED","docs/full-ui-interaction-sweep/screenshots/desktop/wash-start-other-submit-error.png"
"desktop","Мойка / запуск другого объекта / результат","698","0","PASS","","REVIEWED_WASH_START_OTHER_OUTCOME_ISOLATED","docs/full-ui-interaction-sweep/screenshots/desktop/wash-start-other-submit-result.png"
"desktop","Мойка / другой объект / детали","724","0","PASS","","REVIEWED_WASH_START_OTHER_OUTCOME_ISOLATED","docs/full-ui-interaction-sweep/screenshots/desktop/wash-start-other-detail.png"
"desktop","Мойка / запуск другого объекта / после reload","698","0","PASS","","REVIEWED_WASH_START_OTHER_OUTCOME_ISOLATED","docs/full-ui-interaction-sweep/screenshots/desktop/wash-start-other-reload-result.png"
"360","Мойка / запуск другого объекта / ошибка команды","515","0","PASS","","REVIEWED_WASH_START_OTHER_OUTCOME_ISOLATED","docs/full-ui-interaction-sweep/screenshots/360/wash-start-other-submit-error.png"
"360","Мойка / запуск другого объекта / результат","431","0","PASS","","REVIEWED_WASH_START_OTHER_OUTCOME_ISOLATED","docs/full-ui-interaction-sweep/screenshots/360/wash-start-other-submit-result.png"
"360","Мойка / другой объект / детали","487","0","PASS","","REVIEWED_WASH_START_OTHER_OUTCOME_ISOLATED","docs/full-ui-interaction-sweep/screenshots/360/wash-start-other-detail.png"
"360","Мойка / запуск другого объекта / после reload","431","0","PASS","","REVIEWED_WASH_START_OTHER_OUTCOME_ISOLATED","docs/full-ui-interaction-sweep/screenshots/360/wash-start-other-reload-result.png"
"390","Мойка / запуск другого объекта / ошибка команды","523","0","PASS","","REVIEWED_WASH_START_OTHER_OUTCOME_ISOLATED","docs/full-ui-interaction-sweep/screenshots/390/wash-start-other-submit-error.png"
"390","Мойка / запуск другого объекта / результат","439","0","PASS","","REVIEWED_WASH_START_OTHER_OUTCOME_ISOLATED","docs/full-ui-interaction-sweep/screenshots/390/wash-start-other-submit-result.png"
"390","Мойка / другой объект / детали","495","0","PASS","","REVIEWED_WASH_START_OTHER_OUTCOME_ISOLATED","docs/full-ui-interaction-sweep/screenshots/390/wash-start-other-detail.png"
"390","Мойка / запуск другого объекта / после reload","439","0","PASS","","REVIEWED_WASH_START_OTHER_OUTCOME_ISOLATED","docs/full-ui-interaction-sweep/screenshots/390/wash-start-other-reload-result.png"
"430","Мойка / запуск другого объекта / ошибка команды","523","0","PASS","","REVIEWED_WASH_START_OTHER_OUTCOME_ISOLATED","docs/full-ui-interaction-sweep/screenshots/430/wash-start-other-submit-error.png"
"430","Мойка / запуск другого объекта / результат","439","0","PASS","","REVIEWED_WASH_START_OTHER_OUTCOME_ISOLATED","docs/full-ui-interaction-sweep/screenshots/430/wash-start-other-submit-result.png"
"430","Мойка / другой объект / детали","495","0","PASS","","REVIEWED_WASH_START_OTHER_OUTCOME_ISOLATED","docs/full-ui-interaction-sweep/screenshots/430/wash-start-other-detail.png"
"430","Мойка / запуск другого объекта / после reload","439","0","PASS","","REVIEWED_WASH_START_OTHER_OUTCOME_ISOLATED","docs/full-ui-interaction-sweep/screenshots/430/wash-start-other-reload-result.png"
"desktop","Чек-листы / пункт шаблона / мягкий архив","817","0","PASS","","REVIEWED_CHECKLISTS_SOFT_ARCHIVE_OUTCOMES_ISOLATED","docs/full-ui-interaction-sweep/screenshots/desktop/checklists-row-soft-archive-result.png"
"desktop","Чек-листы / пункт шаблона / мягкий архив после reload","805","0","PASS","","REVIEWED_CHECKLISTS_SOFT_ARCHIVE_OUTCOMES_ISOLATED","docs/full-ui-interaction-sweep/screenshots/desktop/checklists-row-soft-archive-reload.png"
"desktop","Чек-листы / шаблон / ошибка архивации","986","0","PASS","","REVIEWED_CHECKLISTS_SOFT_ARCHIVE_OUTCOMES_ISOLATED","docs/full-ui-interaction-sweep/screenshots/desktop/checklists-template-soft-archive-error.png"
"desktop","Чек-листы / шаблон архивирован / активная проверка сохранена","631","0","PASS","","REVIEWED_CHECKLISTS_SOFT_ARCHIVE_OUTCOMES_ISOLATED","docs/full-ui-interaction-sweep/screenshots/desktop/checklists-template-soft-archive-result.png"
"desktop","Чек-листы / архив шаблонов после reload","2079","0","PASS","","REVIEWED_CHECKLISTS_SOFT_ARCHIVE_OUTCOMES_ISOLATED","docs/full-ui-interaction-sweep/screenshots/desktop/checklists-template-soft-archive-reload.png"
"360","Чек-листы / пункт шаблона / мягкий архив","576","0","PASS","","REVIEWED_CHECKLISTS_SOFT_ARCHIVE_OUTCOMES_ISOLATED","docs/full-ui-interaction-sweep/screenshots/360/checklists-row-soft-archive-result.png"
"360","Чек-листы / пункт шаблона / мягкий архив после reload","576","0","PASS","","REVIEWED_CHECKLISTS_SOFT_ARCHIVE_OUTCOMES_ISOLATED","docs/full-ui-interaction-sweep/screenshots/360/checklists-row-soft-archive-reload.png"
"360","Чек-листы / шаблон / ошибка архивации","756","0","PASS","","REVIEWED_CHECKLISTS_SOFT_ARCHIVE_OUTCOMES_ISOLATED","docs/full-ui-interaction-sweep/screenshots/360/checklists-template-soft-archive-error.png"
"360","Чек-листы / шаблон архивирован / активная проверка сохранена","402","0","PASS","","REVIEWED_CHECKLISTS_SOFT_ARCHIVE_OUTCOMES_ISOLATED","docs/full-ui-interaction-sweep/screenshots/360/checklists-template-soft-archive-result.png"
"360","Чек-листы / архив шаблонов после reload","1850","0","PASS","","REVIEWED_CHECKLISTS_SOFT_ARCHIVE_OUTCOMES_ISOLATED","docs/full-ui-interaction-sweep/screenshots/360/checklists-template-soft-archive-reload.png"
"390","Чек-листы / пункт шаблона / мягкий архив","584","0","PASS","","REVIEWED_CHECKLISTS_SOFT_ARCHIVE_OUTCOMES_ISOLATED","docs/full-ui-interaction-sweep/screenshots/390/checklists-row-soft-archive-result.png"
"390","Чек-листы / пункт шаблона / мягкий архив после reload","584","0","PASS","","REVIEWED_CHECKLISTS_SOFT_ARCHIVE_OUTCOMES_ISOLATED","docs/full-ui-interaction-sweep/screenshots/390/checklists-row-soft-archive-reload.png"
"390","Чек-листы / шаблон / ошибка архивации","764","0","PASS","","REVIEWED_CHECKLISTS_SOFT_ARCHIVE_OUTCOMES_ISOLATED","docs/full-ui-interaction-sweep/screenshots/390/checklists-template-soft-archive-error.png"
"390","Чек-листы / шаблон архивирован / активная проверка сохранена","410","0","PASS","","REVIEWED_CHECKLISTS_SOFT_ARCHIVE_OUTCOMES_ISOLATED","docs/full-ui-interaction-sweep/screenshots/390/checklists-template-soft-archive-result.png"
"390","Чек-листы / архив шаблонов после reload","1858","0","PASS","","REVIEWED_CHECKLISTS_SOFT_ARCHIVE_OUTCOMES_ISOLATED","docs/full-ui-interaction-sweep/screenshots/390/checklists-template-soft-archive-reload.png"
"430","Чек-листы / пункт шаблона / мягкий архив","584","0","PASS","","REVIEWED_CHECKLISTS_SOFT_ARCHIVE_OUTCOMES_ISOLATED","docs/full-ui-interaction-sweep/screenshots/430/checklists-row-soft-archive-result.png"
"430","Чек-листы / пункт шаблона / мягкий архив после reload","584","0","PASS","","REVIEWED_CHECKLISTS_SOFT_ARCHIVE_OUTCOMES_ISOLATED","docs/full-ui-interaction-sweep/screenshots/430/checklists-row-soft-archive-reload.png"
"430","Чек-листы / шаблон / ошибка архивации","764","0","PASS","","REVIEWED_CHECKLISTS_SOFT_ARCHIVE_OUTCOMES_ISOLATED","docs/full-ui-interaction-sweep/screenshots/430/checklists-template-soft-archive-error.png"
"430","Чек-листы / шаблон архивирован / активная проверка сохранена","410","0","PASS","","REVIEWED_CHECKLISTS_SOFT_ARCHIVE_OUTCOMES_ISOLATED","docs/full-ui-interaction-sweep/screenshots/430/checklists-template-soft-archive-result.png"
"430","Чек-листы / архив шаблонов после reload","1858","0","PASS","","REVIEWED_CHECKLISTS_SOFT_ARCHIVE_OUTCOMES_ISOLATED","docs/full-ui-interaction-sweep/screenshots/430/checklists-template-soft-archive-reload.png"
"desktop","Админка / черновик должности","7114","0","PASS","","REVIEWED_ADMIN_ORGANIZATION_DRAFTS_READONLY","docs/full-ui-interaction-sweep/screenshots/desktop/admin-job-title-create-draft.png"
"desktop","Админка / локальный тип отдела","3391","0","PASS","","REVIEWED_ADMIN_ORGANIZATION_DRAFTS_READONLY","docs/full-ui-interaction-sweep/screenshots/desktop/admin-department-local-type.png"
"desktop","Админка / черновик отдела","3391","0","PASS","","REVIEWED_ADMIN_ORGANIZATION_DRAFTS_READONLY","docs/full-ui-interaction-sweep/screenshots/desktop/admin-department-create-draft.png"
"360","Админка / черновик должности","6886","0","PASS","","REVIEWED_ADMIN_ORGANIZATION_DRAFTS_READONLY","docs/full-ui-interaction-sweep/screenshots/360/admin-job-title-create-draft.png"
"360","Админка / локальный тип отдела","3163","0","PASS","","REVIEWED_ADMIN_ORGANIZATION_DRAFTS_READONLY","docs/full-ui-interaction-sweep/screenshots/360/admin-department-local-type.png"
"360","Админка / черновик отдела","3163","0","PASS","","REVIEWED_ADMIN_ORGANIZATION_DRAFTS_READONLY","docs/full-ui-interaction-sweep/screenshots/360/admin-department-create-draft.png"
"390","Админка / черновик должности","6894","0","PASS","","REVIEWED_ADMIN_ORGANIZATION_DRAFTS_READONLY","docs/full-ui-interaction-sweep/screenshots/390/admin-job-title-create-draft.png"
"390","Админка / локальный тип отдела","3171","0","PASS","","REVIEWED_ADMIN_ORGANIZATION_DRAFTS_READONLY","docs/full-ui-interaction-sweep/screenshots/390/admin-department-local-type.png"
"390","Админка / черновик отдела","3171","0","PASS","","REVIEWED_ADMIN_ORGANIZATION_DRAFTS_READONLY","docs/full-ui-interaction-sweep/screenshots/390/admin-department-create-draft.png"
"430","Админка / черновик должности","6894","0","PASS","","REVIEWED_ADMIN_ORGANIZATION_DRAFTS_READONLY","docs/full-ui-interaction-sweep/screenshots/430/admin-job-title-create-draft.png"
"430","Админка / локальный тип отдела","3171","0","PASS","","REVIEWED_ADMIN_ORGANIZATION_DRAFTS_READONLY","docs/full-ui-interaction-sweep/screenshots/430/admin-department-local-type.png"
"430","Админка / черновик отдела","3171","0","PASS","","REVIEWED_ADMIN_ORGANIZATION_DRAFTS_READONLY","docs/full-ui-interaction-sweep/screenshots/430/admin-department-create-draft.png"
"desktop","Админка / черновик рабочей зоны","5446","0","PASS","","REVIEWED_ADMIN_WORK_AREA_DRAFTS_READONLY","docs/full-ui-interaction-sweep/screenshots/desktop/admin-work-area-create-draft.png"
"desktop","Админка / черновик позиции рабочей зоны","5446","0","PASS","","REVIEWED_ADMIN_WORK_AREA_DRAFTS_READONLY","docs/full-ui-interaction-sweep/screenshots/desktop/admin-work-area-position-create-draft.png"
"desktop","Админка / черновик позиции рабочей зоны / нижние действия","5446","0","PASS","","REVIEWED_ADMIN_WORK_AREA_DRAFTS_READONLY","docs/full-ui-interaction-sweep/screenshots/desktop/admin-work-area-position-create-draft-lower.png"
"360","Админка / черновик рабочей зоны","5218","0","PASS","","REVIEWED_ADMIN_WORK_AREA_DRAFTS_READONLY","docs/full-ui-interaction-sweep/screenshots/360/admin-work-area-create-draft.png"
"360","Админка / черновик позиции рабочей зоны","5218","0","PASS","","REVIEWED_ADMIN_WORK_AREA_DRAFTS_READONLY","docs/full-ui-interaction-sweep/screenshots/360/admin-work-area-position-create-draft.png"
"360","Админка / черновик позиции рабочей зоны / нижние действия","5218","0","PASS","","REVIEWED_ADMIN_WORK_AREA_DRAFTS_READONLY","docs/full-ui-interaction-sweep/screenshots/360/admin-work-area-position-create-draft-lower.png"
"390","Админка / черновик рабочей зоны","5226","0","PASS","","REVIEWED_ADMIN_WORK_AREA_DRAFTS_READONLY","docs/full-ui-interaction-sweep/screenshots/390/admin-work-area-create-draft.png"
"390","Админка / черновик позиции рабочей зоны","5226","0","PASS","","REVIEWED_ADMIN_WORK_AREA_DRAFTS_READONLY","docs/full-ui-interaction-sweep/screenshots/390/admin-work-area-position-create-draft.png"
"390","Админка / черновик позиции рабочей зоны / нижние действия","5226","0","PASS","","REVIEWED_ADMIN_WORK_AREA_DRAFTS_READONLY","docs/full-ui-interaction-sweep/screenshots/390/admin-work-area-position-create-draft-lower.png"
"430","Админка / черновик рабочей зоны","5226","0","PASS","","REVIEWED_ADMIN_WORK_AREA_DRAFTS_READONLY","docs/full-ui-interaction-sweep/screenshots/430/admin-work-area-create-draft.png"
"430","Админка / черновик позиции рабочей зоны","5226","0","PASS","","REVIEWED_ADMIN_WORK_AREA_DRAFTS_READONLY","docs/full-ui-interaction-sweep/screenshots/430/admin-work-area-position-create-draft.png"
"430","Админка / черновик позиции рабочей зоны / нижние действия","5226","0","PASS","","REVIEWED_ADMIN_WORK_AREA_DRAFTS_READONLY","docs/full-ui-interaction-sweep/screenshots/430/admin-work-area-position-create-draft-lower.png"
"desktop","Админка / новый завод / копирование","19440","0","PASS","","REVIEWED_ADMIN_FACTORY_CREATE_DRAFT_READONLY","docs/full-ui-interaction-sweep/screenshots/desktop/admin-factory-create-copy-draft.png"
"desktop","Админка / новый завод / пустой","18927","0","PASS","","REVIEWED_ADMIN_FACTORY_CREATE_DRAFT_READONLY","docs/full-ui-interaction-sweep/screenshots/desktop/admin-factory-create-empty-draft.png"
"360","Админка / новый завод / копирование","19212","0","PASS","","REVIEWED_ADMIN_FACTORY_CREATE_DRAFT_READONLY","docs/full-ui-interaction-sweep/screenshots/360/admin-factory-create-copy-draft.png"
"360","Админка / новый завод / пустой","18699","0","PASS","","REVIEWED_ADMIN_FACTORY_CREATE_DRAFT_READONLY","docs/full-ui-interaction-sweep/screenshots/360/admin-factory-create-empty-draft.png"
"390","Админка / новый завод / копирование","19220","0","PASS","","REVIEWED_ADMIN_FACTORY_CREATE_DRAFT_READONLY","docs/full-ui-interaction-sweep/screenshots/390/admin-factory-create-copy-draft.png"
"390","Админка / новый завод / пустой","18707","0","PASS","","REVIEWED_ADMIN_FACTORY_CREATE_DRAFT_READONLY","docs/full-ui-interaction-sweep/screenshots/390/admin-factory-create-empty-draft.png"
"430","Админка / новый завод / копирование","19220","0","PASS","","REVIEWED_ADMIN_FACTORY_CREATE_DRAFT_READONLY","docs/full-ui-interaction-sweep/screenshots/430/admin-factory-create-copy-draft.png"
"430","Админка / новый завод / пустой","18707","0","PASS","","REVIEWED_ADMIN_FACTORY_CREATE_DRAFT_READONLY","docs/full-ui-interaction-sweep/screenshots/430/admin-factory-create-empty-draft.png"
"desktop","Админка / черновик позиции линии","5048","0","PASS","","REVIEWED_AFTER_UI_SWEEP_049","docs/full-ui-interaction-sweep/screenshots/desktop/admin-line-position-create-draft.png"
"360","Админка / черновик позиции линии","4820","0","PASS","","REVIEWED_AFTER_UI_SWEEP_049","docs/full-ui-interaction-sweep/screenshots/360/admin-line-position-create-draft.png"
"390","Админка / черновик позиции линии","4828","0","PASS","","REVIEWED_AFTER_UI_SWEEP_049","docs/full-ui-interaction-sweep/screenshots/390/admin-line-position-create-draft.png"
"430","Админка / черновик позиции линии","4828","0","PASS","","REVIEWED_AFTER_UI_SWEEP_049","docs/full-ui-interaction-sweep/screenshots/430/admin-line-position-create-draft.png"
"desktop","Админка / матрица роли / локальный черновик","7265","0","PASS","","REVIEWED_ADMIN_ROLE_PERMISSIONS_DRAFT_READONLY","docs/full-ui-interaction-sweep/screenshots/desktop/admin-role-permissions-draft.png"
"desktop","Админка / матрица роли / предпросмотр","7283","0","PASS","","REVIEWED_ADMIN_ROLE_PERMISSIONS_DRAFT_READONLY","docs/full-ui-interaction-sweep/screenshots/desktop/admin-role-permissions-preview.png"
"360","Админка / матрица роли / локальный черновик","7037","0","PASS","","REVIEWED_ADMIN_ROLE_PERMISSIONS_DRAFT_READONLY","docs/full-ui-interaction-sweep/screenshots/360/admin-role-permissions-draft.png"
"360","Админка / матрица роли / предпросмотр","7055","0","PASS","","REVIEWED_ADMIN_ROLE_PERMISSIONS_DRAFT_READONLY","docs/full-ui-interaction-sweep/screenshots/360/admin-role-permissions-preview.png"
"390","Админка / матрица роли / локальный черновик","7045","0","PASS","","REVIEWED_ADMIN_ROLE_PERMISSIONS_DRAFT_READONLY","docs/full-ui-interaction-sweep/screenshots/390/admin-role-permissions-draft.png"
"390","Админка / матрица роли / предпросмотр","7063","0","PASS","","REVIEWED_ADMIN_ROLE_PERMISSIONS_DRAFT_READONLY","docs/full-ui-interaction-sweep/screenshots/390/admin-role-permissions-preview.png"
"430","Админка / матрица роли / локальный черновик","7045","0","PASS","","REVIEWED_ADMIN_ROLE_PERMISSIONS_DRAFT_READONLY","docs/full-ui-interaction-sweep/screenshots/430/admin-role-permissions-draft.png"
"430","Админка / матрица роли / предпросмотр","7063","0","PASS","","REVIEWED_ADMIN_ROLE_PERMISSIONS_DRAFT_READONLY","docs/full-ui-interaction-sweep/screenshots/430/admin-role-permissions-preview.png"
"desktop","Админка / линии / локальный черновик","3019","0","PASS","","REVIEWED_ADMIN_LINES_LOCAL_NAVIGATION_READONLY","docs/full-ui-interaction-sweep/screenshots/desktop/admin-lines-create-draft.png"
"desktop","Админка / линия / управление","3398","0","PASS","","REVIEWED_ADMIN_LINES_LOCAL_NAVIGATION_READONLY","docs/full-ui-interaction-sweep/screenshots/desktop/admin-lines-management-open.png"
"desktop","Админка / линия / счётчик шаблона","3398","0","PASS","","REVIEWED_ADMIN_LINES_LOCAL_NAVIGATION_READONLY","docs/full-ui-interaction-sweep/screenshots/desktop/admin-lines-inline-template-count.png"
"desktop","Админка / линия / контекст позиций","5048","0","PASS","","REVIEWED_ADMIN_LINES_LOCAL_NAVIGATION_READONLY","docs/full-ui-interaction-sweep/screenshots/desktop/admin-lines-position-context.png"
"desktop","Админка / линия / контекст шаблона","5503","0","PASS","","REVIEWED_ADMIN_LINES_LOCAL_NAVIGATION_READONLY","docs/full-ui-interaction-sweep/screenshots/desktop/admin-lines-template-context.png"
"360","Админка / линии / локальный черновик","2791","0","PASS","","REVIEWED_ADMIN_LINES_LOCAL_NAVIGATION_READONLY","docs/full-ui-interaction-sweep/screenshots/360/admin-lines-create-draft.png"
"360","Админка / линия / управление","3170","0","PASS","","REVIEWED_ADMIN_LINES_LOCAL_NAVIGATION_READONLY","docs/full-ui-interaction-sweep/screenshots/360/admin-lines-management-open.png"
"360","Админка / линия / счётчик шаблона","3170","0","PASS","","REVIEWED_ADMIN_LINES_LOCAL_NAVIGATION_READONLY","docs/full-ui-interaction-sweep/screenshots/360/admin-lines-inline-template-count.png"
"360","Админка / линия / контекст позиций","4820","0","PASS","","REVIEWED_ADMIN_LINES_LOCAL_NAVIGATION_READONLY","docs/full-ui-interaction-sweep/screenshots/360/admin-lines-position-context.png"
"360","Админка / линия / контекст шаблона","5251","0","PASS","","REVIEWED_ADMIN_LINES_LOCAL_NAVIGATION_READONLY","docs/full-ui-interaction-sweep/screenshots/360/admin-lines-template-context.png"
"390","Админка / линии / локальный черновик","2799","0","PASS","","REVIEWED_ADMIN_LINES_LOCAL_NAVIGATION_READONLY","docs/full-ui-interaction-sweep/screenshots/390/admin-lines-create-draft.png"
"390","Админка / линия / управление","3178","0","PASS","","REVIEWED_ADMIN_LINES_LOCAL_NAVIGATION_READONLY","docs/full-ui-interaction-sweep/screenshots/390/admin-lines-management-open.png"
"390","Админка / линия / счётчик шаблона","3178","0","PASS","","REVIEWED_ADMIN_LINES_LOCAL_NAVIGATION_READONLY","docs/full-ui-interaction-sweep/screenshots/390/admin-lines-inline-template-count.png"
"390","Админка / линия / контекст позиций","4828","0","PASS","","REVIEWED_ADMIN_LINES_LOCAL_NAVIGATION_READONLY","docs/full-ui-interaction-sweep/screenshots/390/admin-lines-position-context.png"
"390","Админка / линия / контекст шаблона","5259","0","PASS","","REVIEWED_ADMIN_LINES_LOCAL_NAVIGATION_READONLY","docs/full-ui-interaction-sweep/screenshots/390/admin-lines-template-context.png"
"430","Админка / линии / локальный черновик","2799","0","PASS","","REVIEWED_ADMIN_LINES_LOCAL_NAVIGATION_READONLY","docs/full-ui-interaction-sweep/screenshots/430/admin-lines-create-draft.png"
"430","Админка / линия / управление","3178","0","PASS","","REVIEWED_ADMIN_LINES_LOCAL_NAVIGATION_READONLY","docs/full-ui-interaction-sweep/screenshots/430/admin-lines-management-open.png"
"430","Админка / линия / счётчик шаблона","3178","0","PASS","","REVIEWED_ADMIN_LINES_LOCAL_NAVIGATION_READONLY","docs/full-ui-interaction-sweep/screenshots/430/admin-lines-inline-template-count.png"
"430","Админка / линия / контекст позиций","4828","0","PASS","","REVIEWED_ADMIN_LINES_LOCAL_NAVIGATION_READONLY","docs/full-ui-interaction-sweep/screenshots/430/admin-lines-position-context.png"
"430","Админка / линия / контекст шаблона","5259","0","PASS","","REVIEWED_ADMIN_LINES_LOCAL_NAVIGATION_READONLY","docs/full-ui-interaction-sweep/screenshots/430/admin-lines-template-context.png"
"desktop","Админка / родитель должности","7160","0","PASS","","REVIEWED_ADMIN_ORGANIZATION_HIERARCHY_READONLY","docs/full-ui-interaction-sweep/screenshots/desktop/admin-job-title-parent-selected.png"
"desktop","Админка / черновик фирмы","7160","0","FAIL","diagnostic-marker: UI-SWEEP-050: ordinary Admin list exposes deactivated pilot-fix-plast3 regression companies named Временная фирма А <runId>.","REVIEWED_OPEN_FINDING_UI_SWEEP_050","docs/full-ui-interaction-sweep/screenshots/desktop/admin-external-company-create-draft.png"
"360","Админка / родитель должности","6932","0","PASS","","REVIEWED_ADMIN_ORGANIZATION_HIERARCHY_READONLY","docs/full-ui-interaction-sweep/screenshots/360/admin-job-title-parent-selected.png"
"360","Админка / черновик фирмы","6932","0","FAIL","diagnostic-marker: UI-SWEEP-050: ordinary Admin list exposes deactivated pilot-fix-plast3 regression companies named Временная фирма А <runId>.","REVIEWED_OPEN_FINDING_UI_SWEEP_050","docs/full-ui-interaction-sweep/screenshots/360/admin-external-company-create-draft.png"
"390","Админка / родитель должности","6940","0","PASS","","REVIEWED_ADMIN_ORGANIZATION_HIERARCHY_READONLY","docs/full-ui-interaction-sweep/screenshots/390/admin-job-title-parent-selected.png"
"390","Админка / черновик фирмы","6940","0","FAIL","diagnostic-marker: UI-SWEEP-050: ordinary Admin list exposes deactivated pilot-fix-plast3 regression companies named Временная фирма А <runId>.","REVIEWED_OPEN_FINDING_UI_SWEEP_050","docs/full-ui-interaction-sweep/screenshots/390/admin-external-company-create-draft.png"
"430","Админка / родитель должности","6940","0","PASS","","REVIEWED_ADMIN_ORGANIZATION_HIERARCHY_READONLY","docs/full-ui-interaction-sweep/screenshots/430/admin-job-title-parent-selected.png"
"430","Админка / черновик фирмы","6940","0","FAIL","diagnostic-marker: UI-SWEEP-050: ordinary Admin list exposes deactivated pilot-fix-plast3 regression companies named Временная фирма А <runId>.","REVIEWED_OPEN_FINDING_UI_SWEEP_050","docs/full-ui-interaction-sweep/screenshots/430/admin-external-company-create-draft.png"
"desktop","Админка / черновик существующей должности","7114","0","PASS","","REVIEWED_AFTER_UI_SWEEP_051","docs/full-ui-interaction-sweep/screenshots/desktop/admin-existing-job-title-draft.png"
"desktop","Админка / подтверждение отключения должности","7369","0","PASS","","REVIEWED_AFTER_UI_SWEEP_051","docs/full-ui-interaction-sweep/screenshots/desktop/admin-existing-job-title-disable-confirm.png"
"360","Админка / черновик существующей должности","6886","0","PASS","","REVIEWED_AFTER_UI_SWEEP_051","docs/full-ui-interaction-sweep/screenshots/360/admin-existing-job-title-draft.png"
"360","Админка / подтверждение отключения должности","7141","0","PASS","","REVIEWED_AFTER_UI_SWEEP_051","docs/full-ui-interaction-sweep/screenshots/360/admin-existing-job-title-disable-confirm.png"
"390","Админка / черновик существующей должности","6894","0","PASS","","REVIEWED_AFTER_UI_SWEEP_051","docs/full-ui-interaction-sweep/screenshots/390/admin-existing-job-title-draft.png"
"390","Админка / подтверждение отключения должности","7149","0","PASS","","REVIEWED_AFTER_UI_SWEEP_051","docs/full-ui-interaction-sweep/screenshots/390/admin-existing-job-title-disable-confirm.png"
"430","Админка / черновик существующей должности","6894","0","PASS","","REVIEWED_AFTER_UI_SWEEP_051","docs/full-ui-interaction-sweep/screenshots/430/admin-existing-job-title-draft.png"
"430","Админка / подтверждение отключения должности","7149","0","PASS","","REVIEWED_AFTER_UI_SWEEP_051","docs/full-ui-interaction-sweep/screenshots/430/admin-existing-job-title-disable-confirm.png"
"desktop","Админка / подтверждение отключения фирмы","7361","0","PASS","","REVIEWED","docs/full-ui-interaction-sweep/screenshots/desktop/admin-external-company-disable-confirm.png"
"desktop","Админка / подтверждение восстановления фирмы","7299","0","PASS","","REVIEWED_OPEN_FINDING_UI_SWEEP_050","docs/full-ui-interaction-sweep/screenshots/desktop/admin-external-company-restore-confirm.png"
"360","Админка / подтверждение отключения фирмы","7133","0","PASS","","REVIEWED","docs/full-ui-interaction-sweep/screenshots/360/admin-external-company-disable-confirm.png"
"360","Админка / подтверждение восстановления фирмы","7071","0","PASS","","REVIEWED_OPEN_FINDING_UI_SWEEP_050","docs/full-ui-interaction-sweep/screenshots/360/admin-external-company-restore-confirm.png"
"390","Админка / подтверждение отключения фирмы","7141","0","PASS","","REVIEWED","docs/full-ui-interaction-sweep/screenshots/390/admin-external-company-disable-confirm.png"
"390","Админка / подтверждение восстановления фирмы","7079","0","PASS","","REVIEWED_OPEN_FINDING_UI_SWEEP_050","docs/full-ui-interaction-sweep/screenshots/390/admin-external-company-restore-confirm.png"
"430","Админка / подтверждение отключения фирмы","7141","0","PASS","","REVIEWED","docs/full-ui-interaction-sweep/screenshots/430/admin-external-company-disable-confirm.png"
"430","Админка / подтверждение восстановления фирмы","7079","0","PASS","","REVIEWED_OPEN_FINDING_UI_SWEEP_050","docs/full-ui-interaction-sweep/screenshots/430/admin-external-company-restore-confirm.png"
"desktop","Админка / подтверждение отключения отдела","3622","0","PASS","","REVIEWED","docs/full-ui-interaction-sweep/screenshots/desktop/admin-department-disable-confirm.png"
"360","Админка / подтверждение отключения отдела","3394","0","PASS","","REVIEWED","docs/full-ui-interaction-sweep/screenshots/360/admin-department-disable-confirm.png"
"390","Админка / подтверждение отключения отдела","3402","0","PASS","","REVIEWED","docs/full-ui-interaction-sweep/screenshots/390/admin-department-disable-confirm.png"
"430","Админка / подтверждение отключения отдела","3402","0","PASS","","REVIEWED","docs/full-ui-interaction-sweep/screenshots/430/admin-department-disable-confirm.png"
"desktop","Админка / подтверждение отключения линии","3653","0","PASS","","REVIEWED","docs/full-ui-interaction-sweep/screenshots/desktop/admin-line-disable-confirm.png"
"360","Админка / подтверждение отключения линии","3425","0","PASS","","REVIEWED","docs/full-ui-interaction-sweep/screenshots/360/admin-line-disable-confirm.png"
"390","Админка / подтверждение отключения линии","3433","0","PASS","","REVIEWED","docs/full-ui-interaction-sweep/screenshots/390/admin-line-disable-confirm.png"
"430","Админка / подтверждение отключения линии","3433","0","PASS","","REVIEWED","docs/full-ui-interaction-sweep/screenshots/430/admin-line-disable-confirm.png"
"desktop","Админка / подтверждение отключения позиции линии","5293","0","PASS","","REVIEWED","docs/full-ui-interaction-sweep/screenshots/desktop/admin-line-position-disable-confirm.png"
"360","Админка / подтверждение отключения позиции линии","5065","0","PASS","","REVIEWED","docs/full-ui-interaction-sweep/screenshots/360/admin-line-position-disable-confirm.png"
"390","Админка / подтверждение отключения позиции линии","5073","0","PASS","","REVIEWED","docs/full-ui-interaction-sweep/screenshots/390/admin-line-position-disable-confirm.png"
"430","Админка / подтверждение отключения позиции линии","5073","0","PASS","","REVIEWED","docs/full-ui-interaction-sweep/screenshots/430/admin-line-position-disable-confirm.png"
"desktop","Админка / подтверждение отключения рабочей зоны","5665","0","PASS","","REVIEWED","docs/full-ui-interaction-sweep/screenshots/desktop/admin-work-area-disable-confirm.png"
"desktop","Админка / подтверждение отключения позиции рабочей зоны","5642","0","PASS","","REVIEWED","docs/full-ui-interaction-sweep/screenshots/desktop/admin-work-area-position-disable-confirm.png"
"360","Админка / подтверждение отключения рабочей зоны","5437","0","PASS","","REVIEWED","docs/full-ui-interaction-sweep/screenshots/360/admin-work-area-disable-confirm.png"
"360","Админка / подтверждение отключения позиции рабочей зоны","5414","0","PASS","","REVIEWED","docs/full-ui-interaction-sweep/screenshots/360/admin-work-area-position-disable-confirm.png"
"390","Админка / подтверждение отключения рабочей зоны","5445","0","PASS","","REVIEWED","docs/full-ui-interaction-sweep/screenshots/390/admin-work-area-disable-confirm.png"
"390","Админка / подтверждение отключения позиции рабочей зоны","5422","0","PASS","","REVIEWED","docs/full-ui-interaction-sweep/screenshots/390/admin-work-area-position-disable-confirm.png"
"430","Админка / подтверждение отключения рабочей зоны","5445","0","PASS","","REVIEWED","docs/full-ui-interaction-sweep/screenshots/430/admin-work-area-disable-confirm.png"
"430","Админка / подтверждение отключения позиции рабочей зоны","5422","0","PASS","","REVIEWED","docs/full-ui-interaction-sweep/screenshots/430/admin-work-area-position-disable-confirm.png"
"desktop","Админка / подтверждение отключения шаблона состава","5665","0","PASS","","REVIEWED","docs/full-ui-interaction-sweep/screenshots/desktop/admin-staffing-template-disable-confirm.png"
"360","Админка / подтверждение отключения шаблона состава","5437","0","PASS","","REVIEWED","docs/full-ui-interaction-sweep/screenshots/360/admin-staffing-template-disable-confirm.png"
"390","Админка / подтверждение отключения шаблона состава","5445","0","PASS","","REVIEWED","docs/full-ui-interaction-sweep/screenshots/390/admin-staffing-template-disable-confirm.png"
"430","Админка / подтверждение отключения шаблона состава","5445","0","PASS","","REVIEWED","docs/full-ui-interaction-sweep/screenshots/430/admin-staffing-template-disable-confirm.png"
"desktop","Админка / локальная копия шаблона состава","5516","0","PASS","","REVIEWED","docs/full-ui-interaction-sweep/screenshots/desktop/admin-staffing-template-duplicate-draft.png"
"360","Админка / локальная копия шаблона состава","5264","0","PASS","","REVIEWED","docs/full-ui-interaction-sweep/screenshots/360/admin-staffing-template-duplicate-draft.png"
"390","Админка / локальная копия шаблона состава","5272","0","PASS","","REVIEWED","docs/full-ui-interaction-sweep/screenshots/390/admin-staffing-template-duplicate-draft.png"
"430","Админка / локальная копия шаблона состава","5272","0","PASS","","REVIEWED","docs/full-ui-interaction-sweep/screenshots/430/admin-staffing-template-duplicate-draft.png"
"desktop","Сообщить об ошибке / загрузка вложения","770","0","PASS","","REVIEWED_AFTER_UI_SWEEP_054_055","docs/full-ui-interaction-sweep/screenshots/desktop/report-upload-progress.png"
"desktop","Сообщить об ошибке / загрузка отменена","876","0","PASS","","REVIEWED_AFTER_UI_SWEEP_054_055","docs/full-ui-interaction-sweep/screenshots/desktop/report-upload-cancelled.png"
"desktop","Сообщить об ошибке / Back при отменённой загрузке","986","0","PASS","","REVIEWED_AFTER_UI_SWEEP_054_055","docs/full-ui-interaction-sweep/screenshots/desktop/report-upload-back-confirm.png"
"desktop","Сообщить об ошибке / повтор загрузки завершён","711","0","PASS","","REVIEWED_AFTER_UI_SWEEP_054_055","docs/full-ui-interaction-sweep/screenshots/desktop/report-upload-retry-success.png"
"360","Сообщить об ошибке / загрузка вложения","665","0","PASS","","REVIEWED_AFTER_UI_SWEEP_054_055","docs/full-ui-interaction-sweep/screenshots/360/report-upload-progress.png"
"360","Сообщить об ошибке / загрузка отменена","771","0","PASS","","REVIEWED_AFTER_UI_SWEEP_054_055","docs/full-ui-interaction-sweep/screenshots/360/report-upload-cancelled.png"
"360","Сообщить об ошибке / Back при отменённой загрузке","881","0","PASS","","REVIEWED_AFTER_UI_SWEEP_054_055","docs/full-ui-interaction-sweep/screenshots/360/report-upload-back-confirm.png"
"360","Сообщить об ошибке / повтор загрузки завершён","614","0","PASS","","REVIEWED_AFTER_UI_SWEEP_054_055","docs/full-ui-interaction-sweep/screenshots/360/report-upload-retry-success.png"
"390","Сообщить об ошибке / загрузка вложения","673","0","PASS","","REVIEWED_AFTER_UI_SWEEP_054_055","docs/full-ui-interaction-sweep/screenshots/390/report-upload-progress.png"
"390","Сообщить об ошибке / загрузка отменена","779","0","PASS","","REVIEWED_AFTER_UI_SWEEP_054_055","docs/full-ui-interaction-sweep/screenshots/390/report-upload-cancelled.png"
"390","Сообщить об ошибке / Back при отменённой загрузке","889","0","PASS","","REVIEWED_AFTER_UI_SWEEP_054_055","docs/full-ui-interaction-sweep/screenshots/390/report-upload-back-confirm.png"
"390","Сообщить об ошибке / повтор загрузки завершён","622","0","PASS","","REVIEWED_AFTER_UI_SWEEP_054_055","docs/full-ui-interaction-sweep/screenshots/390/report-upload-retry-success.png"
"430","Сообщить об ошибке / загрузка вложения","673","0","PASS","","REVIEWED_AFTER_UI_SWEEP_054_055","docs/full-ui-interaction-sweep/screenshots/430/report-upload-progress.png"
"430","Сообщить об ошибке / загрузка отменена","779","0","PASS","","REVIEWED_AFTER_UI_SWEEP_054_055","docs/full-ui-interaction-sweep/screenshots/430/report-upload-cancelled.png"
"430","Сообщить об ошибке / Back при отменённой загрузке","889","0","PASS","","REVIEWED_AFTER_UI_SWEEP_054_055","docs/full-ui-interaction-sweep/screenshots/430/report-upload-back-confirm.png"
"430","Сообщить об ошибке / повтор загрузки завершён","622","0","PASS","","REVIEWED_AFTER_UI_SWEEP_054_055","docs/full-ui-interaction-sweep/screenshots/430/report-upload-retry-success.png"
"desktop","Сообщить об ошибке / отправка завершена","1043","0","PASS","","REVIEWED_AFTER_UI_SWEEP_065","docs/full-ui-interaction-sweep/screenshots/desktop/report-submit-success.png"
"desktop","Сообщить об ошибке / статус обновлён","1240","0","PASS","","REVIEWED_AFTER_UI_SWEEP_065","docs/full-ui-interaction-sweep/screenshots/desktop/report-status-in-progress.png"
"360","Сообщить об ошибке / отправка завершена","811","0","PASS","","REVIEWED_AFTER_UI_SWEEP_065","docs/full-ui-interaction-sweep/screenshots/360/report-submit-success.png"
"360","Сообщить об ошибке / статус обновлён","1004","0","PASS","","REVIEWED_AFTER_UI_SWEEP_065","docs/full-ui-interaction-sweep/screenshots/360/report-status-in-progress.png"
"390","Сообщить об ошибке / отправка завершена","819","0","PASS","","REVIEWED_AFTER_UI_SWEEP_065","docs/full-ui-interaction-sweep/screenshots/390/report-submit-success.png"
"390","Сообщить об ошибке / статус обновлён","1012","0","PASS","","REVIEWED_AFTER_UI_SWEEP_065","docs/full-ui-interaction-sweep/screenshots/390/report-status-in-progress.png"
"430","Сообщить об ошибке / отправка завершена","819","0","PASS","","REVIEWED_AFTER_UI_SWEEP_065","docs/full-ui-interaction-sweep/screenshots/430/report-submit-success.png"
"430","Сообщить об ошибке / статус обновлён","1012","0","PASS","","REVIEWED_AFTER_UI_SWEEP_065","docs/full-ui-interaction-sweep/screenshots/430/report-status-in-progress.png"
"desktop","Заявки / комментарий отправлен","1052","0","PASS","","REVIEWED_CURRENT_ISOLATED","docs/full-ui-interaction-sweep/screenshots/desktop/tasks-comment-submit-success.png"
"360","Заявки / комментарий отправлен","765","0","PASS","","REVIEWED_CURRENT_ISOLATED","docs/full-ui-interaction-sweep/screenshots/360/tasks-comment-submit-success.png"
"390","Заявки / комментарий отправлен","773","0","PASS","","REVIEWED_CURRENT_ISOLATED","docs/full-ui-interaction-sweep/screenshots/390/tasks-comment-submit-success.png"
"430","Заявки / комментарий отправлен","773","0","PASS","","REVIEWED_CURRENT_ISOLATED","docs/full-ui-interaction-sweep/screenshots/430/tasks-comment-submit-success.png"
"desktop","Заявки / действия / завершение","838","0","PASS","","REVIEWED_CURRENT_ISOLATED","docs/full-ui-interaction-sweep/screenshots/desktop/tasks-actions-done-modal.png"
"desktop","Заявки / действия / взята в работу","1077","0","PASS","","REVIEWED_CURRENT_ISOLATED","docs/full-ui-interaction-sweep/screenshots/desktop/tasks-actions-taken-result.png"
"desktop","Заявки / карточка / завершение","838","0","PASS","","REVIEWED_CURRENT_ISOLATED","docs/full-ui-interaction-sweep/screenshots/desktop/tasks-detail-done-modal.png"
"desktop","Заявки / карточка / взята в работу","1077","0","PASS","","REVIEWED_CURRENT_ISOLATED","docs/full-ui-interaction-sweep/screenshots/desktop/tasks-detail-taken-result.png"
"360","Заявки / действия / завершение","555","0","PASS","","REVIEWED_CURRENT_ISOLATED","docs/full-ui-interaction-sweep/screenshots/360/tasks-actions-done-modal.png"
"360","Заявки / действия / взята в работу","794","0","PASS","","REVIEWED_CURRENT_ISOLATED","docs/full-ui-interaction-sweep/screenshots/360/tasks-actions-taken-result.png"
"360","Заявки / карточка / завершение","555","0","PASS","","REVIEWED_CURRENT_ISOLATED","docs/full-ui-interaction-sweep/screenshots/360/tasks-detail-done-modal.png"
"360","Заявки / карточка / взята в работу","794","0","PASS","","REVIEWED_CURRENT_ISOLATED","docs/full-ui-interaction-sweep/screenshots/360/tasks-detail-taken-result.png"
"390","Заявки / действия / завершение","563","0","PASS","","REVIEWED_CURRENT_ISOLATED","docs/full-ui-interaction-sweep/screenshots/390/tasks-actions-done-modal.png"
"390","Заявки / действия / взята в работу","802","0","PASS","","REVIEWED_CURRENT_ISOLATED","docs/full-ui-interaction-sweep/screenshots/390/tasks-actions-taken-result.png"
"390","Заявки / карточка / завершение","563","0","PASS","","REVIEWED_CURRENT_ISOLATED","docs/full-ui-interaction-sweep/screenshots/390/tasks-detail-done-modal.png"
"390","Заявки / карточка / взята в работу","802","0","PASS","","REVIEWED_CURRENT_ISOLATED","docs/full-ui-interaction-sweep/screenshots/390/tasks-detail-taken-result.png"
"430","Заявки / действия / завершение","563","0","PASS","","REVIEWED_CURRENT_ISOLATED","docs/full-ui-interaction-sweep/screenshots/430/tasks-actions-done-modal.png"
"430","Заявки / действия / взята в работу","802","0","PASS","","REVIEWED_CURRENT_ISOLATED","docs/full-ui-interaction-sweep/screenshots/430/tasks-actions-taken-result.png"
"430","Заявки / карточка / завершение","563","0","PASS","","REVIEWED_CURRENT_ISOLATED","docs/full-ui-interaction-sweep/screenshots/430/tasks-detail-done-modal.png"
"430","Заявки / карточка / взята в работу","802","0","PASS","","REVIEWED_CURRENT_ISOLATED","docs/full-ui-interaction-sweep/screenshots/430/tasks-detail-taken-result.png"
"desktop","Заявки / создание отклонено","1282","0","PASS","","REVIEWED_CURRENT_ISOLATED","docs/full-ui-interaction-sweep/screenshots/desktop/tasks-create-rejected-result.png"
"desktop","Заявки / созданная карточка","1057","0","PASS","","REVIEWED_CURRENT_ISOLATED","docs/full-ui-interaction-sweep/screenshots/desktop/tasks-create-success-detail.png"
"desktop","Заявки / передана","1136","0","PASS","","REVIEWED_CURRENT_ISOLATED","docs/full-ui-interaction-sweep/screenshots/desktop/tasks-redirect-success-detail.png"
"desktop","Заявки / завершена","1167","0","PASS","","REVIEWED_CURRENT_ISOLATED","docs/full-ui-interaction-sweep/screenshots/desktop/tasks-complete-success-detail.png"
"360","Заявки / создание отклонено","999","0","PASS","","REVIEWED_CURRENT_ISOLATED","docs/full-ui-interaction-sweep/screenshots/360/tasks-create-rejected-result.png"
"360","Заявки / созданная карточка","766","0","PASS","","REVIEWED_CURRENT_ISOLATED","docs/full-ui-interaction-sweep/screenshots/360/tasks-create-success-detail.png"
"360","Заявки / передана","841","0","PASS","","REVIEWED_CURRENT_ISOLATED","docs/full-ui-interaction-sweep/screenshots/360/tasks-redirect-success-detail.png"
"360","Заявки / завершена","868","0","PASS","","REVIEWED_CURRENT_ISOLATED","docs/full-ui-interaction-sweep/screenshots/360/tasks-complete-success-detail.png"
"390","Заявки / создание отклонено","1007","0","PASS","","REVIEWED_CURRENT_ISOLATED","docs/full-ui-interaction-sweep/screenshots/390/tasks-create-rejected-result.png"
"390","Заявки / созданная карточка","774","0","PASS","","REVIEWED_CURRENT_ISOLATED","docs/full-ui-interaction-sweep/screenshots/390/tasks-create-success-detail.png"
"390","Заявки / передана","849","0","PASS","","REVIEWED_CURRENT_ISOLATED","docs/full-ui-interaction-sweep/screenshots/390/tasks-redirect-success-detail.png"
"390","Заявки / завершена","876","0","PASS","","REVIEWED_CURRENT_ISOLATED","docs/full-ui-interaction-sweep/screenshots/390/tasks-complete-success-detail.png"
"430","Заявки / создание отклонено","1007","0","PASS","","REVIEWED_CURRENT_ISOLATED","docs/full-ui-interaction-sweep/screenshots/430/tasks-create-rejected-result.png"
"430","Заявки / созданная карточка","774","0","PASS","","REVIEWED_CURRENT_ISOLATED","docs/full-ui-interaction-sweep/screenshots/430/tasks-create-success-detail.png"
"430","Заявки / передана","849","0","PASS","","REVIEWED_CURRENT_ISOLATED","docs/full-ui-interaction-sweep/screenshots/430/tasks-redirect-success-detail.png"
"430","Заявки / завершена","876","0","PASS","","REVIEWED_CURRENT_ISOLATED","docs/full-ui-interaction-sweep/screenshots/430/tasks-complete-success-detail.png"
"desktop","Админка / восстановление доступа","3330","0","PASS","","CAPTURED_ISOLATED_REVIEW_NOT_INFERRED","docs/full-ui-interaction-sweep/screenshots/desktop/admin-access-restore-before.png"
"desktop","Админка / восстановленный доступ","3104","0","PASS","","CAPTURED_ISOLATED_REVIEW_NOT_INFERRED","docs/full-ui-interaction-sweep/screenshots/desktop/admin-access-restore-result.png"
"desktop","Админка / отмена отключения доступа","3371","0","PASS","","CAPTURED_ISOLATED_REVIEW_NOT_INFERRED","docs/full-ui-interaction-sweep/screenshots/desktop/admin-access-disable-cancel.png"
"360","Админка / восстановление доступа","3102","0","PASS","","CAPTURED_ISOLATED_REVIEW_NOT_INFERRED","docs/full-ui-interaction-sweep/screenshots/360/admin-access-restore-before.png"
"360","Админка / восстановленный доступ","2876","0","PASS","","CAPTURED_ISOLATED_REVIEW_NOT_INFERRED","docs/full-ui-interaction-sweep/screenshots/360/admin-access-restore-result.png"
"360","Админка / отмена отключения доступа","3143","0","PASS","","CAPTURED_ISOLATED_REVIEW_NOT_INFERRED","docs/full-ui-interaction-sweep/screenshots/360/admin-access-disable-cancel.png"
"390","Админка / восстановление доступа","3110","0","PASS","","CAPTURED_ISOLATED_REVIEW_NOT_INFERRED","docs/full-ui-interaction-sweep/screenshots/390/admin-access-restore-before.png"
"390","Админка / восстановленный доступ","2884","0","PASS","","CAPTURED_ISOLATED_REVIEW_NOT_INFERRED","docs/full-ui-interaction-sweep/screenshots/390/admin-access-restore-result.png"
"390","Админка / отмена отключения доступа","3151","0","PASS","","CAPTURED_ISOLATED_REVIEW_NOT_INFERRED","docs/full-ui-interaction-sweep/screenshots/390/admin-access-disable-cancel.png"
"430","Админка / восстановление доступа","3110","0","PASS","","CAPTURED_ISOLATED_REVIEW_NOT_INFERRED","docs/full-ui-interaction-sweep/screenshots/430/admin-access-restore-before.png"
"430","Админка / восстановленный доступ","2884","0","PASS","","CAPTURED_ISOLATED_REVIEW_NOT_INFERRED","docs/full-ui-interaction-sweep/screenshots/430/admin-access-restore-result.png"
"430","Админка / отмена отключения доступа","3151","0","PASS","","CAPTURED_ISOLATED_REVIEW_NOT_INFERRED","docs/full-ui-interaction-sweep/screenshots/430/admin-access-disable-cancel.png"
"desktop","Админка / отключение доступа","3371","0","PASS","","REVIEWED_CURRENT_ISOLATED","docs/full-ui-interaction-sweep/screenshots/desktop/admin-access-disable-before.png"
"desktop","Админка / ошибка отключения доступа","3477","0","PASS","","REVIEWED_CURRENT_ISOLATED","docs/full-ui-interaction-sweep/screenshots/desktop/admin-access-disable-error.png"
"desktop","Админка / доступ отключён","3108","0","PASS","","REVIEWED_CURRENT_ISOLATED","docs/full-ui-interaction-sweep/screenshots/desktop/admin-access-disable-result.png"
"desktop","Админка / отключённый доступ после reload","3108","0","PASS","","REVIEWED_CURRENT_ISOLATED","docs/full-ui-interaction-sweep/screenshots/desktop/admin-access-disable-reload.png"
"360","Админка / отключение доступа","3143","0","PASS","","REVIEWED_CURRENT_ISOLATED","docs/full-ui-interaction-sweep/screenshots/360/admin-access-disable-before.png"
"360","Админка / ошибка отключения доступа","3249","0","PASS","","REVIEWED_CURRENT_ISOLATED","docs/full-ui-interaction-sweep/screenshots/360/admin-access-disable-error.png"
"360","Админка / доступ отключён","2880","0","PASS","","REVIEWED_CURRENT_ISOLATED","docs/full-ui-interaction-sweep/screenshots/360/admin-access-disable-result.png"
"360","Админка / отключённый доступ после reload","2880","0","PASS","","REVIEWED_CURRENT_ISOLATED","docs/full-ui-interaction-sweep/screenshots/360/admin-access-disable-reload.png"
"390","Админка / отключение доступа","3151","0","PASS","","REVIEWED_CURRENT_ISOLATED","docs/full-ui-interaction-sweep/screenshots/390/admin-access-disable-before.png"
"390","Админка / ошибка отключения доступа","3257","0","PASS","","REVIEWED_CURRENT_ISOLATED","docs/full-ui-interaction-sweep/screenshots/390/admin-access-disable-error.png"
"390","Админка / доступ отключён","2888","0","PASS","","REVIEWED_CURRENT_ISOLATED","docs/full-ui-interaction-sweep/screenshots/390/admin-access-disable-result.png"
"390","Админка / отключённый доступ после reload","2888","0","PASS","","REVIEWED_CURRENT_ISOLATED","docs/full-ui-interaction-sweep/screenshots/390/admin-access-disable-reload.png"
"430","Админка / отключение доступа","3151","0","PASS","","REVIEWED_CURRENT_ISOLATED","docs/full-ui-interaction-sweep/screenshots/430/admin-access-disable-before.png"
"430","Админка / ошибка отключения доступа","3257","0","PASS","","REVIEWED_CURRENT_ISOLATED","docs/full-ui-interaction-sweep/screenshots/430/admin-access-disable-error.png"
"430","Админка / доступ отключён","2888","0","PASS","","REVIEWED_CURRENT_ISOLATED","docs/full-ui-interaction-sweep/screenshots/430/admin-access-disable-result.png"
"430","Админка / отключённый доступ после reload","2888","0","PASS","","REVIEWED_CURRENT_ISOLATED","docs/full-ui-interaction-sweep/screenshots/430/admin-access-disable-reload.png"
"desktop","Админка / ошибка сброса пароля","3422","0","PASS","","REVIEWED_AFTER_UI_SWEEP_120","docs/full-ui-interaction-sweep/screenshots/desktop/admin-password-reset-submit-error.png"
"desktop","Админка / результат сброса пароля","3160","0","PASS","","REVIEWED_AFTER_UI_SWEEP_120","docs/full-ui-interaction-sweep/screenshots/desktop/admin-password-reset-submit-result.png"
"desktop","Админка / профиль после reload сброса пароля","3090","0","PASS","","REVIEWED_AFTER_UI_SWEEP_120","docs/full-ui-interaction-sweep/screenshots/desktop/admin-password-reset-submit-reload.png"
"360","Админка / ошибка сброса пароля","3194","0","PASS","","REVIEWED_AFTER_UI_SWEEP_120","docs/full-ui-interaction-sweep/screenshots/360/admin-password-reset-submit-error.png"
"360","Админка / результат сброса пароля","2932","0","PASS","","REVIEWED_AFTER_UI_SWEEP_120","docs/full-ui-interaction-sweep/screenshots/360/admin-password-reset-submit-result.png"
"360","Админка / профиль после reload сброса пароля","2862","0","PASS","","REVIEWED_AFTER_UI_SWEEP_120","docs/full-ui-interaction-sweep/screenshots/360/admin-password-reset-submit-reload.png"
"390","Админка / ошибка сброса пароля","3202","0","PASS","","REVIEWED_AFTER_UI_SWEEP_120","docs/full-ui-interaction-sweep/screenshots/390/admin-password-reset-submit-error.png"
"390","Админка / результат сброса пароля","2940","0","PASS","","REVIEWED_AFTER_UI_SWEEP_120","docs/full-ui-interaction-sweep/screenshots/390/admin-password-reset-submit-result.png"
"390","Админка / профиль после reload сброса пароля","2870","0","PASS","","REVIEWED_AFTER_UI_SWEEP_120","docs/full-ui-interaction-sweep/screenshots/390/admin-password-reset-submit-reload.png"
"430","Админка / ошибка сброса пароля","3202","0","PASS","","REVIEWED_AFTER_UI_SWEEP_120","docs/full-ui-interaction-sweep/screenshots/430/admin-password-reset-submit-error.png"
"430","Админка / результат сброса пароля","2940","0","PASS","","REVIEWED_AFTER_UI_SWEEP_120","docs/full-ui-interaction-sweep/screenshots/430/admin-password-reset-submit-result.png"
"430","Админка / профиль после reload сброса пароля","2870","0","PASS","","REVIEWED_AFTER_UI_SWEEP_120","docs/full-ui-interaction-sweep/screenshots/430/admin-password-reset-submit-reload.png"
"desktop","Админка / применение делегирования","8540","0","PASS","","REVIEWED_CURRENT_ISOLATED","docs/full-ui-interaction-sweep/screenshots/desktop/admin-delegation-apply-before.png"
"desktop","Админка / ошибка применения делегирования","8638","0","PASS","","REVIEWED_CURRENT_ISOLATED","docs/full-ui-interaction-sweep/screenshots/desktop/admin-delegation-apply-error.png"
"desktop","Админка / делегирование применено","8026","0","PASS","","REVIEWED_CURRENT_ISOLATED","docs/full-ui-interaction-sweep/screenshots/desktop/admin-delegation-apply-result.png"
"desktop","Админка / делегирование после reload","8005","0","PASS","","REVIEWED_CURRENT_ISOLATED","docs/full-ui-interaction-sweep/screenshots/desktop/admin-delegation-apply-reload.png"
"360","Админка / применение делегирования","8312","0","PASS","","REVIEWED_CURRENT_ISOLATED","docs/full-ui-interaction-sweep/screenshots/360/admin-delegation-apply-before.png"
"360","Админка / ошибка применения делегирования","8410","0","PASS","","REVIEWED_CURRENT_ISOLATED","docs/full-ui-interaction-sweep/screenshots/360/admin-delegation-apply-error.png"
"360","Админка / делегирование применено","7798","0","PASS","","REVIEWED_CURRENT_ISOLATED","docs/full-ui-interaction-sweep/screenshots/360/admin-delegation-apply-result.png"
"360","Админка / делегирование после reload","7777","0","PASS","","REVIEWED_CURRENT_ISOLATED","docs/full-ui-interaction-sweep/screenshots/360/admin-delegation-apply-reload.png"
"390","Админка / применение делегирования","8320","0","PASS","","REVIEWED_CURRENT_ISOLATED","docs/full-ui-interaction-sweep/screenshots/390/admin-delegation-apply-before.png"
"390","Админка / ошибка применения делегирования","8418","0","PASS","","REVIEWED_CURRENT_ISOLATED","docs/full-ui-interaction-sweep/screenshots/390/admin-delegation-apply-error.png"
"390","Админка / делегирование применено","7806","0","PASS","","REVIEWED_CURRENT_ISOLATED","docs/full-ui-interaction-sweep/screenshots/390/admin-delegation-apply-result.png"
"390","Админка / делегирование после reload","7785","0","PASS","","REVIEWED_CURRENT_ISOLATED","docs/full-ui-interaction-sweep/screenshots/390/admin-delegation-apply-reload.png"
"430","Админка / применение делегирования","8320","0","PASS","","REVIEWED_CURRENT_ISOLATED","docs/full-ui-interaction-sweep/screenshots/430/admin-delegation-apply-before.png"
"430","Админка / ошибка применения делегирования","8418","0","PASS","","REVIEWED_CURRENT_ISOLATED","docs/full-ui-interaction-sweep/screenshots/430/admin-delegation-apply-error.png"
"430","Админка / делегирование применено","7806","0","PASS","","REVIEWED_CURRENT_ISOLATED","docs/full-ui-interaction-sweep/screenshots/430/admin-delegation-apply-result.png"
"430","Админка / делегирование после reload","7785","0","PASS","","REVIEWED_CURRENT_ISOLATED","docs/full-ui-interaction-sweep/screenshots/430/admin-delegation-apply-reload.png"
"desktop","Админка / восстановление завода","19597","0","PASS","","CAPTURED_ISOLATED_REVIEW_NOT_INFERRED","docs/full-ui-interaction-sweep/screenshots/desktop/admin-factory-restore-before.png"
"desktop","Админка / восстановленный завод","19440","0","PASS","","CAPTURED_ISOLATED_REVIEW_NOT_INFERRED","docs/full-ui-interaction-sweep/screenshots/desktop/admin-factory-restore-result.png"
"360","Админка / восстановление завода","19369","0","PASS","","CAPTURED_ISOLATED_REVIEW_NOT_INFERRED","docs/full-ui-interaction-sweep/screenshots/360/admin-factory-restore-before.png"
"360","Админка / восстановленный завод","19212","0","PASS","","CAPTURED_ISOLATED_REVIEW_NOT_INFERRED","docs/full-ui-interaction-sweep/screenshots/360/admin-factory-restore-result.png"
"390","Админка / восстановление завода","19377","0","PASS","","CAPTURED_ISOLATED_REVIEW_NOT_INFERRED","docs/full-ui-interaction-sweep/screenshots/390/admin-factory-restore-before.png"
"390","Админка / восстановленный завод","19220","0","PASS","","CAPTURED_ISOLATED_REVIEW_NOT_INFERRED","docs/full-ui-interaction-sweep/screenshots/390/admin-factory-restore-result.png"
"430","Админка / восстановление завода","19377","0","PASS","","CAPTURED_ISOLATED_REVIEW_NOT_INFERRED","docs/full-ui-interaction-sweep/screenshots/430/admin-factory-restore-before.png"
"430","Админка / восстановленный завод","19220","0","PASS","","CAPTURED_ISOLATED_REVIEW_NOT_INFERRED","docs/full-ui-interaction-sweep/screenshots/430/admin-factory-restore-result.png"
"desktop","Админка / восстановление line-position","1781","0","PASS","","CAPTURED_ISOLATED_REVIEW_NOT_INFERRED","docs/full-ui-interaction-sweep/screenshots/desktop/admin-nested-restore-line-position-before.png"
"desktop","Админка / восстановлено line-position","1586","0","PASS","","CAPTURED_ISOLATED_REVIEW_NOT_INFERRED","docs/full-ui-interaction-sweep/screenshots/desktop/admin-nested-restore-line-position-result.png"
"360","Админка / восстановление line-position","1551","0","PASS","","CAPTURED_ISOLATED_REVIEW_NOT_INFERRED","docs/full-ui-interaction-sweep/screenshots/360/admin-nested-restore-line-position-before.png"
"360","Админка / восстановлено line-position","1357","0","PASS","","CAPTURED_ISOLATED_REVIEW_NOT_INFERRED","docs/full-ui-interaction-sweep/screenshots/360/admin-nested-restore-line-position-result.png"
"390","Админка / восстановление line-position","1559","0","PASS","","CAPTURED_ISOLATED_REVIEW_NOT_INFERRED","docs/full-ui-interaction-sweep/screenshots/390/admin-nested-restore-line-position-before.png"
"390","Админка / восстановлено line-position","1365","0","PASS","","CAPTURED_ISOLATED_REVIEW_NOT_INFERRED","docs/full-ui-interaction-sweep/screenshots/390/admin-nested-restore-line-position-result.png"
"430","Админка / восстановление line-position","1559","0","PASS","","CAPTURED_ISOLATED_REVIEW_NOT_INFERRED","docs/full-ui-interaction-sweep/screenshots/430/admin-nested-restore-line-position-before.png"
"430","Админка / восстановлено line-position","1365","0","PASS","","CAPTURED_ISOLATED_REVIEW_NOT_INFERRED","docs/full-ui-interaction-sweep/screenshots/430/admin-nested-restore-line-position-result.png"
"desktop","Админка / восстановление staffing-template","1870","0","PASS","","CAPTURED_ISOLATED_REVIEW_NOT_INFERRED","docs/full-ui-interaction-sweep/screenshots/desktop/admin-nested-restore-staffing-template-before.png"
"desktop","Админка / восстановлено staffing-template","1670","0","PASS","","CAPTURED_ISOLATED_REVIEW_NOT_INFERRED","docs/full-ui-interaction-sweep/screenshots/desktop/admin-nested-restore-staffing-template-result.png"
"360","Админка / восстановление staffing-template","1640","0","PASS","","CAPTURED_ISOLATED_REVIEW_NOT_INFERRED","docs/full-ui-interaction-sweep/screenshots/360/admin-nested-restore-staffing-template-before.png"
"360","Админка / восстановлено staffing-template","1441","0","PASS","","CAPTURED_ISOLATED_REVIEW_NOT_INFERRED","docs/full-ui-interaction-sweep/screenshots/360/admin-nested-restore-staffing-template-result.png"
"390","Админка / восстановление staffing-template","1648","0","PASS","","CAPTURED_ISOLATED_REVIEW_NOT_INFERRED","docs/full-ui-interaction-sweep/screenshots/390/admin-nested-restore-staffing-template-before.png"
"390","Админка / восстановлено staffing-template","1449","0","PASS","","CAPTURED_ISOLATED_REVIEW_NOT_INFERRED","docs/full-ui-interaction-sweep/screenshots/390/admin-nested-restore-staffing-template-result.png"
"430","Админка / восстановление staffing-template","1648","0","PASS","","CAPTURED_ISOLATED_REVIEW_NOT_INFERRED","docs/full-ui-interaction-sweep/screenshots/430/admin-nested-restore-staffing-template-before.png"
"430","Админка / восстановлено staffing-template","1449","0","PASS","","CAPTURED_ISOLATED_REVIEW_NOT_INFERRED","docs/full-ui-interaction-sweep/screenshots/430/admin-nested-restore-staffing-template-result.png"
"desktop","Админка / восстановление work-area","1985","0","PASS","","CAPTURED_ISOLATED_REVIEW_NOT_INFERRED","docs/full-ui-interaction-sweep/screenshots/desktop/admin-nested-restore-work-area-before.png"
"desktop","Админка / восстановлено work-area","1811","0","PASS","","CAPTURED_ISOLATED_REVIEW_NOT_INFERRED","docs/full-ui-interaction-sweep/screenshots/desktop/admin-nested-restore-work-area-result.png"
"360","Админка / восстановление work-area","1754","0","PASS","","CAPTURED_ISOLATED_REVIEW_NOT_INFERRED","docs/full-ui-interaction-sweep/screenshots/360/admin-nested-restore-work-area-before.png"
"360","Админка / восстановлено work-area","1581","0","PASS","","CAPTURED_ISOLATED_REVIEW_NOT_INFERRED","docs/full-ui-interaction-sweep/screenshots/360/admin-nested-restore-work-area-result.png"
"390","Админка / восстановление work-area","1762","0","PASS","","CAPTURED_ISOLATED_REVIEW_NOT_INFERRED","docs/full-ui-interaction-sweep/screenshots/390/admin-nested-restore-work-area-before.png"
"390","Админка / восстановлено work-area","1589","0","PASS","","CAPTURED_ISOLATED_REVIEW_NOT_INFERRED","docs/full-ui-interaction-sweep/screenshots/390/admin-nested-restore-work-area-result.png"
"430","Админка / восстановление work-area","1762","0","PASS","","CAPTURED_ISOLATED_REVIEW_NOT_INFERRED","docs/full-ui-interaction-sweep/screenshots/430/admin-nested-restore-work-area-before.png"
"430","Админка / восстановлено work-area","1589","0","PASS","","CAPTURED_ISOLATED_REVIEW_NOT_INFERRED","docs/full-ui-interaction-sweep/screenshots/430/admin-nested-restore-work-area-result.png"
"desktop","Админка / восстановление work-area-position","1994","0","PASS","","CAPTURED_ISOLATED_REVIEW_NOT_INFERRED","docs/full-ui-interaction-sweep/screenshots/desktop/admin-nested-restore-work-area-position-before.png"
"desktop","Админка / восстановлено work-area-position","1848","0","PASS","","CAPTURED_ISOLATED_REVIEW_NOT_INFERRED","docs/full-ui-interaction-sweep/screenshots/desktop/admin-nested-restore-work-area-position-result.png"
"360","Админка / восстановление work-area-position","1764","0","PASS","","CAPTURED_ISOLATED_REVIEW_NOT_INFERRED","docs/full-ui-interaction-sweep/screenshots/360/admin-nested-restore-work-area-position-before.png"
"360","Админка / восстановлено work-area-position","1619","0","PASS","","CAPTURED_ISOLATED_REVIEW_NOT_INFERRED","docs/full-ui-interaction-sweep/screenshots/360/admin-nested-restore-work-area-position-result.png"
"390","Админка / восстановление work-area-position","1772","0","PASS","","CAPTURED_ISOLATED_REVIEW_NOT_INFERRED","docs/full-ui-interaction-sweep/screenshots/390/admin-nested-restore-work-area-position-before.png"
"390","Админка / восстановлено work-area-position","1627","0","PASS","","CAPTURED_ISOLATED_REVIEW_NOT_INFERRED","docs/full-ui-interaction-sweep/screenshots/390/admin-nested-restore-work-area-position-result.png"
"430","Админка / восстановление work-area-position","1772","0","PASS","","CAPTURED_ISOLATED_REVIEW_NOT_INFERRED","docs/full-ui-interaction-sweep/screenshots/430/admin-nested-restore-work-area-position-before.png"
"430","Админка / восстановлено work-area-position","1627","0","PASS","","CAPTURED_ISOLATED_REVIEW_NOT_INFERRED","docs/full-ui-interaction-sweep/screenshots/430/admin-nested-restore-work-area-position-result.png"
"desktop","Админка / восстановление линии","2273","0","PASS","","CAPTURED_ISOLATED_REVIEW_NOT_INFERRED","docs/full-ui-interaction-sweep/screenshots/desktop/admin-line-restore-before.png"
"desktop","Админка / восстановленная линия","2055","0","PASS","","CAPTURED_ISOLATED_REVIEW_NOT_INFERRED","docs/full-ui-interaction-sweep/screenshots/desktop/admin-line-restore-result.png"
"360","Админка / восстановление линии","2043","0","PASS","","CAPTURED_ISOLATED_REVIEW_NOT_INFERRED","docs/full-ui-interaction-sweep/screenshots/360/admin-line-restore-before.png"
"360","Админка / восстановленная линия","1826","0","PASS","","CAPTURED_ISOLATED_REVIEW_NOT_INFERRED","docs/full-ui-interaction-sweep/screenshots/360/admin-line-restore-result.png"
"390","Админка / восстановление линии","2051","0","PASS","","CAPTURED_ISOLATED_REVIEW_NOT_INFERRED","docs/full-ui-interaction-sweep/screenshots/390/admin-line-restore-before.png"
"390","Админка / восстановленная линия","1834","0","PASS","","CAPTURED_ISOLATED_REVIEW_NOT_INFERRED","docs/full-ui-interaction-sweep/screenshots/390/admin-line-restore-result.png"
"430","Админка / восстановление линии","2051","0","PASS","","CAPTURED_ISOLATED_REVIEW_NOT_INFERRED","docs/full-ui-interaction-sweep/screenshots/430/admin-line-restore-before.png"
"430","Админка / восстановленная линия","1834","0","PASS","","CAPTURED_ISOLATED_REVIEW_NOT_INFERRED","docs/full-ui-interaction-sweep/screenshots/430/admin-line-restore-result.png"
"desktop","Админка / ошибка восстановления отдела","3226","0","PASS","","CAPTURED_ISOLATED_REVIEW_NOT_INFERRED","docs/full-ui-interaction-sweep/screenshots/desktop/admin-department-restore-error.png"
"desktop","Админка / восстановленный отдел","2940","0","PASS","","CAPTURED_ISOLATED_REVIEW_NOT_INFERRED","docs/full-ui-interaction-sweep/screenshots/desktop/admin-department-restore-result.png"
"360","Админка / ошибка восстановления отдела","2996","0","PASS","","CAPTURED_ISOLATED_REVIEW_NOT_INFERRED","docs/full-ui-interaction-sweep/screenshots/360/admin-department-restore-error.png"
"360","Админка / восстановленный отдел","2711","0","PASS","","CAPTURED_ISOLATED_REVIEW_NOT_INFERRED","docs/full-ui-interaction-sweep/screenshots/360/admin-department-restore-result.png"
"390","Админка / ошибка восстановления отдела","3004","0","PASS","","CAPTURED_ISOLATED_REVIEW_NOT_INFERRED","docs/full-ui-interaction-sweep/screenshots/390/admin-department-restore-error.png"
"390","Админка / восстановленный отдел","2719","0","PASS","","CAPTURED_ISOLATED_REVIEW_NOT_INFERRED","docs/full-ui-interaction-sweep/screenshots/390/admin-department-restore-result.png"
"430","Админка / ошибка восстановления отдела","3004","0","PASS","","CAPTURED_ISOLATED_REVIEW_NOT_INFERRED","docs/full-ui-interaction-sweep/screenshots/430/admin-department-restore-error.png"
"430","Админка / восстановленный отдел","2719","0","PASS","","CAPTURED_ISOLATED_REVIEW_NOT_INFERRED","docs/full-ui-interaction-sweep/screenshots/430/admin-department-restore-result.png"
"desktop","Админка / восстановление должности","7086","0","PASS","","CAPTURED_ISOLATED_REVIEW_NOT_INFERRED","docs/full-ui-interaction-sweep/screenshots/desktop/admin-title-restore-before.png"
"desktop","Админка / активная должность после reload","6896","0","PASS","","CAPTURED_ISOLATED_REVIEW_NOT_INFERRED","docs/full-ui-interaction-sweep/screenshots/desktop/admin-title-restore-result.png"
"360","Админка / восстановление должности","6856","0","PASS","","CAPTURED_ISOLATED_REVIEW_NOT_INFERRED","docs/full-ui-interaction-sweep/screenshots/360/admin-title-restore-before.png"
"360","Админка / активная должность после reload","6666","0","PASS","","CAPTURED_ISOLATED_REVIEW_NOT_INFERRED","docs/full-ui-interaction-sweep/screenshots/360/admin-title-restore-result.png"
"390","Админка / восстановление должности","6864","0","PASS","","CAPTURED_ISOLATED_REVIEW_NOT_INFERRED","docs/full-ui-interaction-sweep/screenshots/390/admin-title-restore-before.png"
"390","Админка / активная должность после reload","6674","0","PASS","","CAPTURED_ISOLATED_REVIEW_NOT_INFERRED","docs/full-ui-interaction-sweep/screenshots/390/admin-title-restore-result.png"
"430","Админка / восстановление должности","6864","0","PASS","","CAPTURED_ISOLATED_REVIEW_NOT_INFERRED","docs/full-ui-interaction-sweep/screenshots/430/admin-title-restore-before.png"
"430","Админка / активная должность после reload","6674","0","PASS","","CAPTURED_ISOLATED_REVIEW_NOT_INFERRED","docs/full-ui-interaction-sweep/screenshots/430/admin-title-restore-result.png"
"desktop","Админка / ошибка отключения должности","7282","0","PASS","","REVIEWED_OUTCOME","docs/full-ui-interaction-sweep/screenshots/desktop/admin-job-title-deactivate-submit-error.png"
"desktop","Админка / должность отключена","6877","0","PASS","","REVIEWED_OUTCOME","docs/full-ui-interaction-sweep/screenshots/desktop/admin-job-title-deactivate-submit-result.png"
"desktop","Админка / отключённая должность после reload","6877","0","PASS","","REVIEWED_OUTCOME","docs/full-ui-interaction-sweep/screenshots/desktop/admin-job-title-deactivate-submit-reload.png"
"360","Админка / ошибка отключения должности","7051","0","PASS","","REVIEWED_OUTCOME","docs/full-ui-interaction-sweep/screenshots/360/admin-job-title-deactivate-submit-error.png"
"360","Админка / должность отключена","6648","0","PASS","","REVIEWED_OUTCOME","docs/full-ui-interaction-sweep/screenshots/360/admin-job-title-deactivate-submit-result.png"
"360","Админка / отключённая должность после reload","6648","0","PASS","","REVIEWED_OUTCOME","docs/full-ui-interaction-sweep/screenshots/360/admin-job-title-deactivate-submit-reload.png"
"390","Админка / ошибка отключения должности","7059","0","PASS","","REVIEWED_OUTCOME","docs/full-ui-interaction-sweep/screenshots/390/admin-job-title-deactivate-submit-error.png"
"390","Админка / должность отключена","6656","0","PASS","","REVIEWED_OUTCOME","docs/full-ui-interaction-sweep/screenshots/390/admin-job-title-deactivate-submit-result.png"
"390","Админка / отключённая должность после reload","6656","0","PASS","","REVIEWED_OUTCOME","docs/full-ui-interaction-sweep/screenshots/390/admin-job-title-deactivate-submit-reload.png"
"430","Админка / ошибка отключения должности","7059","0","PASS","","REVIEWED_OUTCOME","docs/full-ui-interaction-sweep/screenshots/430/admin-job-title-deactivate-submit-error.png"
"430","Админка / должность отключена","6656","0","PASS","","REVIEWED_OUTCOME","docs/full-ui-interaction-sweep/screenshots/430/admin-job-title-deactivate-submit-result.png"
"430","Админка / отключённая должность после reload","6656","0","PASS","","REVIEWED_OUTCOME","docs/full-ui-interaction-sweep/screenshots/430/admin-job-title-deactivate-submit-reload.png"
"desktop","Админка / восстановление фирмы","4619","0","PASS","","CAPTURED_ISOLATED_REVIEW_NOT_INFERRED","docs/full-ui-interaction-sweep/screenshots/desktop/admin-company-restore-before.png"
"desktop","Админка / восстановленная фирма после reload","4433","0","PASS","","CAPTURED_ISOLATED_REVIEW_NOT_INFERRED","docs/full-ui-interaction-sweep/screenshots/desktop/admin-company-restore-result.png"
"360","Админка / восстановление фирмы","4389","0","PASS","","CAPTURED_ISOLATED_REVIEW_NOT_INFERRED","docs/full-ui-interaction-sweep/screenshots/360/admin-company-restore-before.png"
"360","Админка / восстановленная фирма после reload","4204","0","PASS","","CAPTURED_ISOLATED_REVIEW_NOT_INFERRED","docs/full-ui-interaction-sweep/screenshots/360/admin-company-restore-result.png"
"390","Админка / восстановление фирмы","4397","0","PASS","","CAPTURED_ISOLATED_REVIEW_NOT_INFERRED","docs/full-ui-interaction-sweep/screenshots/390/admin-company-restore-before.png"
"390","Админка / восстановленная фирма после reload","4212","0","PASS","","CAPTURED_ISOLATED_REVIEW_NOT_INFERRED","docs/full-ui-interaction-sweep/screenshots/390/admin-company-restore-result.png"
"430","Админка / восстановление фирмы","4397","0","PASS","","CAPTURED_ISOLATED_REVIEW_NOT_INFERRED","docs/full-ui-interaction-sweep/screenshots/430/admin-company-restore-before.png"
"430","Админка / восстановленная фирма после reload","4212","0","PASS","","CAPTURED_ISOLATED_REVIEW_NOT_INFERRED","docs/full-ui-interaction-sweep/screenshots/430/admin-company-restore-result.png"
"desktop","Админка / ошибка отключения фирмы","4765","0","PASS","","REVIEWED_OUTCOME","docs/full-ui-interaction-sweep/screenshots/desktop/admin-company-deactivate-submit-error.png"
"desktop","Админка / фирма отключена","4432","0","PASS","","REVIEWED_OUTCOME","docs/full-ui-interaction-sweep/screenshots/desktop/admin-company-deactivate-submit-result.png"
"desktop","Админка / отключённая фирма после reload","4432","0","PASS","","REVIEWED_OUTCOME","docs/full-ui-interaction-sweep/screenshots/desktop/admin-company-deactivate-submit-reload.png"
"360","Админка / ошибка отключения фирмы","4535","0","PASS","","REVIEWED_OUTCOME","docs/full-ui-interaction-sweep/screenshots/360/admin-company-deactivate-submit-error.png"
"360","Админка / фирма отключена","4203","0","PASS","","REVIEWED_OUTCOME","docs/full-ui-interaction-sweep/screenshots/360/admin-company-deactivate-submit-result.png"
"360","Админка / отключённая фирма после reload","4203","0","PASS","","REVIEWED_OUTCOME","docs/full-ui-interaction-sweep/screenshots/360/admin-company-deactivate-submit-reload.png"
"390","Админка / ошибка отключения фирмы","4543","0","PASS","","REVIEWED_OUTCOME","docs/full-ui-interaction-sweep/screenshots/390/admin-company-deactivate-submit-error.png"
"390","Админка / фирма отключена","4211","0","PASS","","REVIEWED_OUTCOME","docs/full-ui-interaction-sweep/screenshots/390/admin-company-deactivate-submit-result.png"
"390","Админка / отключённая фирма после reload","4211","0","PASS","","REVIEWED_OUTCOME","docs/full-ui-interaction-sweep/screenshots/390/admin-company-deactivate-submit-reload.png"
"430","Админка / ошибка отключения фирмы","4543","0","PASS","","REVIEWED_OUTCOME","docs/full-ui-interaction-sweep/screenshots/430/admin-company-deactivate-submit-error.png"
"430","Админка / фирма отключена","4211","0","PASS","","REVIEWED_OUTCOME","docs/full-ui-interaction-sweep/screenshots/430/admin-company-deactivate-submit-result.png"
"430","Админка / отключённая фирма после reload","4211","0","PASS","","REVIEWED_OUTCOME","docs/full-ui-interaction-sweep/screenshots/430/admin-company-deactivate-submit-reload.png"
"desktop","Админка / отправка общего подтверждения","7369","0","PASS","","REVIEWED_CURRENT_ISOLATED","docs/full-ui-interaction-sweep/screenshots/desktop/admin-confirm-submit-before.png"
"desktop","Админка / результат общего подтверждения","7135","0","PASS","","REVIEWED_CURRENT_ISOLATED","docs/full-ui-interaction-sweep/screenshots/desktop/admin-confirm-submit-result.png"
"360","Админка / отправка общего подтверждения","7141","0","PASS","","REVIEWED_CURRENT_ISOLATED","docs/full-ui-interaction-sweep/screenshots/360/admin-confirm-submit-before.png"
"360","Админка / результат общего подтверждения","6907","0","PASS","","REVIEWED_CURRENT_ISOLATED","docs/full-ui-interaction-sweep/screenshots/360/admin-confirm-submit-result.png"
"390","Админка / отправка общего подтверждения","7149","0","PASS","","REVIEWED_CURRENT_ISOLATED","docs/full-ui-interaction-sweep/screenshots/390/admin-confirm-submit-before.png"
"390","Админка / результат общего подтверждения","6915","0","PASS","","REVIEWED_CURRENT_ISOLATED","docs/full-ui-interaction-sweep/screenshots/390/admin-confirm-submit-result.png"
"430","Админка / отправка общего подтверждения","7149","0","PASS","","REVIEWED_CURRENT_ISOLATED","docs/full-ui-interaction-sweep/screenshots/430/admin-confirm-submit-before.png"
"430","Админка / результат общего подтверждения","6915","0","PASS","","REVIEWED_CURRENT_ISOLATED","docs/full-ui-interaction-sweep/screenshots/430/admin-confirm-submit-result.png"
"desktop","Возвраты / частичная выдача / результат","992","0","PASS","","REVIEWED_CURRENT_ISOLATED","docs/full-ui-interaction-sweep/screenshots/desktop/returns-partial-release-submit-result.png"
"desktop","Возвраты / частичная выдача / доступность действий","992","0","PASS","","REVIEWED_CURRENT_ISOLATED","docs/full-ui-interaction-sweep/screenshots/desktop/returns-partial-release-submit-actions.png"
"360","Возвраты / частичная выдача / результат","764","0","PASS","","REVIEWED_CURRENT_ISOLATED","docs/full-ui-interaction-sweep/screenshots/360/returns-partial-release-submit-result.png"
"360","Возвраты / частичная выдача / доступность действий","764","0","PASS","","REVIEWED_CURRENT_ISOLATED","docs/full-ui-interaction-sweep/screenshots/360/returns-partial-release-submit-actions.png"
"390","Возвраты / частичная выдача / результат","772","0","PASS","","REVIEWED_CURRENT_ISOLATED","docs/full-ui-interaction-sweep/screenshots/390/returns-partial-release-submit-result.png"
"390","Возвраты / частичная выдача / доступность действий","772","0","PASS","","REVIEWED_CURRENT_ISOLATED","docs/full-ui-interaction-sweep/screenshots/390/returns-partial-release-submit-actions.png"
"430","Возвраты / частичная выдача / результат","772","0","PASS","","REVIEWED_CURRENT_ISOLATED","docs/full-ui-interaction-sweep/screenshots/430/returns-partial-release-submit-result.png"
"430","Возвраты / частичная выдача / доступность действий","772","0","PASS","","REVIEWED_CURRENT_ISOLATED","docs/full-ui-interaction-sweep/screenshots/430/returns-partial-release-submit-actions.png"
"desktop","Возвраты / публикация / результат","686","0","PASS","","REVIEWED_CURRENT_ISOLATED","docs/full-ui-interaction-sweep/screenshots/desktop/returns-create-submit-result.png"
"360","Возвраты / публикация / результат","454","0","PASS","","REVIEWED_CURRENT_ISOLATED","docs/full-ui-interaction-sweep/screenshots/360/returns-create-submit-result.png"
"390","Возвраты / публикация / результат","462","0","PASS","","REVIEWED_CURRENT_ISOLATED","docs/full-ui-interaction-sweep/screenshots/390/returns-create-submit-result.png"
"430","Возвраты / публикация / результат","462","0","PASS","","REVIEWED_CURRENT_ISOLATED","docs/full-ui-interaction-sweep/screenshots/430/returns-create-submit-result.png"
"desktop","ОКК / загрузка вложения / выбран файл","754","0","PASS","","REVIEWED_CURRENT_ISOLATED","docs/full-ui-interaction-sweep/screenshots/desktop/okk-attachment-upload-selected.png"
"desktop","ОКК / загрузка вложения / результат","1068","0","PASS","","REVIEWED_CURRENT_ISOLATED","docs/full-ui-interaction-sweep/screenshots/desktop/okk-attachment-upload-result.png"
"360","ОКК / загрузка вложения / выбран файл","522","0","PASS","","REVIEWED_CURRENT_ISOLATED","docs/full-ui-interaction-sweep/screenshots/360/okk-attachment-upload-selected.png"
"360","ОКК / загрузка вложения / результат","836","0","PASS","","REVIEWED_CURRENT_ISOLATED","docs/full-ui-interaction-sweep/screenshots/360/okk-attachment-upload-result.png"
"390","ОКК / загрузка вложения / выбран файл","530","0","PASS","","REVIEWED_CURRENT_ISOLATED","docs/full-ui-interaction-sweep/screenshots/390/okk-attachment-upload-selected.png"
"390","ОКК / загрузка вложения / результат","844","0","PASS","","REVIEWED_CURRENT_ISOLATED","docs/full-ui-interaction-sweep/screenshots/390/okk-attachment-upload-result.png"
"430","ОКК / загрузка вложения / выбран файл","530","0","PASS","","REVIEWED_CURRENT_ISOLATED","docs/full-ui-interaction-sweep/screenshots/430/okk-attachment-upload-selected.png"
"430","ОКК / загрузка вложения / результат","844","0","PASS","","REVIEWED_CURRENT_ISOLATED","docs/full-ui-interaction-sweep/screenshots/430/okk-attachment-upload-result.png"
"desktop","Некондиция / загрузка фото / выбран файл","721","0","PASS","","REVIEWED_CURRENT_ISOLATED","docs/full-ui-interaction-sweep/screenshots/desktop/stock-attachment-upload-selected.png"
"desktop","Некондиция / загрузка фото / результат","669","0","PASS","","REVIEWED_CURRENT_ISOLATED","docs/full-ui-interaction-sweep/screenshots/desktop/stock-attachment-upload-result.png"
"360","Некондиция / загрузка фото / выбран файл","489","0","PASS","","REVIEWED_CURRENT_ISOLATED","docs/full-ui-interaction-sweep/screenshots/360/stock-attachment-upload-selected.png"
"360","Некондиция / загрузка фото / результат","437","0","PASS","","REVIEWED_CURRENT_ISOLATED","docs/full-ui-interaction-sweep/screenshots/360/stock-attachment-upload-result.png"
"390","Некондиция / загрузка фото / выбран файл","497","0","PASS","","REVIEWED_CURRENT_ISOLATED","docs/full-ui-interaction-sweep/screenshots/390/stock-attachment-upload-selected.png"
"390","Некондиция / загрузка фото / результат","445","0","PASS","","REVIEWED_CURRENT_ISOLATED","docs/full-ui-interaction-sweep/screenshots/390/stock-attachment-upload-result.png"
"430","Некондиция / загрузка фото / выбран файл","497","0","PASS","","REVIEWED_CURRENT_ISOLATED","docs/full-ui-interaction-sweep/screenshots/430/stock-attachment-upload-selected.png"
"430","Некондиция / загрузка фото / результат","445","0","PASS","","REVIEWED_CURRENT_ISOLATED","docs/full-ui-interaction-sweep/screenshots/430/stock-attachment-upload-result.png"
"desktop","Гость / заявка назначения / отправлена","338","0","PASS","","REVIEWED_AFTER_UI_SWEEP_066","docs/full-ui-interaction-sweep/screenshots/desktop/guest-assignment-request-submit-result.png"
"360","Гость / заявка назначения / отправлена","330","0","PASS","","REVIEWED_AFTER_UI_SWEEP_066","docs/full-ui-interaction-sweep/screenshots/360/guest-assignment-request-submit-result.png"
"390","Гость / заявка назначения / отправлена","338","0","PASS","","REVIEWED_AFTER_UI_SWEEP_066","docs/full-ui-interaction-sweep/screenshots/390/guest-assignment-request-submit-result.png"
"430","Гость / заявка назначения / отправлена","338","0","PASS","","REVIEWED_AFTER_UI_SWEEP_066","docs/full-ui-interaction-sweep/screenshots/430/guest-assignment-request-submit-result.png"
"desktop","Вложения / галерея / первое фото","592","0","PASS","","REVIEWED","docs/full-ui-interaction-sweep/screenshots/desktop/attachment-gallery-first.png"
"desktop","Вложения / галерея / второе фото","592","0","PASS","","REVIEWED","docs/full-ui-interaction-sweep/screenshots/desktop/attachment-gallery-second.png"
"360","Вложения / галерея / первое фото","309","0","PASS","","REVIEWED","docs/full-ui-interaction-sweep/screenshots/360/attachment-gallery-first.png"
"360","Вложения / галерея / второе фото","309","0","PASS","","REVIEWED","docs/full-ui-interaction-sweep/screenshots/360/attachment-gallery-second.png"
"390","Вложения / галерея / первое фото","317","0","PASS","","REVIEWED","docs/full-ui-interaction-sweep/screenshots/390/attachment-gallery-first.png"
"390","Вложения / галерея / второе фото","317","0","PASS","","REVIEWED","docs/full-ui-interaction-sweep/screenshots/390/attachment-gallery-second.png"
"430","Вложения / галерея / первое фото","317","0","PASS","","REVIEWED","docs/full-ui-interaction-sweep/screenshots/430/attachment-gallery-first.png"
"430","Вложения / галерея / второе фото","317","0","PASS","","REVIEWED","docs/full-ui-interaction-sweep/screenshots/430/attachment-gallery-second.png"
"desktop","Вложения / inline gallery","772","0","PASS","","REVIEWED_AFTER_UI_SWEEP_059","docs/full-ui-interaction-sweep/screenshots/desktop/attachment-inline-gallery.png"
"desktop","Вложения / inline video viewer","815","0","PASS","","REVIEWED_AFTER_UI_SWEEP_059","docs/full-ui-interaction-sweep/screenshots/desktop/attachment-inline-video-viewer.png"
"desktop","Вложения / grid video viewer","1176","0","PASS","","REVIEWED_AFTER_UI_SWEEP_059","docs/full-ui-interaction-sweep/screenshots/desktop/attachment-grid-video-viewer.png"
"360","Вложения / inline gallery","182","0","PASS","","REVIEWED_AFTER_UI_SWEEP_059","docs/full-ui-interaction-sweep/screenshots/360/attachment-inline-gallery.png"
"360","Вложения / inline video viewer","225","0","PASS","","REVIEWED_AFTER_UI_SWEEP_059","docs/full-ui-interaction-sweep/screenshots/360/attachment-inline-video-viewer.png"
"360","Вложения / grid video viewer","586","0","PASS","","REVIEWED_AFTER_UI_SWEEP_059","docs/full-ui-interaction-sweep/screenshots/360/attachment-grid-video-viewer.png"
"390","Вложения / inline gallery","182","0","PASS","","REVIEWED_AFTER_UI_SWEEP_059","docs/full-ui-interaction-sweep/screenshots/390/attachment-inline-gallery.png"
"390","Вложения / inline video viewer","225","0","PASS","","REVIEWED_AFTER_UI_SWEEP_059","docs/full-ui-interaction-sweep/screenshots/390/attachment-inline-video-viewer.png"
"390","Вложения / grid video viewer","586","0","PASS","","REVIEWED_AFTER_UI_SWEEP_059","docs/full-ui-interaction-sweep/screenshots/390/attachment-grid-video-viewer.png"
"430","Вложения / inline gallery","182","0","PASS","","REVIEWED_AFTER_UI_SWEEP_059","docs/full-ui-interaction-sweep/screenshots/430/attachment-inline-gallery.png"
"430","Вложения / inline video viewer","225","0","PASS","","REVIEWED_AFTER_UI_SWEEP_059","docs/full-ui-interaction-sweep/screenshots/430/attachment-inline-video-viewer.png"
"430","Вложения / grid video viewer","586","0","PASS","","REVIEWED_AFTER_UI_SWEEP_059","docs/full-ui-interaction-sweep/screenshots/430/attachment-grid-video-viewer.png"
"desktop","Вложения / загрузка и ошибка","850","0","FAIL","duplicate-fetch: UI-SWEEP-060: pending video issued 2 concurrent GET requests before completion. | duplicate-fetch: UI-SWEEP-060: pending audio issued 2 concurrent GET requests before completion.","REVIEWED_OPEN_FINDING_UI_SWEEP_060","docs/full-ui-interaction-sweep/screenshots/desktop/attachment-loading-error.png"
"desktop","Вложения / audio viewer","859","0","PASS","","REVIEWED_AFTER_UI_SWEEP_061","docs/full-ui-interaction-sweep/screenshots/desktop/attachment-audio-viewer.png"
"desktop","Вложения / повтор восстановлен","787","0","PASS","","REVIEWED_AFTER_UI_SWEEP_061","docs/full-ui-interaction-sweep/screenshots/desktop/attachment-retry-recovered.png"
"360","Вложения / загрузка и ошибка","258","0","FAIL","duplicate-fetch: UI-SWEEP-060: pending video issued 2 concurrent GET requests before completion. | duplicate-fetch: UI-SWEEP-060: pending audio issued 2 concurrent GET requests before completion.","REVIEWED_OPEN_FINDING_UI_SWEEP_060","docs/full-ui-interaction-sweep/screenshots/360/attachment-loading-error.png"
"360","Вложения / audio viewer","267","0","PASS","","REVIEWED_AFTER_UI_SWEEP_061","docs/full-ui-interaction-sweep/screenshots/360/attachment-audio-viewer.png"
"360","Вложения / повтор восстановлен","195","0","PASS","","REVIEWED_AFTER_UI_SWEEP_061","docs/full-ui-interaction-sweep/screenshots/360/attachment-retry-recovered.png"
"390","Вложения / загрузка и ошибка","258","0","PASS","","REVIEWED_AFTER_UI_SWEEP_061","docs/full-ui-interaction-sweep/screenshots/390/attachment-loading-error.png"
"390","Вложения / audio viewer","267","0","PASS","","REVIEWED_AFTER_UI_SWEEP_061","docs/full-ui-interaction-sweep/screenshots/390/attachment-audio-viewer.png"
"390","Вложения / повтор восстановлен","195","0","PASS","","REVIEWED_AFTER_UI_SWEEP_061","docs/full-ui-interaction-sweep/screenshots/390/attachment-retry-recovered.png"
"430","Вложения / загрузка и ошибка","258","0","FAIL","duplicate-fetch: UI-SWEEP-060: pending video issued 2 concurrent GET requests before completion. | duplicate-fetch: UI-SWEEP-060: pending audio issued 2 concurrent GET requests before completion.","REVIEWED_OPEN_FINDING_UI_SWEEP_060","docs/full-ui-interaction-sweep/screenshots/430/attachment-loading-error.png"
"430","Вложения / audio viewer","267","0","PASS","","REVIEWED_AFTER_UI_SWEEP_061","docs/full-ui-interaction-sweep/screenshots/430/attachment-audio-viewer.png"
"430","Вложения / повтор восстановлен","195","0","PASS","","REVIEWED_AFTER_UI_SWEEP_061","docs/full-ui-interaction-sweep/screenshots/430/attachment-retry-recovered.png"
"desktop","Админка / подтверждение деактивации завода","19737","0","PASS","","REVIEWED","docs/full-ui-interaction-sweep/screenshots/desktop/admin-factory-disable-confirm.png"
"360","Админка / подтверждение деактивации завода","19509","0","PASS","","REVIEWED","docs/full-ui-interaction-sweep/screenshots/360/admin-factory-disable-confirm.png"
"390","Админка / подтверждение деактивации завода","19517","0","PASS","","REVIEWED","docs/full-ui-interaction-sweep/screenshots/390/admin-factory-disable-confirm.png"
"430","Админка / подтверждение деактивации завода","19517","0","PASS","","REVIEWED","docs/full-ui-interaction-sweep/screenshots/430/admin-factory-disable-confirm.png"
"desktop","Админка / ошибка деактивации завода","4937","0","PASS","","REVIEWED_OUTCOME","docs/full-ui-interaction-sweep/screenshots/desktop/admin-factory-deactivate-submit-error.png"
"desktop","Админка / завод деактивирован","4552","0","PASS","","REVIEWED_OUTCOME","docs/full-ui-interaction-sweep/screenshots/desktop/admin-factory-deactivate-submit-result.png"
"desktop","Админка / отключённый завод после reload","4552","0","PASS","","REVIEWED_OUTCOME","docs/full-ui-interaction-sweep/screenshots/desktop/admin-factory-deactivate-submit-reload.png"
"desktop","Админка / подтверждение восстановления завода","4725","0","PASS","","REVIEWED_OUTCOME","docs/full-ui-interaction-sweep/screenshots/desktop/admin-factory-restore-submit-before.png"
"desktop","Админка / завод восстановлен","4511","0","PASS","","REVIEWED_OUTCOME","docs/full-ui-interaction-sweep/screenshots/desktop/admin-factory-restore-submit-result.png"
"desktop","Админка / восстановленный завод после reload","4511","0","PASS","","REVIEWED_OUTCOME","docs/full-ui-interaction-sweep/screenshots/desktop/admin-factory-restore-submit-reload.png"
"360","Админка / ошибка деактивации завода","4704","0","PASS","","REVIEWED_OUTCOME","docs/full-ui-interaction-sweep/screenshots/360/admin-factory-deactivate-submit-error.png"
"360","Админка / завод деактивирован","4320","0","PASS","","REVIEWED_OUTCOME","docs/full-ui-interaction-sweep/screenshots/360/admin-factory-deactivate-submit-result.png"
"360","Админка / отключённый завод после reload","4320","0","PASS","","REVIEWED_OUTCOME","docs/full-ui-interaction-sweep/screenshots/360/admin-factory-deactivate-submit-reload.png"
"360","Админка / подтверждение восстановления завода","4492","0","PASS","","REVIEWED_OUTCOME","docs/full-ui-interaction-sweep/screenshots/360/admin-factory-restore-submit-before.png"
"360","Админка / завод восстановлен","4279","0","PASS","","REVIEWED_OUTCOME","docs/full-ui-interaction-sweep/screenshots/360/admin-factory-restore-submit-result.png"
"360","Админка / восстановленный завод после reload","4279","0","PASS","","REVIEWED_OUTCOME","docs/full-ui-interaction-sweep/screenshots/360/admin-factory-restore-submit-reload.png"
"390","Админка / ошибка деактивации завода","4712","0","PASS","","REVIEWED_OUTCOME","docs/full-ui-interaction-sweep/screenshots/390/admin-factory-deactivate-submit-error.png"
"390","Админка / завод деактивирован","4328","0","PASS","","REVIEWED_OUTCOME","docs/full-ui-interaction-sweep/screenshots/390/admin-factory-deactivate-submit-result.png"
"390","Админка / отключённый завод после reload","4328","0","PASS","","REVIEWED_OUTCOME","docs/full-ui-interaction-sweep/screenshots/390/admin-factory-deactivate-submit-reload.png"
"390","Админка / подтверждение восстановления завода","4500","0","PASS","","REVIEWED_OUTCOME","docs/full-ui-interaction-sweep/screenshots/390/admin-factory-restore-submit-before.png"
"390","Админка / завод восстановлен","4287","0","PASS","","REVIEWED_OUTCOME","docs/full-ui-interaction-sweep/screenshots/390/admin-factory-restore-submit-result.png"
"390","Админка / восстановленный завод после reload","4287","0","PASS","","REVIEWED_OUTCOME","docs/full-ui-interaction-sweep/screenshots/390/admin-factory-restore-submit-reload.png"
"430","Админка / ошибка деактивации завода","4712","0","PASS","","REVIEWED_OUTCOME","docs/full-ui-interaction-sweep/screenshots/430/admin-factory-deactivate-submit-error.png"
"430","Админка / завод деактивирован","4328","0","PASS","","REVIEWED_OUTCOME","docs/full-ui-interaction-sweep/screenshots/430/admin-factory-deactivate-submit-result.png"
"430","Админка / отключённый завод после reload","4328","0","PASS","","REVIEWED_OUTCOME","docs/full-ui-interaction-sweep/screenshots/430/admin-factory-deactivate-submit-reload.png"
"430","Админка / подтверждение восстановления завода","4500","0","PASS","","REVIEWED_OUTCOME","docs/full-ui-interaction-sweep/screenshots/430/admin-factory-restore-submit-before.png"
"430","Админка / завод восстановлен","4287","0","PASS","","REVIEWED_OUTCOME","docs/full-ui-interaction-sweep/screenshots/430/admin-factory-restore-submit-result.png"
"430","Админка / восстановленный завод после reload","4287","0","PASS","","REVIEWED_OUTCOME","docs/full-ui-interaction-sweep/screenshots/430/admin-factory-restore-submit-reload.png"
"desktop","Админка / ошибка деактивации отдела","3269","0","PASS","","REVIEWED_OUTCOME","docs/full-ui-interaction-sweep/screenshots/desktop/admin-department-deactivate-submit-error.png"
"desktop","Админка / отдел деактивирован","2921","0","PASS","","REVIEWED_OUTCOME","docs/full-ui-interaction-sweep/screenshots/desktop/admin-department-deactivate-submit-result.png"
"desktop","Админка / отключённый отдел после reload","2921","0","PASS","","REVIEWED_OUTCOME","docs/full-ui-interaction-sweep/screenshots/desktop/admin-department-deactivate-submit-reload.png"
"360","Админка / ошибка деактивации отдела","3038","0","PASS","","REVIEWED_OUTCOME","docs/full-ui-interaction-sweep/screenshots/360/admin-department-deactivate-submit-error.png"
"360","Админка / отдел деактивирован","2691","0","PASS","","REVIEWED_OUTCOME","docs/full-ui-interaction-sweep/screenshots/360/admin-department-deactivate-submit-result.png"
"360","Админка / отключённый отдел после reload","2691","0","PASS","","REVIEWED_OUTCOME","docs/full-ui-interaction-sweep/screenshots/360/admin-department-deactivate-submit-reload.png"
"390","Админка / ошибка деактивации отдела","3046","0","PASS","","REVIEWED_OUTCOME","docs/full-ui-interaction-sweep/screenshots/390/admin-department-deactivate-submit-error.png"
"390","Админка / отдел деактивирован","2699","0","PASS","","REVIEWED_OUTCOME","docs/full-ui-interaction-sweep/screenshots/390/admin-department-deactivate-submit-result.png"
"390","Админка / отключённый отдел после reload","2699","0","PASS","","REVIEWED_OUTCOME","docs/full-ui-interaction-sweep/screenshots/390/admin-department-deactivate-submit-reload.png"
"430","Админка / ошибка деактивации отдела","3046","0","PASS","","REVIEWED_OUTCOME","docs/full-ui-interaction-sweep/screenshots/430/admin-department-deactivate-submit-error.png"
"430","Админка / отдел деактивирован","2699","0","PASS","","REVIEWED_OUTCOME","docs/full-ui-interaction-sweep/screenshots/430/admin-department-deactivate-submit-result.png"
"430","Админка / отключённый отдел после reload","2699","0","PASS","","REVIEWED_OUTCOME","docs/full-ui-interaction-sweep/screenshots/430/admin-department-deactivate-submit-reload.png"
"desktop","Админка / ошибка отключения линии","2429","0","PASS","","REVIEWED_OUTCOME","docs/full-ui-interaction-sweep/screenshots/desktop/admin-line-deactivate-submit-error.png"
"desktop","Админка / линия отключена","2056","0","PASS","","REVIEWED_OUTCOME","docs/full-ui-interaction-sweep/screenshots/desktop/admin-line-deactivate-submit-result.png"
"desktop","Админка / отключённая линия после reload","2056","0","PASS","","REVIEWED_OUTCOME","docs/full-ui-interaction-sweep/screenshots/desktop/admin-line-deactivate-submit-reload.png"
"360","Админка / ошибка отключения линии","2199","0","PASS","","REVIEWED_OUTCOME","docs/full-ui-interaction-sweep/screenshots/360/admin-line-deactivate-submit-error.png"
"360","Админка / линия отключена","1827","0","PASS","","REVIEWED_OUTCOME","docs/full-ui-interaction-sweep/screenshots/360/admin-line-deactivate-submit-result.png"
"360","Админка / отключённая линия после reload","1827","0","PASS","","REVIEWED_OUTCOME","docs/full-ui-interaction-sweep/screenshots/360/admin-line-deactivate-submit-reload.png"
"390","Админка / ошибка отключения линии","2207","0","PASS","","REVIEWED_OUTCOME","docs/full-ui-interaction-sweep/screenshots/390/admin-line-deactivate-submit-error.png"
"390","Админка / линия отключена","1835","0","PASS","","REVIEWED_OUTCOME","docs/full-ui-interaction-sweep/screenshots/390/admin-line-deactivate-submit-result.png"
"390","Админка / отключённая линия после reload","1835","0","PASS","","REVIEWED_OUTCOME","docs/full-ui-interaction-sweep/screenshots/390/admin-line-deactivate-submit-reload.png"
"430","Админка / ошибка отключения линии","2207","0","PASS","","REVIEWED_OUTCOME","docs/full-ui-interaction-sweep/screenshots/430/admin-line-deactivate-submit-error.png"
"430","Админка / линия отключена","1835","0","PASS","","REVIEWED_OUTCOME","docs/full-ui-interaction-sweep/screenshots/430/admin-line-deactivate-submit-result.png"
"430","Админка / отключённая линия после reload","1835","0","PASS","","REVIEWED_OUTCOME","docs/full-ui-interaction-sweep/screenshots/430/admin-line-deactivate-submit-reload.png"
"desktop","Админка / ошибка отключения line-position","1945","0","PASS","","REVIEWED_AFTER_UI_SWEEP_121","docs/full-ui-interaction-sweep/screenshots/desktop/admin-nested-deactivate-line-position-error.png"
"desktop","Админка / отключено line-position","1599","0","PASS","","REVIEWED_AFTER_UI_SWEEP_121","docs/full-ui-interaction-sweep/screenshots/desktop/admin-nested-deactivate-line-position-result.png"
"desktop","Админка / отключено после reload line-position","1599","0","PASS","","REVIEWED_AFTER_UI_SWEEP_121","docs/full-ui-interaction-sweep/screenshots/desktop/admin-nested-deactivate-line-position-reload.png"
"360","Админка / ошибка отключения line-position","1715","0","PASS","","REVIEWED_AFTER_UI_SWEEP_121","docs/full-ui-interaction-sweep/screenshots/360/admin-nested-deactivate-line-position-error.png"
"360","Админка / отключено line-position","1370","0","PASS","","REVIEWED_AFTER_UI_SWEEP_121","docs/full-ui-interaction-sweep/screenshots/360/admin-nested-deactivate-line-position-result.png"
"360","Админка / отключено после reload line-position","1370","0","PASS","","REVIEWED_AFTER_UI_SWEEP_121","docs/full-ui-interaction-sweep/screenshots/360/admin-nested-deactivate-line-position-reload.png"
"390","Админка / ошибка отключения line-position","1723","0","PASS","","REVIEWED_AFTER_UI_SWEEP_121","docs/full-ui-interaction-sweep/screenshots/390/admin-nested-deactivate-line-position-error.png"
"390","Админка / отключено line-position","1378","0","PASS","","REVIEWED_AFTER_UI_SWEEP_121","docs/full-ui-interaction-sweep/screenshots/390/admin-nested-deactivate-line-position-result.png"
"390","Админка / отключено после reload line-position","1378","0","PASS","","REVIEWED_AFTER_UI_SWEEP_121","docs/full-ui-interaction-sweep/screenshots/390/admin-nested-deactivate-line-position-reload.png"
"430","Админка / ошибка отключения line-position","1723","0","PASS","","REVIEWED_AFTER_UI_SWEEP_121","docs/full-ui-interaction-sweep/screenshots/430/admin-nested-deactivate-line-position-error.png"
"430","Админка / отключено line-position","1378","0","PASS","","REVIEWED_AFTER_UI_SWEEP_121","docs/full-ui-interaction-sweep/screenshots/430/admin-nested-deactivate-line-position-result.png"
"430","Админка / отключено после reload line-position","1378","0","PASS","","REVIEWED_AFTER_UI_SWEEP_121","docs/full-ui-interaction-sweep/screenshots/430/admin-nested-deactivate-line-position-reload.png"
"desktop","Админка / ошибка отключения staffing-template","2045","0","PASS","","REVIEWED_AFTER_UI_SWEEP_121","docs/full-ui-interaction-sweep/screenshots/desktop/admin-nested-deactivate-staffing-template-error.png"
"desktop","Админка / отключено staffing-template","1689","0","PASS","","REVIEWED_AFTER_UI_SWEEP_121","docs/full-ui-interaction-sweep/screenshots/desktop/admin-nested-deactivate-staffing-template-result.png"
"desktop","Админка / отключено после reload staffing-template","1689","0","PASS","","REVIEWED_AFTER_UI_SWEEP_121","docs/full-ui-interaction-sweep/screenshots/desktop/admin-nested-deactivate-staffing-template-reload.png"
"360","Админка / ошибка отключения staffing-template","1815","0","PASS","","REVIEWED_AFTER_UI_SWEEP_121","docs/full-ui-interaction-sweep/screenshots/360/admin-nested-deactivate-staffing-template-error.png"
"360","Админка / отключено staffing-template","1460","0","PASS","","REVIEWED_AFTER_UI_SWEEP_121","docs/full-ui-interaction-sweep/screenshots/360/admin-nested-deactivate-staffing-template-result.png"
"360","Админка / отключено после reload staffing-template","1460","0","PASS","","REVIEWED_AFTER_UI_SWEEP_121","docs/full-ui-interaction-sweep/screenshots/360/admin-nested-deactivate-staffing-template-reload.png"
"390","Админка / ошибка отключения staffing-template","1823","0","PASS","","REVIEWED_AFTER_UI_SWEEP_121","docs/full-ui-interaction-sweep/screenshots/390/admin-nested-deactivate-staffing-template-error.png"
"390","Админка / отключено staffing-template","1468","0","PASS","","REVIEWED_AFTER_UI_SWEEP_121","docs/full-ui-interaction-sweep/screenshots/390/admin-nested-deactivate-staffing-template-result.png"
"390","Админка / отключено после reload staffing-template","1468","0","PASS","","REVIEWED_AFTER_UI_SWEEP_121","docs/full-ui-interaction-sweep/screenshots/390/admin-nested-deactivate-staffing-template-reload.png"
"430","Админка / ошибка отключения staffing-template","1823","0","PASS","","REVIEWED_AFTER_UI_SWEEP_121","docs/full-ui-interaction-sweep/screenshots/430/admin-nested-deactivate-staffing-template-error.png"
"430","Админка / отключено staffing-template","1468","0","PASS","","REVIEWED_AFTER_UI_SWEEP_121","docs/full-ui-interaction-sweep/screenshots/430/admin-nested-deactivate-staffing-template-result.png"
"430","Админка / отключено после reload staffing-template","1468","0","PASS","","REVIEWED_AFTER_UI_SWEEP_121","docs/full-ui-interaction-sweep/screenshots/430/admin-nested-deactivate-staffing-template-reload.png"
"desktop","Админка / ошибка отключения work-area","2141","0","PASS","","REVIEWED_AFTER_UI_SWEEP_121","docs/full-ui-interaction-sweep/screenshots/desktop/admin-nested-deactivate-work-area-error.png"
"desktop","Админка / отключено work-area","1817","0","PASS","","REVIEWED_AFTER_UI_SWEEP_121","docs/full-ui-interaction-sweep/screenshots/desktop/admin-nested-deactivate-work-area-result.png"
"desktop","Админка / отключено после reload work-area","1817","0","PASS","","REVIEWED_AFTER_UI_SWEEP_121","docs/full-ui-interaction-sweep/screenshots/desktop/admin-nested-deactivate-work-area-reload.png"
"360","Админка / ошибка отключения work-area","1910","0","PASS","","REVIEWED_AFTER_UI_SWEEP_121","docs/full-ui-interaction-sweep/screenshots/360/admin-nested-deactivate-work-area-error.png"
"360","Админка / отключено work-area","1587","0","PASS","","REVIEWED_AFTER_UI_SWEEP_121","docs/full-ui-interaction-sweep/screenshots/360/admin-nested-deactivate-work-area-result.png"
"360","Админка / отключено после reload work-area","1587","0","PASS","","REVIEWED_AFTER_UI_SWEEP_121","docs/full-ui-interaction-sweep/screenshots/360/admin-nested-deactivate-work-area-reload.png"
"390","Админка / ошибка отключения work-area","1918","0","PASS","","REVIEWED_AFTER_UI_SWEEP_121","docs/full-ui-interaction-sweep/screenshots/390/admin-nested-deactivate-work-area-error.png"
"390","Админка / отключено work-area","1595","0","PASS","","REVIEWED_AFTER_UI_SWEEP_121","docs/full-ui-interaction-sweep/screenshots/390/admin-nested-deactivate-work-area-result.png"
"390","Админка / отключено после reload work-area","1595","0","PASS","","REVIEWED_AFTER_UI_SWEEP_121","docs/full-ui-interaction-sweep/screenshots/390/admin-nested-deactivate-work-area-reload.png"
"430","Админка / ошибка отключения work-area","1918","0","PASS","","REVIEWED_AFTER_UI_SWEEP_121","docs/full-ui-interaction-sweep/screenshots/430/admin-nested-deactivate-work-area-error.png"
"430","Админка / отключено work-area","1595","0","PASS","","REVIEWED_AFTER_UI_SWEEP_121","docs/full-ui-interaction-sweep/screenshots/430/admin-nested-deactivate-work-area-result.png"
"430","Админка / отключено после reload work-area","1595","0","PASS","","REVIEWED_AFTER_UI_SWEEP_121","docs/full-ui-interaction-sweep/screenshots/430/admin-nested-deactivate-work-area-reload.png"
"desktop","Админка / ошибка отключения work-area-position","2165","0","PASS","","REVIEWED_AFTER_UI_SWEEP_121","docs/full-ui-interaction-sweep/screenshots/desktop/admin-nested-deactivate-work-area-position-error.png"
"desktop","Админка / отключено work-area-position","1867","0","PASS","","REVIEWED_AFTER_UI_SWEEP_121","docs/full-ui-interaction-sweep/screenshots/desktop/admin-nested-deactivate-work-area-position-result.png"
"desktop","Админка / отключено после reload work-area-position","1867","0","PASS","","REVIEWED_AFTER_UI_SWEEP_121","docs/full-ui-interaction-sweep/screenshots/desktop/admin-nested-deactivate-work-area-position-reload.png"
"360","Админка / ошибка отключения work-area-position","1935","0","PASS","","REVIEWED_AFTER_UI_SWEEP_121","docs/full-ui-interaction-sweep/screenshots/360/admin-nested-deactivate-work-area-position-error.png"
"360","Админка / отключено work-area-position","1638","0","PASS","","REVIEWED_AFTER_UI_SWEEP_121","docs/full-ui-interaction-sweep/screenshots/360/admin-nested-deactivate-work-area-position-result.png"
"360","Админка / отключено после reload work-area-position","1638","0","PASS","","REVIEWED_AFTER_UI_SWEEP_121","docs/full-ui-interaction-sweep/screenshots/360/admin-nested-deactivate-work-area-position-reload.png"
"390","Админка / ошибка отключения work-area-position","1943","0","PASS","","REVIEWED_AFTER_UI_SWEEP_121","docs/full-ui-interaction-sweep/screenshots/390/admin-nested-deactivate-work-area-position-error.png"
"390","Админка / отключено work-area-position","1646","0","PASS","","REVIEWED_AFTER_UI_SWEEP_121","docs/full-ui-interaction-sweep/screenshots/390/admin-nested-deactivate-work-area-position-result.png"
"390","Админка / отключено после reload work-area-position","1646","0","PASS","","REVIEWED_AFTER_UI_SWEEP_121","docs/full-ui-interaction-sweep/screenshots/390/admin-nested-deactivate-work-area-position-reload.png"
"430","Админка / ошибка отключения work-area-position","1943","0","PASS","","REVIEWED_AFTER_UI_SWEEP_121","docs/full-ui-interaction-sweep/screenshots/430/admin-nested-deactivate-work-area-position-error.png"
"430","Админка / отключено work-area-position","1646","0","PASS","","REVIEWED_AFTER_UI_SWEEP_121","docs/full-ui-interaction-sweep/screenshots/430/admin-nested-deactivate-work-area-position-result.png"
"430","Админка / отключено после reload work-area-position","1646","0","PASS","","REVIEWED_AFTER_UI_SWEEP_121","docs/full-ui-interaction-sweep/screenshots/430/admin-nested-deactivate-work-area-position-reload.png"
"desktop","Админка / обзор после обновления","2590","0","PASS","","REVIEWED_AFTER_UI_SWEEP_052","docs/full-ui-interaction-sweep/screenshots/desktop/admin-overview-current.png"
"desktop","Админка / обзор / раскрытая проверка","2857","0","PASS","","REVIEWED_AFTER_UI_SWEEP_052","docs/full-ui-interaction-sweep/screenshots/desktop/admin-overview-health-expanded.png"
"360","Админка / обзор после обновления","2362","0","PASS","","REVIEWED_AFTER_UI_SWEEP_052","docs/full-ui-interaction-sweep/screenshots/360/admin-overview-current.png"
"360","Админка / обзор / раскрытая проверка","2629","0","PASS","","REVIEWED_AFTER_UI_SWEEP_052","docs/full-ui-interaction-sweep/screenshots/360/admin-overview-health-expanded.png"
"390","Админка / обзор после обновления","2370","0","PASS","","REVIEWED_AFTER_UI_SWEEP_052","docs/full-ui-interaction-sweep/screenshots/390/admin-overview-current.png"
"390","Админка / обзор / раскрытая проверка","2637","0","PASS","","REVIEWED_AFTER_UI_SWEEP_052","docs/full-ui-interaction-sweep/screenshots/390/admin-overview-health-expanded.png"
"430","Админка / обзор после обновления","2370","0","PASS","","REVIEWED_AFTER_UI_SWEEP_052","docs/full-ui-interaction-sweep/screenshots/430/admin-overview-current.png"
"430","Админка / обзор / раскрытая проверка","2637","0","PASS","","REVIEWED_AFTER_UI_SWEEP_052","docs/full-ui-interaction-sweep/screenshots/430/admin-overview-health-expanded.png"
"desktop","Админка / обзор / дополнительные проверки скрыты","2828","0","PASS","","REVIEWED","docs/full-ui-interaction-sweep/screenshots/desktop/admin-health-additional-collapsed.png"
"desktop","Админка / обзор / дополнительные проверки показаны","2951","0","PASS","","REVIEWED","docs/full-ui-interaction-sweep/screenshots/desktop/admin-health-additional-expanded.png"
"360","Админка / обзор / дополнительные проверки скрыты","2600","0","PASS","","REVIEWED","docs/full-ui-interaction-sweep/screenshots/360/admin-health-additional-collapsed.png"
"360","Админка / обзор / дополнительные проверки показаны","2723","0","PASS","","REVIEWED","docs/full-ui-interaction-sweep/screenshots/360/admin-health-additional-expanded.png"
"390","Админка / обзор / дополнительные проверки скрыты","2608","0","PASS","","REVIEWED","docs/full-ui-interaction-sweep/screenshots/390/admin-health-additional-collapsed.png"
"390","Админка / обзор / дополнительные проверки показаны","2731","0","PASS","","REVIEWED","docs/full-ui-interaction-sweep/screenshots/390/admin-health-additional-expanded.png"
"430","Админка / обзор / дополнительные проверки скрыты","2608","0","PASS","","REVIEWED","docs/full-ui-interaction-sweep/screenshots/430/admin-health-additional-collapsed.png"
"430","Админка / обзор / дополнительные проверки показаны","2731","0","PASS","","REVIEWED","docs/full-ui-interaction-sweep/screenshots/430/admin-health-additional-expanded.png"
"desktop","Админка / экспорт конфигурации / предпросмотр","19496","0","PASS","","REVIEWED_AFTER_UI_SWEEP_068","docs/full-ui-interaction-sweep/screenshots/desktop/admin-config-export-preview.png"
"360","Админка / экспорт конфигурации / предпросмотр","19268","0","PASS","","REVIEWED_AFTER_UI_SWEEP_068","docs/full-ui-interaction-sweep/screenshots/360/admin-config-export-preview.png"
"390","Админка / экспорт конфигурации / предпросмотр","19276","0","PASS","","REVIEWED_AFTER_UI_SWEEP_068","docs/full-ui-interaction-sweep/screenshots/390/admin-config-export-preview.png"
"430","Админка / экспорт конфигурации / предпросмотр","19276","0","PASS","","REVIEWED_AFTER_UI_SWEEP_068","docs/full-ui-interaction-sweep/screenshots/430/admin-config-export-preview.png"
"desktop","Админка / выданный доступ / результат","8177","0","PASS","","REVIEWED","docs/full-ui-interaction-sweep/screenshots/desktop/admin-factory-access-submit-result.png"
"360","Админка / выданный доступ / результат","7949","0","PASS","","REVIEWED","docs/full-ui-interaction-sweep/screenshots/360/admin-factory-access-submit-result.png"
"390","Админка / выданный доступ / результат","7957","0","PASS","","REVIEWED","docs/full-ui-interaction-sweep/screenshots/390/admin-factory-access-submit-result.png"
"430","Админка / выданный доступ / результат","7957","0","PASS","","REVIEWED","docs/full-ui-interaction-sweep/screenshots/430/admin-factory-access-submit-result.png"
"desktop","Админка / созданный завод / результат","4392","0","PASS","","REVIEWED","docs/full-ui-interaction-sweep/screenshots/desktop/admin-factory-create-submit-result.png"
"360","Админка / созданный завод / результат","4158","0","PASS","","REVIEWED","docs/full-ui-interaction-sweep/screenshots/360/admin-factory-create-submit-result.png"
"390","Админка / созданный завод / результат","4166","0","PASS","","REVIEWED","docs/full-ui-interaction-sweep/screenshots/390/admin-factory-create-submit-result.png"
"430","Админка / созданный завод / результат","4166","0","PASS","","REVIEWED","docs/full-ui-interaction-sweep/screenshots/430/admin-factory-create-submit-result.png"
"desktop","Админка / создание копии завода","19123","0","PASS","","REVIEWED_AFTER_ADMIN_FACTORY_COUNT_PLURAL_FIX","docs/full-ui-interaction-sweep/screenshots/desktop/admin-factory-copy-submit-before.png"
"desktop","Админка / ошибка создания копии завода","19237","0","PASS","","REVIEWED_AFTER_ADMIN_FACTORY_COUNT_PLURAL_FIX","docs/full-ui-interaction-sweep/screenshots/desktop/admin-factory-copy-submit-error.png"
"desktop","Админка / копия завода создана","4220","0","PASS","","REVIEWED_AFTER_ADMIN_FACTORY_COUNT_PLURAL_FIX","docs/full-ui-interaction-sweep/screenshots/desktop/admin-factory-copy-submit-result.png"
"desktop","Админка / копия завода после reload","4054","0","PASS","","REVIEWED_AFTER_ADMIN_FACTORY_COUNT_PLURAL_FIX","docs/full-ui-interaction-sweep/screenshots/desktop/admin-factory-copy-submit-reload.png"
"360","Админка / создание копии завода","18895","0","PASS","","REVIEWED_AFTER_ADMIN_FACTORY_COUNT_PLURAL_FIX","docs/full-ui-interaction-sweep/screenshots/360/admin-factory-copy-submit-before.png"
"360","Админка / ошибка создания копии завода","19009","0","PASS","","REVIEWED_AFTER_ADMIN_FACTORY_COUNT_PLURAL_FIX","docs/full-ui-interaction-sweep/screenshots/360/admin-factory-copy-submit-error.png"
"360","Админка / копия завода создана","3986","0","PASS","","REVIEWED_AFTER_ADMIN_FACTORY_COUNT_PLURAL_FIX","docs/full-ui-interaction-sweep/screenshots/360/admin-factory-copy-submit-result.png"
"360","Админка / копия завода после reload","3822","0","PASS","","REVIEWED_AFTER_ADMIN_FACTORY_COUNT_PLURAL_FIX","docs/full-ui-interaction-sweep/screenshots/360/admin-factory-copy-submit-reload.png"
"390","Админка / создание копии завода","18903","0","PASS","","REVIEWED_AFTER_ADMIN_FACTORY_COUNT_PLURAL_FIX","docs/full-ui-interaction-sweep/screenshots/390/admin-factory-copy-submit-before.png"
"390","Админка / ошибка создания копии завода","19017","0","PASS","","REVIEWED_AFTER_ADMIN_FACTORY_COUNT_PLURAL_FIX","docs/full-ui-interaction-sweep/screenshots/390/admin-factory-copy-submit-error.png"
"390","Админка / копия завода создана","3994","0","PASS","","REVIEWED_AFTER_ADMIN_FACTORY_COUNT_PLURAL_FIX","docs/full-ui-interaction-sweep/screenshots/390/admin-factory-copy-submit-result.png"
"390","Админка / копия завода после reload","3830","0","PASS","","REVIEWED_AFTER_ADMIN_FACTORY_COUNT_PLURAL_FIX","docs/full-ui-interaction-sweep/screenshots/390/admin-factory-copy-submit-reload.png"
"430","Админка / создание копии завода","18903","0","PASS","","REVIEWED_AFTER_ADMIN_FACTORY_COUNT_PLURAL_FIX","docs/full-ui-interaction-sweep/screenshots/430/admin-factory-copy-submit-before.png"
"430","Админка / ошибка создания копии завода","19017","0","PASS","","REVIEWED_AFTER_ADMIN_FACTORY_COUNT_PLURAL_FIX","docs/full-ui-interaction-sweep/screenshots/430/admin-factory-copy-submit-error.png"
"430","Админка / копия завода создана","3994","0","PASS","","REVIEWED_AFTER_ADMIN_FACTORY_COUNT_PLURAL_FIX","docs/full-ui-interaction-sweep/screenshots/430/admin-factory-copy-submit-result.png"
"430","Админка / копия завода после reload","3830","0","PASS","","REVIEWED_AFTER_ADMIN_FACTORY_COUNT_PLURAL_FIX","docs/full-ui-interaction-sweep/screenshots/430/admin-factory-copy-submit-reload.png"
"desktop","Админка / импорт завода / Browser Back","19311","0","PASS","","REVIEWED","docs/full-ui-interaction-sweep/screenshots/desktop/admin-factory-import-back-retained.png"
"desktop","Админка / импорт завода / Отмена","19311","0","PASS","","REVIEWED","docs/full-ui-interaction-sweep/screenshots/desktop/admin-factory-import-cancel-retained.png"
"desktop","Админка / импорт завода / результат","4862","0","PASS","","REVIEWED","docs/full-ui-interaction-sweep/screenshots/desktop/admin-factory-import-submit-result.png"
"360","Админка / импорт завода / Browser Back","19079","0","PASS","","REVIEWED","docs/full-ui-interaction-sweep/screenshots/360/admin-factory-import-back-retained.png"
"360","Админка / импорт завода / Отмена","19079","0","PASS","","REVIEWED","docs/full-ui-interaction-sweep/screenshots/360/admin-factory-import-cancel-retained.png"
"360","Админка / импорт завода / результат","4624","0","PASS","","REVIEWED","docs/full-ui-interaction-sweep/screenshots/360/admin-factory-import-submit-result.png"
"390","Админка / импорт завода / Browser Back","19087","0","PASS","","REVIEWED","docs/full-ui-interaction-sweep/screenshots/390/admin-factory-import-back-retained.png"
"390","Админка / импорт завода / Отмена","19087","0","PASS","","REVIEWED","docs/full-ui-interaction-sweep/screenshots/390/admin-factory-import-cancel-retained.png"
"390","Админка / импорт завода / результат","4632","0","PASS","","REVIEWED","docs/full-ui-interaction-sweep/screenshots/390/admin-factory-import-submit-result.png"
"430","Админка / импорт завода / Browser Back","19087","0","PASS","","REVIEWED","docs/full-ui-interaction-sweep/screenshots/430/admin-factory-import-back-retained.png"
"430","Админка / импорт завода / Отмена","19087","0","PASS","","REVIEWED","docs/full-ui-interaction-sweep/screenshots/430/admin-factory-import-cancel-retained.png"
"430","Админка / импорт завода / результат","4632","0","PASS","","REVIEWED","docs/full-ui-interaction-sweep/screenshots/430/admin-factory-import-submit-result.png"
"desktop","Админка / созданный отдел / результат","3479","0","PASS","","REVIEWED","docs/full-ui-interaction-sweep/screenshots/desktop/admin-department-create-submit-result.png"
"desktop","Админка / созданная должность / результат","7399","0","PASS","","REVIEWED","docs/full-ui-interaction-sweep/screenshots/desktop/admin-job-title-create-submit-result.png"
"desktop","Админка / созданная фирма / результат","7474","0","PASS","","REVIEWED","docs/full-ui-interaction-sweep/screenshots/desktop/admin-external-company-create-submit-result.png"
"360","Админка / созданный отдел / результат","3249","0","PASS","","REVIEWED","docs/full-ui-interaction-sweep/screenshots/360/admin-department-create-submit-result.png"
"360","Админка / созданная должность / результат","7166","0","PASS","","REVIEWED","docs/full-ui-interaction-sweep/screenshots/360/admin-job-title-create-submit-result.png"
"360","Админка / созданная фирма / результат","7240","0","PASS","","REVIEWED","docs/full-ui-interaction-sweep/screenshots/360/admin-external-company-create-submit-result.png"
"390","Админка / созданный отдел / результат","3257","0","PASS","","REVIEWED","docs/full-ui-interaction-sweep/screenshots/390/admin-department-create-submit-result.png"
"390","Админка / созданная должность / результат","7174","0","PASS","","REVIEWED","docs/full-ui-interaction-sweep/screenshots/390/admin-job-title-create-submit-result.png"
"390","Админка / созданная фирма / результат","7248","0","PASS","","REVIEWED","docs/full-ui-interaction-sweep/screenshots/390/admin-external-company-create-submit-result.png"
"430","Админка / созданный отдел / результат","3257","0","PASS","","REVIEWED","docs/full-ui-interaction-sweep/screenshots/430/admin-department-create-submit-result.png"
"430","Админка / созданная должность / результат","7174","0","PASS","","REVIEWED","docs/full-ui-interaction-sweep/screenshots/430/admin-job-title-create-submit-result.png"
"430","Админка / созданная фирма / результат","7248","0","PASS","","REVIEWED","docs/full-ui-interaction-sweep/screenshots/430/admin-external-company-create-submit-result.png"
"desktop","Админка / созданная линия / результат","3108","0","PASS","","REVIEWED","docs/full-ui-interaction-sweep/screenshots/desktop/admin-line-create-submit-result.png"
"desktop","Админка / переименованная линия / результат","3400","0","PASS","","REVIEWED","docs/full-ui-interaction-sweep/screenshots/desktop/admin-line-rename-submit-result.png"
"desktop","Админка / созданная позиция линии / результат","5130","0","PASS","","REVIEWED","docs/full-ui-interaction-sweep/screenshots/desktop/admin-line-position-create-submit-result.png"
"360","Админка / созданная линия / результат","2879","0","PASS","","REVIEWED","docs/full-ui-interaction-sweep/screenshots/360/admin-line-create-submit-result.png"
"360","Админка / переименованная линия / результат","3171","0","PASS","","REVIEWED","docs/full-ui-interaction-sweep/screenshots/360/admin-line-rename-submit-result.png"
"360","Админка / созданная позиция линии / результат","4899","0","PASS","","REVIEWED","docs/full-ui-interaction-sweep/screenshots/360/admin-line-position-create-submit-result.png"
"390","Админка / созданная линия / результат","2887","0","PASS","","REVIEWED","docs/full-ui-interaction-sweep/screenshots/390/admin-line-create-submit-result.png"
"390","Админка / переименованная линия / результат","3179","0","PASS","","REVIEWED","docs/full-ui-interaction-sweep/screenshots/390/admin-line-rename-submit-result.png"
"390","Админка / созданная позиция линии / результат","4907","0","PASS","","REVIEWED","docs/full-ui-interaction-sweep/screenshots/390/admin-line-position-create-submit-result.png"
"430","Админка / созданная линия / результат","2887","0","PASS","","REVIEWED","docs/full-ui-interaction-sweep/screenshots/430/admin-line-create-submit-result.png"
"430","Админка / переименованная линия / результат","3179","0","PASS","","REVIEWED","docs/full-ui-interaction-sweep/screenshots/430/admin-line-rename-submit-result.png"
"430","Админка / созданная позиция линии / результат","4907","0","PASS","","REVIEWED","docs/full-ui-interaction-sweep/screenshots/430/admin-line-position-create-submit-result.png"
"desktop","Админка / созданная рабочая зона / результат","5540","0","PASS","","REVIEWED","docs/full-ui-interaction-sweep/screenshots/desktop/admin-work-area-create-submit-result.png"
"desktop","Админка / созданная позиция рабочей зоны / результат","5588","0","PASS","","REVIEWED","docs/full-ui-interaction-sweep/screenshots/desktop/admin-work-area-position-create-submit-result.png"
"360","Админка / созданная рабочая зона / результат","5310","0","PASS","","REVIEWED","docs/full-ui-interaction-sweep/screenshots/360/admin-work-area-create-submit-result.png"
"360","Админка / созданная позиция рабочей зоны / результат","5357","0","PASS","","REVIEWED","docs/full-ui-interaction-sweep/screenshots/360/admin-work-area-position-create-submit-result.png"
"390","Админка / созданная рабочая зона / результат","5318","0","PASS","","REVIEWED","docs/full-ui-interaction-sweep/screenshots/390/admin-work-area-create-submit-result.png"
"390","Админка / созданная позиция рабочей зоны / результат","5365","0","PASS","","REVIEWED","docs/full-ui-interaction-sweep/screenshots/390/admin-work-area-position-create-submit-result.png"
"430","Админка / созданная рабочая зона / результат","5318","0","PASS","","REVIEWED","docs/full-ui-interaction-sweep/screenshots/430/admin-work-area-create-submit-result.png"
"430","Админка / созданная позиция рабочей зоны / результат","5365","0","PASS","","REVIEWED","docs/full-ui-interaction-sweep/screenshots/430/admin-work-area-position-create-submit-result.png"
"desktop","Админка / сохранённое ФИО / результат","8965","0","PASS","","REVIEWED_AFTER_UI_SWEEP_070","docs/full-ui-interaction-sweep/screenshots/desktop/admin-identity-save-submit-result.png"
"desktop","Админка / сохранённые настройки должности / результат","7121","0","PASS","","REVIEWED_AFTER_UI_SWEEP_070","docs/full-ui-interaction-sweep/screenshots/desktop/admin-job-title-settings-save-submit-result.png"
"360","Админка / сохранённое ФИО / результат","8735","0","PASS","","REVIEWED_AFTER_UI_SWEEP_070","docs/full-ui-interaction-sweep/screenshots/360/admin-identity-save-submit-result.png"
"360","Админка / сохранённые настройки должности / результат","6893","0","PASS","","REVIEWED_AFTER_UI_SWEEP_070","docs/full-ui-interaction-sweep/screenshots/360/admin-job-title-settings-save-submit-result.png"
"390","Админка / сохранённое ФИО / результат","8743","0","PASS","","REVIEWED_AFTER_UI_SWEEP_070","docs/full-ui-interaction-sweep/screenshots/390/admin-identity-save-submit-result.png"
"390","Админка / сохранённые настройки должности / результат","6901","0","PASS","","REVIEWED_AFTER_UI_SWEEP_070","docs/full-ui-interaction-sweep/screenshots/390/admin-job-title-settings-save-submit-result.png"
"430","Админка / сохранённое ФИО / результат","8743","0","PASS","","REVIEWED_AFTER_UI_SWEEP_070","docs/full-ui-interaction-sweep/screenshots/430/admin-identity-save-submit-result.png"
"430","Админка / сохранённые настройки должности / результат","6901","0","PASS","","REVIEWED_AFTER_UI_SWEEP_070","docs/full-ui-interaction-sweep/screenshots/430/admin-job-title-settings-save-submit-result.png"
"desktop","Админка / заявка принята / результат","8222","0","PASS","","REVIEWED_AFTER_UI_SWEEP_071","docs/full-ui-interaction-sweep/screenshots/desktop/admin-assignment-request-accepted-result.png"
"desktop","Админка / заявка отклонена / результат","8089","0","PASS","","REVIEWED_AFTER_UI_SWEEP_071","docs/full-ui-interaction-sweep/screenshots/desktop/admin-assignment-request-rejected-result.png"
"360","Админка / заявка принята / результат","7990","0","PASS","","REVIEWED_AFTER_UI_SWEEP_071","docs/full-ui-interaction-sweep/screenshots/360/admin-assignment-request-accepted-result.png"
"360","Админка / заявка отклонена / результат","7860","0","PASS","","REVIEWED_AFTER_UI_SWEEP_071","docs/full-ui-interaction-sweep/screenshots/360/admin-assignment-request-rejected-result.png"
"390","Админка / заявка принята / результат","7998","0","PASS","","REVIEWED_AFTER_UI_SWEEP_071","docs/full-ui-interaction-sweep/screenshots/390/admin-assignment-request-accepted-result.png"
"390","Админка / заявка отклонена / результат","7868","0","PASS","","REVIEWED_AFTER_UI_SWEEP_071","docs/full-ui-interaction-sweep/screenshots/390/admin-assignment-request-rejected-result.png"
"430","Админка / заявка принята / результат","7998","0","PASS","","REVIEWED_AFTER_UI_SWEEP_071","docs/full-ui-interaction-sweep/screenshots/430/admin-assignment-request-accepted-result.png"
"430","Админка / заявка отклонена / результат","7868","0","PASS","","REVIEWED_AFTER_UI_SWEEP_071","docs/full-ui-interaction-sweep/screenshots/430/admin-assignment-request-rejected-result.png"
"desktop","Админка / сохранённая матрица роли / результат","14375","0","PASS","","REVIEWED_CURRENT_ISOLATED","docs/full-ui-interaction-sweep/screenshots/desktop/admin-role-matrix-save-submit-result.png"
"360","Админка / сохранённая матрица роли / результат","14147","0","PASS","","REVIEWED_CURRENT_ISOLATED","docs/full-ui-interaction-sweep/screenshots/360/admin-role-matrix-save-submit-result.png"
"390","Админка / сохранённая матрица роли / результат","14155","0","PASS","","REVIEWED_CURRENT_ISOLATED","docs/full-ui-interaction-sweep/screenshots/390/admin-role-matrix-save-submit-result.png"
"430","Админка / сохранённая матрица роли / результат","14155","0","PASS","","REVIEWED_CURRENT_ISOLATED","docs/full-ui-interaction-sweep/screenshots/430/admin-role-matrix-save-submit-result.png"
"desktop","Админка / созданный шаблон состава / результат","5754","0","PASS","","REVIEWED_CURRENT_ISOLATED","docs/full-ui-interaction-sweep/screenshots/desktop/admin-staffing-template-create-submit-result.png"
"desktop","Админка / основной шаблон состава / результат","5754","0","PASS","","REVIEWED_CURRENT_ISOLATED","docs/full-ui-interaction-sweep/screenshots/desktop/admin-staffing-template-default-submit-result.png"
"360","Админка / созданный шаблон состава / результат","5519","0","PASS","","REVIEWED_CURRENT_ISOLATED","docs/full-ui-interaction-sweep/screenshots/360/admin-staffing-template-create-submit-result.png"
"360","Админка / основной шаблон состава / результат","5519","0","PASS","","REVIEWED_CURRENT_ISOLATED","docs/full-ui-interaction-sweep/screenshots/360/admin-staffing-template-default-submit-result.png"
"390","Админка / созданный шаблон состава / результат","5527","0","PASS","","REVIEWED_CURRENT_ISOLATED","docs/full-ui-interaction-sweep/screenshots/390/admin-staffing-template-create-submit-result.png"
"390","Админка / основной шаблон состава / результат","5527","0","PASS","","REVIEWED_CURRENT_ISOLATED","docs/full-ui-interaction-sweep/screenshots/390/admin-staffing-template-default-submit-result.png"
"430","Админка / созданный шаблон состава / результат","5527","0","PASS","","REVIEWED_CURRENT_ISOLATED","docs/full-ui-interaction-sweep/screenshots/430/admin-staffing-template-create-submit-result.png"
"430","Админка / основной шаблон состава / результат","5527","0","PASS","","REVIEWED_CURRENT_ISOLATED","docs/full-ui-interaction-sweep/screenshots/430/admin-staffing-template-default-submit-result.png"
"desktop","Админка / сохранённые настройки модуля / результат","2904","0","PASS","","REVIEWED_CURRENT_ISOLATED","docs/full-ui-interaction-sweep/screenshots/desktop/admin-module-settings-save-path-result.png"
"360","Админка / сохранённые настройки модуля / результат","2676","0","PASS","","REVIEWED_CURRENT_ISOLATED","docs/full-ui-interaction-sweep/screenshots/360/admin-module-settings-save-path-result.png"
"390","Админка / сохранённые настройки модуля / результат","2684","0","PASS","","REVIEWED_CURRENT_ISOLATED","docs/full-ui-interaction-sweep/screenshots/390/admin-module-settings-save-path-result.png"
"430","Админка / сохранённые настройки модуля / результат","2684","0","PASS","","REVIEWED_CURRENT_ISOLATED","docs/full-ui-interaction-sweep/screenshots/430/admin-module-settings-save-path-result.png"
"desktop","Вход / текущий PWA shell","227","0","PASS","","REVIEWED_OPEN_FINDING_UI_SWEEP_069","docs/full-ui-interaction-sweep/screenshots/desktop/pwa-current-login-shell.png"
"desktop","Настройки / текущий PWA contract","1471","0","PASS","","REVIEWED_OPEN_FINDING_UI_SWEEP_069","docs/full-ui-interaction-sweep/screenshots/desktop/pwa-current-settings.png"
"desktop","Сообщить об ошибке / camera picker contract","1160","0","PASS","","REVIEWED_PHYSICAL_CAMERA_PENDING","docs/full-ui-interaction-sweep/screenshots/desktop/pwa-current-camera-picker.png"
"360","Вход / текущий PWA shell","227","0","PASS","","REVIEWED_OPEN_FINDING_UI_SWEEP_069","docs/full-ui-interaction-sweep/screenshots/360/pwa-current-login-shell.png"
"360","Настройки / текущий PWA contract","2439","0","PASS","","REVIEWED_OPEN_FINDING_UI_SWEEP_069","docs/full-ui-interaction-sweep/screenshots/360/pwa-current-settings.png"
"360","Сообщить об ошибке / camera picker contract","932","0","PASS","","REVIEWED_PHYSICAL_CAMERA_PENDING","docs/full-ui-interaction-sweep/screenshots/360/pwa-current-camera-picker.png"
"390","Вход / текущий PWA shell","227","0","PASS","","REVIEWED_OPEN_FINDING_UI_SWEEP_069","docs/full-ui-interaction-sweep/screenshots/390/pwa-current-login-shell.png"
"390","Настройки / текущий PWA contract","2447","0","PASS","","REVIEWED_OPEN_FINDING_UI_SWEEP_069","docs/full-ui-interaction-sweep/screenshots/390/pwa-current-settings.png"
"390","Сообщить об ошибке / camera picker contract","940","0","PASS","","REVIEWED_PHYSICAL_CAMERA_PENDING","docs/full-ui-interaction-sweep/screenshots/390/pwa-current-camera-picker.png"
"430","Вход / текущий PWA shell","227","0","PASS","","REVIEWED_OPEN_FINDING_UI_SWEEP_069","docs/full-ui-interaction-sweep/screenshots/430/pwa-current-login-shell.png"
"430","Настройки / текущий PWA contract","2447","0","PASS","","REVIEWED_OPEN_FINDING_UI_SWEEP_069","docs/full-ui-interaction-sweep/screenshots/430/pwa-current-settings.png"
"430","Сообщить об ошибке / camera picker contract","940","0","PASS","","REVIEWED_PHYSICAL_CAMERA_PENDING","docs/full-ui-interaction-sweep/screenshots/430/pwa-current-camera-picker.png"
"desktop","Админка / заводы / диагностика раскрыта","19586","0","PASS","","REVIEWED_OPEN_FINDING_UI_SWEEP_053","docs/full-ui-interaction-sweep/screenshots/desktop/admin-factory-list-diagnostics-expanded.png"
"desktop","Админка / заводы после reload","19440","0","PASS","","REVIEWED_OPEN_FINDING_UI_SWEEP_053","docs/full-ui-interaction-sweep/screenshots/desktop/admin-factory-list-current.png"
"360","Админка / заводы / диагностика раскрыта","19358","0","PASS","","REVIEWED_OPEN_FINDING_UI_SWEEP_053","docs/full-ui-interaction-sweep/screenshots/360/admin-factory-list-diagnostics-expanded.png"
"360","Админка / заводы после reload","19212","0","PASS","","REVIEWED_OPEN_FINDING_UI_SWEEP_053","docs/full-ui-interaction-sweep/screenshots/360/admin-factory-list-current.png"
"390","Админка / заводы / диагностика раскрыта","19366","0","PASS","","REVIEWED_OPEN_FINDING_UI_SWEEP_053","docs/full-ui-interaction-sweep/screenshots/390/admin-factory-list-diagnostics-expanded.png"
"390","Админка / заводы после reload","19220","0","PASS","","REVIEWED_OPEN_FINDING_UI_SWEEP_053","docs/full-ui-interaction-sweep/screenshots/390/admin-factory-list-current.png"
"430","Админка / заводы / диагностика раскрыта","19366","0","PASS","","REVIEWED_OPEN_FINDING_UI_SWEEP_053","docs/full-ui-interaction-sweep/screenshots/430/admin-factory-list-diagnostics-expanded.png"
"430","Админка / заводы после reload","19220","0","PASS","","REVIEWED_OPEN_FINDING_UI_SWEEP_053","docs/full-ui-interaction-sweep/screenshots/430/admin-factory-list-current.png"
"desktop","Админка / предпросмотр создания завода","19130","0","PASS","","REVIEWED","docs/full-ui-interaction-sweep/screenshots/desktop/admin-factory-setup-preview.png"
"desktop","Админка / проверка файла конфигурации с ошибками","19480","0","PASS","","REVIEWED","docs/full-ui-interaction-sweep/screenshots/desktop/admin-factory-import-validation.png"
"360","Админка / предпросмотр создания завода","18902","0","PASS","","REVIEWED","docs/full-ui-interaction-sweep/screenshots/360/admin-factory-setup-preview.png"
"360","Админка / проверка файла конфигурации с ошибками","19248","0","PASS","","REVIEWED","docs/full-ui-interaction-sweep/screenshots/360/admin-factory-import-validation.png"
"390","Админка / предпросмотр создания завода","18910","0","PASS","","REVIEWED","docs/full-ui-interaction-sweep/screenshots/390/admin-factory-setup-preview.png"
"390","Админка / проверка файла конфигурации с ошибками","19256","0","PASS","","REVIEWED","docs/full-ui-interaction-sweep/screenshots/390/admin-factory-import-validation.png"
"430","Админка / предпросмотр создания завода","18910","0","PASS","","REVIEWED","docs/full-ui-interaction-sweep/screenshots/430/admin-factory-setup-preview.png"
"430","Админка / проверка файла конфигурации с ошибками","19256","0","PASS","","REVIEWED","docs/full-ui-interaction-sweep/screenshots/430/admin-factory-import-validation.png"
"desktop","Админка / центр восстановления после reload","49950","0","PASS","","REVIEWED","docs/full-ui-interaction-sweep/screenshots/desktop/admin-recovery-current.png"
"desktop","Админка / диагностика данных после reload","257442","0","PASS","","REVIEWED_EXPECTED_DIAGNOSTIC_MARKERS_ON_DIAGNOSTIC_SURFACE","docs/full-ui-interaction-sweep/screenshots/desktop/admin-data-diagnostics-current.png"
"360","Админка / центр восстановления после reload","49722","0","PASS","","REVIEWED","docs/full-ui-interaction-sweep/screenshots/360/admin-recovery-current.png"
"360","Админка / диагностика данных после reload","257235","0","PASS","","REVIEWED_EXPECTED_DIAGNOSTIC_MARKERS_ON_DIAGNOSTIC_SURFACE","docs/full-ui-interaction-sweep/screenshots/360/admin-data-diagnostics-current.png"
"390","Админка / центр восстановления после reload","49730","0","PASS","","REVIEWED","docs/full-ui-interaction-sweep/screenshots/390/admin-recovery-current.png"
"390","Админка / диагностика данных после reload","257243","0","PASS","","REVIEWED_EXPECTED_DIAGNOSTIC_MARKERS_ON_DIAGNOSTIC_SURFACE","docs/full-ui-interaction-sweep/screenshots/390/admin-data-diagnostics-current.png"
"430","Админка / центр восстановления после reload","49730","0","PASS","","REVIEWED","docs/full-ui-interaction-sweep/screenshots/430/admin-recovery-current.png"
"430","Админка / диагностика данных после reload","257243","0","PASS","","REVIEWED_EXPECTED_DIAGNOSTIC_MARKERS_ON_DIAGNOSTIC_SURFACE","docs/full-ui-interaction-sweep/screenshots/430/admin-data-diagnostics-current.png"
"desktop","Админка / подтверждение диагностического восстановления","257787","0","PASS","","REVIEWED","docs/full-ui-interaction-sweep/screenshots/desktop/admin-diagnostic-recovery-confirm.png"
"desktop","Админка / диагностика после успешного повтора","257442","0","PASS","","REVIEWED","docs/full-ui-interaction-sweep/screenshots/desktop/admin-data-diagnostics-retry-recovered.png"
"360","Админка / подтверждение диагностического восстановления","257559","0","PASS","","REVIEWED","docs/full-ui-interaction-sweep/screenshots/360/admin-diagnostic-recovery-confirm.png"
"360","Админка / диагностика после успешного повтора","257214","0","PASS","","REVIEWED","docs/full-ui-interaction-sweep/screenshots/360/admin-data-diagnostics-retry-recovered.png"
"390","Админка / подтверждение диагностического восстановления","257567","0","PASS","","REVIEWED","docs/full-ui-interaction-sweep/screenshots/390/admin-diagnostic-recovery-confirm.png"
"390","Админка / диагностика после успешного повтора","257222","0","PASS","","REVIEWED","docs/full-ui-interaction-sweep/screenshots/390/admin-data-diagnostics-retry-recovered.png"
"430","Админка / подтверждение диагностического восстановления","257567","0","PASS","","REVIEWED","docs/full-ui-interaction-sweep/screenshots/430/admin-diagnostic-recovery-confirm.png"
"430","Админка / диагностика после успешного повтора","257222","0","PASS","","REVIEWED","docs/full-ui-interaction-sweep/screenshots/430/admin-data-diagnostics-retry-recovered.png"
"desktop","Админка / ошибка восстановления объекта","2244","0","PASS","","REVIEWED_OUTCOME","docs/full-ui-interaction-sweep/screenshots/desktop/admin-recovery-submit-error.png"
"desktop","Админка / объект восстановлен","1816","0","PASS","","REVIEWED_OUTCOME","docs/full-ui-interaction-sweep/screenshots/desktop/admin-recovery-submit-result.png"
"desktop","Админка / восстановление после reload","1816","0","PASS","","REVIEWED_OUTCOME","docs/full-ui-interaction-sweep/screenshots/desktop/admin-recovery-submit-reload.png"
"360","Админка / ошибка восстановления объекта","2016","0","PASS","","REVIEWED_OUTCOME","docs/full-ui-interaction-sweep/screenshots/360/admin-recovery-submit-error.png"
"360","Админка / объект восстановлен","1588","0","PASS","","REVIEWED_OUTCOME","docs/full-ui-interaction-sweep/screenshots/360/admin-recovery-submit-result.png"
"360","Админка / восстановление после reload","1588","0","PASS","","REVIEWED_OUTCOME","docs/full-ui-interaction-sweep/screenshots/360/admin-recovery-submit-reload.png"
"390","Админка / ошибка восстановления объекта","2024","0","PASS","","REVIEWED_OUTCOME","docs/full-ui-interaction-sweep/screenshots/390/admin-recovery-submit-error.png"
"390","Админка / объект восстановлен","1596","0","PASS","","REVIEWED_OUTCOME","docs/full-ui-interaction-sweep/screenshots/390/admin-recovery-submit-result.png"
"390","Админка / восстановление после reload","1596","0","PASS","","REVIEWED_OUTCOME","docs/full-ui-interaction-sweep/screenshots/390/admin-recovery-submit-reload.png"
"430","Админка / ошибка восстановления объекта","2024","0","PASS","","REVIEWED_OUTCOME","docs/full-ui-interaction-sweep/screenshots/430/admin-recovery-submit-error.png"
"430","Админка / объект восстановлен","1596","0","PASS","","REVIEWED_OUTCOME","docs/full-ui-interaction-sweep/screenshots/430/admin-recovery-submit-result.png"
"430","Админка / восстановление после reload","1596","0","PASS","","REVIEWED_OUTCOME","docs/full-ui-interaction-sweep/screenshots/430/admin-recovery-submit-reload.png"
"desktop","Админка / поиск получателя по фамилии","8105","0","PASS","","REVIEWED_READONLY","docs/full-ui-interaction-sweep/screenshots/desktop/admin-delegation-target-search-name.png"
"desktop","Админка / поиск получателя по телефону","8105","0","PASS","","REVIEWED_READONLY","docs/full-ui-interaction-sweep/screenshots/desktop/admin-delegation-target-search-phone.png"
"desktop","Админка / получатель не найден","8096","0","PASS","","REVIEWED_READONLY","docs/full-ui-interaction-sweep/screenshots/desktop/admin-delegation-target-search-empty.png"
"360","Админка / поиск получателя по фамилии","7877","0","PASS","","REVIEWED_READONLY","docs/full-ui-interaction-sweep/screenshots/360/admin-delegation-target-search-name.png"
"360","Админка / поиск получателя по телефону","7877","0","PASS","","REVIEWED_READONLY","docs/full-ui-interaction-sweep/screenshots/360/admin-delegation-target-search-phone.png"
"360","Админка / получатель не найден","7868","0","PASS","","REVIEWED_READONLY","docs/full-ui-interaction-sweep/screenshots/360/admin-delegation-target-search-empty.png"
"390","Админка / поиск получателя по фамилии","7885","0","PASS","","REVIEWED_READONLY","docs/full-ui-interaction-sweep/screenshots/390/admin-delegation-target-search-name.png"
"390","Админка / поиск получателя по телефону","7885","0","PASS","","REVIEWED_READONLY","docs/full-ui-interaction-sweep/screenshots/390/admin-delegation-target-search-phone.png"
"390","Админка / получатель не найден","7876","0","PASS","","REVIEWED_READONLY","docs/full-ui-interaction-sweep/screenshots/390/admin-delegation-target-search-empty.png"
"430","Админка / поиск получателя по фамилии","7885","0","PASS","","REVIEWED_READONLY","docs/full-ui-interaction-sweep/screenshots/430/admin-delegation-target-search-name.png"
"430","Админка / поиск получателя по телефону","7885","0","PASS","","REVIEWED_READONLY","docs/full-ui-interaction-sweep/screenshots/430/admin-delegation-target-search-phone.png"
"430","Админка / получатель не найден","7876","0","PASS","","REVIEWED_READONLY","docs/full-ui-interaction-sweep/screenshots/430/admin-delegation-target-search-empty.png"
"desktop","Объявления / новые","580","0","PASS","","REVIEWED","docs/full-ui-interaction-sweep/screenshots/desktop/announcements-new.png"
"desktop","Объявления / создать / срок и напоминание","1281","0","PASS","","REVIEWED","docs/full-ui-interaction-sweep/screenshots/desktop/announcements-create-draft-schedule.png"
"desktop","Объявления / создать / черновик","1281","0","PASS","","REVIEWED","docs/full-ui-interaction-sweep/screenshots/desktop/announcements-create-draft.png"
"desktop","Объявления / создать / нижние поля","1281","0","PASS","","REVIEWED","docs/full-ui-interaction-sweep/screenshots/desktop/announcements-create-draft-lower.png"
"desktop","Объявления / архив","4723","0","PASS","","REVIEWED","docs/full-ui-interaction-sweep/screenshots/desktop/announcements-archive.png"
"desktop","Объявления / архив / detail","5070","0","PASS","","REVIEWED","docs/full-ui-interaction-sweep/screenshots/desktop/announcements-archive-detail.png"
"desktop","Объявления / управление","7136","0","PASS","","REVIEWED","docs/full-ui-interaction-sweep/screenshots/desktop/announcements-manage.png"
"desktop","Объявления / управление / создать","7650","0","PASS","","REVIEWED","docs/full-ui-interaction-sweep/screenshots/desktop/announcements-manage-create-entry.png"
"desktop","Объявления / журнал ознакомления","7486","0","PASS","","REVIEWED","docs/full-ui-interaction-sweep/screenshots/desktop/announcements-report.png"
"desktop","Объявления / редактировать / черновик","7866","0","PASS","","REVIEWED","docs/full-ui-interaction-sweep/screenshots/desktop/announcements-edit-draft.png"
"desktop","Объявления / редактировать / нижние поля","7866","0","PASS","","REVIEWED","docs/full-ui-interaction-sweep/screenshots/desktop/announcements-edit-draft-lower.png"
"360","Объявления / новые","293","0","PASS","","REVIEWED","docs/full-ui-interaction-sweep/screenshots/360/announcements-new.png"
"360","Объявления / mobile archive shortcut","4436","0","PASS","","REVIEWED","docs/full-ui-interaction-sweep/screenshots/360/announcements-mobile-archive-shortcut.png"
"360","Объявления / создать / срок и напоминание","990","0","PASS","","REVIEWED","docs/full-ui-interaction-sweep/screenshots/360/announcements-create-draft-schedule.png"
"360","Объявления / создать / черновик","990","0","PASS","","REVIEWED","docs/full-ui-interaction-sweep/screenshots/360/announcements-create-draft.png"
"360","Объявления / создать / нижние поля","990","0","PASS","","REVIEWED","docs/full-ui-interaction-sweep/screenshots/360/announcements-create-draft-lower.png"
"360","Объявления / архив","4436","0","PASS","","REVIEWED","docs/full-ui-interaction-sweep/screenshots/360/announcements-archive.png"
"360","Объявления / архив / detail","4783","0","PASS","","REVIEWED","docs/full-ui-interaction-sweep/screenshots/360/announcements-archive-detail.png"
"360","Объявления / управление","6849","0","PASS","","REVIEWED","docs/full-ui-interaction-sweep/screenshots/360/announcements-manage.png"
"360","Объявления / управление / создать","7363","0","PASS","","REVIEWED","docs/full-ui-interaction-sweep/screenshots/360/announcements-manage-create-entry.png"
"360","Объявления / журнал ознакомления","7199","0","PASS","","REVIEWED","docs/full-ui-interaction-sweep/screenshots/360/announcements-report.png"
"360","Объявления / редактировать / черновик","7579","0","PASS","","REVIEWED","docs/full-ui-interaction-sweep/screenshots/360/announcements-edit-draft.png"
"360","Объявления / редактировать / нижние поля","7579","0","PASS","","REVIEWED","docs/full-ui-interaction-sweep/screenshots/360/announcements-edit-draft-lower.png"
"360","Объявления / экранный Назад","1707","0","PASS","","REVIEWED","docs/full-ui-interaction-sweep/screenshots/360/announcements-screen-back-target.png"
"390","Объявления / новые","301","0","PASS","","REVIEWED","docs/full-ui-interaction-sweep/screenshots/390/announcements-new.png"
"390","Объявления / mobile archive shortcut","4444","0","PASS","","REVIEWED","docs/full-ui-interaction-sweep/screenshots/390/announcements-mobile-archive-shortcut.png"
"390","Объявления / создать / срок и напоминание","998","0","PASS","","REVIEWED","docs/full-ui-interaction-sweep/screenshots/390/announcements-create-draft-schedule.png"
"390","Объявления / создать / черновик","998","0","PASS","","REVIEWED","docs/full-ui-interaction-sweep/screenshots/390/announcements-create-draft.png"
"390","Объявления / создать / нижние поля","998","0","PASS","","REVIEWED","docs/full-ui-interaction-sweep/screenshots/390/announcements-create-draft-lower.png"
"390","Объявления / архив","4444","0","PASS","","REVIEWED","docs/full-ui-interaction-sweep/screenshots/390/announcements-archive.png"
"390","Объявления / архив / detail","4791","0","PASS","","REVIEWED","docs/full-ui-interaction-sweep/screenshots/390/announcements-archive-detail.png"
"390","Объявления / управление","6857","0","PASS","","REVIEWED","docs/full-ui-interaction-sweep/screenshots/390/announcements-manage.png"
"390","Объявления / управление / создать","7371","0","PASS","","REVIEWED","docs/full-ui-interaction-sweep/screenshots/390/announcements-manage-create-entry.png"
"390","Объявления / журнал ознакомления","7207","0","PASS","","REVIEWED","docs/full-ui-interaction-sweep/screenshots/390/announcements-report.png"
"390","Объявления / редактировать / черновик","7587","0","PASS","","REVIEWED","docs/full-ui-interaction-sweep/screenshots/390/announcements-edit-draft.png"
"390","Объявления / редактировать / нижние поля","7587","0","PASS","","REVIEWED","docs/full-ui-interaction-sweep/screenshots/390/announcements-edit-draft-lower.png"
"390","Объявления / экранный Назад","1715","0","PASS","","REVIEWED","docs/full-ui-interaction-sweep/screenshots/390/announcements-screen-back-target.png"
"430","Объявления / новые","301","0","PASS","","REVIEWED","docs/full-ui-interaction-sweep/screenshots/430/announcements-new.png"
"430","Объявления / mobile archive shortcut","4444","0","PASS","","REVIEWED","docs/full-ui-interaction-sweep/screenshots/430/announcements-mobile-archive-shortcut.png"
"430","Объявления / создать / срок и напоминание","998","0","PASS","","REVIEWED","docs/full-ui-interaction-sweep/screenshots/430/announcements-create-draft-schedule.png"
"430","Объявления / создать / черновик","998","0","PASS","","REVIEWED","docs/full-ui-interaction-sweep/screenshots/430/announcements-create-draft.png"
"430","Объявления / создать / нижние поля","998","0","PASS","","REVIEWED","docs/full-ui-interaction-sweep/screenshots/430/announcements-create-draft-lower.png"
"430","Объявления / архив","4444","0","PASS","","REVIEWED","docs/full-ui-interaction-sweep/screenshots/430/announcements-archive.png"
"430","Объявления / архив / detail","4791","0","PASS","","REVIEWED","docs/full-ui-interaction-sweep/screenshots/430/announcements-archive-detail.png"
"430","Объявления / управление","6857","0","PASS","","REVIEWED","docs/full-ui-interaction-sweep/screenshots/430/announcements-manage.png"
"430","Объявления / управление / создать","7371","0","PASS","","REVIEWED","docs/full-ui-interaction-sweep/screenshots/430/announcements-manage-create-entry.png"
"430","Объявления / журнал ознакомления","7207","0","PASS","","REVIEWED","docs/full-ui-interaction-sweep/screenshots/430/announcements-report.png"
"430","Объявления / редактировать / черновик","7587","0","PASS","","REVIEWED","docs/full-ui-interaction-sweep/screenshots/430/announcements-edit-draft.png"
"430","Объявления / редактировать / нижние поля","7587","0","PASS","","REVIEWED","docs/full-ui-interaction-sweep/screenshots/430/announcements-edit-draft-lower.png"
"430","Объявления / экранный Назад","1715","0","PASS","","REVIEWED","docs/full-ui-interaction-sweep/screenshots/430/announcements-screen-back-target.png"
"desktop","Объявления / ознакомление / результат","594","0","PASS","","REVIEWED_CURRENT_ISOLATED","docs/full-ui-interaction-sweep/screenshots/desktop/announcements-ack-result.png"
"desktop","Объявления / пустое состояние / архив","558","0","PASS","","REVIEWED_CURRENT_ISOLATED","docs/full-ui-interaction-sweep/screenshots/desktop/announcements-empty-archive-result.png"
"desktop","Объявления / сохранение / результат","772","0","PASS","","REVIEWED_CURRENT_ISOLATED","docs/full-ui-interaction-sweep/screenshots/desktop/announcements-save-result.png"
"desktop","Объявления / архивирование / reload","623","0","PASS","","REVIEWED_CURRENT_ISOLATED","docs/full-ui-interaction-sweep/screenshots/desktop/announcements-archive-submit-result.png"
"360","Объявления / ознакомление / результат","307","0","PASS","","REVIEWED_CURRENT_ISOLATED","docs/full-ui-interaction-sweep/screenshots/360/announcements-ack-result.png"
"360","Объявления / пустое состояние / архив","271","0","PASS","","REVIEWED_CURRENT_ISOLATED","docs/full-ui-interaction-sweep/screenshots/360/announcements-empty-archive-result.png"
"360","Объявления / сохранение / результат","485","0","PASS","","REVIEWED_CURRENT_ISOLATED","docs/full-ui-interaction-sweep/screenshots/360/announcements-save-result.png"
"360","Объявления / архивирование / reload","336","0","PASS","","REVIEWED_CURRENT_ISOLATED","docs/full-ui-interaction-sweep/screenshots/360/announcements-archive-submit-result.png"
"390","Объявления / ознакомление / результат","315","0","PASS","","REVIEWED_CURRENT_ISOLATED","docs/full-ui-interaction-sweep/screenshots/390/announcements-ack-result.png"
"390","Объявления / пустое состояние / архив","279","0","PASS","","REVIEWED_CURRENT_ISOLATED","docs/full-ui-interaction-sweep/screenshots/390/announcements-empty-archive-result.png"
"390","Объявления / сохранение / результат","493","0","PASS","","REVIEWED_CURRENT_ISOLATED","docs/full-ui-interaction-sweep/screenshots/390/announcements-save-result.png"
"390","Объявления / архивирование / reload","344","0","PASS","","REVIEWED_CURRENT_ISOLATED","docs/full-ui-interaction-sweep/screenshots/390/announcements-archive-submit-result.png"
"430","Объявления / ознакомление / результат","315","0","PASS","","REVIEWED_CURRENT_ISOLATED","docs/full-ui-interaction-sweep/screenshots/430/announcements-ack-result.png"
"430","Объявления / пустое состояние / архив","279","0","PASS","","REVIEWED_CURRENT_ISOLATED","docs/full-ui-interaction-sweep/screenshots/430/announcements-empty-archive-result.png"
"430","Объявления / сохранение / результат","493","0","PASS","","REVIEWED_CURRENT_ISOLATED","docs/full-ui-interaction-sweep/screenshots/430/announcements-save-result.png"
"430","Объявления / архивирование / reload","344","0","PASS","","REVIEWED_CURRENT_ISOLATED","docs/full-ui-interaction-sweep/screenshots/430/announcements-archive-submit-result.png"
"desktop","Чаты / профиль автора","1878","0","PASS","scanner-false-positive: РР (русские инициалы)","REVIEWED_CURRENT_ISOLATED_FALSE_POSITIVE_CLASSIFIED","docs/full-ui-interaction-sweep/screenshots/desktop/chats-message-author-profile.png"
"desktop","Чаты / ответ на сообщение","1928","0","PASS","scanner-false-positive: РР (русские инициалы)","REVIEWED_CURRENT_ISOLATED_FALSE_POSITIVE_CLASSIFIED","docs/full-ui-interaction-sweep/screenshots/desktop/chats-message-reply-draft-isolated.png"
"desktop","Чаты / сообщение изменено","1954","0","PASS","scanner-false-positive: РР (русские инициалы)","REVIEWED_CURRENT_ISOLATED_FALSE_POSITIVE_CLASSIFIED","docs/full-ui-interaction-sweep/screenshots/desktop/chats-message-edited-result.png"
"desktop","Чаты / сообщение удалено","1941","0","PASS","scanner-false-positive: РР (русские инициалы)","REVIEWED_CURRENT_ISOLATED_FALSE_POSITIVE_CLASSIFIED","docs/full-ui-interaction-sweep/screenshots/desktop/chats-message-deleted-result.png"
"desktop","Чаты / результат действий сообщения","1973","0","PASS","scanner-false-positive: РР (русские инициалы)","REVIEWED_CURRENT_ISOLATED_FALSE_POSITIVE_CLASSIFIED","docs/full-ui-interaction-sweep/screenshots/desktop/chats-message-actions-result.png"
"360","Чаты / профиль автора","1212","0","PASS","scanner-false-positive: РР (русские инициалы)","REVIEWED_CURRENT_ISOLATED_FALSE_POSITIVE_CLASSIFIED","docs/full-ui-interaction-sweep/screenshots/360/chats-message-author-profile.png"
"360","Чаты / ответ на сообщение","1248","0","PASS","scanner-false-positive: РР (русские инициалы)","REVIEWED_CURRENT_ISOLATED_FALSE_POSITIVE_CLASSIFIED","docs/full-ui-interaction-sweep/screenshots/360/chats-message-reply-draft-isolated.png"
"360","Чаты / сообщение изменено","1272","0","PASS","scanner-false-positive: РР (русские инициалы)","REVIEWED_CURRENT_ISOLATED_FALSE_POSITIVE_CLASSIFIED","docs/full-ui-interaction-sweep/screenshots/360/chats-message-edited-result.png"
"360","Чаты / сообщение удалено","1263","0","PASS","scanner-false-positive: РР (русские инициалы)","REVIEWED_CURRENT_ISOLATED_FALSE_POSITIVE_CLASSIFIED","docs/full-ui-interaction-sweep/screenshots/360/chats-message-deleted-result.png"
"360","Чаты / результат действий сообщения","1289","0","PASS","scanner-false-positive: РР (русские инициалы)","REVIEWED_CURRENT_ISOLATED_FALSE_POSITIVE_CLASSIFIED","docs/full-ui-interaction-sweep/screenshots/360/chats-message-actions-result.png"
"390","Чаты / профиль автора","1212","0","PASS","scanner-false-positive: РР (русские инициалы)","REVIEWED_CURRENT_ISOLATED_FALSE_POSITIVE_CLASSIFIED","docs/full-ui-interaction-sweep/screenshots/390/chats-message-author-profile.png"
"390","Чаты / ответ на сообщение","1248","0","PASS","scanner-false-positive: РР (русские инициалы)","REVIEWED_CURRENT_ISOLATED_FALSE_POSITIVE_CLASSIFIED","docs/full-ui-interaction-sweep/screenshots/390/chats-message-reply-draft-isolated.png"
"390","Чаты / сообщение изменено","1272","0","PASS","scanner-false-positive: РР (русские инициалы)","REVIEWED_CURRENT_ISOLATED_FALSE_POSITIVE_CLASSIFIED","docs/full-ui-interaction-sweep/screenshots/390/chats-message-edited-result.png"
"390","Чаты / сообщение удалено","1263","0","PASS","scanner-false-positive: РР (русские инициалы)","REVIEWED_CURRENT_ISOLATED_FALSE_POSITIVE_CLASSIFIED","docs/full-ui-interaction-sweep/screenshots/390/chats-message-deleted-result.png"
"390","Чаты / результат действий сообщения","1289","0","PASS","scanner-false-positive: РР (русские инициалы)","REVIEWED_CURRENT_ISOLATED_FALSE_POSITIVE_CLASSIFIED","docs/full-ui-interaction-sweep/screenshots/390/chats-message-actions-result.png"
"430","Чаты / профиль автора","1212","0","PASS","scanner-false-positive: РР (русские инициалы)","REVIEWED_CURRENT_ISOLATED_FALSE_POSITIVE_CLASSIFIED","docs/full-ui-interaction-sweep/screenshots/430/chats-message-author-profile.png"
"430","Чаты / ответ на сообщение","1248","0","PASS","scanner-false-positive: РР (русские инициалы)","REVIEWED_CURRENT_ISOLATED_FALSE_POSITIVE_CLASSIFIED","docs/full-ui-interaction-sweep/screenshots/430/chats-message-reply-draft-isolated.png"
"430","Чаты / сообщение изменено","1272","0","PASS","scanner-false-positive: РР (русские инициалы)","REVIEWED_CURRENT_ISOLATED_FALSE_POSITIVE_CLASSIFIED","docs/full-ui-interaction-sweep/screenshots/430/chats-message-edited-result.png"
"430","Чаты / сообщение удалено","1263","0","PASS","scanner-false-positive: РР (русские инициалы)","REVIEWED_CURRENT_ISOLATED_FALSE_POSITIVE_CLASSIFIED","docs/full-ui-interaction-sweep/screenshots/430/chats-message-deleted-result.png"
"430","Чаты / результат действий сообщения","1289","0","PASS","scanner-false-positive: РР (русские инициалы)","REVIEWED_CURRENT_ISOLATED_FALSE_POSITIVE_CLASSIFIED","docs/full-ui-interaction-sweep/screenshots/430/chats-message-actions-result.png"
"desktop","Чаты / голосовой черновик","790","0","PASS","scanner-false-positive: РР (русские инициалы)","REVIEWED_CURRENT_ISOLATED_FALSE_POSITIVE_CLASSIFIED","docs/full-ui-interaction-sweep/screenshots/desktop/chats-voice-draft-finished.png"
"desktop","Чаты / голосовой черновик удалён","719","0","PASS","scanner-false-positive: РР (русские инициалы)","REVIEWED_CURRENT_ISOLATED_FALSE_POSITIVE_CLASSIFIED","docs/full-ui-interaction-sweep/screenshots/desktop/chats-voice-draft-removed.png"
"360","Чаты / голосовой черновик","198","0","PASS","scanner-false-positive: РР (русские инициалы)","REVIEWED_CURRENT_ISOLATED_FALSE_POSITIVE_CLASSIFIED","docs/full-ui-interaction-sweep/screenshots/360/chats-voice-draft-finished.png"
"360","Чаты / голосовой черновик удалён","127","0","PASS","scanner-false-positive: РР (русские инициалы)","REVIEWED_CURRENT_ISOLATED_FALSE_POSITIVE_CLASSIFIED","docs/full-ui-interaction-sweep/screenshots/360/chats-voice-draft-removed.png"
"390","Чаты / голосовой черновик","198","0","PASS","scanner-false-positive: РР (русские инициалы)","REVIEWED_CURRENT_ISOLATED_FALSE_POSITIVE_CLASSIFIED","docs/full-ui-interaction-sweep/screenshots/390/chats-voice-draft-finished.png"
"390","Чаты / голосовой черновик удалён","127","0","PASS","scanner-false-positive: РР (русские инициалы)","REVIEWED_CURRENT_ISOLATED_FALSE_POSITIVE_CLASSIFIED","docs/full-ui-interaction-sweep/screenshots/390/chats-voice-draft-removed.png"
"430","Чаты / голосовой черновик","198","0","PASS","scanner-false-positive: РР (русские инициалы)","REVIEWED_CURRENT_ISOLATED_FALSE_POSITIVE_CLASSIFIED","docs/full-ui-interaction-sweep/screenshots/430/chats-voice-draft-finished.png"
"430","Чаты / голосовой черновик удалён","127","0","PASS","scanner-false-positive: РР (русские инициалы)","REVIEWED_CURRENT_ISOLATED_FALSE_POSITIVE_CLASSIFIED","docs/full-ui-interaction-sweep/screenshots/430/chats-voice-draft-removed.png"
"desktop","Чаты / создание группы","864","0","PASS","","REVIEWED_CURRENT_ISOLATED","docs/full-ui-interaction-sweep/screenshots/desktop/chats-create-group-ready.png"
"desktop","Чаты / созданная группа","691","0","PASS","","REVIEWED_CURRENT_ISOLATED","docs/full-ui-interaction-sweep/screenshots/desktop/chats-create-group-result.png"
"desktop","Чаты / личный чат выбран","803","0","PASS","","REVIEWED_CURRENT_ISOLATED","docs/full-ui-interaction-sweep/screenshots/desktop/chats-direct-person-selected.png"
"desktop","Чаты / личный чат открыт","785","0","PASS","","REVIEWED_CURRENT_ISOLATED","docs/full-ui-interaction-sweep/screenshots/desktop/chats-direct-open-result.png"
"360","Чаты / создание группы","461","0","PASS","","REVIEWED_CURRENT_ISOLATED","docs/full-ui-interaction-sweep/screenshots/360/chats-create-group-ready.png"
"360","Чаты / созданная группа","114","0","PASS","","REVIEWED_CURRENT_ISOLATED","docs/full-ui-interaction-sweep/screenshots/360/chats-create-group-result.png"
"360","Чаты / личный чат выбран","400","0","PASS","","REVIEWED_CURRENT_ISOLATED","docs/full-ui-interaction-sweep/screenshots/360/chats-direct-person-selected.png"
"360","Чаты / личный чат открыт","127","0","PASS","","REVIEWED_CURRENT_ISOLATED","docs/full-ui-interaction-sweep/screenshots/360/chats-direct-open-result.png"
"390","Чаты / создание группы","469","0","PASS","","REVIEWED_CURRENT_ISOLATED","docs/full-ui-interaction-sweep/screenshots/390/chats-create-group-ready.png"
"390","Чаты / созданная группа","114","0","PASS","","REVIEWED_CURRENT_ISOLATED","docs/full-ui-interaction-sweep/screenshots/390/chats-create-group-result.png"
"390","Чаты / личный чат выбран","408","0","PASS","","REVIEWED_CURRENT_ISOLATED","docs/full-ui-interaction-sweep/screenshots/390/chats-direct-person-selected.png"
"390","Чаты / личный чат открыт","127","0","PASS","","REVIEWED_CURRENT_ISOLATED","docs/full-ui-interaction-sweep/screenshots/390/chats-direct-open-result.png"
"430","Чаты / создание группы","469","0","PASS","","REVIEWED_CURRENT_ISOLATED","docs/full-ui-interaction-sweep/screenshots/430/chats-create-group-ready.png"
"430","Чаты / созданная группа","114","0","PASS","","REVIEWED_CURRENT_ISOLATED","docs/full-ui-interaction-sweep/screenshots/430/chats-create-group-result.png"
"430","Чаты / личный чат выбран","408","0","PASS","","REVIEWED_CURRENT_ISOLATED","docs/full-ui-interaction-sweep/screenshots/430/chats-direct-person-selected.png"
"430","Чаты / личный чат открыт","127","0","PASS","","REVIEWED_CURRENT_ISOLATED","docs/full-ui-interaction-sweep/screenshots/430/chats-direct-open-result.png"
"desktop","Чаты / участники группы","1372","0","PASS","","REVIEWED_CURRENT_ISOLATED","docs/full-ui-interaction-sweep/screenshots/desktop/chats-info-members-before-actions.png"
"desktop","Чаты / участники изменены","1390","0","PASS","","REVIEWED_CURRENT_ISOLATED","docs/full-ui-interaction-sweep/screenshots/desktop/chats-info-members-after-actions.png"
"desktop","Чаты / управление передано","1162","0","PASS","","REVIEWED_CURRENT_ISOLATED","docs/full-ui-interaction-sweep/screenshots/desktop/chats-info-owner-transferred.png"
"desktop","Чаты / личное общение заблокировано","997","0","PASS","","REVIEWED_CURRENT_ISOLATED","docs/full-ui-interaction-sweep/screenshots/desktop/chats-direct-communication-blocked.png"
"360","Чаты / участники группы","595","0","PASS","","REVIEWED_CURRENT_ISOLATED","docs/full-ui-interaction-sweep/screenshots/360/chats-info-members-before-actions.png"
"360","Чаты / участники изменены","613","0","PASS","","REVIEWED_CURRENT_ISOLATED","docs/full-ui-interaction-sweep/screenshots/360/chats-info-members-after-actions.png"
"360","Чаты / управление передано","385","0","PASS","","REVIEWED_CURRENT_ISOLATED","docs/full-ui-interaction-sweep/screenshots/360/chats-info-owner-transferred.png"
"360","Чаты / личное общение заблокировано","349","0","PASS","","REVIEWED_CURRENT_ISOLATED","docs/full-ui-interaction-sweep/screenshots/360/chats-direct-communication-blocked.png"
"390","Чаты / участники группы","595","0","PASS","","REVIEWED_CURRENT_ISOLATED","docs/full-ui-interaction-sweep/screenshots/390/chats-info-members-before-actions.png"
"390","Чаты / участники изменены","613","0","PASS","","REVIEWED_CURRENT_ISOLATED","docs/full-ui-interaction-sweep/screenshots/390/chats-info-members-after-actions.png"
"390","Чаты / управление передано","385","0","PASS","","REVIEWED_CURRENT_ISOLATED","docs/full-ui-interaction-sweep/screenshots/390/chats-info-owner-transferred.png"
"390","Чаты / личное общение заблокировано","349","0","PASS","","REVIEWED_CURRENT_ISOLATED","docs/full-ui-interaction-sweep/screenshots/390/chats-direct-communication-blocked.png"
"430","Чаты / участники группы","595","0","PASS","","REVIEWED_CURRENT_ISOLATED","docs/full-ui-interaction-sweep/screenshots/430/chats-info-members-before-actions.png"
"430","Чаты / участники изменены","613","0","PASS","","REVIEWED_CURRENT_ISOLATED","docs/full-ui-interaction-sweep/screenshots/430/chats-info-members-after-actions.png"
"430","Чаты / управление передано","385","0","PASS","","REVIEWED_CURRENT_ISOLATED","docs/full-ui-interaction-sweep/screenshots/430/chats-info-owner-transferred.png"
"430","Чаты / личное общение заблокировано","349","0","PASS","","REVIEWED_CURRENT_ISOLATED","docs/full-ui-interaction-sweep/screenshots/430/chats-direct-communication-blocked.png"
"desktop","Заявки / список","764","0","PASS","","REVIEWED","docs/full-ui-interaction-sweep/screenshots/desktop/tasks-list.png"
"desktop","Заявки / фильтры / черновик","1593","0","PASS","","REVIEWED","docs/full-ui-interaction-sweep/screenshots/desktop/tasks-filter-draft.png"
"desktop","Заявки / архив и метрики","2090","0","PASS","","REVIEWED","docs/full-ui-interaction-sweep/screenshots/desktop/tasks-archive.png"
"desktop","Заявки / архивные фильтры","2012","0","PASS","","REVIEWED","docs/full-ui-interaction-sweep/screenshots/desktop/tasks-archive-filters.png"
"desktop","Заявки / действия","869","0","PASS","","REVIEWED","docs/full-ui-interaction-sweep/screenshots/desktop/tasks-actions.png"
"desktop","Заявки / передача из действий","1374","0","PASS","","REVIEWED","docs/full-ui-interaction-sweep/screenshots/desktop/tasks-action-redirect-draft.png"
"desktop","Заявки / детали","990","0","PASS","","REVIEWED","docs/full-ui-interaction-sweep/screenshots/desktop/tasks-detail.png"
"desktop","Заявки / передача из карточки","1374","0","PASS","","REVIEWED","docs/full-ui-interaction-sweep/screenshots/desktop/tasks-detail-redirect-draft.png"
"desktop","Заявки / комментарий / черновик","933","0","PASS","","REVIEWED","docs/full-ui-interaction-sweep/screenshots/desktop/tasks-comment-draft.png"
"desktop","Заявки / создать / черновик","2194","0","PASS","","REVIEWED","docs/full-ui-interaction-sweep/screenshots/desktop/tasks-create-draft.png"
"desktop","Заявки / создать / нижние поля","1829","0","PASS","","REVIEWED","docs/full-ui-interaction-sweep/screenshots/desktop/tasks-create-draft-lower.png"
"360","Заявки / список","481","0","PASS","","REVIEWED","docs/full-ui-interaction-sweep/screenshots/360/tasks-list.png"
"360","Заявки / фильтры / черновик","1310","0","PASS","","REVIEWED","docs/full-ui-interaction-sweep/screenshots/360/tasks-filter-draft.png"
"360","Заявки / архив и метрики","1807","0","PASS","","REVIEWED","docs/full-ui-interaction-sweep/screenshots/360/tasks-archive.png"
"360","Заявки / архивные фильтры","1729","0","PASS","","REVIEWED","docs/full-ui-interaction-sweep/screenshots/360/tasks-archive-filters.png"
"360","Заявки / действия","586","0","PASS","","REVIEWED","docs/full-ui-interaction-sweep/screenshots/360/tasks-actions.png"
"360","Заявки / передача из действий","1091","0","PASS","","REVIEWED","docs/full-ui-interaction-sweep/screenshots/360/tasks-action-redirect-draft.png"
"360","Заявки / детали","707","0","PASS","","REVIEWED","docs/full-ui-interaction-sweep/screenshots/360/tasks-detail.png"
"360","Заявки / передача из карточки","1091","0","PASS","","REVIEWED","docs/full-ui-interaction-sweep/screenshots/360/tasks-detail-redirect-draft.png"
"360","Заявки / комментарий / черновик","650","0","PASS","","REVIEWED","docs/full-ui-interaction-sweep/screenshots/360/tasks-comment-draft.png"
"360","Заявки / создать / черновик","1911","0","PASS","","REVIEWED","docs/full-ui-interaction-sweep/screenshots/360/tasks-create-draft.png"
"360","Заявки / создать / нижние поля","1546","0","PASS","","REVIEWED","docs/full-ui-interaction-sweep/screenshots/360/tasks-create-draft-lower.png"
"390","Заявки / список","489","0","PASS","","REVIEWED","docs/full-ui-interaction-sweep/screenshots/390/tasks-list.png"
"390","Заявки / фильтры / черновик","1318","0","PASS","","REVIEWED","docs/full-ui-interaction-sweep/screenshots/390/tasks-filter-draft.png"
"390","Заявки / архив и метрики","1815","0","PASS","","REVIEWED","docs/full-ui-interaction-sweep/screenshots/390/tasks-archive.png"
"390","Заявки / архивные фильтры","1737","0","PASS","","REVIEWED","docs/full-ui-interaction-sweep/screenshots/390/tasks-archive-filters.png"
"390","Заявки / действия","594","0","PASS","","REVIEWED","docs/full-ui-interaction-sweep/screenshots/390/tasks-actions.png"
"390","Заявки / передача из действий","1099","0","PASS","","REVIEWED","docs/full-ui-interaction-sweep/screenshots/390/tasks-action-redirect-draft.png"
"390","Заявки / детали","715","0","PASS","","REVIEWED","docs/full-ui-interaction-sweep/screenshots/390/tasks-detail.png"
"390","Заявки / передача из карточки","1099","0","PASS","","REVIEWED","docs/full-ui-interaction-sweep/screenshots/390/tasks-detail-redirect-draft.png"
"390","Заявки / комментарий / черновик","658","0","PASS","","REVIEWED","docs/full-ui-interaction-sweep/screenshots/390/tasks-comment-draft.png"
"390","Заявки / создать / черновик","1919","0","PASS","","REVIEWED","docs/full-ui-interaction-sweep/screenshots/390/tasks-create-draft.png"
"390","Заявки / создать / нижние поля","1573","0","PASS","","REVIEWED","docs/full-ui-interaction-sweep/screenshots/390/tasks-create-draft-lower.png"
"430","Заявки / список","489","0","PASS","","REVIEWED","docs/full-ui-interaction-sweep/screenshots/430/tasks-list.png"
"430","Заявки / фильтры / черновик","1318","0","PASS","","REVIEWED","docs/full-ui-interaction-sweep/screenshots/430/tasks-filter-draft.png"
"430","Заявки / архив и метрики","1815","0","PASS","","REVIEWED","docs/full-ui-interaction-sweep/screenshots/430/tasks-archive.png"
"430","Заявки / архивные фильтры","1737","0","PASS","","REVIEWED","docs/full-ui-interaction-sweep/screenshots/430/tasks-archive-filters.png"
"430","Заявки / действия","594","0","PASS","","REVIEWED","docs/full-ui-interaction-sweep/screenshots/430/tasks-actions.png"
"430","Заявки / передача из действий","1099","0","PASS","","REVIEWED","docs/full-ui-interaction-sweep/screenshots/430/tasks-action-redirect-draft.png"
"430","Заявки / детали","715","0","PASS","","REVIEWED","docs/full-ui-interaction-sweep/screenshots/430/tasks-detail.png"
"430","Заявки / передача из карточки","1099","0","PASS","","REVIEWED","docs/full-ui-interaction-sweep/screenshots/430/tasks-detail-redirect-draft.png"
"430","Заявки / комментарий / черновик","658","0","PASS","","REVIEWED","docs/full-ui-interaction-sweep/screenshots/430/tasks-comment-draft.png"
"430","Заявки / создать / черновик","1919","0","PASS","","REVIEWED","docs/full-ui-interaction-sweep/screenshots/430/tasks-create-draft.png"
"430","Заявки / создать / нижние поля","1573","0","PASS","","REVIEWED","docs/full-ui-interaction-sweep/screenshots/430/tasks-create-draft-lower.png"
"desktop","Заказы / остатки / список","725","0","PASS","","REVIEWED","docs/full-ui-interaction-sweep/screenshots/desktop/orders-items-list.png"
"desktop","Заказы / остаток / детали","922","0","PASS","","REVIEWED","docs/full-ui-interaction-sweep/screenshots/desktop/orders-item-detail.png"
"desktop","Заказы / новая позиция / черновик","1247","0","PASS","","REVIEWED","docs/full-ui-interaction-sweep/screenshots/desktop/orders-create-item-draft.png"
"desktop","Заказы / новая позиция / нижние действия","1247","0","PASS","","REVIEWED","docs/full-ui-interaction-sweep/screenshots/desktop/orders-create-item-lower.png"
"desktop","Заказы / заявки на заказ","596","0","PASS","","REVIEWED","docs/full-ui-interaction-sweep/screenshots/desktop/orders-requests-list.png"
"desktop","Заказы / новая заявка / черновик","1059","0","PASS","","REVIEWED","docs/full-ui-interaction-sweep/screenshots/desktop/orders-manual-request-draft.png"
"desktop","Заказы / новая заявка / нижние действия","1059","0","PASS","","REVIEWED","docs/full-ui-interaction-sweep/screenshots/desktop/orders-manual-request-lower.png"
"desktop","Заказы / архив","548","0","PASS","","REVIEWED","docs/full-ui-interaction-sweep/screenshots/desktop/orders-archive-list.png"
"360","Заказы / остатки / список","497","0","PASS","","REVIEWED","docs/full-ui-interaction-sweep/screenshots/360/orders-items-list.png"
"360","Заказы / остаток / детали","694","0","PASS","","REVIEWED","docs/full-ui-interaction-sweep/screenshots/360/orders-item-detail.png"
"360","Заказы / новая позиция / черновик","1019","0","PASS","","REVIEWED","docs/full-ui-interaction-sweep/screenshots/360/orders-create-item-draft.png"
"360","Заказы / новая позиция / нижние действия","1019","0","PASS","","REVIEWED","docs/full-ui-interaction-sweep/screenshots/360/orders-create-item-lower.png"
"360","Заказы / заявки на заказ","368","0","PASS","","REVIEWED","docs/full-ui-interaction-sweep/screenshots/360/orders-requests-list.png"
"360","Заказы / новая заявка / черновик","831","0","PASS","","REVIEWED","docs/full-ui-interaction-sweep/screenshots/360/orders-manual-request-draft.png"
"360","Заказы / новая заявка / нижние действия","831","0","PASS","","REVIEWED","docs/full-ui-interaction-sweep/screenshots/360/orders-manual-request-lower.png"
"360","Заказы / архив","320","0","PASS","","REVIEWED","docs/full-ui-interaction-sweep/screenshots/360/orders-archive-list.png"
"390","Заказы / остатки / список","505","0","PASS","","REVIEWED","docs/full-ui-interaction-sweep/screenshots/390/orders-items-list.png"
"390","Заказы / остаток / детали","702","0","PASS","","REVIEWED","docs/full-ui-interaction-sweep/screenshots/390/orders-item-detail.png"
"390","Заказы / новая позиция / черновик","1027","0","PASS","","REVIEWED","docs/full-ui-interaction-sweep/screenshots/390/orders-create-item-draft.png"
"390","Заказы / новая позиция / нижние действия","1027","0","PASS","","REVIEWED","docs/full-ui-interaction-sweep/screenshots/390/orders-create-item-lower.png"
"390","Заказы / заявки на заказ","376","0","PASS","","REVIEWED","docs/full-ui-interaction-sweep/screenshots/390/orders-requests-list.png"
"390","Заказы / новая заявка / черновик","839","0","PASS","","REVIEWED","docs/full-ui-interaction-sweep/screenshots/390/orders-manual-request-draft.png"
"390","Заказы / новая заявка / нижние действия","839","0","PASS","","REVIEWED","docs/full-ui-interaction-sweep/screenshots/390/orders-manual-request-lower.png"
"390","Заказы / архив","328","0","PASS","","REVIEWED","docs/full-ui-interaction-sweep/screenshots/390/orders-archive-list.png"
"430","Заказы / остатки / список","505","0","PASS","","REVIEWED","docs/full-ui-interaction-sweep/screenshots/430/orders-items-list.png"
"430","Заказы / остаток / детали","702","0","PASS","","REVIEWED","docs/full-ui-interaction-sweep/screenshots/430/orders-item-detail.png"
"430","Заказы / новая позиция / черновик","1027","0","PASS","","REVIEWED","docs/full-ui-interaction-sweep/screenshots/430/orders-create-item-draft.png"
"430","Заказы / новая позиция / нижние действия","1027","0","PASS","","REVIEWED","docs/full-ui-interaction-sweep/screenshots/430/orders-create-item-lower.png"
"430","Заказы / заявки на заказ","376","0","PASS","","REVIEWED","docs/full-ui-interaction-sweep/screenshots/430/orders-requests-list.png"
"430","Заказы / новая заявка / черновик","839","0","PASS","","REVIEWED","docs/full-ui-interaction-sweep/screenshots/430/orders-manual-request-draft.png"
"430","Заказы / новая заявка / нижние действия","839","0","PASS","","REVIEWED","docs/full-ui-interaction-sweep/screenshots/430/orders-manual-request-lower.png"
"430","Заказы / архив","328","0","PASS","","REVIEWED","docs/full-ui-interaction-sweep/screenshots/430/orders-archive-list.png"
"desktop","Заказы / фильтр категории и отдела","1038","0","PASS","","REVIEWED","docs/full-ui-interaction-sweep/screenshots/desktop/orders-category-department-filter.png"
"desktop","Заказы / остатки / сброс выборочного фильтра","769","0","PASS","","REVIEWED","docs/full-ui-interaction-sweep/screenshots/desktop/orders-selective-reset-result.png"
"desktop","Заказы / остаток / Израсходовать","1090","0","PASS","","REVIEWED","docs/full-ui-interaction-sweep/screenshots/desktop/orders-item-израсходовать-draft.png"
"desktop","Заказы / остаток / Заказать пополнение","1225","0","PASS","","REVIEWED","docs/full-ui-interaction-sweep/screenshots/desktop/orders-item-заказать-draft.png"
"desktop","Заказы / остаток / Пополнить остаток","1097","0","PASS","","REVIEWED","docs/full-ui-interaction-sweep/screenshots/desktop/orders-item-пополнить-draft.png"
"desktop","Заказы / остаток / В архив","1065","0","PASS","","REVIEWED","docs/full-ui-interaction-sweep/screenshots/desktop/orders-item-в-архив-draft.png"
"desktop","Заказы / заявка / детали","1040","0","PASS","","REVIEWED","docs/full-ui-interaction-sweep/screenshots/desktop/orders-request-detail-fixture.png"
"desktop","Заказы / заявка / Отметить как заказано","893","0","PASS","","REVIEWED","docs/full-ui-interaction-sweep/screenshots/desktop/orders-request-к-заказу-draft.png"
"desktop","Заказы / заявка / Закрыть как не нужную","893","0","PASS","","REVIEWED","docs/full-ui-interaction-sweep/screenshots/desktop/orders-request-отклонить-draft.png"
"desktop","Заказы / архив / восстановление","1207","0","PASS","","REVIEWED","docs/full-ui-interaction-sweep/screenshots/desktop/orders-archive-restore-draft.png"
"360","Заказы / фильтр категории и отдела","810","0","PASS","","REVIEWED","docs/full-ui-interaction-sweep/screenshots/360/orders-category-department-filter.png"
"360","Заказы / остатки / сброс выборочного фильтра","541","0","PASS","","REVIEWED","docs/full-ui-interaction-sweep/screenshots/360/orders-selective-reset-result.png"
"360","Заказы / остаток / Израсходовать","862","0","PASS","","REVIEWED","docs/full-ui-interaction-sweep/screenshots/360/orders-item-израсходовать-draft.png"
"360","Заказы / остаток / Заказать пополнение","997","0","PASS","","REVIEWED","docs/full-ui-interaction-sweep/screenshots/360/orders-item-заказать-draft.png"
"360","Заказы / остаток / Пополнить остаток","869","0","PASS","","REVIEWED","docs/full-ui-interaction-sweep/screenshots/360/orders-item-пополнить-draft.png"
"360","Заказы / остаток / В архив","837","0","PASS","","REVIEWED","docs/full-ui-interaction-sweep/screenshots/360/orders-item-в-архив-draft.png"
"360","Заказы / заявка / детали","811","0","PASS","","REVIEWED","docs/full-ui-interaction-sweep/screenshots/360/orders-request-detail-fixture.png"
"360","Заказы / заявка / Отметить как заказано","665","0","PASS","","REVIEWED","docs/full-ui-interaction-sweep/screenshots/360/orders-request-к-заказу-draft.png"
"360","Заказы / заявка / Закрыть как не нужную","665","0","PASS","","REVIEWED","docs/full-ui-interaction-sweep/screenshots/360/orders-request-отклонить-draft.png"
"360","Заказы / архив / восстановление","979","0","PASS","","REVIEWED","docs/full-ui-interaction-sweep/screenshots/360/orders-archive-restore-draft.png"
"390","Заказы / фильтр категории и отдела","818","0","PASS","","REVIEWED","docs/full-ui-interaction-sweep/screenshots/390/orders-category-department-filter.png"
"390","Заказы / остатки / сброс выборочного фильтра","549","0","PASS","","REVIEWED","docs/full-ui-interaction-sweep/screenshots/390/orders-selective-reset-result.png"
"390","Заказы / остаток / Израсходовать","870","0","PASS","","REVIEWED","docs/full-ui-interaction-sweep/screenshots/390/orders-item-израсходовать-draft.png"
"390","Заказы / остаток / Заказать пополнение","1005","0","PASS","","REVIEWED","docs/full-ui-interaction-sweep/screenshots/390/orders-item-заказать-draft.png"
"390","Заказы / остаток / Пополнить остаток","877","0","PASS","","REVIEWED","docs/full-ui-interaction-sweep/screenshots/390/orders-item-пополнить-draft.png"
"390","Заказы / остаток / В архив","845","0","PASS","","REVIEWED","docs/full-ui-interaction-sweep/screenshots/390/orders-item-в-архив-draft.png"
"390","Заказы / заявка / детали","819","0","PASS","","REVIEWED","docs/full-ui-interaction-sweep/screenshots/390/orders-request-detail-fixture.png"
"390","Заказы / заявка / Отметить как заказано","673","0","PASS","","REVIEWED","docs/full-ui-interaction-sweep/screenshots/390/orders-request-к-заказу-draft.png"
"390","Заказы / заявка / Закрыть как не нужную","673","0","PASS","","REVIEWED","docs/full-ui-interaction-sweep/screenshots/390/orders-request-отклонить-draft.png"
"390","Заказы / архив / восстановление","987","0","PASS","","REVIEWED","docs/full-ui-interaction-sweep/screenshots/390/orders-archive-restore-draft.png"
"430","Заказы / фильтр категории и отдела","818","0","PASS","","REVIEWED","docs/full-ui-interaction-sweep/screenshots/430/orders-category-department-filter.png"
"430","Заказы / остатки / сброс выборочного фильтра","549","0","PASS","","REVIEWED","docs/full-ui-interaction-sweep/screenshots/430/orders-selective-reset-result.png"
"430","Заказы / остаток / Израсходовать","870","0","PASS","","REVIEWED","docs/full-ui-interaction-sweep/screenshots/430/orders-item-израсходовать-draft.png"
"430","Заказы / остаток / Заказать пополнение","1005","0","PASS","","REVIEWED","docs/full-ui-interaction-sweep/screenshots/430/orders-item-заказать-draft.png"
"430","Заказы / остаток / Пополнить остаток","877","0","PASS","","REVIEWED","docs/full-ui-interaction-sweep/screenshots/430/orders-item-пополнить-draft.png"
"430","Заказы / остаток / В архив","845","0","PASS","","REVIEWED","docs/full-ui-interaction-sweep/screenshots/430/orders-item-в-архив-draft.png"
"430","Заказы / заявка / детали","819","0","PASS","","REVIEWED","docs/full-ui-interaction-sweep/screenshots/430/orders-request-detail-fixture.png"
"430","Заказы / заявка / Отметить как заказано","673","0","PASS","","REVIEWED","docs/full-ui-interaction-sweep/screenshots/430/orders-request-к-заказу-draft.png"
"430","Заказы / заявка / Закрыть как не нужную","673","0","PASS","","REVIEWED","docs/full-ui-interaction-sweep/screenshots/430/orders-request-отклонить-draft.png"
"430","Заказы / архив / восстановление","987","0","PASS","","REVIEWED","docs/full-ui-interaction-sweep/screenshots/430/orders-archive-restore-draft.png"
"desktop","Остаток после редактирования","904","0","PASS","","REVIEWED_ORDERS_EDIT_OUTCOME_ISOLATED","docs/full-ui-interaction-sweep/screenshots/desktop/orders-edit-outcome.png"
"desktop","Редактирование остатка / отказ","1223","0","PASS","","REVIEWED_ORDERS_EDIT_OUTCOME_ISOLATED","docs/full-ui-interaction-sweep/screenshots/desktop/orders-edit-rejected-draft.png"
"360","Остаток после редактирования","674","0","PASS","","REVIEWED_ORDERS_EDIT_OUTCOME_ISOLATED","docs/full-ui-interaction-sweep/screenshots/360/orders-edit-outcome.png"
"360","Редактирование остатка / отказ","993","0","PASS","","REVIEWED_ORDERS_EDIT_OUTCOME_ISOLATED","docs/full-ui-interaction-sweep/screenshots/360/orders-edit-rejected-draft.png"
"390","Остаток после редактирования","682","0","PASS","","REVIEWED_ORDERS_EDIT_OUTCOME_ISOLATED","docs/full-ui-interaction-sweep/screenshots/390/orders-edit-outcome.png"
"390","Редактирование остатка / отказ","1001","0","PASS","","REVIEWED_ORDERS_EDIT_OUTCOME_ISOLATED","docs/full-ui-interaction-sweep/screenshots/390/orders-edit-rejected-draft.png"
"430","Остаток после редактирования","682","0","PASS","","REVIEWED_ORDERS_EDIT_OUTCOME_ISOLATED","docs/full-ui-interaction-sweep/screenshots/430/orders-edit-outcome.png"
"430","Редактирование остатка / отказ","1001","0","PASS","","REVIEWED_ORDERS_EDIT_OUTCOME_ISOLATED","docs/full-ui-interaction-sweep/screenshots/430/orders-edit-rejected-draft.png"
"desktop","Остаток после команды","865","0","PASS","","REVIEWED_ORDERS_QUANTITY_OUTCOME_ISOLATED","docs/full-ui-interaction-sweep/screenshots/desktop/orders-quantity-take-outcome.png"
"desktop","Остаток после команды","865","0","PASS","","REVIEWED_ORDERS_QUANTITY_OUTCOME_ISOLATED","docs/full-ui-interaction-sweep/screenshots/desktop/orders-quantity-restock-outcome.png"
"desktop","Остаток / отказ команды","1015","0","PASS","","REVIEWED_ORDERS_QUANTITY_OUTCOME_ISOLATED","docs/full-ui-interaction-sweep/screenshots/desktop/orders-quantity-rejected-draft.png"
"360","Остаток после команды","637","0","PASS","","REVIEWED_ORDERS_QUANTITY_OUTCOME_ISOLATED","docs/full-ui-interaction-sweep/screenshots/360/orders-quantity-take-outcome.png"
"360","Остаток после команды","637","0","PASS","","REVIEWED_ORDERS_QUANTITY_OUTCOME_ISOLATED","docs/full-ui-interaction-sweep/screenshots/360/orders-quantity-restock-outcome.png"
"360","Остаток / отказ команды","787","0","PASS","","REVIEWED_ORDERS_QUANTITY_OUTCOME_ISOLATED","docs/full-ui-interaction-sweep/screenshots/360/orders-quantity-rejected-draft.png"
"390","Остаток после команды","645","0","PASS","","REVIEWED_ORDERS_QUANTITY_OUTCOME_ISOLATED","docs/full-ui-interaction-sweep/screenshots/390/orders-quantity-take-outcome.png"
"390","Остаток после команды","645","0","PASS","","REVIEWED_ORDERS_QUANTITY_OUTCOME_ISOLATED","docs/full-ui-interaction-sweep/screenshots/390/orders-quantity-restock-outcome.png"
"390","Остаток / отказ команды","795","0","PASS","","REVIEWED_ORDERS_QUANTITY_OUTCOME_ISOLATED","docs/full-ui-interaction-sweep/screenshots/390/orders-quantity-rejected-draft.png"
"430","Остаток после команды","645","0","PASS","","REVIEWED_ORDERS_QUANTITY_OUTCOME_ISOLATED","docs/full-ui-interaction-sweep/screenshots/430/orders-quantity-take-outcome.png"
"430","Остаток после команды","645","0","PASS","","REVIEWED_ORDERS_QUANTITY_OUTCOME_ISOLATED","docs/full-ui-interaction-sweep/screenshots/430/orders-quantity-restock-outcome.png"
"430","Остаток / отказ команды","795","0","PASS","","REVIEWED_ORDERS_QUANTITY_OUTCOME_ISOLATED","docs/full-ui-interaction-sweep/screenshots/430/orders-quantity-rejected-draft.png"
"desktop","Созданная позиция остатка","908","0","PASS","","REVIEWED_ORDERS_CREATE_ITEM_OUTCOME_ISOLATED","docs/full-ui-interaction-sweep/screenshots/desktop/orders-created-item-detail.png"
"desktop","Создание позиции / отказ","1100","0","PASS","","REVIEWED_ORDERS_CREATE_ITEM_OUTCOME_ISOLATED","docs/full-ui-interaction-sweep/screenshots/desktop/orders-create-item-rejected-draft.png"
"360","Созданная позиция остатка","678","0","PASS","","REVIEWED_ORDERS_CREATE_ITEM_OUTCOME_ISOLATED","docs/full-ui-interaction-sweep/screenshots/360/orders-created-item-detail.png"
"360","Создание позиции / отказ","871","0","PASS","","REVIEWED_ORDERS_CREATE_ITEM_OUTCOME_ISOLATED","docs/full-ui-interaction-sweep/screenshots/360/orders-create-item-rejected-draft.png"
"390","Созданная позиция остатка","686","0","PASS","","REVIEWED_ORDERS_CREATE_ITEM_OUTCOME_ISOLATED","docs/full-ui-interaction-sweep/screenshots/390/orders-created-item-detail.png"
"390","Создание позиции / отказ","879","0","PASS","","REVIEWED_ORDERS_CREATE_ITEM_OUTCOME_ISOLATED","docs/full-ui-interaction-sweep/screenshots/390/orders-create-item-rejected-draft.png"
"430","Созданная позиция остатка","686","0","PASS","","REVIEWED_ORDERS_CREATE_ITEM_OUTCOME_ISOLATED","docs/full-ui-interaction-sweep/screenshots/430/orders-created-item-detail.png"
"430","Создание позиции / отказ","879","0","PASS","","REVIEWED_ORDERS_CREATE_ITEM_OUTCOME_ISOLATED","docs/full-ui-interaction-sweep/screenshots/430/orders-create-item-rejected-draft.png"
"desktop","Остаток после создания связанной заявки","1096","0","PASS","","REVIEWED_ORDERS_FROM_ITEM_OUTCOME_ISOLATED","docs/full-ui-interaction-sweep/screenshots/desktop/orders-from-item-outcome.png"
"desktop","Связанная заявка после создания","998","0","PASS","","REVIEWED_ORDERS_FROM_ITEM_OUTCOME_ISOLATED","docs/full-ui-interaction-sweep/screenshots/desktop/orders-from-item-request-outcome.png"
"360","Остаток после создания связанной заявки","868","0","PASS","","REVIEWED_ORDERS_FROM_ITEM_OUTCOME_ISOLATED","docs/full-ui-interaction-sweep/screenshots/360/orders-from-item-outcome.png"
"360","Связанная заявка после создания","769","0","PASS","","REVIEWED_ORDERS_FROM_ITEM_OUTCOME_ISOLATED","docs/full-ui-interaction-sweep/screenshots/360/orders-from-item-request-outcome.png"
"390","Остаток после создания связанной заявки","876","0","PASS","","REVIEWED_ORDERS_FROM_ITEM_OUTCOME_ISOLATED","docs/full-ui-interaction-sweep/screenshots/390/orders-from-item-outcome.png"
"390","Связанная заявка после создания","777","0","PASS","","REVIEWED_ORDERS_FROM_ITEM_OUTCOME_ISOLATED","docs/full-ui-interaction-sweep/screenshots/390/orders-from-item-request-outcome.png"
"430","Остаток после создания связанной заявки","876","0","PASS","","REVIEWED_ORDERS_FROM_ITEM_OUTCOME_ISOLATED","docs/full-ui-interaction-sweep/screenshots/430/orders-from-item-outcome.png"
"430","Связанная заявка после создания","777","0","PASS","","REVIEWED_ORDERS_FROM_ITEM_OUTCOME_ISOLATED","docs/full-ui-interaction-sweep/screenshots/430/orders-from-item-request-outcome.png"
"desktop","Остаток после архивации","757","0","PASS","","REVIEWED_ORDERS_ITEM_ARCHIVE_RESTORE_OUTCOME_ISOLATED","docs/full-ui-interaction-sweep/screenshots/desktop/orders-item-archive-outcome.png"
"desktop","Остаток после восстановления","746","0","PASS","","REVIEWED_ORDERS_ITEM_ARCHIVE_RESTORE_OUTCOME_ISOLATED","docs/full-ui-interaction-sweep/screenshots/desktop/orders-item-restore-outcome.png"
"360","Остаток после архивации","529","0","PASS","","REVIEWED_ORDERS_ITEM_ARCHIVE_RESTORE_OUTCOME_ISOLATED","docs/full-ui-interaction-sweep/screenshots/360/orders-item-archive-outcome.png"
"360","Остаток после восстановления","518","0","PASS","","REVIEWED_ORDERS_ITEM_ARCHIVE_RESTORE_OUTCOME_ISOLATED","docs/full-ui-interaction-sweep/screenshots/360/orders-item-restore-outcome.png"
"390","Остаток после архивации","537","0","PASS","","REVIEWED_ORDERS_ITEM_ARCHIVE_RESTORE_OUTCOME_ISOLATED","docs/full-ui-interaction-sweep/screenshots/390/orders-item-archive-outcome.png"
"390","Остаток после восстановления","526","0","PASS","","REVIEWED_ORDERS_ITEM_ARCHIVE_RESTORE_OUTCOME_ISOLATED","docs/full-ui-interaction-sweep/screenshots/390/orders-item-restore-outcome.png"
"430","Остаток после архивации","537","0","PASS","","REVIEWED_ORDERS_ITEM_ARCHIVE_RESTORE_OUTCOME_ISOLATED","docs/full-ui-interaction-sweep/screenshots/430/orders-item-archive-outcome.png"
"430","Остаток после восстановления","526","0","PASS","","REVIEWED_ORDERS_ITEM_ARCHIVE_RESTORE_OUTCOME_ISOLATED","docs/full-ui-interaction-sweep/screenshots/430/orders-item-restore-outcome.png"
"desktop","Ручная заявка после создания","909","0","PASS","","REVIEWED_ORDERS_MANUAL_REQUEST_DECISIONS_ISOLATED","docs/full-ui-interaction-sweep/screenshots/desktop/orders-manual-request-created.png"
"desktop","Архив решений по заявкам","1036","0","PASS","","REVIEWED_ORDERS_MANUAL_REQUEST_DECISIONS_ISOLATED","docs/full-ui-interaction-sweep/screenshots/desktop/orders-manual-request-decisions.png"
"desktop","Отклонённая ручная заявка","1173","0","PASS","","REVIEWED_ORDERS_MANUAL_REQUEST_DECISIONS_ISOLATED","docs/full-ui-interaction-sweep/screenshots/desktop/orders-manual-request-rejected-detail.png"
"360","Ручная заявка после создания","680","0","PASS","","REVIEWED_ORDERS_MANUAL_REQUEST_DECISIONS_ISOLATED","docs/full-ui-interaction-sweep/screenshots/360/orders-manual-request-created.png"
"360","Архив решений по заявкам","808","0","PASS","","REVIEWED_ORDERS_MANUAL_REQUEST_DECISIONS_ISOLATED","docs/full-ui-interaction-sweep/screenshots/360/orders-manual-request-decisions.png"
"360","Отклонённая ручная заявка","944","0","PASS","","REVIEWED_ORDERS_MANUAL_REQUEST_DECISIONS_ISOLATED","docs/full-ui-interaction-sweep/screenshots/360/orders-manual-request-rejected-detail.png"
"390","Ручная заявка после создания","688","0","PASS","","REVIEWED_ORDERS_MANUAL_REQUEST_DECISIONS_ISOLATED","docs/full-ui-interaction-sweep/screenshots/390/orders-manual-request-created.png"
"390","Архив решений по заявкам","816","0","PASS","","REVIEWED_ORDERS_MANUAL_REQUEST_DECISIONS_ISOLATED","docs/full-ui-interaction-sweep/screenshots/390/orders-manual-request-decisions.png"
"390","Отклонённая ручная заявка","952","0","PASS","","REVIEWED_ORDERS_MANUAL_REQUEST_DECISIONS_ISOLATED","docs/full-ui-interaction-sweep/screenshots/390/orders-manual-request-rejected-detail.png"
"430","Ручная заявка после создания","688","0","PASS","","REVIEWED_ORDERS_MANUAL_REQUEST_DECISIONS_ISOLATED","docs/full-ui-interaction-sweep/screenshots/430/orders-manual-request-created.png"
"430","Архив решений по заявкам","816","0","PASS","","REVIEWED_ORDERS_MANUAL_REQUEST_DECISIONS_ISOLATED","docs/full-ui-interaction-sweep/screenshots/430/orders-manual-request-decisions.png"
"430","Отклонённая ручная заявка","952","0","PASS","","REVIEWED_ORDERS_MANUAL_REQUEST_DECISIONS_ISOLATED","docs/full-ui-interaction-sweep/screenshots/430/orders-manual-request-rejected-detail.png"
"desktop","Сообщить об ошибке / ADMIN / список","922","0","PASS","","REVIEWED","docs/full-ui-interaction-sweep/screenshots/desktop/report-admin-list.png"
"360","Сообщить об ошибке / ADMIN / список","694","0","PASS","","REVIEWED","docs/full-ui-interaction-sweep/screenshots/360/report-admin-list.png"
"390","Сообщить об ошибке / ADMIN / список","702","0","PASS","","REVIEWED","docs/full-ui-interaction-sweep/screenshots/390/report-admin-list.png"
"430","Сообщить об ошибке / ADMIN / список","702","0","PASS","","REVIEWED","docs/full-ui-interaction-sweep/screenshots/430/report-admin-list.png"
"desktop","Сообщить об ошибке / ADMIN / детали","1485","0","PASS","","REVIEWED_PRESERVED_BEFORE_FIXTURE_VISIBILITY_FILTER","docs/full-ui-interaction-sweep/screenshots/desktop/report-admin-detail.png"
"desktop","Сообщить об ошибке / ADMIN / детали / низ","1485","0","PASS","","REVIEWED_PRESERVED_BEFORE_FIXTURE_VISIBILITY_FILTER","docs/full-ui-interaction-sweep/screenshots/desktop/report-admin-detail-lower.png"
"360","Сообщить об ошибке / ADMIN / детали","1257","0","PASS","","REVIEWED_PRESERVED_BEFORE_FIXTURE_VISIBILITY_FILTER","docs/full-ui-interaction-sweep/screenshots/360/report-admin-detail.png"
"360","Сообщить об ошибке / ADMIN / детали / низ","1257","0","PASS","","REVIEWED_PRESERVED_BEFORE_FIXTURE_VISIBILITY_FILTER","docs/full-ui-interaction-sweep/screenshots/360/report-admin-detail-lower.png"
"390","Сообщить об ошибке / ADMIN / детали","1265","0","PASS","","REVIEWED_PRESERVED_BEFORE_FIXTURE_VISIBILITY_FILTER","docs/full-ui-interaction-sweep/screenshots/390/report-admin-detail.png"
"390","Сообщить об ошибке / ADMIN / детали / низ","1265","0","PASS","","REVIEWED_PRESERVED_BEFORE_FIXTURE_VISIBILITY_FILTER","docs/full-ui-interaction-sweep/screenshots/390/report-admin-detail-lower.png"
"430","Сообщить об ошибке / ADMIN / детали","1265","0","PASS","","REVIEWED_PRESERVED_BEFORE_FIXTURE_VISIBILITY_FILTER","docs/full-ui-interaction-sweep/screenshots/430/report-admin-detail.png"
"430","Сообщить об ошибке / ADMIN / детали / низ","1265","0","PASS","","REVIEWED_PRESERVED_BEFORE_FIXTURE_VISIBILITY_FILTER","docs/full-ui-interaction-sweep/screenshots/430/report-admin-detail-lower.png"
"desktop","Пересменка / архив / detail blocked","1940","0","PASS","","REVIEWED_OPEN_FINDING_UI_SWEEP_036","docs/full-ui-interaction-sweep/screenshots/desktop/shift-log-archive-detail-blocked.png"
"360","Пересменка / архив / detail blocked","1712","0","PASS","","REVIEWED_OPEN_FINDING_UI_SWEEP_036","docs/full-ui-interaction-sweep/screenshots/360/shift-log-archive-detail-blocked.png"
"390","Пересменка / архив / detail blocked","1720","0","PASS","","REVIEWED_OPEN_FINDING_UI_SWEEP_036","docs/full-ui-interaction-sweep/screenshots/390/shift-log-archive-detail-blocked.png"
"430","Пересменка / архив / detail blocked","1720","0","PASS","","REVIEWED_OPEN_FINDING_UI_SWEEP_036","docs/full-ui-interaction-sweep/screenshots/430/shift-log-archive-detail-blocked.png"
"desktop","Общий shell / остальные разделы","2251","0","PASS","","REVIEWED","docs/full-ui-interaction-sweep/screenshots/desktop/app-shell-more.png"
"desktop","Общий shell / настройки","2703","0","PASS","","REVIEWED","docs/full-ui-interaction-sweep/screenshots/desktop/app-shell-settings.png"
"desktop","Общий shell / выбор быстрого раздела","3063","0","PASS","","REVIEWED","docs/full-ui-interaction-sweep/screenshots/desktop/app-shell-quick-picker.png"
"desktop","Общий shell / быстрый слот изменён локально","2710","0","PASS","","REVIEWED","docs/full-ui-interaction-sweep/screenshots/desktop/app-shell-quick-slot-changed.png"
"desktop","Общий shell / выбор завода","347","0","PASS","","REVIEWED","docs/full-ui-interaction-sweep/screenshots/desktop/app-shell-factory-picker.png"
"desktop","Общий shell / смена завода","236","0","PASS","","REVIEWED","docs/full-ui-interaction-sweep/screenshots/desktop/app-shell-factory-selection.png"
"desktop","Общий shell / завод восстановлен","783","0","PASS","","REVIEWED","docs/full-ui-interaction-sweep/screenshots/desktop/app-shell-factory-restored.png"
"desktop","Общий shell / выход","227","0","PASS","","REVIEWED","docs/full-ui-interaction-sweep/screenshots/desktop/app-shell-logout.png"
"360","Общий shell / остальные разделы","2023","0","PASS","","REVIEWED","docs/full-ui-interaction-sweep/screenshots/360/app-shell-more.png"
"360","Общий shell / настройки","2439","0","PASS","","REVIEWED","docs/full-ui-interaction-sweep/screenshots/360/app-shell-settings.png"
"360","Общий shell / выбор быстрого раздела","2799","0","PASS","","REVIEWED","docs/full-ui-interaction-sweep/screenshots/360/app-shell-quick-picker.png"
"360","Общий shell / быстрый слот изменён локально","2453","0","PASS","","REVIEWED","docs/full-ui-interaction-sweep/screenshots/360/app-shell-quick-slot-changed.png"
"360","Общий shell / выбор завода","347","0","PASS","","REVIEWED","docs/full-ui-interaction-sweep/screenshots/360/app-shell-factory-picker.png"
"360","Общий shell / смена завода","236","0","PASS","","REVIEWED","docs/full-ui-interaction-sweep/screenshots/360/app-shell-factory-selection.png"
"360","Общий shell / завод восстановлен","1702","0","PASS","","REVIEWED","docs/full-ui-interaction-sweep/screenshots/360/app-shell-factory-restored.png"
"360","Общий shell / выход","227","0","PASS","","REVIEWED","docs/full-ui-interaction-sweep/screenshots/360/app-shell-logout.png"
"390","Общий shell / остальные разделы","2031","0","PASS","","REVIEWED","docs/full-ui-interaction-sweep/screenshots/390/app-shell-more.png"
"390","Общий shell / настройки","2447","0","PASS","","REVIEWED","docs/full-ui-interaction-sweep/screenshots/390/app-shell-settings.png"
"390","Общий shell / выбор быстрого раздела","2807","0","PASS","","REVIEWED","docs/full-ui-interaction-sweep/screenshots/390/app-shell-quick-picker.png"
"390","Общий shell / быстрый слот изменён локально","2461","0","PASS","","REVIEWED","docs/full-ui-interaction-sweep/screenshots/390/app-shell-quick-slot-changed.png"
"390","Общий shell / выбор завода","347","0","PASS","","REVIEWED","docs/full-ui-interaction-sweep/screenshots/390/app-shell-factory-picker.png"
"390","Общий shell / смена завода","236","0","PASS","","REVIEWED","docs/full-ui-interaction-sweep/screenshots/390/app-shell-factory-selection.png"
"390","Общий shell / завод восстановлен","1710","0","PASS","","REVIEWED","docs/full-ui-interaction-sweep/screenshots/390/app-shell-factory-restored.png"
"390","Общий shell / выход","227","0","PASS","","REVIEWED","docs/full-ui-interaction-sweep/screenshots/390/app-shell-logout.png"
"430","Общий shell / остальные разделы","2031","0","PASS","","REVIEWED","docs/full-ui-interaction-sweep/screenshots/430/app-shell-more.png"
"430","Общий shell / настройки","2447","0","PASS","","REVIEWED","docs/full-ui-interaction-sweep/screenshots/430/app-shell-settings.png"
"430","Общий shell / выбор быстрого раздела","2807","0","PASS","","REVIEWED","docs/full-ui-interaction-sweep/screenshots/430/app-shell-quick-picker.png"
"430","Общий shell / быстрый слот изменён локально","2461","0","PASS","","REVIEWED","docs/full-ui-interaction-sweep/screenshots/430/app-shell-quick-slot-changed.png"
"430","Общий shell / выбор завода","347","0","PASS","","REVIEWED","docs/full-ui-interaction-sweep/screenshots/430/app-shell-factory-picker.png"
"430","Общий shell / смена завода","236","0","PASS","","REVIEWED","docs/full-ui-interaction-sweep/screenshots/430/app-shell-factory-selection.png"
"430","Общий shell / завод восстановлен","1715","0","PASS","","REVIEWED","docs/full-ui-interaction-sweep/screenshots/430/app-shell-factory-restored.png"
"430","Общий shell / выход","227","0","PASS","","REVIEWED","docs/full-ui-interaction-sweep/screenshots/430/app-shell-logout.png"
"desktop","Настройки / проверка сигнала","2766","0","PASS","","REVIEWED","docs/full-ui-interaction-sweep/screenshots/desktop/app-device-signal-notice.png"
"360","Настройки / проверка сигнала","2502","0","PASS","","REVIEWED","docs/full-ui-interaction-sweep/screenshots/360/app-device-signal-notice.png"
"390","Настройки / проверка сигнала","2510","0","PASS","","REVIEWED","docs/full-ui-interaction-sweep/screenshots/390/app-device-signal-notice.png"
"430","Настройки / проверка сигнала","2510","0","PASS","","REVIEWED","docs/full-ui-interaction-sweep/screenshots/430/app-device-signal-notice.png"
"desktop","Чаты / список","12344","0","PASS","","REVIEWED","docs/full-ui-interaction-sweep/screenshots/desktop/chats-list.png"
"desktop","Чаты / создать / отдел","12655","0","PASS","","REVIEWED","docs/full-ui-interaction-sweep/screenshots/desktop/chats-create-department-draft.png"
"desktop","Чаты / создать / черновик","12669","0","PASS","","REVIEWED","docs/full-ui-interaction-sweep/screenshots/desktop/chats-create-draft.png"
"desktop","Чаты / личный чат","12560","0","PASS","","REVIEWED","docs/full-ui-interaction-sweep/screenshots/desktop/chats-direct-draft.png"
"desktop","Чаты / диалог","13321","0","PASS","","REVIEWED","docs/full-ui-interaction-sweep/screenshots/desktop/chats-dialog.png"
"desktop","Чаты / диалог / обновлено","13321","0","PASS","","REVIEWED","docs/full-ui-interaction-sweep/screenshots/desktop/chats-dialog-refreshed.png"
"desktop","Чаты / сведения / файлы","13477","0","PASS","","REVIEWED","docs/full-ui-interaction-sweep/screenshots/desktop/chats-info.png"
"desktop","Чаты / вложения","13374","0","PASS","","REVIEWED","docs/full-ui-interaction-sweep/screenshots/desktop/chats-attachments.png"
"desktop","Чаты / опрос / черновик","13503","0","PASS","","REVIEWED","docs/full-ui-interaction-sweep/screenshots/desktop/chats-poll-draft.png"
"desktop","Чаты / эмодзи","13397","0","PASS","","REVIEWED","docs/full-ui-interaction-sweep/screenshots/desktop/chats-emoji.png"
"desktop","Чаты / действия сообщения","13384","0","PASS","","REVIEWED","docs/full-ui-interaction-sweep/screenshots/desktop/chats-message-actions.png"
"desktop","Чаты / ответ / черновик","13374","0","PASS","","REVIEWED","docs/full-ui-interaction-sweep/screenshots/desktop/chats-reply-draft.png"
"360","Чаты / список","11941","0","PASS","","REVIEWED","docs/full-ui-interaction-sweep/screenshots/360/chats-list.png"
"360","Чаты / создать / отдел","12252","0","PASS","","REVIEWED","docs/full-ui-interaction-sweep/screenshots/360/chats-create-department-draft.png"
"360","Чаты / создать / черновик","12266","0","PASS","","REVIEWED","docs/full-ui-interaction-sweep/screenshots/360/chats-create-draft.png"
"360","Чаты / личный чат","12157","0","PASS","","REVIEWED","docs/full-ui-interaction-sweep/screenshots/360/chats-direct-draft.png"
"360","Чаты / диалог","965","0","PASS","","REVIEWED","docs/full-ui-interaction-sweep/screenshots/360/chats-dialog.png"
"360","Чаты / сведения / файлы","1121","0","PASS","","REVIEWED","docs/full-ui-interaction-sweep/screenshots/360/chats-info.png"
"360","Чаты / вложения","1018","0","PASS","","REVIEWED","docs/full-ui-interaction-sweep/screenshots/360/chats-attachments.png"
"360","Чаты / опрос / черновик","1147","0","PASS","","REVIEWED","docs/full-ui-interaction-sweep/screenshots/360/chats-poll-draft.png"
"360","Чаты / эмодзи","1041","0","PASS","","REVIEWED","docs/full-ui-interaction-sweep/screenshots/360/chats-emoji.png"
"390","Чаты / список","11949","0","PASS","","REVIEWED","docs/full-ui-interaction-sweep/screenshots/390/chats-list.png"
"390","Чаты / создать / отдел","12260","0","PASS","","REVIEWED","docs/full-ui-interaction-sweep/screenshots/390/chats-create-department-draft.png"
"390","Чаты / создать / черновик","12274","0","PASS","","REVIEWED","docs/full-ui-interaction-sweep/screenshots/390/chats-create-draft.png"
"390","Чаты / личный чат","12165","0","PASS","","REVIEWED","docs/full-ui-interaction-sweep/screenshots/390/chats-direct-draft.png"
"390","Чаты / диалог","965","0","PASS","","REVIEWED","docs/full-ui-interaction-sweep/screenshots/390/chats-dialog.png"
"390","Чаты / сведения / файлы","1121","0","PASS","","REVIEWED","docs/full-ui-interaction-sweep/screenshots/390/chats-info.png"
"390","Чаты / вложения","1018","0","PASS","","REVIEWED","docs/full-ui-interaction-sweep/screenshots/390/chats-attachments.png"
"390","Чаты / опрос / черновик","1147","0","PASS","","REVIEWED","docs/full-ui-interaction-sweep/screenshots/390/chats-poll-draft.png"
"390","Чаты / эмодзи","1041","0","PASS","","REVIEWED","docs/full-ui-interaction-sweep/screenshots/390/chats-emoji.png"
"430","Чаты / список","11949","0","PASS","","REVIEWED","docs/full-ui-interaction-sweep/screenshots/430/chats-list.png"
"430","Чаты / создать / отдел","12260","0","PASS","","REVIEWED","docs/full-ui-interaction-sweep/screenshots/430/chats-create-department-draft.png"
"430","Чаты / создать / черновик","12274","0","PASS","","REVIEWED","docs/full-ui-interaction-sweep/screenshots/430/chats-create-draft.png"
"430","Чаты / личный чат","12165","0","PASS","","REVIEWED","docs/full-ui-interaction-sweep/screenshots/430/chats-direct-draft.png"
"430","Чаты / диалог","965","0","PASS","","REVIEWED","docs/full-ui-interaction-sweep/screenshots/430/chats-dialog.png"
"430","Чаты / сведения / файлы","1121","0","PASS","","REVIEWED","docs/full-ui-interaction-sweep/screenshots/430/chats-info.png"
"430","Чаты / вложения","1018","0","PASS","","REVIEWED","docs/full-ui-interaction-sweep/screenshots/430/chats-attachments.png"
"430","Чаты / опрос / черновик","1147","0","PASS","","REVIEWED","docs/full-ui-interaction-sweep/screenshots/430/chats-poll-draft.png"
"430","Чаты / эмодзи","1041","0","PASS","","REVIEWED","docs/full-ui-interaction-sweep/screenshots/430/chats-emoji.png"
"desktop","Чек-листы / в работе","550","0","PASS","","REVIEWED","docs/full-ui-interaction-sweep/screenshots/desktop/checklists-work.png"
"desktop","Чек-листы / доступные","824","0","PASS","","REVIEWED","docs/full-ui-interaction-sweep/screenshots/desktop/checklists-available.png"
"desktop","Чек-листы / доступный detail","1551","0","PASS","","REVIEWED","docs/full-ui-interaction-sweep/screenshots/desktop/checklists-available-detail.png"
"desktop","Чек-листы / preview доступного","1119","0","PASS","","REVIEWED","docs/full-ui-interaction-sweep/screenshots/desktop/checklists-available-preview.png"
"desktop","Чек-листы / подтверждение старта","876","0","PASS","","REVIEWED","docs/full-ui-interaction-sweep/screenshots/desktop/checklists-start-confirm.png"
"desktop","Чек-листы / библиотека","1235","0","PASS","","REVIEWED","docs/full-ui-interaction-sweep/screenshots/desktop/checklists-library.png"
"desktop","Чек-листы / preview библиотеки","1530","0","PASS","","REVIEWED","docs/full-ui-interaction-sweep/screenshots/desktop/checklists-library-preview.png"
"desktop","Чек-листы / библиотека expanded","1744","0","PASS","","REVIEWED","docs/full-ui-interaction-sweep/screenshots/desktop/checklists-library-expanded.png"
"desktop","Чек-листы / edit builder pristine","3772","0","PASS","","REVIEWED","docs/full-ui-interaction-sweep/screenshots/desktop/checklists-edit-builder.png"
"desktop","Чек-листы / локальная копия шаблона","3635","0","PASS","","REVIEWED","docs/full-ui-interaction-sweep/screenshots/desktop/checklists-template-copy-local.png"
"desktop","Чек-листы / добавить пункт существующего шаблона","2060","0","PASS","","REVIEWED","docs/full-ui-interaction-sweep/screenshots/desktop/checklists-template-add-row-local.png"
"desktop","Чек-листы / редактировать пункт существующего шаблона","2079","0","PASS","","REVIEWED","docs/full-ui-interaction-sweep/screenshots/desktop/checklists-template-edit-row-local.png"
"desktop","Чек-листы / подтверждение удаления пункта","1816","0","PASS","","REVIEWED","docs/full-ui-interaction-sweep/screenshots/desktop/checklists-template-archive-row-confirm.png"
"desktop","Чек-листы / подтверждение архивации шаблона","1798","0","PASS","","REVIEWED","docs/full-ui-interaction-sweep/screenshots/desktop/checklists-template-archive-confirm.png"
"desktop","Чек-листы / архив выбранного шаблона","3005","0","PASS","","REVIEWED","docs/full-ui-interaction-sweep/screenshots/desktop/checklists-template-archive-journal.png"
"desktop","Чек-листы / пункт SELECT","2087","0","PASS","","REVIEWED","docs/full-ui-interaction-sweep/screenshots/desktop/checklists-item-editor-select-draft.png"
"desktop","Чек-листы / пункт NUMBER","2151","0","PASS","","REVIEWED","docs/full-ui-interaction-sweep/screenshots/desktop/checklists-item-editor-number-draft.png"
"desktop","Чек-листы / пункт NUMBER нижние настройки","2151","0","PASS","","REVIEWED","docs/full-ui-interaction-sweep/screenshots/desktop/checklists-item-editor-number-lower.png"
"desktop","Чек-листы / локальные строки конструктора","2916","0","PASS","","REVIEWED","docs/full-ui-interaction-sweep/screenshots/desktop/checklists-builder-row-actions.png"
"desktop","Чек-листы / локальный builder","2916","0","PASS","","REVIEWED","docs/full-ui-interaction-sweep/screenshots/desktop/checklists-builder-draft.png"
"desktop","Чек-листы / builder preview","2303","0","PASS","","REVIEWED","docs/full-ui-interaction-sweep/screenshots/desktop/checklists-builder-preview.png"
"desktop","Чек-листы / builder preview второй пункт","2318","0","PASS","","REVIEWED","docs/full-ui-interaction-sweep/screenshots/desktop/checklists-builder-preview-second.png"
"desktop","Чек-листы / архив","608","0","PASS","","REVIEWED","docs/full-ui-interaction-sweep/screenshots/desktop/checklists-archive.png"
"desktop","Чек-листы / архив таблица","4493","0","PASS","","REVIEWED","docs/full-ui-interaction-sweep/screenshots/desktop/checklists-archive-table-mode.png"
"desktop","Чек-листы / архив журнал","3005","0","PASS","","REVIEWED","docs/full-ui-interaction-sweep/screenshots/desktop/checklists-archive-journal-mode.png"
"desktop","Чек-листы / сводка смены","3861","0","PASS","","REVIEWED","docs/full-ui-interaction-sweep/screenshots/desktop/checklists-archive-shift-report.png"
"desktop","Чек-листы / архивные фильтры","3861","0","PASS","","REVIEWED","docs/full-ui-interaction-sweep/screenshots/desktop/checklists-archive-filters.png"
"360","Чек-листы / в работе","322","0","PASS","","REVIEWED","docs/full-ui-interaction-sweep/screenshots/360/checklists-work.png"
"360","Чек-листы / доступные","596","0","PASS","","REVIEWED","docs/full-ui-interaction-sweep/screenshots/360/checklists-available.png"
"360","Чек-листы / доступный detail","1323","0","PASS","","REVIEWED","docs/full-ui-interaction-sweep/screenshots/360/checklists-available-detail.png"
"360","Чек-листы / preview доступного","891","0","PASS","","REVIEWED","docs/full-ui-interaction-sweep/screenshots/360/checklists-available-preview.png"
"360","Чек-листы / подтверждение старта","648","0","PASS","","REVIEWED","docs/full-ui-interaction-sweep/screenshots/360/checklists-start-confirm.png"
"360","Чек-листы / библиотека","1007","0","PASS","","REVIEWED","docs/full-ui-interaction-sweep/screenshots/360/checklists-library.png"
"360","Чек-листы / preview библиотеки","1302","0","PASS","","REVIEWED","docs/full-ui-interaction-sweep/screenshots/360/checklists-library-preview.png"
"360","Чек-листы / библиотека expanded","1516","0","PASS","","REVIEWED","docs/full-ui-interaction-sweep/screenshots/360/checklists-library-expanded.png"
"360","Чек-листы / edit builder pristine","3578","0","PASS","","REVIEWED","docs/full-ui-interaction-sweep/screenshots/360/checklists-edit-builder.png"
"360","Чек-листы / локальная копия шаблона","3441","0","PASS","","REVIEWED","docs/full-ui-interaction-sweep/screenshots/360/checklists-template-copy-local.png"
"360","Чек-листы / добавить пункт существующего шаблона","1832","0","PASS","","REVIEWED","docs/full-ui-interaction-sweep/screenshots/360/checklists-template-add-row-local.png"
"360","Чек-листы / редактировать пункт существующего шаблона","1851","0","PASS","","REVIEWED","docs/full-ui-interaction-sweep/screenshots/360/checklists-template-edit-row-local.png"
"360","Чек-листы / подтверждение удаления пункта","1588","0","PASS","","REVIEWED","docs/full-ui-interaction-sweep/screenshots/360/checklists-template-archive-row-confirm.png"
"360","Чек-листы / подтверждение архивации шаблона","1570","0","PASS","","REVIEWED","docs/full-ui-interaction-sweep/screenshots/360/checklists-template-archive-confirm.png"
"360","Чек-листы / архив выбранного шаблона","2777","0","PASS","","REVIEWED","docs/full-ui-interaction-sweep/screenshots/360/checklists-template-archive-journal.png"
"360","Чек-листы / пункт SELECT","1859","0","PASS","","REVIEWED","docs/full-ui-interaction-sweep/screenshots/360/checklists-item-editor-select-draft.png"
"360","Чек-листы / пункт NUMBER","1923","0","PASS","","REVIEWED","docs/full-ui-interaction-sweep/screenshots/360/checklists-item-editor-number-draft.png"
"360","Чек-листы / пункт NUMBER нижние настройки","1923","0","PASS","","REVIEWED","docs/full-ui-interaction-sweep/screenshots/360/checklists-item-editor-number-lower.png"
"360","Чек-листы / локальные строки конструктора","2694","0","PASS","","REVIEWED","docs/full-ui-interaction-sweep/screenshots/360/checklists-builder-row-actions.png"
"360","Чек-листы / локальный builder","2694","0","PASS","","REVIEWED","docs/full-ui-interaction-sweep/screenshots/360/checklists-builder-draft.png"
"360","Чек-листы / builder preview","2071","0","PASS","","REVIEWED","docs/full-ui-interaction-sweep/screenshots/360/checklists-builder-preview.png"
"360","Чек-листы / builder preview второй пункт","2086","0","PASS","","REVIEWED","docs/full-ui-interaction-sweep/screenshots/360/checklists-builder-preview-second.png"
"360","Чек-листы / архив","380","0","PASS","","REVIEWED","docs/full-ui-interaction-sweep/screenshots/360/checklists-archive.png"
"360","Чек-листы / архив таблица","4068","0","PASS","","REVIEWED","docs/full-ui-interaction-sweep/screenshots/360/checklists-archive-table-mode.png"
"360","Чек-листы / архив журнал","2777","0","PASS","","REVIEWED","docs/full-ui-interaction-sweep/screenshots/360/checklists-archive-journal-mode.png"
"360","Чек-листы / сводка смены","3633","0","PASS","","REVIEWED","docs/full-ui-interaction-sweep/screenshots/360/checklists-archive-shift-report.png"
"360","Чек-листы / архивные фильтры","3633","0","PASS","","REVIEWED","docs/full-ui-interaction-sweep/screenshots/360/checklists-archive-filters.png"
"390","Чек-листы / в работе","330","0","PASS","","REVIEWED","docs/full-ui-interaction-sweep/screenshots/390/checklists-work.png"
"390","Чек-листы / доступные","604","0","PASS","","REVIEWED","docs/full-ui-interaction-sweep/screenshots/390/checklists-available.png"
"390","Чек-листы / доступный detail","1331","0","PASS","","REVIEWED","docs/full-ui-interaction-sweep/screenshots/390/checklists-available-detail.png"
"390","Чек-листы / preview доступного","899","0","PASS","","REVIEWED","docs/full-ui-interaction-sweep/screenshots/390/checklists-available-preview.png"
"390","Чек-листы / подтверждение старта","656","0","PASS","","REVIEWED","docs/full-ui-interaction-sweep/screenshots/390/checklists-start-confirm.png"
"390","Чек-листы / библиотека","1015","0","PASS","","REVIEWED","docs/full-ui-interaction-sweep/screenshots/390/checklists-library.png"
"390","Чек-листы / preview библиотеки","1310","0","PASS","","REVIEWED","docs/full-ui-interaction-sweep/screenshots/390/checklists-library-preview.png"
"390","Чек-листы / библиотека expanded","1524","0","PASS","","REVIEWED","docs/full-ui-interaction-sweep/screenshots/390/checklists-library-expanded.png"
"390","Чек-листы / edit builder pristine","3586","0","PASS","","REVIEWED","docs/full-ui-interaction-sweep/screenshots/390/checklists-edit-builder.png"
"390","Чек-листы / локальная копия шаблона","3449","0","PASS","","REVIEWED","docs/full-ui-interaction-sweep/screenshots/390/checklists-template-copy-local.png"
"390","Чек-листы / добавить пункт существующего шаблона","1840","0","PASS","","REVIEWED","docs/full-ui-interaction-sweep/screenshots/390/checklists-template-add-row-local.png"
"390","Чек-листы / редактировать пункт существующего шаблона","1859","0","PASS","","REVIEWED","docs/full-ui-interaction-sweep/screenshots/390/checklists-template-edit-row-local.png"
"390","Чек-листы / подтверждение удаления пункта","1596","0","PASS","","REVIEWED","docs/full-ui-interaction-sweep/screenshots/390/checklists-template-archive-row-confirm.png"
"390","Чек-листы / подтверждение архивации шаблона","1578","0","PASS","","REVIEWED","docs/full-ui-interaction-sweep/screenshots/390/checklists-template-archive-confirm.png"
"390","Чек-листы / архив выбранного шаблона","2785","0","PASS","","REVIEWED","docs/full-ui-interaction-sweep/screenshots/390/checklists-template-archive-journal.png"
"390","Чек-листы / пункт SELECT","1867","0","PASS","","REVIEWED","docs/full-ui-interaction-sweep/screenshots/390/checklists-item-editor-select-draft.png"
"390","Чек-листы / пункт NUMBER","1931","0","PASS","","REVIEWED","docs/full-ui-interaction-sweep/screenshots/390/checklists-item-editor-number-draft.png"
"390","Чек-листы / пункт NUMBER нижние настройки","1931","0","PASS","","REVIEWED","docs/full-ui-interaction-sweep/screenshots/390/checklists-item-editor-number-lower.png"
"390","Чек-листы / локальные строки конструктора","2702","0","PASS","","REVIEWED","docs/full-ui-interaction-sweep/screenshots/390/checklists-builder-row-actions.png"
"390","Чек-листы / локальный builder","2702","0","PASS","","REVIEWED","docs/full-ui-interaction-sweep/screenshots/390/checklists-builder-draft.png"
"390","Чек-листы / builder preview","2079","0","PASS","","REVIEWED","docs/full-ui-interaction-sweep/screenshots/390/checklists-builder-preview.png"
"390","Чек-листы / builder preview второй пункт","2094","0","PASS","","REVIEWED","docs/full-ui-interaction-sweep/screenshots/390/checklists-builder-preview-second.png"
"390","Чек-листы / архив","388","0","PASS","","REVIEWED","docs/full-ui-interaction-sweep/screenshots/390/checklists-archive.png"
"390","Чек-листы / архив таблица","4076","0","PASS","","REVIEWED","docs/full-ui-interaction-sweep/screenshots/390/checklists-archive-table-mode.png"
"390","Чек-листы / архив журнал","2785","0","PASS","","REVIEWED","docs/full-ui-interaction-sweep/screenshots/390/checklists-archive-journal-mode.png"
"390","Чек-листы / сводка смены","3641","0","PASS","","REVIEWED","docs/full-ui-interaction-sweep/screenshots/390/checklists-archive-shift-report.png"
"390","Чек-листы / архивные фильтры","3641","0","PASS","","REVIEWED","docs/full-ui-interaction-sweep/screenshots/390/checklists-archive-filters.png"
"430","Чек-листы / в работе","330","0","PASS","","REVIEWED","docs/full-ui-interaction-sweep/screenshots/430/checklists-work.png"
"430","Чек-листы / доступные","604","0","PASS","","REVIEWED","docs/full-ui-interaction-sweep/screenshots/430/checklists-available.png"
"430","Чек-листы / доступный detail","1331","0","PASS","","REVIEWED","docs/full-ui-interaction-sweep/screenshots/430/checklists-available-detail.png"
"430","Чек-листы / preview доступного","899","0","PASS","","REVIEWED","docs/full-ui-interaction-sweep/screenshots/430/checklists-available-preview.png"
"430","Чек-листы / подтверждение старта","656","0","PASS","","REVIEWED","docs/full-ui-interaction-sweep/screenshots/430/checklists-start-confirm.png"
"430","Чек-листы / библиотека","1015","0","PASS","","REVIEWED","docs/full-ui-interaction-sweep/screenshots/430/checklists-library.png"
"430","Чек-листы / preview библиотеки","1310","0","PASS","","REVIEWED","docs/full-ui-interaction-sweep/screenshots/430/checklists-library-preview.png"
"430","Чек-листы / библиотека expanded","1524","0","PASS","","REVIEWED","docs/full-ui-interaction-sweep/screenshots/430/checklists-library-expanded.png"
"430","Чек-листы / edit builder pristine","3586","0","PASS","","REVIEWED","docs/full-ui-interaction-sweep/screenshots/430/checklists-edit-builder.png"
"430","Чек-листы / локальная копия шаблона","3449","0","PASS","","REVIEWED","docs/full-ui-interaction-sweep/screenshots/430/checklists-template-copy-local.png"
"430","Чек-листы / добавить пункт существующего шаблона","1840","0","PASS","","REVIEWED","docs/full-ui-interaction-sweep/screenshots/430/checklists-template-add-row-local.png"
"430","Чек-листы / редактировать пункт существующего шаблона","1859","0","PASS","","REVIEWED","docs/full-ui-interaction-sweep/screenshots/430/checklists-template-edit-row-local.png"
"430","Чек-листы / подтверждение удаления пункта","1596","0","PASS","","REVIEWED","docs/full-ui-interaction-sweep/screenshots/430/checklists-template-archive-row-confirm.png"
"430","Чек-листы / подтверждение архивации шаблона","1578","0","PASS","","REVIEWED","docs/full-ui-interaction-sweep/screenshots/430/checklists-template-archive-confirm.png"
"430","Чек-листы / архив выбранного шаблона","2785","0","PASS","","REVIEWED","docs/full-ui-interaction-sweep/screenshots/430/checklists-template-archive-journal.png"
"430","Чек-листы / пункт SELECT","1867","0","PASS","","REVIEWED","docs/full-ui-interaction-sweep/screenshots/430/checklists-item-editor-select-draft.png"
"430","Чек-листы / пункт NUMBER","1931","0","PASS","","REVIEWED","docs/full-ui-interaction-sweep/screenshots/430/checklists-item-editor-number-draft.png"
"430","Чек-листы / пункт NUMBER нижние настройки","1931","0","PASS","","REVIEWED","docs/full-ui-interaction-sweep/screenshots/430/checklists-item-editor-number-lower.png"
"430","Чек-листы / локальные строки конструктора","2702","0","PASS","","REVIEWED","docs/full-ui-interaction-sweep/screenshots/430/checklists-builder-row-actions.png"
"430","Чек-листы / локальный builder","2702","0","PASS","","REVIEWED","docs/full-ui-interaction-sweep/screenshots/430/checklists-builder-draft.png"
"430","Чек-листы / builder preview","2079","0","PASS","","REVIEWED","docs/full-ui-interaction-sweep/screenshots/430/checklists-builder-preview.png"
"430","Чек-листы / builder preview второй пункт","2094","0","PASS","","REVIEWED","docs/full-ui-interaction-sweep/screenshots/430/checklists-builder-preview-second.png"
"430","Чек-листы / архив","388","0","PASS","","REVIEWED","docs/full-ui-interaction-sweep/screenshots/430/checklists-archive.png"
"430","Чек-листы / архив таблица","4076","0","PASS","","REVIEWED","docs/full-ui-interaction-sweep/screenshots/430/checklists-archive-table-mode.png"
"430","Чек-листы / архив журнал","2785","0","PASS","","REVIEWED","docs/full-ui-interaction-sweep/screenshots/430/checklists-archive-journal-mode.png"
"430","Чек-листы / сводка смены","3641","0","PASS","","REVIEWED","docs/full-ui-interaction-sweep/screenshots/430/checklists-archive-shift-report.png"
"430","Чек-листы / архивные фильтры","3641","0","PASS","","REVIEWED","docs/full-ui-interaction-sweep/screenshots/430/checklists-archive-filters.png"
"desktop","Смена / текущая","2076","0","PASS","","REVIEWED","docs/full-ui-interaction-sweep/screenshots/desktop/shift-workbench-current.png"
"desktop","Смена / выбор смены","2391","0","PASS","","REVIEWED","docs/full-ui-interaction-sweep/screenshots/desktop/shift-workbench-picker.png"
"desktop","Смена / будущая / выбор линии","1514","0","PASS","","REVIEWED","docs/full-ui-interaction-sweep/screenshots/desktop/shift-workbench-future-line-picker.png"
"desktop","Смена / будущая","1081","0","PASS","","REVIEWED","docs/full-ui-interaction-sweep/screenshots/desktop/shift-workbench-future.png"
"desktop","Смена / люди на смене","2506","0","PASS","","REVIEWED","docs/full-ui-interaction-sweep/screenshots/desktop/shift-workbench-people-filter.png"
"desktop","Смена / ручной поиск","2779","0","PASS","","REVIEWED","docs/full-ui-interaction-sweep/screenshots/desktop/shift-workbench-manual-search.png"
"desktop","Смена / переназначение / куда назначить","2910","0","PASS","","REVIEWED","docs/full-ui-interaction-sweep/screenshots/desktop/shift-workbench-reassignment-target.png"
"desktop","Смена / назначение / куда назначить","2891","0","PASS","","REVIEWED","docs/full-ui-interaction-sweep/screenshots/desktop/shift-workbench-assignment-target.png"
"desktop","Смена / назначение / выбор линии","3156","0","PASS","","REVIEWED","docs/full-ui-interaction-sweep/screenshots/desktop/shift-workbench-assignment-line-picker.png"
"desktop","Смена / назначение / рабочая зона","4070","0","PASS","","REVIEWED","docs/full-ui-interaction-sweep/screenshots/desktop/shift-workbench-assignment-work-area-board.png"
"desktop","Смена / назначение / мойка","2726","0","PASS","","REVIEWED","docs/full-ui-interaction-sweep/screenshots/desktop/shift-workbench-assignment-wash.png"
"desktop","Смена / назначение / домой","2686","0","PASS","","REVIEWED","docs/full-ui-interaction-sweep/screenshots/desktop/shift-workbench-assignment-home-draft.png"
"desktop","Смена / следующая","953","0","PASS","","REVIEWED","docs/full-ui-interaction-sweep/screenshots/desktop/shift-workbench-next.png"
"desktop","Смена / подтвердили","1221","0","PASS","","REVIEWED","docs/full-ui-interaction-sweep/screenshots/desktop/shift-workbench-will-be.png"
"desktop","Смена / будущая / ручной поиск","1430","0","PASS","","REVIEWED","docs/full-ui-interaction-sweep/screenshots/desktop/shift-workbench-future-manual-search.png"
"desktop","Смена / плановые линии","1305","0","PASS","","REVIEWED","docs/full-ui-interaction-sweep/screenshots/desktop/shift-workbench-planned-lines.png"
"desktop","Смена / наёмники","1219","0","PASS","","REVIEWED","docs/full-ui-interaction-sweep/screenshots/desktop/shift-workbench-contractors.png"
"desktop","Смена / следующая / выбор линии","1720","0","PASS","","REVIEWED","docs/full-ui-interaction-sweep/screenshots/desktop/shift-workbench-next-line-picker.png"
"desktop","Смена / прошлые","832","0","PASS","","REVIEWED","docs/full-ui-interaction-sweep/screenshots/desktop/shift-workbench-past.png"
"desktop","Смена / архивный detail","2104","0","PASS","","REVIEWED","docs/full-ui-interaction-sweep/screenshots/desktop/shift-workbench-past-detail.png"
"desktop","Смена / архивный detail / Пересменка","2017","0","PASS","","REVIEWED","docs/full-ui-interaction-sweep/screenshots/desktop/shift-workbench-past-detail-final-tab.png"
"desktop","Смена / текущая восстановлена","2076","0","PASS","","REVIEWED","docs/full-ui-interaction-sweep/screenshots/desktop/shift-workbench-current-restored.png"
"360","Смена / текущая","1848","0","PASS","","REVIEWED","docs/full-ui-interaction-sweep/screenshots/360/shift-workbench-current.png"
"360","Смена / выбор смены","2163","0","PASS","","REVIEWED","docs/full-ui-interaction-sweep/screenshots/360/shift-workbench-picker.png"
"360","Смена / будущая / выбор линии","1286","0","PASS","","REVIEWED","docs/full-ui-interaction-sweep/screenshots/360/shift-workbench-future-line-picker.png"
"360","Смена / будущая","853","0","PASS","","REVIEWED","docs/full-ui-interaction-sweep/screenshots/360/shift-workbench-future.png"
"360","Смена / люди на смене","2278","0","PASS","","REVIEWED","docs/full-ui-interaction-sweep/screenshots/360/shift-workbench-people-filter.png"
"360","Смена / ручной поиск","2551","0","PASS","","REVIEWED","docs/full-ui-interaction-sweep/screenshots/360/shift-workbench-manual-search.png"
"360","Смена / переназначение / куда назначить","2660","0","PASS","","REVIEWED","docs/full-ui-interaction-sweep/screenshots/360/shift-workbench-reassignment-target.png"
"360","Смена / назначение / куда назначить","2641","0","PASS","","REVIEWED","docs/full-ui-interaction-sweep/screenshots/360/shift-workbench-assignment-target.png"
"360","Смена / назначение / выбор линии","2928","0","PASS","","REVIEWED","docs/full-ui-interaction-sweep/screenshots/360/shift-workbench-assignment-line-picker.png"
"360","Смена / назначение / рабочая зона","3842","0","PASS","","REVIEWED","docs/full-ui-interaction-sweep/screenshots/360/shift-workbench-assignment-work-area-board.png"
"360","Смена / назначение / мойка","2498","0","PASS","","REVIEWED","docs/full-ui-interaction-sweep/screenshots/360/shift-workbench-assignment-wash.png"
"360","Смена / назначение / домой","2458","0","PASS","","REVIEWED","docs/full-ui-interaction-sweep/screenshots/360/shift-workbench-assignment-home-draft.png"
"360","Смена / следующая","782","0","PASS","","REVIEWED","docs/full-ui-interaction-sweep/screenshots/360/shift-workbench-next.png"
"360","Смена / подтвердили","993","0","PASS","","REVIEWED","docs/full-ui-interaction-sweep/screenshots/360/shift-workbench-will-be.png"
"360","Смена / будущая / ручной поиск","1202","0","PASS","","REVIEWED","docs/full-ui-interaction-sweep/screenshots/360/shift-workbench-future-manual-search.png"
"360","Смена / плановые линии","1077","0","PASS","","REVIEWED","docs/full-ui-interaction-sweep/screenshots/360/shift-workbench-planned-lines.png"
"360","Смена / наёмники","991","0","PASS","","REVIEWED","docs/full-ui-interaction-sweep/screenshots/360/shift-workbench-contractors.png"
"360","Смена / следующая / выбор линии","1492","0","PASS","","REVIEWED","docs/full-ui-interaction-sweep/screenshots/360/shift-workbench-next-line-picker.png"
"360","Смена / прошлые","604","0","PASS","","REVIEWED","docs/full-ui-interaction-sweep/screenshots/360/shift-workbench-past.png"
"360","Смена / архивный detail","1876","0","PASS","","REVIEWED","docs/full-ui-interaction-sweep/screenshots/360/shift-workbench-past-detail.png"
"360","Смена / архивный detail / Пересменка","1789","0","PASS","","REVIEWED","docs/full-ui-interaction-sweep/screenshots/360/shift-workbench-past-detail-final-tab.png"
"360","Смена / текущая восстановлена","1848","0","PASS","","REVIEWED","docs/full-ui-interaction-sweep/screenshots/360/shift-workbench-current-restored.png"
"390","Смена / текущая","1856","0","PASS","","REVIEWED","docs/full-ui-interaction-sweep/screenshots/390/shift-workbench-current.png"
"390","Смена / выбор смены","2171","0","PASS","","REVIEWED","docs/full-ui-interaction-sweep/screenshots/390/shift-workbench-picker.png"
"390","Смена / будущая / выбор линии","1294","0","PASS","","REVIEWED","docs/full-ui-interaction-sweep/screenshots/390/shift-workbench-future-line-picker.png"
"390","Смена / будущая","861","0","PASS","","REVIEWED","docs/full-ui-interaction-sweep/screenshots/390/shift-workbench-future.png"
"390","Смена / люди на смене","2286","0","PASS","","REVIEWED","docs/full-ui-interaction-sweep/screenshots/390/shift-workbench-people-filter.png"
"390","Смена / ручной поиск","2559","0","PASS","","REVIEWED","docs/full-ui-interaction-sweep/screenshots/390/shift-workbench-manual-search.png"
"390","Смена / переназначение / куда назначить","2690","0","PASS","","REVIEWED","docs/full-ui-interaction-sweep/screenshots/390/shift-workbench-reassignment-target.png"
"390","Смена / назначение / куда назначить","2671","0","PASS","","REVIEWED","docs/full-ui-interaction-sweep/screenshots/390/shift-workbench-assignment-target.png"
"390","Смена / назначение / выбор линии","2936","0","PASS","","REVIEWED","docs/full-ui-interaction-sweep/screenshots/390/shift-workbench-assignment-line-picker.png"
"390","Смена / назначение / рабочая зона","3850","0","PASS","","REVIEWED","docs/full-ui-interaction-sweep/screenshots/390/shift-workbench-assignment-work-area-board.png"
"390","Смена / назначение / мойка","2506","0","PASS","","REVIEWED","docs/full-ui-interaction-sweep/screenshots/390/shift-workbench-assignment-wash.png"
"390","Смена / назначение / домой","2466","0","PASS","","REVIEWED","docs/full-ui-interaction-sweep/screenshots/390/shift-workbench-assignment-home-draft.png"
"390","Смена / следующая","733","0","PASS","","REVIEWED","docs/full-ui-interaction-sweep/screenshots/390/shift-workbench-next.png"
"390","Смена / подтвердили","1001","0","PASS","","REVIEWED","docs/full-ui-interaction-sweep/screenshots/390/shift-workbench-will-be.png"
"390","Смена / будущая / ручной поиск","1210","0","PASS","","REVIEWED","docs/full-ui-interaction-sweep/screenshots/390/shift-workbench-future-manual-search.png"
"390","Смена / плановые линии","1085","0","PASS","","REVIEWED","docs/full-ui-interaction-sweep/screenshots/390/shift-workbench-planned-lines.png"
"390","Смена / наёмники","999","0","PASS","","REVIEWED","docs/full-ui-interaction-sweep/screenshots/390/shift-workbench-contractors.png"
"390","Смена / следующая / выбор линии","1500","0","PASS","","REVIEWED","docs/full-ui-interaction-sweep/screenshots/390/shift-workbench-next-line-picker.png"
"390","Смена / прошлые","612","0","PASS","","REVIEWED","docs/full-ui-interaction-sweep/screenshots/390/shift-workbench-past.png"
"390","Смена / архивный detail","1884","0","PASS","","REVIEWED","docs/full-ui-interaction-sweep/screenshots/390/shift-workbench-past-detail.png"
"390","Смена / архивный detail / Пересменка","1797","0","PASS","","REVIEWED","docs/full-ui-interaction-sweep/screenshots/390/shift-workbench-past-detail-final-tab.png"
"390","Смена / текущая восстановлена","1856","0","PASS","","REVIEWED","docs/full-ui-interaction-sweep/screenshots/390/shift-workbench-current-restored.png"
"430","Смена / текущая","1856","0","PASS","","REVIEWED","docs/full-ui-interaction-sweep/screenshots/430/shift-workbench-current.png"
"430","Смена / выбор смены","2171","0","PASS","","REVIEWED","docs/full-ui-interaction-sweep/screenshots/430/shift-workbench-picker.png"
"430","Смена / будущая / выбор линии","1294","0","PASS","","REVIEWED","docs/full-ui-interaction-sweep/screenshots/430/shift-workbench-future-line-picker.png"
"430","Смена / будущая","861","0","PASS","","REVIEWED","docs/full-ui-interaction-sweep/screenshots/430/shift-workbench-future.png"
"430","Смена / люди на смене","2286","0","PASS","","REVIEWED","docs/full-ui-interaction-sweep/screenshots/430/shift-workbench-people-filter.png"
"430","Смена / ручной поиск","2559","0","PASS","","REVIEWED","docs/full-ui-interaction-sweep/screenshots/430/shift-workbench-manual-search.png"
"430","Смена / переназначение / куда назначить","2690","0","PASS","","REVIEWED","docs/full-ui-interaction-sweep/screenshots/430/shift-workbench-reassignment-target.png"
"430","Смена / назначение / куда назначить","2671","0","PASS","","REVIEWED","docs/full-ui-interaction-sweep/screenshots/430/shift-workbench-assignment-target.png"
"430","Смена / назначение / выбор линии","2936","0","PASS","","REVIEWED","docs/full-ui-interaction-sweep/screenshots/430/shift-workbench-assignment-line-picker.png"
"430","Смена / назначение / рабочая зона","3850","0","PASS","","REVIEWED","docs/full-ui-interaction-sweep/screenshots/430/shift-workbench-assignment-work-area-board.png"
"430","Смена / назначение / мойка","2506","0","PASS","","REVIEWED","docs/full-ui-interaction-sweep/screenshots/430/shift-workbench-assignment-wash.png"
"430","Смена / назначение / домой","2466","0","PASS","","REVIEWED","docs/full-ui-interaction-sweep/screenshots/430/shift-workbench-assignment-home-draft.png"
"430","Смена / следующая","733","0","PASS","","REVIEWED","docs/full-ui-interaction-sweep/screenshots/430/shift-workbench-next.png"
"430","Смена / подтвердили","1001","0","PASS","","REVIEWED","docs/full-ui-interaction-sweep/screenshots/430/shift-workbench-will-be.png"
"430","Смена / будущая / ручной поиск","1210","0","PASS","","REVIEWED","docs/full-ui-interaction-sweep/screenshots/430/shift-workbench-future-manual-search.png"
"430","Смена / плановые линии","1085","0","PASS","","REVIEWED","docs/full-ui-interaction-sweep/screenshots/430/shift-workbench-planned-lines.png"
"430","Смена / наёмники","999","0","PASS","","REVIEWED","docs/full-ui-interaction-sweep/screenshots/430/shift-workbench-contractors.png"
"430","Смена / следующая / выбор линии","1500","0","PASS","","REVIEWED","docs/full-ui-interaction-sweep/screenshots/430/shift-workbench-next-line-picker.png"
"430","Смена / прошлые","612","0","PASS","","REVIEWED","docs/full-ui-interaction-sweep/screenshots/430/shift-workbench-past.png"
"430","Смена / архивный detail","1884","0","PASS","","REVIEWED","docs/full-ui-interaction-sweep/screenshots/430/shift-workbench-past-detail.png"
"430","Смена / архивный detail / Пересменка","1797","0","PASS","","REVIEWED","docs/full-ui-interaction-sweep/screenshots/430/shift-workbench-past-detail-final-tab.png"
"430","Смена / текущая восстановлена","1856","0","PASS","","REVIEWED","docs/full-ui-interaction-sweep/screenshots/430/shift-workbench-current-restored.png"
"desktop","Смена / сотрудник / профиль","2434","0","PASS","","REVIEWED","docs/full-ui-interaction-sweep/screenshots/desktop/shift-attendance-profile-open.png"
"desktop","Смена / сотрудник / профиль обновлён","2434","0","PASS","","REVIEWED","docs/full-ui-interaction-sweep/screenshots/desktop/shift-attendance-profile-refreshed.png"
"360","Смена / сотрудник / профиль","2206","0","PASS","","REVIEWED","docs/full-ui-interaction-sweep/screenshots/360/shift-attendance-profile-open.png"
"360","Смена / сотрудник / профиль обновлён","2206","0","PASS","","REVIEWED","docs/full-ui-interaction-sweep/screenshots/360/shift-attendance-profile-refreshed.png"
"390","Смена / сотрудник / профиль","2214","0","PASS","","REVIEWED","docs/full-ui-interaction-sweep/screenshots/390/shift-attendance-profile-open.png"
"390","Смена / сотрудник / профиль обновлён","2214","0","PASS","","REVIEWED","docs/full-ui-interaction-sweep/screenshots/390/shift-attendance-profile-refreshed.png"
"430","Смена / сотрудник / профиль","2214","0","PASS","","REVIEWED","docs/full-ui-interaction-sweep/screenshots/430/shift-attendance-profile-open.png"
"430","Смена / сотрудник / профиль обновлён","2214","0","PASS","","REVIEWED","docs/full-ui-interaction-sweep/screenshots/430/shift-attendance-profile-refreshed.png"
"desktop","Смена / следующая / сотрудник / профиль","1632","0","PASS","","REVIEWED","docs/full-ui-interaction-sweep/screenshots/desktop/shift-future-worker-profile.png"
"desktop","Смена / следующая / сотрудник / назначение","1871","0","PASS","","REVIEWED","docs/full-ui-interaction-sweep/screenshots/desktop/shift-future-worker-assignment.png"
"desktop","Смена / следующая / не вызывать / черновик","1458","0","PASS","","REVIEWED","docs/full-ui-interaction-sweep/screenshots/desktop/shift-future-not-needed-draft.png"
"desktop","Смена / следующая / не вызывать / результат","1220","0","PASS","","REVIEWED","docs/full-ui-interaction-sweep/screenshots/desktop/shift-future-not-needed-result.png"
"desktop","Смена / следующая / наёмник / профиль","1703","0","PASS","","REVIEWED","docs/full-ui-interaction-sweep/screenshots/desktop/shift-future-contractor-profile.png"
"desktop","Смена / следующая / наёмник / назначение","1896","0","PASS","","REVIEWED","docs/full-ui-interaction-sweep/screenshots/desktop/shift-future-contractor-assignment.png"
"360","Смена / следующая / сотрудник / профиль","1404","0","PASS","","REVIEWED","docs/full-ui-interaction-sweep/screenshots/360/shift-future-worker-profile.png"
"360","Смена / следующая / сотрудник / назначение","1643","0","PASS","","REVIEWED","docs/full-ui-interaction-sweep/screenshots/360/shift-future-worker-assignment.png"
"360","Смена / следующая / не вызывать / черновик","1230","0","PASS","","REVIEWED","docs/full-ui-interaction-sweep/screenshots/360/shift-future-not-needed-draft.png"
"360","Смена / следующая / не вызывать / результат","992","0","PASS","","REVIEWED","docs/full-ui-interaction-sweep/screenshots/360/shift-future-not-needed-result.png"
"360","Смена / следующая / наёмник / профиль","1475","0","PASS","","REVIEWED","docs/full-ui-interaction-sweep/screenshots/360/shift-future-contractor-profile.png"
"360","Смена / следующая / наёмник / назначение","1668","0","PASS","","REVIEWED","docs/full-ui-interaction-sweep/screenshots/360/shift-future-contractor-assignment.png"
"390","Смена / следующая / сотрудник / профиль","1412","0","PASS","","REVIEWED","docs/full-ui-interaction-sweep/screenshots/390/shift-future-worker-profile.png"
"390","Смена / следующая / сотрудник / назначение","1651","0","PASS","","REVIEWED","docs/full-ui-interaction-sweep/screenshots/390/shift-future-worker-assignment.png"
"390","Смена / следующая / не вызывать / черновик","1238","0","PASS","","REVIEWED","docs/full-ui-interaction-sweep/screenshots/390/shift-future-not-needed-draft.png"
"390","Смена / следующая / не вызывать / результат","1000","0","PASS","","REVIEWED","docs/full-ui-interaction-sweep/screenshots/390/shift-future-not-needed-result.png"
"390","Смена / следующая / наёмник / профиль","1483","0","PASS","","REVIEWED","docs/full-ui-interaction-sweep/screenshots/390/shift-future-contractor-profile.png"
"390","Смена / следующая / наёмник / назначение","1676","0","PASS","","REVIEWED","docs/full-ui-interaction-sweep/screenshots/390/shift-future-contractor-assignment.png"
"430","Смена / следующая / сотрудник / профиль","1412","0","PASS","","REVIEWED","docs/full-ui-interaction-sweep/screenshots/430/shift-future-worker-profile.png"
"430","Смена / следующая / сотрудник / назначение","1651","0","PASS","","REVIEWED","docs/full-ui-interaction-sweep/screenshots/430/shift-future-worker-assignment.png"
"430","Смена / следующая / не вызывать / черновик","1238","0","PASS","","REVIEWED","docs/full-ui-interaction-sweep/screenshots/430/shift-future-not-needed-draft.png"
"430","Смена / следующая / не вызывать / результат","1000","0","PASS","","REVIEWED","docs/full-ui-interaction-sweep/screenshots/430/shift-future-not-needed-result.png"
"430","Смена / следующая / наёмник / профиль","1483","0","PASS","","REVIEWED","docs/full-ui-interaction-sweep/screenshots/430/shift-future-contractor-profile.png"
"430","Смена / следующая / наёмник / назначение","1676","0","PASS","","REVIEWED","docs/full-ui-interaction-sweep/screenshots/430/shift-future-contractor-assignment.png"
"desktop","История смен / календарь","404","0","PASS","","REVIEWED","docs/full-ui-interaction-sweep/screenshots/desktop/shift-history-calendar.png"
"desktop","История смен / предыдущий месяц","405","0","PASS","","REVIEWED","docs/full-ui-interaction-sweep/screenshots/desktop/shift-history-previous-month.png"
"desktop","История смен / detail","549","0","PASS","","REVIEWED","docs/full-ui-interaction-sweep/screenshots/desktop/shift-history-detail.png"
"desktop","История смен / detail / нижнее действие","549","0","PASS","","REVIEWED","docs/full-ui-interaction-sweep/screenshots/desktop/shift-history-detail-lower.png"
"360","История смен / календарь","307","0","PASS","","REVIEWED","docs/full-ui-interaction-sweep/screenshots/360/shift-history-calendar.png"
"360","История смен / предыдущий месяц","308","0","PASS","","REVIEWED","docs/full-ui-interaction-sweep/screenshots/360/shift-history-previous-month.png"
"360","История смен / detail","452","0","PASS","","REVIEWED","docs/full-ui-interaction-sweep/screenshots/360/shift-history-detail.png"
"360","История смен / detail / нижнее действие","452","0","PASS","","REVIEWED","docs/full-ui-interaction-sweep/screenshots/360/shift-history-detail-lower.png"
"390","История смен / календарь","315","0","PASS","","REVIEWED","docs/full-ui-interaction-sweep/screenshots/390/shift-history-calendar.png"
"390","История смен / предыдущий месяц","316","0","PASS","","REVIEWED","docs/full-ui-interaction-sweep/screenshots/390/shift-history-previous-month.png"
"390","История смен / detail","460","0","PASS","","REVIEWED","docs/full-ui-interaction-sweep/screenshots/390/shift-history-detail.png"
"390","История смен / detail / нижнее действие","460","0","PASS","","REVIEWED","docs/full-ui-interaction-sweep/screenshots/390/shift-history-detail-lower.png"
"430","История смен / календарь","363","0","PASS","","REVIEWED","docs/full-ui-interaction-sweep/screenshots/430/shift-history-calendar.png"
"430","История смен / предыдущий месяц","316","0","PASS","","REVIEWED","docs/full-ui-interaction-sweep/screenshots/430/shift-history-previous-month.png"
"430","История смен / detail","460","0","PASS","","REVIEWED","docs/full-ui-interaction-sweep/screenshots/430/shift-history-detail.png"
"430","История смен / detail / нижнее действие","460","0","PASS","","REVIEWED","docs/full-ui-interaction-sweep/screenshots/430/shift-history-detail-lower.png"
"desktop","Смена / активные простои","619","0","PASS","","REVIEWED","docs/full-ui-interaction-sweep/screenshots/desktop/shift-current-downtime.png"
"desktop","Смена / заявки требуют внимания","713","0","PASS","","REVIEWED","docs/full-ui-interaction-sweep/screenshots/desktop/shift-current-requests.png"
"desktop","Смена / линия / быстрый простой","2531","0","PASS","","REVIEWED","docs/full-ui-interaction-sweep/screenshots/desktop/shift-current-line-quick-pause-draft.png"
"desktop","Смена / линия / быстрая остановка","2513","0","PASS","","REVIEWED","docs/full-ui-interaction-sweep/screenshots/desktop/shift-current-line-quick-stop-draft.png"
"desktop","Смена / линия / dashboard","2710","0","PASS","","REVIEWED","docs/full-ui-interaction-sweep/screenshots/desktop/shift-current-line-dashboard.png"
"desktop","Смена / линия / активность","2994","0","PASS","","REVIEWED","docs/full-ui-interaction-sweep/screenshots/desktop/shift-current-line-activity.png"
"desktop","Смена / линия / действия с сотрудником","3064","0","PASS","","REVIEWED","docs/full-ui-interaction-sweep/screenshots/desktop/shift-current-line-slot-actions.png"
"desktop","Смена / линия / профиль сотрудника","3062","0","PASS","","REVIEWED","docs/full-ui-interaction-sweep/screenshots/desktop/shift-current-line-slot-profile.png"
"desktop","Смена / линия / выбор сотрудника","3238","0","PASS","","REVIEWED","docs/full-ui-interaction-sweep/screenshots/desktop/shift-current-line-slot-candidate-picker.png"
"desktop","Смена / линия / ручной выбор сотрудника","3447","0","PASS","","REVIEWED","docs/full-ui-interaction-sweep/screenshots/desktop/shift-current-line-slot-manual-search.png"
"desktop","Смена / линия / все действия","3150","0","PASS","","REVIEWED","docs/full-ui-interaction-sweep/screenshots/desktop/shift-current-line-actions.png"
"desktop","Смена / линия / черновик простоя","3158","0","PASS","","REVIEWED","docs/full-ui-interaction-sweep/screenshots/desktop/shift-current-line-downtime-draft.png"
"desktop","Смена / линия / stop-action-draft","3158","0","PASS","","REVIEWED","docs/full-ui-interaction-sweep/screenshots/desktop/shift-current-line-stop-action-draft.png"
"desktop","Смена / линия / urgent-task-draft","2912","0","PASS","","REVIEWED","docs/full-ui-interaction-sweep/screenshots/desktop/shift-current-line-urgent-task-draft.png"
"desktop","Смена / линия / end-shift-draft","2842","0","PASS","","REVIEWED","docs/full-ui-interaction-sweep/screenshots/desktop/shift-current-line-end-shift-draft.png"
"desktop","Смена / линия / статистика раскрыта","2994","0","PASS","","REVIEWED","docs/full-ui-interaction-sweep/screenshots/desktop/shift-current-line-runtime-stats-open.png"
"desktop","Смена / линия / текущее задание","2189","0","PASS","","REVIEWED","docs/full-ui-interaction-sweep/screenshots/desktop/shift-current-line-plan.png"
"desktop","Смена / линия / черновик строки задания","2265","0","PASS","","REVIEWED","docs/full-ui-interaction-sweep/screenshots/desktop/shift-current-line-plan-row-draft.png"
"360","Смена / активные простои","391","0","PASS","","REVIEWED","docs/full-ui-interaction-sweep/screenshots/360/shift-current-downtime.png"
"360","Смена / заявки требуют внимания","485","0","PASS","","REVIEWED","docs/full-ui-interaction-sweep/screenshots/360/shift-current-requests.png"
"360","Смена / линия / быстрый простой","2303","0","PASS","","REVIEWED","docs/full-ui-interaction-sweep/screenshots/360/shift-current-line-quick-pause-draft.png"
"360","Смена / линия / быстрая остановка","2285","0","PASS","","REVIEWED","docs/full-ui-interaction-sweep/screenshots/360/shift-current-line-quick-stop-draft.png"
"360","Смена / линия / dashboard","2452","0","PASS","","REVIEWED","docs/full-ui-interaction-sweep/screenshots/360/shift-current-line-dashboard.png"
"360","Смена / линия / активность","2736","0","PASS","","REVIEWED","docs/full-ui-interaction-sweep/screenshots/360/shift-current-line-activity.png"
"360","Смена / линия / действия с сотрудником","2764","0","PASS","","REVIEWED","docs/full-ui-interaction-sweep/screenshots/360/shift-current-line-slot-actions.png"
"360","Смена / линия / профиль сотрудника","2804","0","PASS","","REVIEWED","docs/full-ui-interaction-sweep/screenshots/360/shift-current-line-slot-profile.png"
"360","Смена / линия / выбор сотрудника","2980","0","PASS","","REVIEWED","docs/full-ui-interaction-sweep/screenshots/360/shift-current-line-slot-candidate-picker.png"
"360","Смена / линия / ручной выбор сотрудника","3189","0","PASS","","REVIEWED","docs/full-ui-interaction-sweep/screenshots/360/shift-current-line-slot-manual-search.png"
"360","Смена / линия / все действия","2892","0","PASS","","REVIEWED","docs/full-ui-interaction-sweep/screenshots/360/shift-current-line-actions.png"
"360","Смена / линия / черновик простоя","2900","0","PASS","","REVIEWED","docs/full-ui-interaction-sweep/screenshots/360/shift-current-line-downtime-draft.png"
"360","Смена / линия / stop-action-draft","2900","0","PASS","","REVIEWED","docs/full-ui-interaction-sweep/screenshots/360/shift-current-line-stop-action-draft.png"
"360","Смена / линия / urgent-task-draft","2654","0","PASS","","REVIEWED","docs/full-ui-interaction-sweep/screenshots/360/shift-current-line-urgent-task-draft.png"
"360","Смена / линия / end-shift-draft","2584","0","PASS","","REVIEWED","docs/full-ui-interaction-sweep/screenshots/360/shift-current-line-end-shift-draft.png"
"360","Смена / линия / статистика раскрыта","2736","0","PASS","","REVIEWED","docs/full-ui-interaction-sweep/screenshots/360/shift-current-line-runtime-stats-open.png"
"360","Смена / линия / текущее задание","1961","0","PASS","","REVIEWED","docs/full-ui-interaction-sweep/screenshots/360/shift-current-line-plan.png"
"360","Смена / линия / черновик строки задания","2037","0","PASS","","REVIEWED","docs/full-ui-interaction-sweep/screenshots/360/shift-current-line-plan-row-draft.png"
"390","Смена / активные простои","399","0","PASS","","REVIEWED","docs/full-ui-interaction-sweep/screenshots/390/shift-current-downtime.png"
"390","Смена / заявки требуют внимания","493","0","PASS","","REVIEWED","docs/full-ui-interaction-sweep/screenshots/390/shift-current-requests.png"
"390","Смена / линия / быстрый простой","2311","0","PASS","","REVIEWED","docs/full-ui-interaction-sweep/screenshots/390/shift-current-line-quick-pause-draft.png"
"390","Смена / линия / быстрая остановка","2293","0","PASS","","REVIEWED","docs/full-ui-interaction-sweep/screenshots/390/shift-current-line-quick-stop-draft.png"
"390","Смена / линия / dashboard","2460","0","PASS","","REVIEWED","docs/full-ui-interaction-sweep/screenshots/390/shift-current-line-dashboard.png"
"390","Смена / линия / активность","2744","0","PASS","","REVIEWED","docs/full-ui-interaction-sweep/screenshots/390/shift-current-line-activity.png"
"390","Смена / линия / действия с сотрудником","2814","0","PASS","","REVIEWED","docs/full-ui-interaction-sweep/screenshots/390/shift-current-line-slot-actions.png"
"390","Смена / линия / профиль сотрудника","2812","0","PASS","","REVIEWED","docs/full-ui-interaction-sweep/screenshots/390/shift-current-line-slot-profile.png"
"390","Смена / линия / выбор сотрудника","2988","0","PASS","","REVIEWED","docs/full-ui-interaction-sweep/screenshots/390/shift-current-line-slot-candidate-picker.png"
"390","Смена / линия / ручной выбор сотрудника","3197","0","PASS","","REVIEWED","docs/full-ui-interaction-sweep/screenshots/390/shift-current-line-slot-manual-search.png"
"390","Смена / линия / все действия","2900","0","PASS","","REVIEWED","docs/full-ui-interaction-sweep/screenshots/390/shift-current-line-actions.png"
"390","Смена / линия / черновик простоя","2908","0","PASS","","REVIEWED","docs/full-ui-interaction-sweep/screenshots/390/shift-current-line-downtime-draft.png"
"390","Смена / линия / stop-action-draft","2908","0","PASS","","REVIEWED","docs/full-ui-interaction-sweep/screenshots/390/shift-current-line-stop-action-draft.png"
"390","Смена / линия / urgent-task-draft","2662","0","PASS","","REVIEWED","docs/full-ui-interaction-sweep/screenshots/390/shift-current-line-urgent-task-draft.png"
"390","Смена / линия / end-shift-draft","2592","0","PASS","","REVIEWED","docs/full-ui-interaction-sweep/screenshots/390/shift-current-line-end-shift-draft.png"
"390","Смена / линия / статистика раскрыта","2744","0","PASS","","REVIEWED","docs/full-ui-interaction-sweep/screenshots/390/shift-current-line-runtime-stats-open.png"
"390","Смена / линия / текущее задание","1969","0","PASS","","REVIEWED","docs/full-ui-interaction-sweep/screenshots/390/shift-current-line-plan.png"
"390","Смена / линия / черновик строки задания","2045","0","PASS","","REVIEWED","docs/full-ui-interaction-sweep/screenshots/390/shift-current-line-plan-row-draft.png"
"430","Смена / активные простои","399","0","PASS","","REVIEWED","docs/full-ui-interaction-sweep/screenshots/430/shift-current-downtime.png"
"430","Смена / заявки требуют внимания","493","0","PASS","","REVIEWED","docs/full-ui-interaction-sweep/screenshots/430/shift-current-requests.png"
"430","Смена / линия / быстрый простой","2311","0","PASS","","REVIEWED","docs/full-ui-interaction-sweep/screenshots/430/shift-current-line-quick-pause-draft.png"
"430","Смена / линия / быстрая остановка","2293","0","PASS","","REVIEWED","docs/full-ui-interaction-sweep/screenshots/430/shift-current-line-quick-stop-draft.png"
"430","Смена / линия / dashboard","2460","0","PASS","","REVIEWED","docs/full-ui-interaction-sweep/screenshots/430/shift-current-line-dashboard.png"
"430","Смена / линия / активность","2744","0","PASS","","REVIEWED","docs/full-ui-interaction-sweep/screenshots/430/shift-current-line-activity.png"
"430","Смена / линия / действия с сотрудником","2814","0","PASS","","REVIEWED","docs/full-ui-interaction-sweep/screenshots/430/shift-current-line-slot-actions.png"
"430","Смена / линия / профиль сотрудника","2812","0","PASS","","REVIEWED","docs/full-ui-interaction-sweep/screenshots/430/shift-current-line-slot-profile.png"
"430","Смена / линия / выбор сотрудника","2988","0","PASS","","REVIEWED","docs/full-ui-interaction-sweep/screenshots/430/shift-current-line-slot-candidate-picker.png"
"430","Смена / линия / ручной выбор сотрудника","3197","0","PASS","","REVIEWED","docs/full-ui-interaction-sweep/screenshots/430/shift-current-line-slot-manual-search.png"
"430","Смена / линия / все действия","2900","0","PASS","","REVIEWED","docs/full-ui-interaction-sweep/screenshots/430/shift-current-line-actions.png"
"430","Смена / линия / черновик простоя","2908","0","PASS","","REVIEWED","docs/full-ui-interaction-sweep/screenshots/430/shift-current-line-downtime-draft.png"
"430","Смена / линия / stop-action-draft","2908","0","PASS","","REVIEWED","docs/full-ui-interaction-sweep/screenshots/430/shift-current-line-stop-action-draft.png"
"430","Смена / линия / urgent-task-draft","2662","0","PASS","","REVIEWED","docs/full-ui-interaction-sweep/screenshots/430/shift-current-line-urgent-task-draft.png"
"430","Смена / линия / end-shift-draft","2592","0","PASS","","REVIEWED","docs/full-ui-interaction-sweep/screenshots/430/shift-current-line-end-shift-draft.png"
"430","Смена / линия / статистика раскрыта","2744","0","PASS","","REVIEWED","docs/full-ui-interaction-sweep/screenshots/430/shift-current-line-runtime-stats-open.png"
"430","Смена / линия / текущее задание","1969","0","PASS","","REVIEWED","docs/full-ui-interaction-sweep/screenshots/430/shift-current-line-plan.png"
"430","Смена / линия / черновик строки задания","2045","0","PASS","","REVIEWED","docs/full-ui-interaction-sweep/screenshots/430/shift-current-line-plan-row-draft.png"
"desktop","Смена / WORKER / линия только для просмотра","802","0","PASS","","REVIEWED","docs/full-ui-interaction-sweep/screenshots/desktop/shift-worker-readonly-line-card.png"
"desktop","Смена / WORKER / история линии только для просмотра","1475","0","PASS","","REVIEWED","docs/full-ui-interaction-sweep/screenshots/desktop/shift-worker-readonly-line-detail.png"
"360","Смена / WORKER / линия только для просмотра","705","0","PASS","","REVIEWED","docs/full-ui-interaction-sweep/screenshots/360/shift-worker-readonly-line-card.png"
"360","Смена / WORKER / история линии только для просмотра","1348","0","PASS","","REVIEWED","docs/full-ui-interaction-sweep/screenshots/360/shift-worker-readonly-line-detail.png"
"390","Смена / WORKER / линия только для просмотра","713","0","PASS","","REVIEWED","docs/full-ui-interaction-sweep/screenshots/390/shift-worker-readonly-line-card.png"
"390","Смена / WORKER / история линии только для просмотра","1356","0","PASS","","REVIEWED","docs/full-ui-interaction-sweep/screenshots/390/shift-worker-readonly-line-detail.png"
"430","Смена / WORKER / линия только для просмотра","713","0","PASS","","REVIEWED","docs/full-ui-interaction-sweep/screenshots/430/shift-worker-readonly-line-card.png"
"430","Смена / WORKER / история линии только для просмотра","1356","0","PASS","","REVIEWED","docs/full-ui-interaction-sweep/screenshots/430/shift-worker-readonly-line-detail.png"
"desktop","Смена / заявки требуют внимания / два типа строки","773","0","PASS","","REVIEWED_AFTER_UI_SWEEP_087","docs/full-ui-interaction-sweep/screenshots/desktop/shift-current-request-navigation-list.png"
"desktop","Заявки / переход из агрегированной строки смены","765","0","PASS","","REVIEWED_OPEN_FINDING_UI_SWEEP_088","docs/full-ui-interaction-sweep/screenshots/desktop/shift-current-request-navigation-aggregate-target.png"
"desktop","Заявки / переход из конкретной строки смены","765","0","PASS","","REVIEWED_OPEN_FINDING_UI_SWEEP_088","docs/full-ui-interaction-sweep/screenshots/desktop/shift-current-request-navigation-exact-target.png"
"360","Смена / заявки требуют внимания / два типа строки","545","0","PASS","","REVIEWED_AFTER_UI_SWEEP_087","docs/full-ui-interaction-sweep/screenshots/360/shift-current-request-navigation-list.png"
"360","Заявки / переход из агрегированной строки смены","482","0","PASS","","REVIEWED_AFTER_UI_SWEEP_087","docs/full-ui-interaction-sweep/screenshots/360/shift-current-request-navigation-aggregate-target.png"
"360","Заявки / переход из конкретной строки смены","482","0","PASS","","REVIEWED_AFTER_UI_SWEEP_087","docs/full-ui-interaction-sweep/screenshots/360/shift-current-request-navigation-exact-target.png"
"390","Смена / заявки требуют внимания / два типа строки","553","0","PASS","","REVIEWED_AFTER_UI_SWEEP_087","docs/full-ui-interaction-sweep/screenshots/390/shift-current-request-navigation-list.png"
"390","Заявки / переход из агрегированной строки смены","490","0","PASS","","REVIEWED_AFTER_UI_SWEEP_087","docs/full-ui-interaction-sweep/screenshots/390/shift-current-request-navigation-aggregate-target.png"
"390","Заявки / переход из конкретной строки смены","490","0","PASS","","REVIEWED_AFTER_UI_SWEEP_087","docs/full-ui-interaction-sweep/screenshots/390/shift-current-request-navigation-exact-target.png"
"430","Смена / заявки требуют внимания / два типа строки","553","0","PASS","","REVIEWED_AFTER_UI_SWEEP_087","docs/full-ui-interaction-sweep/screenshots/430/shift-current-request-navigation-list.png"
"430","Заявки / переход из агрегированной строки смены","490","0","PASS","","REVIEWED_AFTER_UI_SWEEP_087","docs/full-ui-interaction-sweep/screenshots/430/shift-current-request-navigation-aggregate-target.png"
"430","Заявки / переход из конкретной строки смены","490","0","PASS","","REVIEWED_AFTER_UI_SWEEP_087","docs/full-ui-interaction-sweep/screenshots/430/shift-current-request-navigation-exact-target.png"
"desktop","Смена / активный простой","716","0","PASS","","REVIEWED_CURRENT_ISOLATED","docs/full-ui-interaction-sweep/screenshots/desktop/shift-current-downtime-row.png"
"desktop","Смена / активный простой / линия","1023","0","PASS","","REVIEWED_CURRENT_ISOLATED","docs/full-ui-interaction-sweep/screenshots/desktop/shift-current-downtime-detail.png"
"desktop","Смена / вернуть линию в работу / черновик","1011","0","PASS","","REVIEWED_CURRENT_ISOLATED","docs/full-ui-interaction-sweep/screenshots/desktop/shift-current-downtime-return-draft.png"
"desktop","Смена / линия возвращена в работу","1045","0","PASS","","REVIEWED_CURRENT_ISOLATED","docs/full-ui-interaction-sweep/screenshots/desktop/shift-current-downtime-return-result.png"
"360","Смена / активный простой","488","0","PASS","","REVIEWED_CURRENT_ISOLATED","docs/full-ui-interaction-sweep/screenshots/360/shift-current-downtime-row.png"
"360","Смена / активный простой / линия","754","0","PASS","","REVIEWED_CURRENT_ISOLATED","docs/full-ui-interaction-sweep/screenshots/360/shift-current-downtime-detail.png"
"360","Смена / вернуть линию в работу / черновик","783","0","PASS","","REVIEWED_CURRENT_ISOLATED","docs/full-ui-interaction-sweep/screenshots/360/shift-current-downtime-return-draft.png"
"360","Смена / линия возвращена в работу","780","0","PASS","","REVIEWED_CURRENT_ISOLATED","docs/full-ui-interaction-sweep/screenshots/360/shift-current-downtime-return-result.png"
"390","Смена / активный простой","496","0","PASS","","REVIEWED_CURRENT_ISOLATED","docs/full-ui-interaction-sweep/screenshots/390/shift-current-downtime-row.png"
"390","Смена / активный простой / линия","762","0","PASS","","REVIEWED_CURRENT_ISOLATED","docs/full-ui-interaction-sweep/screenshots/390/shift-current-downtime-detail.png"
"390","Смена / вернуть линию в работу / черновик","791","0","PASS","","REVIEWED_CURRENT_ISOLATED","docs/full-ui-interaction-sweep/screenshots/390/shift-current-downtime-return-draft.png"
"390","Смена / линия возвращена в работу","788","0","PASS","","REVIEWED_CURRENT_ISOLATED","docs/full-ui-interaction-sweep/screenshots/390/shift-current-downtime-return-result.png"
"430","Смена / активный простой","496","0","PASS","","REVIEWED_CURRENT_ISOLATED","docs/full-ui-interaction-sweep/screenshots/430/shift-current-downtime-row.png"
"430","Смена / активный простой / линия","762","0","PASS","","REVIEWED_CURRENT_ISOLATED","docs/full-ui-interaction-sweep/screenshots/430/shift-current-downtime-detail.png"
"430","Смена / вернуть линию в работу / черновик","791","0","PASS","","REVIEWED_CURRENT_ISOLATED","docs/full-ui-interaction-sweep/screenshots/430/shift-current-downtime-return-draft.png"
"430","Смена / линия возвращена в работу","788","0","PASS","","REVIEWED_CURRENT_ISOLATED","docs/full-ui-interaction-sweep/screenshots/430/shift-current-downtime-return-result.png"
"desktop","Смена / следующая / пустой план / черновик","1727","0","PASS","","REVIEWED_AFTER_UI_SWEEP_089_090","docs/full-ui-interaction-sweep/screenshots/desktop/shift-future-plan-empty-draft.png"
"desktop","Смена / следующая / плановая линия","1500","0","PASS","","REVIEWED_AFTER_UI_SWEEP_089_090","docs/full-ui-interaction-sweep/screenshots/desktop/shift-future-plan-next-row-board.png"
"desktop","Смена / следующая / панель плановых линий","1776","0","PASS","","REVIEWED_AFTER_UI_SWEEP_089_090","docs/full-ui-interaction-sweep/screenshots/desktop/shift-future-plan-panel-board.png"
"desktop","Смена / будущая / плановая линия","1861","0","PASS","","REVIEWED_AFTER_UI_SWEEP_089_090","docs/full-ui-interaction-sweep/screenshots/desktop/shift-future-plan-future-row-board.png"
"360","Смена / следующая / пустой план / черновик","1499","0","PASS","","REVIEWED_AFTER_UI_SWEEP_089_090","docs/full-ui-interaction-sweep/screenshots/360/shift-future-plan-empty-draft.png"
"360","Смена / следующая / плановая линия","1272","0","PASS","","REVIEWED_AFTER_UI_SWEEP_089_090","docs/full-ui-interaction-sweep/screenshots/360/shift-future-plan-next-row-board.png"
"360","Смена / следующая / панель плановых линий","1548","0","PASS","","REVIEWED_AFTER_UI_SWEEP_089_090","docs/full-ui-interaction-sweep/screenshots/360/shift-future-plan-panel-board.png"
"360","Смена / будущая / плановая линия","1633","0","PASS","","REVIEWED_AFTER_UI_SWEEP_089_090","docs/full-ui-interaction-sweep/screenshots/360/shift-future-plan-future-row-board.png"
"390","Смена / следующая / пустой план / черновик","1507","0","PASS","","REVIEWED_AFTER_UI_SWEEP_089_090","docs/full-ui-interaction-sweep/screenshots/390/shift-future-plan-empty-draft.png"
"390","Смена / следующая / плановая линия","1280","0","PASS","","REVIEWED_AFTER_UI_SWEEP_089_090","docs/full-ui-interaction-sweep/screenshots/390/shift-future-plan-next-row-board.png"
"390","Смена / следующая / панель плановых линий","1556","0","PASS","","REVIEWED_AFTER_UI_SWEEP_089_090","docs/full-ui-interaction-sweep/screenshots/390/shift-future-plan-panel-board.png"
"390","Смена / будущая / плановая линия","1641","0","PASS","","REVIEWED_AFTER_UI_SWEEP_089_090","docs/full-ui-interaction-sweep/screenshots/390/shift-future-plan-future-row-board.png"
"430","Смена / следующая / пустой план / черновик","1507","0","PASS","","REVIEWED_AFTER_UI_SWEEP_089_090","docs/full-ui-interaction-sweep/screenshots/430/shift-future-plan-empty-draft.png"
"430","Смена / следующая / плановая линия","1280","0","PASS","","REVIEWED_AFTER_UI_SWEEP_089_090","docs/full-ui-interaction-sweep/screenshots/430/shift-future-plan-next-row-board.png"
"430","Смена / следующая / панель плановых линий","1556","0","PASS","","REVIEWED_AFTER_UI_SWEEP_089_090","docs/full-ui-interaction-sweep/screenshots/430/shift-future-plan-panel-board.png"
"430","Смена / будущая / плановая линия","1641","0","PASS","","REVIEWED_AFTER_UI_SWEEP_089_090","docs/full-ui-interaction-sweep/screenshots/430/shift-future-plan-future-row-board.png"
"desktop","Смена / сотрудник / запрос возврата / draft","778","0","PASS","","REVIEWED_AFTER_UI_SWEEP_091","docs/full-ui-interaction-sweep/screenshots/desktop/shift-worker-return-request-draft.png"
"desktop","Смена / сотрудник / Я буду / draft","770","0","PASS","","REVIEWED_AFTER_UI_SWEEP_091","docs/full-ui-interaction-sweep/screenshots/desktop/shift-worker-will-be-draft.png"
"desktop","Смена / сотрудник / Я буду / saved","807","0","PASS","","REVIEWED_AFTER_UI_SWEEP_091","docs/full-ui-interaction-sweep/screenshots/desktop/shift-worker-will-be-saved.png"
"desktop","Смена / сотрудник / Я буду / cancelled","804","0","PASS","","REVIEWED_AFTER_UI_SWEEP_091","docs/full-ui-interaction-sweep/screenshots/desktop/shift-worker-will-be-cancelled.png"
"360","Смена / сотрудник / запрос возврата / draft","681","0","PASS","","REVIEWED_AFTER_UI_SWEEP_091","docs/full-ui-interaction-sweep/screenshots/360/shift-worker-return-request-draft.png"
"360","Смена / сотрудник / Я буду / draft","673","0","PASS","","REVIEWED_AFTER_UI_SWEEP_091","docs/full-ui-interaction-sweep/screenshots/360/shift-worker-will-be-draft.png"
"360","Смена / сотрудник / Я буду / saved","710","0","PASS","","REVIEWED_AFTER_UI_SWEEP_091","docs/full-ui-interaction-sweep/screenshots/360/shift-worker-will-be-saved.png"
"360","Смена / сотрудник / Я буду / cancelled","707","0","PASS","","REVIEWED_AFTER_UI_SWEEP_091","docs/full-ui-interaction-sweep/screenshots/360/shift-worker-will-be-cancelled.png"
"390","Смена / сотрудник / запрос возврата / draft","689","0","PASS","","REVIEWED_AFTER_UI_SWEEP_091","docs/full-ui-interaction-sweep/screenshots/390/shift-worker-return-request-draft.png"
"390","Смена / сотрудник / Я буду / draft","681","0","PASS","","REVIEWED_AFTER_UI_SWEEP_091","docs/full-ui-interaction-sweep/screenshots/390/shift-worker-will-be-draft.png"
"390","Смена / сотрудник / Я буду / saved","718","0","PASS","","REVIEWED_AFTER_UI_SWEEP_091","docs/full-ui-interaction-sweep/screenshots/390/shift-worker-will-be-saved.png"
"390","Смена / сотрудник / Я буду / cancelled","715","0","PASS","","REVIEWED_AFTER_UI_SWEEP_091","docs/full-ui-interaction-sweep/screenshots/390/shift-worker-will-be-cancelled.png"
"430","Смена / сотрудник / запрос возврата / draft","689","0","PASS","","REVIEWED_AFTER_UI_SWEEP_091","docs/full-ui-interaction-sweep/screenshots/430/shift-worker-return-request-draft.png"
"430","Смена / сотрудник / Я буду / draft","681","0","PASS","","REVIEWED_AFTER_UI_SWEEP_091","docs/full-ui-interaction-sweep/screenshots/430/shift-worker-will-be-draft.png"
"430","Смена / сотрудник / Я буду / saved","718","0","PASS","","REVIEWED_AFTER_UI_SWEEP_091","docs/full-ui-interaction-sweep/screenshots/430/shift-worker-will-be-saved.png"
"430","Смена / сотрудник / Я буду / cancelled","715","0","PASS","","REVIEWED_AFTER_UI_SWEEP_091","docs/full-ui-interaction-sweep/screenshots/430/shift-worker-will-be-cancelled.png"
"desktop","Смена / старший подрядчика / факт прибытия","869","0","PASS","","REVIEWED_AFTER_UI_SWEEP_092","docs/full-ui-interaction-sweep/screenshots/desktop/shift-contractor-lead-arrived.png"
"desktop","Смена / старший подрядчика / факт отсутствия","880","0","PASS","","REVIEWED_AFTER_UI_SWEEP_092","docs/full-ui-interaction-sweep/screenshots/desktop/shift-contractor-lead-absent.png"
"desktop","Смена / старший подрядчика / замена","884","0","PASS","","REVIEWED_AFTER_UI_SWEEP_092","docs/full-ui-interaction-sweep/screenshots/desktop/shift-contractor-lead-replacement.png"
"desktop","Смена / старший подрядчика / план выбран","894","0","PASS","","REVIEWED_AFTER_UI_SWEEP_092","docs/full-ui-interaction-sweep/screenshots/desktop/shift-contractor-lead-plan-selected.png"
"desktop","Смена / старший подрядчика / план сохранён","919","0","PASS","","REVIEWED_AFTER_UI_SWEEP_092","docs/full-ui-interaction-sweep/screenshots/desktop/shift-contractor-lead-plan-saved.png"
"360","Смена / старший подрядчика / факт прибытия","819","0","PASS","","REVIEWED_AFTER_UI_SWEEP_092","docs/full-ui-interaction-sweep/screenshots/360/shift-contractor-lead-arrived.png"
"360","Смена / старший подрядчика / факт отсутствия","830","0","PASS","","REVIEWED_AFTER_UI_SWEEP_092","docs/full-ui-interaction-sweep/screenshots/360/shift-contractor-lead-absent.png"
"360","Смена / старший подрядчика / замена","834","0","PASS","","REVIEWED_AFTER_UI_SWEEP_092","docs/full-ui-interaction-sweep/screenshots/360/shift-contractor-lead-replacement.png"
"360","Смена / старший подрядчика / план выбран","844","0","PASS","","REVIEWED_AFTER_UI_SWEEP_092","docs/full-ui-interaction-sweep/screenshots/360/shift-contractor-lead-plan-selected.png"
"360","Смена / старший подрядчика / план сохранён","869","0","PASS","","REVIEWED_AFTER_UI_SWEEP_092","docs/full-ui-interaction-sweep/screenshots/360/shift-contractor-lead-plan-saved.png"
"390","Смена / старший подрядчика / факт прибытия","827","0","PASS","","REVIEWED_AFTER_UI_SWEEP_092","docs/full-ui-interaction-sweep/screenshots/390/shift-contractor-lead-arrived.png"
"390","Смена / старший подрядчика / факт отсутствия","838","0","PASS","","REVIEWED_AFTER_UI_SWEEP_092","docs/full-ui-interaction-sweep/screenshots/390/shift-contractor-lead-absent.png"
"390","Смена / старший подрядчика / замена","842","0","PASS","","REVIEWED_AFTER_UI_SWEEP_092","docs/full-ui-interaction-sweep/screenshots/390/shift-contractor-lead-replacement.png"
"390","Смена / старший подрядчика / план выбран","852","0","PASS","","REVIEWED_AFTER_UI_SWEEP_092","docs/full-ui-interaction-sweep/screenshots/390/shift-contractor-lead-plan-selected.png"
"390","Смена / старший подрядчика / план сохранён","877","0","PASS","","REVIEWED_AFTER_UI_SWEEP_092","docs/full-ui-interaction-sweep/screenshots/390/shift-contractor-lead-plan-saved.png"
"430","Смена / старший подрядчика / факт прибытия","827","0","PASS","","REVIEWED_AFTER_UI_SWEEP_092","docs/full-ui-interaction-sweep/screenshots/430/shift-contractor-lead-arrived.png"
"430","Смена / старший подрядчика / факт отсутствия","838","0","PASS","","REVIEWED_AFTER_UI_SWEEP_092","docs/full-ui-interaction-sweep/screenshots/430/shift-contractor-lead-absent.png"
"430","Смена / старший подрядчика / замена","842","0","PASS","","REVIEWED_AFTER_UI_SWEEP_092","docs/full-ui-interaction-sweep/screenshots/430/shift-contractor-lead-replacement.png"
"430","Смена / старший подрядчика / план выбран","852","0","PASS","","REVIEWED_AFTER_UI_SWEEP_092","docs/full-ui-interaction-sweep/screenshots/430/shift-contractor-lead-plan-selected.png"
"430","Смена / старший подрядчика / план сохранён","877","0","PASS","","REVIEWED_AFTER_UI_SWEEP_092","docs/full-ui-interaction-sweep/screenshots/430/shift-contractor-lead-plan-saved.png"
"desktop","Смена / линия / свободные слоты","2454","0","PASS","","REVIEWED_CURRENT_ISOLATED","docs/full-ui-interaction-sweep/screenshots/desktop/shift-current-slot-assignment-initial.png"
"desktop","Смена / линия / выбор свободного сотрудника","2635","0","PASS","","REVIEWED_CURRENT_ISOLATED","docs/full-ui-interaction-sweep/screenshots/desktop/shift-current-slot-assignment-picker.png"
"desktop","Смена / линия / свободный сотрудник назначен","2525","0","PASS","","REVIEWED_CURRENT_ISOLATED","docs/full-ui-interaction-sweep/screenshots/desktop/shift-current-slot-assignment-free-result.png"
"desktop","Смена / линия / подтверждение перестановки","2820","0","PASS","","REVIEWED_CURRENT_ISOLATED","docs/full-ui-interaction-sweep/screenshots/desktop/shift-current-slot-assignment-move-confirm.png"
"desktop","Смена / линия / перестановка выполнена","2523","0","PASS","","REVIEWED_CURRENT_ISOLATED","docs/full-ui-interaction-sweep/screenshots/desktop/shift-current-slot-assignment-move-result.png"
"desktop","Смена / линия / потребность черновик","2762","0","PASS","","REVIEWED_CURRENT_ISOLATED","docs/full-ui-interaction-sweep/screenshots/desktop/shift-current-slot-requirement-draft.png"
"desktop","Смена / линия / потребность сохранена","2587","0","PASS","","REVIEWED_CURRENT_ISOLATED","docs/full-ui-interaction-sweep/screenshots/desktop/shift-current-slot-requirement-result.png"
"360","Смена / линия / свободные слоты","2196","0","PASS","","REVIEWED_CURRENT_ISOLATED","docs/full-ui-interaction-sweep/screenshots/360/shift-current-slot-assignment-initial.png"
"360","Смена / линия / выбор свободного сотрудника","2377","0","PASS","","REVIEWED_CURRENT_ISOLATED","docs/full-ui-interaction-sweep/screenshots/360/shift-current-slot-assignment-picker.png"
"360","Смена / линия / свободный сотрудник назначен","2267","0","PASS","","REVIEWED_CURRENT_ISOLATED","docs/full-ui-interaction-sweep/screenshots/360/shift-current-slot-assignment-free-result.png"
"360","Смена / линия / подтверждение перестановки","2562","0","PASS","","REVIEWED_CURRENT_ISOLATED","docs/full-ui-interaction-sweep/screenshots/360/shift-current-slot-assignment-move-confirm.png"
"360","Смена / линия / перестановка выполнена","2265","0","PASS","","REVIEWED_CURRENT_ISOLATED","docs/full-ui-interaction-sweep/screenshots/360/shift-current-slot-assignment-move-result.png"
"360","Смена / линия / потребность черновик","2504","0","PASS","","REVIEWED_CURRENT_ISOLATED","docs/full-ui-interaction-sweep/screenshots/360/shift-current-slot-requirement-draft.png"
"360","Смена / линия / потребность сохранена","2329","0","PASS","","REVIEWED_CURRENT_ISOLATED","docs/full-ui-interaction-sweep/screenshots/360/shift-current-slot-requirement-result.png"
"390","Смена / линия / свободные слоты","2204","0","PASS","","REVIEWED_CURRENT_ISOLATED","docs/full-ui-interaction-sweep/screenshots/390/shift-current-slot-assignment-initial.png"
"390","Смена / линия / выбор свободного сотрудника","2385","0","PASS","","REVIEWED_CURRENT_ISOLATED","docs/full-ui-interaction-sweep/screenshots/390/shift-current-slot-assignment-picker.png"
"390","Смена / линия / свободный сотрудник назначен","2275","0","PASS","","REVIEWED_CURRENT_ISOLATED","docs/full-ui-interaction-sweep/screenshots/390/shift-current-slot-assignment-free-result.png"
"390","Смена / линия / подтверждение перестановки","2570","0","PASS","","REVIEWED_CURRENT_ISOLATED","docs/full-ui-interaction-sweep/screenshots/390/shift-current-slot-assignment-move-confirm.png"
"390","Смена / линия / перестановка выполнена","2273","0","PASS","","REVIEWED_CURRENT_ISOLATED","docs/full-ui-interaction-sweep/screenshots/390/shift-current-slot-assignment-move-result.png"
"390","Смена / линия / потребность черновик","2512","0","PASS","","REVIEWED_CURRENT_ISOLATED","docs/full-ui-interaction-sweep/screenshots/390/shift-current-slot-requirement-draft.png"
"390","Смена / линия / потребность сохранена","2337","0","PASS","","REVIEWED_CURRENT_ISOLATED","docs/full-ui-interaction-sweep/screenshots/390/shift-current-slot-requirement-result.png"
"430","Смена / линия / свободные слоты","2204","0","PASS","","REVIEWED_CURRENT_ISOLATED","docs/full-ui-interaction-sweep/screenshots/430/shift-current-slot-assignment-initial.png"
"430","Смена / линия / выбор свободного сотрудника","2385","0","PASS","","REVIEWED_CURRENT_ISOLATED","docs/full-ui-interaction-sweep/screenshots/430/shift-current-slot-assignment-picker.png"
"430","Смена / линия / свободный сотрудник назначен","2275","0","PASS","","REVIEWED_CURRENT_ISOLATED","docs/full-ui-interaction-sweep/screenshots/430/shift-current-slot-assignment-free-result.png"
"430","Смена / линия / подтверждение перестановки","2570","0","PASS","","REVIEWED_CURRENT_ISOLATED","docs/full-ui-interaction-sweep/screenshots/430/shift-current-slot-assignment-move-confirm.png"
"430","Смена / линия / перестановка выполнена","2273","0","PASS","","REVIEWED_CURRENT_ISOLATED","docs/full-ui-interaction-sweep/screenshots/430/shift-current-slot-assignment-move-result.png"
"430","Смена / линия / потребность черновик","2512","0","PASS","","REVIEWED_CURRENT_ISOLATED","docs/full-ui-interaction-sweep/screenshots/430/shift-current-slot-requirement-draft.png"
"430","Смена / линия / потребность сохранена","2337","0","PASS","","REVIEWED_CURRENT_ISOLATED","docs/full-ui-interaction-sweep/screenshots/430/shift-current-slot-requirement-result.png"
"desktop","Смена / рабочая зона / свободные слоты","2400","0","PASS","","REVIEWED_CURRENT_ISOLATED","docs/full-ui-interaction-sweep/screenshots/desktop/shift-current-work-area-initial.png"
"desktop","Смена / рабочая зона / выбор сотрудника","2581","0","PASS","","REVIEWED_CURRENT_ISOLATED","docs/full-ui-interaction-sweep/screenshots/desktop/shift-current-work-area-picker.png"
"desktop","Смена / рабочая зона / сотрудник назначен","2447","0","PASS","","REVIEWED_CURRENT_ISOLATED","docs/full-ui-interaction-sweep/screenshots/desktop/shift-current-work-area-free-result.png"
"desktop","Смена / рабочая зона / подтверждение перестановки","2754","0","PASS","","REVIEWED_CURRENT_ISOLATED","docs/full-ui-interaction-sweep/screenshots/desktop/shift-current-work-area-move-confirm.png"
"desktop","Смена / рабочая зона / перестановка выполнена","2435","0","PASS","","REVIEWED_CURRENT_ISOLATED","docs/full-ui-interaction-sweep/screenshots/desktop/shift-current-work-area-move-result.png"
"desktop","Смена / рабочая зона / действия сотрудника","2798","0","PASS","","REVIEWED_CURRENT_ISOLATED","docs/full-ui-interaction-sweep/screenshots/desktop/shift-current-work-area-actions.png"
"desktop","Смена / рабочая зона / потребность черновик","2673","0","PASS","","REVIEWED_CURRENT_ISOLATED","docs/full-ui-interaction-sweep/screenshots/desktop/shift-current-work-area-requirement-draft.png"
"desktop","Смена / рабочая зона / потребность сохранена","2499","0","PASS","","REVIEWED_CURRENT_ISOLATED","docs/full-ui-interaction-sweep/screenshots/desktop/shift-current-work-area-requirement-result.png"
"360","Смена / рабочая зона / свободные слоты","2172","0","PASS","","REVIEWED_CURRENT_ISOLATED","docs/full-ui-interaction-sweep/screenshots/360/shift-current-work-area-initial.png"
"360","Смена / рабочая зона / выбор сотрудника","2353","0","PASS","","REVIEWED_CURRENT_ISOLATED","docs/full-ui-interaction-sweep/screenshots/360/shift-current-work-area-picker.png"
"360","Смена / рабочая зона / сотрудник назначен","2219","0","PASS","","REVIEWED_CURRENT_ISOLATED","docs/full-ui-interaction-sweep/screenshots/360/shift-current-work-area-free-result.png"
"360","Смена / рабочая зона / подтверждение перестановки","2526","0","PASS","","REVIEWED_CURRENT_ISOLATED","docs/full-ui-interaction-sweep/screenshots/360/shift-current-work-area-move-confirm.png"
"360","Смена / рабочая зона / перестановка выполнена","2207","0","PASS","","REVIEWED_CURRENT_ISOLATED","docs/full-ui-interaction-sweep/screenshots/360/shift-current-work-area-move-result.png"
"360","Смена / рабочая зона / действия сотрудника","2528","0","PASS","","REVIEWED_CURRENT_ISOLATED","docs/full-ui-interaction-sweep/screenshots/360/shift-current-work-area-actions.png"
"360","Смена / рабочая зона / потребность черновик","2445","0","PASS","","REVIEWED_CURRENT_ISOLATED","docs/full-ui-interaction-sweep/screenshots/360/shift-current-work-area-requirement-draft.png"
"360","Смена / рабочая зона / потребность сохранена","2271","0","PASS","","REVIEWED_CURRENT_ISOLATED","docs/full-ui-interaction-sweep/screenshots/360/shift-current-work-area-requirement-result.png"
"390","Смена / рабочая зона / свободные слоты","2180","0","PASS","","REVIEWED_CURRENT_ISOLATED","docs/full-ui-interaction-sweep/screenshots/390/shift-current-work-area-initial.png"
"390","Смена / рабочая зона / выбор сотрудника","2361","0","PASS","","REVIEWED_CURRENT_ISOLATED","docs/full-ui-interaction-sweep/screenshots/390/shift-current-work-area-picker.png"
"390","Смена / рабочая зона / сотрудник назначен","2227","0","PASS","","REVIEWED_CURRENT_ISOLATED","docs/full-ui-interaction-sweep/screenshots/390/shift-current-work-area-free-result.png"
"390","Смена / рабочая зона / подтверждение перестановки","2534","0","PASS","","REVIEWED_CURRENT_ISOLATED","docs/full-ui-interaction-sweep/screenshots/390/shift-current-work-area-move-confirm.png"
"390","Смена / рабочая зона / перестановка выполнена","2215","0","PASS","","REVIEWED_CURRENT_ISOLATED","docs/full-ui-interaction-sweep/screenshots/390/shift-current-work-area-move-result.png"
"390","Смена / рабочая зона / действия сотрудника","2578","0","PASS","","REVIEWED_CURRENT_ISOLATED","docs/full-ui-interaction-sweep/screenshots/390/shift-current-work-area-actions.png"
"390","Смена / рабочая зона / потребность черновик","2453","0","PASS","","REVIEWED_CURRENT_ISOLATED","docs/full-ui-interaction-sweep/screenshots/390/shift-current-work-area-requirement-draft.png"
"390","Смена / рабочая зона / потребность сохранена","2279","0","PASS","","REVIEWED_CURRENT_ISOLATED","docs/full-ui-interaction-sweep/screenshots/390/shift-current-work-area-requirement-result.png"
"430","Смена / рабочая зона / свободные слоты","2180","0","PASS","","REVIEWED_CURRENT_ISOLATED","docs/full-ui-interaction-sweep/screenshots/430/shift-current-work-area-initial.png"
"430","Смена / рабочая зона / выбор сотрудника","2361","0","PASS","","REVIEWED_CURRENT_ISOLATED","docs/full-ui-interaction-sweep/screenshots/430/shift-current-work-area-picker.png"
"430","Смена / рабочая зона / сотрудник назначен","2227","0","PASS","","REVIEWED_CURRENT_ISOLATED","docs/full-ui-interaction-sweep/screenshots/430/shift-current-work-area-free-result.png"
"430","Смена / рабочая зона / подтверждение перестановки","2534","0","PASS","","REVIEWED_CURRENT_ISOLATED","docs/full-ui-interaction-sweep/screenshots/430/shift-current-work-area-move-confirm.png"
"430","Смена / рабочая зона / перестановка выполнена","2215","0","PASS","","REVIEWED_CURRENT_ISOLATED","docs/full-ui-interaction-sweep/screenshots/430/shift-current-work-area-move-result.png"
"430","Смена / рабочая зона / действия сотрудника","2578","0","PASS","","REVIEWED_CURRENT_ISOLATED","docs/full-ui-interaction-sweep/screenshots/430/shift-current-work-area-actions.png"
"430","Смена / рабочая зона / потребность черновик","2453","0","PASS","","REVIEWED_CURRENT_ISOLATED","docs/full-ui-interaction-sweep/screenshots/430/shift-current-work-area-requirement-draft.png"
"430","Смена / рабочая зона / потребность сохранена","2279","0","PASS","","REVIEWED_CURRENT_ISOLATED","docs/full-ui-interaction-sweep/screenshots/430/shift-current-work-area-requirement-result.png"
"desktop","Смена / будущая / назначение / линия","1891","0","PASS","","REVIEWED_AFTER_UI_SWEEP_093","docs/full-ui-interaction-sweep/screenshots/desktop/shift-future-nonline-line-board.png"
"desktop","Смена / будущая / назначение / мойка","2255","0","PASS","","REVIEWED_AFTER_UI_SWEEP_093","docs/full-ui-interaction-sweep/screenshots/desktop/shift-future-nonline-wash-result.png"
"desktop","Смена / будущая / назначение / подтверждение","2453","0","PASS","","REVIEWED_AFTER_UI_SWEEP_093","docs/full-ui-interaction-sweep/screenshots/desktop/shift-future-nonline-confirm.png"
"desktop","Смена / будущая / назначение / рабочая зона","2426","0","PASS","","REVIEWED_AFTER_UI_SWEEP_093","docs/full-ui-interaction-sweep/screenshots/desktop/shift-future-nonline-workarea-result.png"
"desktop","Смена / будущая / назначение / освобождение","2160","0","PASS","","REVIEWED_AFTER_UI_SWEEP_093","docs/full-ui-interaction-sweep/screenshots/desktop/shift-future-nonline-release-result.png"
"desktop","Смена / будущая / назначение / профиль","2568","0","PASS","","REVIEWED_AFTER_UI_SWEEP_093","docs/full-ui-interaction-sweep/screenshots/desktop/shift-future-nonline-profile.png"
"desktop","Смена / будущая / назначение / замена","2371","0","PASS","","REVIEWED_AFTER_UI_SWEEP_093","docs/full-ui-interaction-sweep/screenshots/desktop/shift-future-nonline-replace-result.png"
"desktop","Смена / будущая / назначение / свободный слот","2371","0","PASS","","REVIEWED_AFTER_UI_SWEEP_093","docs/full-ui-interaction-sweep/screenshots/desktop/shift-future-nonline-free-result.png"
"360","Смена / будущая / назначение / линия","1663","0","PASS","","REVIEWED_AFTER_UI_SWEEP_093","docs/full-ui-interaction-sweep/screenshots/360/shift-future-nonline-line-board.png"
"360","Смена / будущая / назначение / мойка","2027","0","PASS","","REVIEWED_AFTER_UI_SWEEP_093","docs/full-ui-interaction-sweep/screenshots/360/shift-future-nonline-wash-result.png"
"360","Смена / будущая / назначение / подтверждение","2225","0","PASS","","REVIEWED_AFTER_UI_SWEEP_093","docs/full-ui-interaction-sweep/screenshots/360/shift-future-nonline-confirm.png"
"360","Смена / будущая / назначение / рабочая зона","2198","0","PASS","","REVIEWED_AFTER_UI_SWEEP_093","docs/full-ui-interaction-sweep/screenshots/360/shift-future-nonline-workarea-result.png"
"360","Смена / будущая / назначение / освобождение","1932","0","PASS","","REVIEWED_AFTER_UI_SWEEP_093","docs/full-ui-interaction-sweep/screenshots/360/shift-future-nonline-release-result.png"
"360","Смена / будущая / назначение / профиль","2340","0","PASS","","REVIEWED_AFTER_UI_SWEEP_093","docs/full-ui-interaction-sweep/screenshots/360/shift-future-nonline-profile.png"
"360","Смена / будущая / назначение / замена","2143","0","PASS","","REVIEWED_AFTER_UI_SWEEP_093","docs/full-ui-interaction-sweep/screenshots/360/shift-future-nonline-replace-result.png"
"360","Смена / будущая / назначение / свободный слот","2143","0","PASS","","REVIEWED_AFTER_UI_SWEEP_093","docs/full-ui-interaction-sweep/screenshots/360/shift-future-nonline-free-result.png"
"390","Смена / будущая / назначение / линия","1671","0","PASS","","REVIEWED_AFTER_UI_SWEEP_093","docs/full-ui-interaction-sweep/screenshots/390/shift-future-nonline-line-board.png"
"390","Смена / будущая / назначение / мойка","2035","0","PASS","","REVIEWED_AFTER_UI_SWEEP_093","docs/full-ui-interaction-sweep/screenshots/390/shift-future-nonline-wash-result.png"
"390","Смена / будущая / назначение / подтверждение","2233","0","PASS","","REVIEWED_AFTER_UI_SWEEP_093","docs/full-ui-interaction-sweep/screenshots/390/shift-future-nonline-confirm.png"
"390","Смена / будущая / назначение / рабочая зона","2206","0","PASS","","REVIEWED_AFTER_UI_SWEEP_093","docs/full-ui-interaction-sweep/screenshots/390/shift-future-nonline-workarea-result.png"
"390","Смена / будущая / назначение / освобождение","1940","0","PASS","","REVIEWED_AFTER_UI_SWEEP_093","docs/full-ui-interaction-sweep/screenshots/390/shift-future-nonline-release-result.png"
"390","Смена / будущая / назначение / профиль","2348","0","PASS","","REVIEWED_AFTER_UI_SWEEP_093","docs/full-ui-interaction-sweep/screenshots/390/shift-future-nonline-profile.png"
"390","Смена / будущая / назначение / замена","2151","0","PASS","","REVIEWED_AFTER_UI_SWEEP_093","docs/full-ui-interaction-sweep/screenshots/390/shift-future-nonline-replace-result.png"
"390","Смена / будущая / назначение / свободный слот","2151","0","PASS","","REVIEWED_AFTER_UI_SWEEP_093","docs/full-ui-interaction-sweep/screenshots/390/shift-future-nonline-free-result.png"
"430","Смена / будущая / назначение / линия","1671","0","PASS","","REVIEWED_AFTER_UI_SWEEP_093","docs/full-ui-interaction-sweep/screenshots/430/shift-future-nonline-line-board.png"
"430","Смена / будущая / назначение / мойка","2035","0","PASS","","REVIEWED_AFTER_UI_SWEEP_093","docs/full-ui-interaction-sweep/screenshots/430/shift-future-nonline-wash-result.png"
"430","Смена / будущая / назначение / подтверждение","2233","0","PASS","","REVIEWED_AFTER_UI_SWEEP_093","docs/full-ui-interaction-sweep/screenshots/430/shift-future-nonline-confirm.png"
"430","Смена / будущая / назначение / рабочая зона","2206","0","PASS","","REVIEWED_AFTER_UI_SWEEP_093","docs/full-ui-interaction-sweep/screenshots/430/shift-future-nonline-workarea-result.png"
"430","Смена / будущая / назначение / освобождение","1940","0","PASS","","REVIEWED_AFTER_UI_SWEEP_093","docs/full-ui-interaction-sweep/screenshots/430/shift-future-nonline-release-result.png"
"430","Смена / будущая / назначение / профиль","2348","0","PASS","","REVIEWED_AFTER_UI_SWEEP_093","docs/full-ui-interaction-sweep/screenshots/430/shift-future-nonline-profile.png"
"430","Смена / будущая / назначение / замена","2151","0","PASS","","REVIEWED_AFTER_UI_SWEEP_093","docs/full-ui-interaction-sweep/screenshots/430/shift-future-nonline-replace-result.png"
"430","Смена / будущая / назначение / свободный слот","2151","0","PASS","","REVIEWED_AFTER_UI_SWEEP_093","docs/full-ui-interaction-sweep/screenshots/430/shift-future-nonline-free-result.png"
"desktop","Смена / запуск линии / выбор","1287","0","PASS","","REVIEWED_AFTER_UI_SWEEP_094","docs/full-ui-interaction-sweep/screenshots/desktop/shift-current-start-line-picker.png"
"desktop","Смена / запуск остановленной линии / черновик","1338","0","PASS","","REVIEWED_AFTER_UI_SWEEP_094","docs/full-ui-interaction-sweep/screenshots/desktop/shift-current-start-stopped-line-draft.png"
"desktop","Смена / запуск неактивной линии / черновик","1220","0","PASS","","REVIEWED_AFTER_UI_SWEEP_094","docs/full-ui-interaction-sweep/screenshots/desktop/shift-current-start-inactive-line-draft.png"
"desktop","Смена / запуск линии / восстановленный экран","1049","0","PASS","","REVIEWED_AFTER_UI_SWEEP_094","docs/full-ui-interaction-sweep/screenshots/desktop/shift-current-start-line-restored.png"
"360","Смена / запуск линии / выбор","1059","0","PASS","","REVIEWED_AFTER_UI_SWEEP_094","docs/full-ui-interaction-sweep/screenshots/360/shift-current-start-line-picker.png"
"360","Смена / запуск остановленной линии / черновик","1110","0","PASS","","REVIEWED_AFTER_UI_SWEEP_094","docs/full-ui-interaction-sweep/screenshots/360/shift-current-start-stopped-line-draft.png"
"360","Смена / запуск неактивной линии / черновик","992","0","PASS","","REVIEWED_AFTER_UI_SWEEP_094","docs/full-ui-interaction-sweep/screenshots/360/shift-current-start-inactive-line-draft.png"
"360","Смена / запуск линии / восстановленный экран","821","0","PASS","","REVIEWED_AFTER_UI_SWEEP_094","docs/full-ui-interaction-sweep/screenshots/360/shift-current-start-line-restored.png"
"390","Смена / запуск линии / выбор","1067","0","PASS","","REVIEWED_AFTER_UI_SWEEP_094","docs/full-ui-interaction-sweep/screenshots/390/shift-current-start-line-picker.png"
"390","Смена / запуск остановленной линии / черновик","1118","0","PASS","","REVIEWED_AFTER_UI_SWEEP_094","docs/full-ui-interaction-sweep/screenshots/390/shift-current-start-stopped-line-draft.png"
"390","Смена / запуск неактивной линии / черновик","1000","0","PASS","","REVIEWED_AFTER_UI_SWEEP_094","docs/full-ui-interaction-sweep/screenshots/390/shift-current-start-inactive-line-draft.png"
"390","Смена / запуск линии / восстановленный экран","829","0","PASS","","REVIEWED_AFTER_UI_SWEEP_094","docs/full-ui-interaction-sweep/screenshots/390/shift-current-start-line-restored.png"
"430","Смена / запуск линии / выбор","1067","0","PASS","","REVIEWED_AFTER_UI_SWEEP_094","docs/full-ui-interaction-sweep/screenshots/430/shift-current-start-line-picker.png"
"430","Смена / запуск остановленной линии / черновик","1118","0","PASS","","REVIEWED_AFTER_UI_SWEEP_094","docs/full-ui-interaction-sweep/screenshots/430/shift-current-start-stopped-line-draft.png"
"430","Смена / запуск неактивной линии / черновик","1000","0","PASS","","REVIEWED_AFTER_UI_SWEEP_094","docs/full-ui-interaction-sweep/screenshots/430/shift-current-start-inactive-line-draft.png"
"430","Смена / запуск линии / восстановленный экран","829","0","PASS","","REVIEWED_AFTER_UI_SWEEP_094","docs/full-ui-interaction-sweep/screenshots/430/shift-current-start-line-restored.png"
"desktop","Смена / назначение / работающая линия","1768","0","PASS","","REVIEWED_AFTER_UI_SWEEP_095_UI_SWEEP_096","docs/full-ui-interaction-sweep/screenshots/desktop/shift-current-person-target-working-line.png"
"desktop","Смена / назначение / выбор рабочей зоны","1737","0","PASS","","REVIEWED_AFTER_UI_SWEEP_095_UI_SWEEP_096","docs/full-ui-interaction-sweep/screenshots/desktop/shift-current-person-target-work-area-picker.png"
"desktop","Смена / назначение / рабочая зона","1821","0","PASS","","REVIEWED_AFTER_UI_SWEEP_095_UI_SWEEP_096","docs/full-ui-interaction-sweep/screenshots/desktop/shift-current-person-target-work-area-board.png"
"desktop","Смена / назначение / восстановленный экран","1071","0","PASS","","REVIEWED_AFTER_UI_SWEEP_095_UI_SWEEP_096","docs/full-ui-interaction-sweep/screenshots/desktop/shift-current-person-target-restored.png"
"360","Смена / назначение / работающая линия","1540","0","PASS","","REVIEWED_AFTER_UI_SWEEP_095_UI_SWEEP_096","docs/full-ui-interaction-sweep/screenshots/360/shift-current-person-target-working-line.png"
"360","Смена / назначение / выбор рабочей зоны","1509","0","PASS","","REVIEWED_AFTER_UI_SWEEP_095_UI_SWEEP_096","docs/full-ui-interaction-sweep/screenshots/360/shift-current-person-target-work-area-picker.png"
"360","Смена / назначение / рабочая зона","1593","0","PASS","","REVIEWED_AFTER_UI_SWEEP_095_UI_SWEEP_096","docs/full-ui-interaction-sweep/screenshots/360/shift-current-person-target-work-area-board.png"
"360","Смена / назначение / восстановленный экран","843","0","PASS","","REVIEWED_AFTER_UI_SWEEP_095_UI_SWEEP_096","docs/full-ui-interaction-sweep/screenshots/360/shift-current-person-target-restored.png"
"390","Смена / назначение / работающая линия","1548","0","PASS","","REVIEWED_AFTER_UI_SWEEP_095_UI_SWEEP_096","docs/full-ui-interaction-sweep/screenshots/390/shift-current-person-target-working-line.png"
"390","Смена / назначение / выбор рабочей зоны","1517","0","PASS","","REVIEWED_AFTER_UI_SWEEP_095_UI_SWEEP_096","docs/full-ui-interaction-sweep/screenshots/390/shift-current-person-target-work-area-picker.png"
"390","Смена / назначение / рабочая зона","1601","0","PASS","","REVIEWED_AFTER_UI_SWEEP_095_UI_SWEEP_096","docs/full-ui-interaction-sweep/screenshots/390/shift-current-person-target-work-area-board.png"
"390","Смена / назначение / восстановленный экран","851","0","PASS","","REVIEWED_AFTER_UI_SWEEP_095_UI_SWEEP_096","docs/full-ui-interaction-sweep/screenshots/390/shift-current-person-target-restored.png"
"430","Смена / назначение / работающая линия","1548","0","PASS","","REVIEWED_AFTER_UI_SWEEP_095_UI_SWEEP_096","docs/full-ui-interaction-sweep/screenshots/430/shift-current-person-target-working-line.png"
"430","Смена / назначение / выбор рабочей зоны","1517","0","PASS","","REVIEWED_AFTER_UI_SWEEP_095_UI_SWEEP_096","docs/full-ui-interaction-sweep/screenshots/430/shift-current-person-target-work-area-picker.png"
"430","Смена / назначение / рабочая зона","1601","0","PASS","","REVIEWED_AFTER_UI_SWEEP_095_UI_SWEEP_096","docs/full-ui-interaction-sweep/screenshots/430/shift-current-person-target-work-area-board.png"
"430","Смена / назначение / восстановленный экран","851","0","PASS","","REVIEWED_AFTER_UI_SWEEP_095_UI_SWEEP_096","docs/full-ui-interaction-sweep/screenshots/430/shift-current-person-target-restored.png"
"desktop","Смена / занятый слот / переназначение","1263","0","PASS","","REVIEWED_CURRENT_ISOLATED","docs/full-ui-interaction-sweep/screenshots/desktop/shift-current-occupied-slot-reassign-target.png"
"desktop","Смена / занятый слот / домой / черновик","1063","0","PASS","","REVIEWED_CURRENT_ISOLATED","docs/full-ui-interaction-sweep/screenshots/desktop/shift-current-occupied-slot-home-draft.png"
"desktop","Смена / занятый слот / домой / результат","1008","0","PASS","","REVIEWED_CURRENT_ISOLATED","docs/full-ui-interaction-sweep/screenshots/desktop/shift-current-occupied-slot-home-result.png"
"desktop","Смена / занятый слот / освобождён","1530","0","PASS","","REVIEWED_CURRENT_ISOLATED","docs/full-ui-interaction-sweep/screenshots/desktop/shift-current-occupied-slot-release-result.png"
"desktop","Смена / занятый слот / освобождён / низ списка","1530","0","PASS","","REVIEWED_CURRENT_ISOLATED","docs/full-ui-interaction-sweep/screenshots/desktop/shift-current-occupied-slot-release-bottom.png"
"360","Смена / занятый слот / переназначение","1013","0","PASS","","REVIEWED_CURRENT_ISOLATED","docs/full-ui-interaction-sweep/screenshots/360/shift-current-occupied-slot-reassign-target.png"
"360","Смена / занятый слот / домой / черновик","835","0","PASS","","REVIEWED_CURRENT_ISOLATED","docs/full-ui-interaction-sweep/screenshots/360/shift-current-occupied-slot-home-draft.png"
"360","Смена / занятый слот / домой / результат","780","0","PASS","","REVIEWED_CURRENT_ISOLATED","docs/full-ui-interaction-sweep/screenshots/360/shift-current-occupied-slot-home-result.png"
"360","Смена / занятый слот / освобождён","1302","0","PASS","","REVIEWED_CURRENT_ISOLATED","docs/full-ui-interaction-sweep/screenshots/360/shift-current-occupied-slot-release-result.png"
"360","Смена / занятый слот / освобождён / низ списка","1302","0","PASS","","REVIEWED_CURRENT_ISOLATED","docs/full-ui-interaction-sweep/screenshots/360/shift-current-occupied-slot-release-bottom.png"
"390","Смена / занятый слот / переназначение","1043","0","PASS","","REVIEWED_CURRENT_ISOLATED","docs/full-ui-interaction-sweep/screenshots/390/shift-current-occupied-slot-reassign-target.png"
"390","Смена / занятый слот / домой / черновик","843","0","PASS","","REVIEWED_CURRENT_ISOLATED","docs/full-ui-interaction-sweep/screenshots/390/shift-current-occupied-slot-home-draft.png"
"390","Смена / занятый слот / домой / результат","788","0","PASS","","REVIEWED_CURRENT_ISOLATED","docs/full-ui-interaction-sweep/screenshots/390/shift-current-occupied-slot-home-result.png"
"390","Смена / занятый слот / освобождён","1310","0","PASS","","REVIEWED_CURRENT_ISOLATED","docs/full-ui-interaction-sweep/screenshots/390/shift-current-occupied-slot-release-result.png"
"390","Смена / занятый слот / освобождён / низ списка","1310","0","PASS","","REVIEWED_CURRENT_ISOLATED","docs/full-ui-interaction-sweep/screenshots/390/shift-current-occupied-slot-release-bottom.png"
"430","Смена / занятый слот / переназначение","1043","0","PASS","","REVIEWED_CURRENT_ISOLATED","docs/full-ui-interaction-sweep/screenshots/430/shift-current-occupied-slot-reassign-target.png"
"430","Смена / занятый слот / домой / черновик","843","0","PASS","","REVIEWED_CURRENT_ISOLATED","docs/full-ui-interaction-sweep/screenshots/430/shift-current-occupied-slot-home-draft.png"
"430","Смена / занятый слот / домой / результат","788","0","PASS","","REVIEWED_CURRENT_ISOLATED","docs/full-ui-interaction-sweep/screenshots/430/shift-current-occupied-slot-home-result.png"
"430","Смена / занятый слот / освобождён","1310","0","PASS","","REVIEWED_CURRENT_ISOLATED","docs/full-ui-interaction-sweep/screenshots/430/shift-current-occupied-slot-release-result.png"
"430","Смена / занятый слот / освобождён / низ списка","1310","0","PASS","","REVIEWED_CURRENT_ISOLATED","docs/full-ui-interaction-sweep/screenshots/430/shift-current-occupied-slot-release-bottom.png"
"desktop","Смена / линия / состояние мойки","1265","0","PASS","","REVIEWED_CURRENT_ISOLATED","docs/full-ui-interaction-sweep/screenshots/desktop/shift-current-line-state-wash-direct.png"
"desktop","Смена / линия / состояние оттайки","1269","0","PASS","","REVIEWED_CURRENT_ISOLATED","docs/full-ui-interaction-sweep/screenshots/desktop/shift-current-line-state-defrost-direct.png"
"desktop","Смена / линия / остановлена / возврат","1556","0","PASS","","REVIEWED_CURRENT_ISOLATED","docs/full-ui-interaction-sweep/screenshots/desktop/shift-current-line-state-stopped-return-draft.png"
"desktop","Смена / линия / работает / простой","1720","0","PASS","","REVIEWED_CURRENT_ISOLATED","docs/full-ui-interaction-sweep/screenshots/desktop/shift-current-line-state-running-pause-draft.png"
"desktop","Смена / линия / dashboard / план","1396","0","PASS","","REVIEWED_CURRENT_ISOLATED","docs/full-ui-interaction-sweep/screenshots/desktop/shift-current-line-state-plan.png"
"360","Смена / линия / состояние мойки","1000","0","PASS","","REVIEWED_CURRENT_ISOLATED","docs/full-ui-interaction-sweep/screenshots/360/shift-current-line-state-wash-direct.png"
"360","Смена / линия / состояние оттайки","1004","0","PASS","","REVIEWED_CURRENT_ISOLATED","docs/full-ui-interaction-sweep/screenshots/360/shift-current-line-state-defrost-direct.png"
"360","Смена / линия / остановлена / возврат","1291","0","PASS","","REVIEWED_CURRENT_ISOLATED","docs/full-ui-interaction-sweep/screenshots/360/shift-current-line-state-stopped-return-draft.png"
"360","Смена / линия / работает / простой","1455","0","PASS","","REVIEWED_CURRENT_ISOLATED","docs/full-ui-interaction-sweep/screenshots/360/shift-current-line-state-running-pause-draft.png"
"360","Смена / линия / dashboard / план","1131","0","PASS","","REVIEWED_CURRENT_ISOLATED","docs/full-ui-interaction-sweep/screenshots/360/shift-current-line-state-plan.png"
"390","Смена / линия / состояние мойки","1008","0","PASS","","REVIEWED_CURRENT_ISOLATED","docs/full-ui-interaction-sweep/screenshots/390/shift-current-line-state-wash-direct.png"
"390","Смена / линия / состояние оттайки","1012","0","PASS","","REVIEWED_CURRENT_ISOLATED","docs/full-ui-interaction-sweep/screenshots/390/shift-current-line-state-defrost-direct.png"
"390","Смена / линия / остановлена / возврат","1299","0","PASS","","REVIEWED_CURRENT_ISOLATED","docs/full-ui-interaction-sweep/screenshots/390/shift-current-line-state-stopped-return-draft.png"
"390","Смена / линия / работает / простой","1463","0","PASS","","REVIEWED_CURRENT_ISOLATED","docs/full-ui-interaction-sweep/screenshots/390/shift-current-line-state-running-pause-draft.png"
"390","Смена / линия / dashboard / план","1139","0","PASS","","REVIEWED_CURRENT_ISOLATED","docs/full-ui-interaction-sweep/screenshots/390/shift-current-line-state-plan.png"
"430","Смена / линия / состояние мойки","1008","0","PASS","","REVIEWED_CURRENT_ISOLATED","docs/full-ui-interaction-sweep/screenshots/430/shift-current-line-state-wash-direct.png"
"430","Смена / линия / состояние оттайки","1012","0","PASS","","REVIEWED_CURRENT_ISOLATED","docs/full-ui-interaction-sweep/screenshots/430/shift-current-line-state-defrost-direct.png"
"430","Смена / линия / остановлена / возврат","1299","0","PASS","","REVIEWED_CURRENT_ISOLATED","docs/full-ui-interaction-sweep/screenshots/430/shift-current-line-state-stopped-return-draft.png"
"430","Смена / линия / работает / простой","1463","0","PASS","","REVIEWED_CURRENT_ISOLATED","docs/full-ui-interaction-sweep/screenshots/430/shift-current-line-state-running-pause-draft.png"
"430","Смена / линия / dashboard / план","1139","0","PASS","","REVIEWED_CURRENT_ISOLATED","docs/full-ui-interaction-sweep/screenshots/430/shift-current-line-state-plan.png"
"desktop","Смена / будущий план / линия","1819","0","PASS","","REVIEWED_AFTER_UI_SWEEP_097_UI_SWEEP_098","docs/full-ui-interaction-sweep/screenshots/desktop/shift-future-board-open.png"
"desktop","Смена / будущий план / текущее задание","1955","0","PASS","","REVIEWED_AFTER_UI_SWEEP_097_UI_SWEEP_098","docs/full-ui-interaction-sweep/screenshots/desktop/shift-future-board-assignment-detail.png"
"desktop","Смена / будущий план / профиль слота","2225","0","PASS","","REVIEWED_AFTER_UI_SWEEP_097_UI_SWEEP_098","docs/full-ui-interaction-sweep/screenshots/desktop/shift-future-board-occupied-profile.png"
"desktop","Смена / будущий план / ручной поиск","2019","0","PASS","","REVIEWED_AFTER_UI_SWEEP_097_UI_SWEEP_098","docs/full-ui-interaction-sweep/screenshots/desktop/shift-future-board-manual-search.png"
"desktop","Смена / будущий план / предпросмотр шаблона","2086","0","PASS","","REVIEWED_AFTER_UI_SWEEP_097_UI_SWEEP_098","docs/full-ui-interaction-sweep/screenshots/desktop/shift-future-board-template-preview.png"
"desktop","Смена / будущий план / шаблон применён","1843","0","PASS","","REVIEWED_AFTER_UI_SWEEP_097_UI_SWEEP_098","docs/full-ui-interaction-sweep/screenshots/desktop/shift-future-board-template-applied.png"
"desktop","Смена / будущий план / профиль назначенного","2245","0","PASS","","REVIEWED_AFTER_UI_SWEEP_097_UI_SWEEP_098","docs/full-ui-interaction-sweep/screenshots/desktop/shift-future-board-planned-profile.png"
"desktop","Смена / будущий план / подтверждение замены","2035","0","PASS","","REVIEWED_AFTER_UI_SWEEP_097_UI_SWEEP_098","docs/full-ui-interaction-sweep/screenshots/desktop/shift-future-board-replace-confirm.png"
"desktop","Смена / будущий план / результат замены","1859","0","PASS","","REVIEWED_AFTER_UI_SWEEP_097_UI_SWEEP_098","docs/full-ui-interaction-sweep/screenshots/desktop/shift-future-board-replace-result.png"
"desktop","Смена / будущий план / слот освобождён","1766","0","PASS","","REVIEWED_AFTER_UI_SWEEP_097_UI_SWEEP_098","docs/full-ui-interaction-sweep/screenshots/desktop/shift-future-board-release-result.png"
"desktop","Смена / будущий план / профиль кандидата","2152","0","PASS","","REVIEWED_AFTER_UI_SWEEP_097_UI_SWEEP_098","docs/full-ui-interaction-sweep/screenshots/desktop/shift-future-board-free-profile.png"
"desktop","Смена / будущий план / свободный слот назначен","1859","0","PASS","","REVIEWED_AFTER_UI_SWEEP_097_UI_SWEEP_098","docs/full-ui-interaction-sweep/screenshots/desktop/shift-future-board-free-result.png"
"360","Смена / будущий план / линия","1591","0","PASS","","REVIEWED_AFTER_UI_SWEEP_097_UI_SWEEP_098","docs/full-ui-interaction-sweep/screenshots/360/shift-future-board-open.png"
"360","Смена / будущий план / текущее задание","1727","0","PASS","","REVIEWED_AFTER_UI_SWEEP_097_UI_SWEEP_098","docs/full-ui-interaction-sweep/screenshots/360/shift-future-board-assignment-detail.png"
"360","Смена / будущий план / профиль слота","1997","0","PASS","","REVIEWED_AFTER_UI_SWEEP_097_UI_SWEEP_098","docs/full-ui-interaction-sweep/screenshots/360/shift-future-board-occupied-profile.png"
"360","Смена / будущий план / ручной поиск","1791","0","PASS","","REVIEWED_AFTER_UI_SWEEP_097_UI_SWEEP_098","docs/full-ui-interaction-sweep/screenshots/360/shift-future-board-manual-search.png"
"360","Смена / будущий план / предпросмотр шаблона","1858","0","PASS","","REVIEWED_AFTER_UI_SWEEP_097_UI_SWEEP_098","docs/full-ui-interaction-sweep/screenshots/360/shift-future-board-template-preview.png"
"360","Смена / будущий план / шаблон применён","1615","0","PASS","","REVIEWED_AFTER_UI_SWEEP_097_UI_SWEEP_098","docs/full-ui-interaction-sweep/screenshots/360/shift-future-board-template-applied.png"
"360","Смена / будущий план / профиль назначенного","2017","0","PASS","","REVIEWED_AFTER_UI_SWEEP_097_UI_SWEEP_098","docs/full-ui-interaction-sweep/screenshots/360/shift-future-board-planned-profile.png"
"360","Смена / будущий план / подтверждение замены","1807","0","PASS","","REVIEWED_AFTER_UI_SWEEP_097_UI_SWEEP_098","docs/full-ui-interaction-sweep/screenshots/360/shift-future-board-replace-confirm.png"
"360","Смена / будущий план / результат замены","1631","0","PASS","","REVIEWED_AFTER_UI_SWEEP_097_UI_SWEEP_098","docs/full-ui-interaction-sweep/screenshots/360/shift-future-board-replace-result.png"
"360","Смена / будущий план / слот освобождён","1538","0","PASS","","REVIEWED_AFTER_UI_SWEEP_097_UI_SWEEP_098","docs/full-ui-interaction-sweep/screenshots/360/shift-future-board-release-result.png"
"360","Смена / будущий план / профиль кандидата","1924","0","PASS","","REVIEWED_AFTER_UI_SWEEP_097_UI_SWEEP_098","docs/full-ui-interaction-sweep/screenshots/360/shift-future-board-free-profile.png"
"360","Смена / будущий план / свободный слот назначен","1631","0","PASS","","REVIEWED_AFTER_UI_SWEEP_097_UI_SWEEP_098","docs/full-ui-interaction-sweep/screenshots/360/shift-future-board-free-result.png"
"390","Смена / будущий план / линия","1599","0","PASS","","REVIEWED_AFTER_UI_SWEEP_097_UI_SWEEP_098","docs/full-ui-interaction-sweep/screenshots/390/shift-future-board-open.png"
"390","Смена / будущий план / текущее задание","1735","0","PASS","","REVIEWED_AFTER_UI_SWEEP_097_UI_SWEEP_098","docs/full-ui-interaction-sweep/screenshots/390/shift-future-board-assignment-detail.png"
"390","Смена / будущий план / профиль слота","2005","0","PASS","","REVIEWED_AFTER_UI_SWEEP_097_UI_SWEEP_098","docs/full-ui-interaction-sweep/screenshots/390/shift-future-board-occupied-profile.png"
"390","Смена / будущий план / ручной поиск","1799","0","PASS","","REVIEWED_AFTER_UI_SWEEP_097_UI_SWEEP_098","docs/full-ui-interaction-sweep/screenshots/390/shift-future-board-manual-search.png"
"390","Смена / будущий план / предпросмотр шаблона","1866","0","PASS","","REVIEWED_AFTER_UI_SWEEP_097_UI_SWEEP_098","docs/full-ui-interaction-sweep/screenshots/390/shift-future-board-template-preview.png"
"390","Смена / будущий план / шаблон применён","1623","0","PASS","","REVIEWED_AFTER_UI_SWEEP_097_UI_SWEEP_098","docs/full-ui-interaction-sweep/screenshots/390/shift-future-board-template-applied.png"
"390","Смена / будущий план / профиль назначенного","2025","0","PASS","","REVIEWED_AFTER_UI_SWEEP_097_UI_SWEEP_098","docs/full-ui-interaction-sweep/screenshots/390/shift-future-board-planned-profile.png"
"390","Смена / будущий план / подтверждение замены","1815","0","PASS","","REVIEWED_AFTER_UI_SWEEP_097_UI_SWEEP_098","docs/full-ui-interaction-sweep/screenshots/390/shift-future-board-replace-confirm.png"
"390","Смена / будущий план / результат замены","1639","0","PASS","","REVIEWED_AFTER_UI_SWEEP_097_UI_SWEEP_098","docs/full-ui-interaction-sweep/screenshots/390/shift-future-board-replace-result.png"
"390","Смена / будущий план / слот освобождён","1546","0","PASS","","REVIEWED_AFTER_UI_SWEEP_097_UI_SWEEP_098","docs/full-ui-interaction-sweep/screenshots/390/shift-future-board-release-result.png"
"390","Смена / будущий план / профиль кандидата","1932","0","PASS","","REVIEWED_AFTER_UI_SWEEP_097_UI_SWEEP_098","docs/full-ui-interaction-sweep/screenshots/390/shift-future-board-free-profile.png"
"390","Смена / будущий план / свободный слот назначен","1639","0","PASS","","REVIEWED_AFTER_UI_SWEEP_097_UI_SWEEP_098","docs/full-ui-interaction-sweep/screenshots/390/shift-future-board-free-result.png"
"430","Смена / будущий план / линия","1599","0","PASS","","REVIEWED_AFTER_UI_SWEEP_097_UI_SWEEP_098","docs/full-ui-interaction-sweep/screenshots/430/shift-future-board-open.png"
"430","Смена / будущий план / текущее задание","1735","0","PASS","","REVIEWED_AFTER_UI_SWEEP_097_UI_SWEEP_098","docs/full-ui-interaction-sweep/screenshots/430/shift-future-board-assignment-detail.png"
"430","Смена / будущий план / профиль слота","2005","0","PASS","","REVIEWED_AFTER_UI_SWEEP_097_UI_SWEEP_098","docs/full-ui-interaction-sweep/screenshots/430/shift-future-board-occupied-profile.png"
"430","Смена / будущий план / ручной поиск","1799","0","PASS","","REVIEWED_AFTER_UI_SWEEP_097_UI_SWEEP_098","docs/full-ui-interaction-sweep/screenshots/430/shift-future-board-manual-search.png"
"430","Смена / будущий план / предпросмотр шаблона","1866","0","PASS","","REVIEWED_AFTER_UI_SWEEP_097_UI_SWEEP_098","docs/full-ui-interaction-sweep/screenshots/430/shift-future-board-template-preview.png"
"430","Смена / будущий план / шаблон применён","1623","0","PASS","","REVIEWED_AFTER_UI_SWEEP_097_UI_SWEEP_098","docs/full-ui-interaction-sweep/screenshots/430/shift-future-board-template-applied.png"
"430","Смена / будущий план / профиль назначенного","2025","0","PASS","","REVIEWED_AFTER_UI_SWEEP_097_UI_SWEEP_098","docs/full-ui-interaction-sweep/screenshots/430/shift-future-board-planned-profile.png"
"430","Смена / будущий план / подтверждение замены","1815","0","PASS","","REVIEWED_AFTER_UI_SWEEP_097_UI_SWEEP_098","docs/full-ui-interaction-sweep/screenshots/430/shift-future-board-replace-confirm.png"
"430","Смена / будущий план / результат замены","1639","0","PASS","","REVIEWED_AFTER_UI_SWEEP_097_UI_SWEEP_098","docs/full-ui-interaction-sweep/screenshots/430/shift-future-board-replace-result.png"
"430","Смена / будущий план / слот освобождён","1546","0","PASS","","REVIEWED_AFTER_UI_SWEEP_097_UI_SWEEP_098","docs/full-ui-interaction-sweep/screenshots/430/shift-future-board-release-result.png"
"430","Смена / будущий план / профиль кандидата","1932","0","PASS","","REVIEWED_AFTER_UI_SWEEP_097_UI_SWEEP_098","docs/full-ui-interaction-sweep/screenshots/430/shift-future-board-free-profile.png"
"430","Смена / будущий план / свободный слот назначен","1639","0","PASS","","REVIEWED_AFTER_UI_SWEEP_097_UI_SWEEP_098","docs/full-ui-interaction-sweep/screenshots/430/shift-future-board-free-result.png"
"desktop","Смена / текущая линия / предпросмотр шаблона","1765","0","PASS","","REVIEWED_AFTER_UI_SWEEP_099","docs/full-ui-interaction-sweep/screenshots/desktop/shift-current-line-template-preview.png"
"desktop","Смена / текущая линия / уточнение простоя","1731","0","PASS","","REVIEWED_AFTER_UI_SWEEP_099","docs/full-ui-interaction-sweep/screenshots/desktop/shift-current-line-correction-draft.png"
"desktop","Смена / текущая линия / простой уточнён","1533","0","PASS","","REVIEWED_AFTER_UI_SWEEP_099","docs/full-ui-interaction-sweep/screenshots/desktop/shift-current-line-correction-saved.png"
"desktop","Смена / текущее задание / редактирование","1783","0","PASS","","REVIEWED_AFTER_UI_SWEEP_099","docs/full-ui-interaction-sweep/screenshots/desktop/shift-current-assignment-edit-draft.png"
"desktop","Смена / текущее задание / строка сохранена","1716","0","PASS","","REVIEWED_AFTER_UI_SWEEP_099","docs/full-ui-interaction-sweep/screenshots/desktop/shift-current-assignment-edit-saved.png"
"desktop","Смена / текущее задание / удаление","1874","0","PASS","","REVIEWED_AFTER_UI_SWEEP_099","docs/full-ui-interaction-sweep/screenshots/desktop/shift-current-assignment-delete-draft.png"
"desktop","Смена / текущее задание / строка удалена","1671","0","PASS","","REVIEWED_AFTER_UI_SWEEP_099","docs/full-ui-interaction-sweep/screenshots/desktop/shift-current-assignment-delete-result.png"
"desktop","Смена / линия / заявка из простоя","1860","0","PASS","","REVIEWED_AFTER_UI_SWEEP_099","docs/full-ui-interaction-sweep/screenshots/desktop/shift-current-line-downtime-task-draft.png"
"desktop","Смена / линия / начать мойку","1664","0","PASS","","REVIEWED_AFTER_UI_SWEEP_099","docs/full-ui-interaction-sweep/screenshots/desktop/shift-current-line-wash-draft.png"
"360","Смена / текущая линия / предпросмотр шаблона","1503","0","PASS","","REVIEWED_AFTER_UI_SWEEP_099","docs/full-ui-interaction-sweep/screenshots/360/shift-current-line-template-preview.png"
"360","Смена / текущая линия / уточнение простоя","1469","0","PASS","","REVIEWED_AFTER_UI_SWEEP_099","docs/full-ui-interaction-sweep/screenshots/360/shift-current-line-correction-draft.png"
"360","Смена / текущая линия / простой уточнён","1271","0","PASS","","REVIEWED_AFTER_UI_SWEEP_099","docs/full-ui-interaction-sweep/screenshots/360/shift-current-line-correction-saved.png"
"360","Смена / текущее задание / редактирование","1521","0","PASS","","REVIEWED_AFTER_UI_SWEEP_099","docs/full-ui-interaction-sweep/screenshots/360/shift-current-assignment-edit-draft.png"
"360","Смена / текущее задание / строка сохранена","1454","0","PASS","","REVIEWED_AFTER_UI_SWEEP_099","docs/full-ui-interaction-sweep/screenshots/360/shift-current-assignment-edit-saved.png"
"360","Смена / текущее задание / удаление","1612","0","PASS","","REVIEWED_AFTER_UI_SWEEP_099","docs/full-ui-interaction-sweep/screenshots/360/shift-current-assignment-delete-draft.png"
"360","Смена / текущее задание / строка удалена","1409","0","PASS","","REVIEWED_AFTER_UI_SWEEP_099","docs/full-ui-interaction-sweep/screenshots/360/shift-current-assignment-delete-result.png"
"360","Смена / линия / заявка из простоя","1598","0","PASS","","REVIEWED_AFTER_UI_SWEEP_099","docs/full-ui-interaction-sweep/screenshots/360/shift-current-line-downtime-task-draft.png"
"360","Смена / линия / начать мойку","1402","0","PASS","","REVIEWED_AFTER_UI_SWEEP_099","docs/full-ui-interaction-sweep/screenshots/360/shift-current-line-wash-draft.png"
"390","Смена / текущая линия / предпросмотр шаблона","1511","0","PASS","","REVIEWED_AFTER_UI_SWEEP_099","docs/full-ui-interaction-sweep/screenshots/390/shift-current-line-template-preview.png"
"390","Смена / текущая линия / уточнение простоя","1477","0","PASS","","REVIEWED_AFTER_UI_SWEEP_099","docs/full-ui-interaction-sweep/screenshots/390/shift-current-line-correction-draft.png"
"390","Смена / текущая линия / простой уточнён","1279","0","PASS","","REVIEWED_AFTER_UI_SWEEP_099","docs/full-ui-interaction-sweep/screenshots/390/shift-current-line-correction-saved.png"
"390","Смена / текущее задание / редактирование","1529","0","PASS","","REVIEWED_AFTER_UI_SWEEP_099","docs/full-ui-interaction-sweep/screenshots/390/shift-current-assignment-edit-draft.png"
"390","Смена / текущее задание / строка сохранена","1462","0","PASS","","REVIEWED_AFTER_UI_SWEEP_099","docs/full-ui-interaction-sweep/screenshots/390/shift-current-assignment-edit-saved.png"
"390","Смена / текущее задание / удаление","1620","0","PASS","","REVIEWED_AFTER_UI_SWEEP_099","docs/full-ui-interaction-sweep/screenshots/390/shift-current-assignment-delete-draft.png"
"390","Смена / текущее задание / строка удалена","1417","0","PASS","","REVIEWED_AFTER_UI_SWEEP_099","docs/full-ui-interaction-sweep/screenshots/390/shift-current-assignment-delete-result.png"
"390","Смена / линия / заявка из простоя","1606","0","PASS","","REVIEWED_AFTER_UI_SWEEP_099","docs/full-ui-interaction-sweep/screenshots/390/shift-current-line-downtime-task-draft.png"
"390","Смена / линия / начать мойку","1410","0","PASS","","REVIEWED_AFTER_UI_SWEEP_099","docs/full-ui-interaction-sweep/screenshots/390/shift-current-line-wash-draft.png"
"430","Смена / текущая линия / предпросмотр шаблона","1511","0","PASS","","REVIEWED_AFTER_UI_SWEEP_099","docs/full-ui-interaction-sweep/screenshots/430/shift-current-line-template-preview.png"
"430","Смена / текущая линия / уточнение простоя","1477","0","PASS","","REVIEWED_AFTER_UI_SWEEP_099","docs/full-ui-interaction-sweep/screenshots/430/shift-current-line-correction-draft.png"
"430","Смена / текущая линия / простой уточнён","1279","0","PASS","","REVIEWED_AFTER_UI_SWEEP_099","docs/full-ui-interaction-sweep/screenshots/430/shift-current-line-correction-saved.png"
"430","Смена / текущее задание / редактирование","1529","0","PASS","","REVIEWED_AFTER_UI_SWEEP_099","docs/full-ui-interaction-sweep/screenshots/430/shift-current-assignment-edit-draft.png"
"430","Смена / текущее задание / строка сохранена","1462","0","PASS","","REVIEWED_AFTER_UI_SWEEP_099","docs/full-ui-interaction-sweep/screenshots/430/shift-current-assignment-edit-saved.png"
"430","Смена / текущее задание / удаление","1620","0","PASS","","REVIEWED_AFTER_UI_SWEEP_099","docs/full-ui-interaction-sweep/screenshots/430/shift-current-assignment-delete-draft.png"
"430","Смена / текущее задание / строка удалена","1417","0","PASS","","REVIEWED_AFTER_UI_SWEEP_099","docs/full-ui-interaction-sweep/screenshots/430/shift-current-assignment-delete-result.png"
"430","Смена / линия / заявка из простоя","1606","0","PASS","","REVIEWED_AFTER_UI_SWEEP_099","docs/full-ui-interaction-sweep/screenshots/430/shift-current-line-downtime-task-draft.png"
"430","Смена / линия / начать мойку","1410","0","PASS","","REVIEWED_AFTER_UI_SWEEP_099","docs/full-ui-interaction-sweep/screenshots/430/shift-current-line-wash-draft.png"
"desktop","Смена / назначение / прямой свободный слот","1786","0","PASS","","REVIEWED_CURRENT_ISOLATED","docs/full-ui-interaction-sweep/screenshots/desktop/shift-current-person-direct-assignment-slot.png"
"desktop","Смена / назначение / прямой результат","2036","0","PASS","","REVIEWED_CURRENT_ISOLATED","docs/full-ui-interaction-sweep/screenshots/desktop/shift-current-person-direct-assignment-result.png"
"desktop","Смена / назначение / выбор активной мойки","1847","0","PASS","","REVIEWED_CURRENT_ISOLATED","docs/full-ui-interaction-sweep/screenshots/desktop/shift-current-person-wash-select.png"
"desktop","Смена / назначение / восстановленный список","1712","0","PASS","","REVIEWED_CURRENT_ISOLATED","docs/full-ui-interaction-sweep/screenshots/desktop/shift-current-person-direct-restored.png"
"360","Смена / назначение / прямой свободный слот","1558","0","PASS","","REVIEWED_CURRENT_ISOLATED","docs/full-ui-interaction-sweep/screenshots/360/shift-current-person-direct-assignment-slot.png"
"360","Смена / назначение / прямой результат","1771","0","PASS","","REVIEWED_CURRENT_ISOLATED","docs/full-ui-interaction-sweep/screenshots/360/shift-current-person-direct-assignment-result.png"
"360","Смена / назначение / выбор активной мойки","1619","0","PASS","","REVIEWED_CURRENT_ISOLATED","docs/full-ui-interaction-sweep/screenshots/360/shift-current-person-wash-select.png"
"360","Смена / назначение / восстановленный список","1484","0","PASS","","REVIEWED_CURRENT_ISOLATED","docs/full-ui-interaction-sweep/screenshots/360/shift-current-person-direct-restored.png"
"390","Смена / назначение / прямой свободный слот","1566","0","PASS","","REVIEWED_CURRENT_ISOLATED","docs/full-ui-interaction-sweep/screenshots/390/shift-current-person-direct-assignment-slot.png"
"390","Смена / назначение / прямой результат","1779","0","PASS","","REVIEWED_CURRENT_ISOLATED","docs/full-ui-interaction-sweep/screenshots/390/shift-current-person-direct-assignment-result.png"
"390","Смена / назначение / выбор активной мойки","1627","0","PASS","","REVIEWED_CURRENT_ISOLATED","docs/full-ui-interaction-sweep/screenshots/390/shift-current-person-wash-select.png"
"390","Смена / назначение / восстановленный список","1492","0","PASS","","REVIEWED_CURRENT_ISOLATED","docs/full-ui-interaction-sweep/screenshots/390/shift-current-person-direct-restored.png"
"430","Смена / назначение / прямой свободный слот","1566","0","PASS","","REVIEWED_CURRENT_ISOLATED","docs/full-ui-interaction-sweep/screenshots/430/shift-current-person-direct-assignment-slot.png"
"430","Смена / назначение / прямой результат","1779","0","PASS","","REVIEWED_CURRENT_ISOLATED","docs/full-ui-interaction-sweep/screenshots/430/shift-current-person-direct-assignment-result.png"
"430","Смена / назначение / выбор активной мойки","1627","0","PASS","","REVIEWED_CURRENT_ISOLATED","docs/full-ui-interaction-sweep/screenshots/430/shift-current-person-wash-select.png"
"430","Смена / назначение / восстановленный список","1492","0","PASS","","REVIEWED_CURRENT_ISOLATED","docs/full-ui-interaction-sweep/screenshots/430/shift-current-person-direct-restored.png"
"desktop","Смена / сотрудник / профиль read-only","2011","0","PASS","","REVIEWED_CURRENT_ISOLATED","docs/full-ui-interaction-sweep/screenshots/desktop/shift-readonly-person-profile.png"
"desktop","История смен / выбор дневной или ночной","481","0","PASS","","REVIEWED_CURRENT_ISOLATED","docs/full-ui-interaction-sweep/screenshots/desktop/shift-history-multi-shift-choice.png"
"desktop","История смен / выбранная ночная","554","0","PASS","","REVIEWED_CURRENT_ISOLATED","docs/full-ui-interaction-sweep/screenshots/desktop/shift-history-multi-shift-night-detail.png"
"360","Смена / сотрудник / профиль read-only","1897","0","PASS","","REVIEWED_CURRENT_ISOLATED","docs/full-ui-interaction-sweep/screenshots/360/shift-readonly-person-profile.png"
"360","История смен / выбор дневной или ночной","384","0","PASS","","REVIEWED_CURRENT_ISOLATED","docs/full-ui-interaction-sweep/screenshots/360/shift-history-multi-shift-choice.png"
"360","История смен / выбранная ночная","457","0","PASS","","REVIEWED_CURRENT_ISOLATED","docs/full-ui-interaction-sweep/screenshots/360/shift-history-multi-shift-night-detail.png"
"390","Смена / сотрудник / профиль read-only","1905","0","PASS","","REVIEWED_CURRENT_ISOLATED","docs/full-ui-interaction-sweep/screenshots/390/shift-readonly-person-profile.png"
"390","История смен / выбор дневной или ночной","392","0","PASS","","REVIEWED_CURRENT_ISOLATED","docs/full-ui-interaction-sweep/screenshots/390/shift-history-multi-shift-choice.png"
"390","История смен / выбранная ночная","465","0","PASS","","REVIEWED_CURRENT_ISOLATED","docs/full-ui-interaction-sweep/screenshots/390/shift-history-multi-shift-night-detail.png"
"430","Смена / сотрудник / профиль read-only","1905","0","PASS","","REVIEWED_CURRENT_ISOLATED","docs/full-ui-interaction-sweep/screenshots/430/shift-readonly-person-profile.png"
"430","История смен / выбор дневной или ночной","392","0","PASS","","REVIEWED_CURRENT_ISOLATED","docs/full-ui-interaction-sweep/screenshots/430/shift-history-multi-shift-choice.png"
"430","История смен / выбранная ночная","465","0","PASS","","REVIEWED_CURRENT_ISOLATED","docs/full-ui-interaction-sweep/screenshots/430/shift-history-multi-shift-night-detail.png"
"desktop","Смена / передача / предыдущая смена","1509","0","PASS","","REVIEWED_AFTER_UI_SWEEP_100","docs/full-ui-interaction-sweep/screenshots/desktop/shift-handover-previous-open.png"
"desktop","Смена / передача / сводка и комментарий","1535","0","PASS","","REVIEWED_AFTER_UI_SWEEP_100","docs/full-ui-interaction-sweep/screenshots/desktop/shift-handover-prepare-comment.png"
"desktop","Смена / передача / immutable результат","1575","0","PASS","","REVIEWED_AFTER_UI_SWEEP_100","docs/full-ui-interaction-sweep/screenshots/desktop/shift-handover-submit-result.png"
"desktop","Смена / запуск линии / без шаблона","1344","0","PASS","","REVIEWED_AFTER_UI_SWEEP_100","docs/full-ui-interaction-sweep/screenshots/desktop/shift-activation-without-template.png"
"360","Смена / передача / предыдущая смена","1280","0","PASS","","REVIEWED_AFTER_UI_SWEEP_100","docs/full-ui-interaction-sweep/screenshots/360/shift-handover-previous-open.png"
"360","Смена / передача / сводка и комментарий","1307","0","PASS","","REVIEWED_AFTER_UI_SWEEP_100","docs/full-ui-interaction-sweep/screenshots/360/shift-handover-prepare-comment.png"
"360","Смена / передача / immutable результат","1347","0","PASS","","REVIEWED_AFTER_UI_SWEEP_100","docs/full-ui-interaction-sweep/screenshots/360/shift-handover-submit-result.png"
"360","Смена / запуск линии / без шаблона","1116","0","PASS","","REVIEWED_AFTER_UI_SWEEP_100","docs/full-ui-interaction-sweep/screenshots/360/shift-activation-without-template.png"
"390","Смена / передача / предыдущая смена","1288","0","PASS","","REVIEWED_AFTER_UI_SWEEP_100","docs/full-ui-interaction-sweep/screenshots/390/shift-handover-previous-open.png"
"390","Смена / передача / сводка и комментарий","1315","0","PASS","","REVIEWED_AFTER_UI_SWEEP_100","docs/full-ui-interaction-sweep/screenshots/390/shift-handover-prepare-comment.png"
"390","Смена / передача / immutable результат","1355","0","PASS","","REVIEWED_AFTER_UI_SWEEP_100","docs/full-ui-interaction-sweep/screenshots/390/shift-handover-submit-result.png"
"390","Смена / запуск линии / без шаблона","1124","0","PASS","","REVIEWED_AFTER_UI_SWEEP_100","docs/full-ui-interaction-sweep/screenshots/390/shift-activation-without-template.png"
"430","Смена / передача / предыдущая смена","1288","0","PASS","","REVIEWED_AFTER_UI_SWEEP_100","docs/full-ui-interaction-sweep/screenshots/430/shift-handover-previous-open.png"
"430","Смена / передача / сводка и комментарий","1315","0","PASS","","REVIEWED_AFTER_UI_SWEEP_100","docs/full-ui-interaction-sweep/screenshots/430/shift-handover-prepare-comment.png"
"430","Смена / передача / immutable результат","1355","0","PASS","","REVIEWED_AFTER_UI_SWEEP_100","docs/full-ui-interaction-sweep/screenshots/430/shift-handover-submit-result.png"
"430","Смена / запуск линии / без шаблона","1124","0","PASS","","REVIEWED_AFTER_UI_SWEEP_100","docs/full-ui-interaction-sweep/screenshots/430/shift-activation-without-template.png"
"desktop","Shell / доступно обновление PWA","888","0","PASS","","REVIEWED_CURRENT_ISOLATED","docs/full-ui-interaction-sweep/screenshots/desktop/pwa-update-control-ready.png"
"desktop","Shell / применение обновления PWA","2135","0","PASS","","REVIEWED_CURRENT_ISOLATED","docs/full-ui-interaction-sweep/screenshots/desktop/pwa-update-control-applying.png"
"360","Shell / доступно обновление PWA","672","0","PASS","","REVIEWED_CURRENT_ISOLATED","docs/full-ui-interaction-sweep/screenshots/360/pwa-update-control-ready.png"
"360","Shell / применение обновления PWA","1907","0","PASS","","REVIEWED_CURRENT_ISOLATED","docs/full-ui-interaction-sweep/screenshots/360/pwa-update-control-applying.png"
"390","Shell / доступно обновление PWA","680","0","PASS","","REVIEWED_CURRENT_ISOLATED","docs/full-ui-interaction-sweep/screenshots/390/pwa-update-control-ready.png"
"390","Shell / применение обновления PWA","1915","0","PASS","","REVIEWED_CURRENT_ISOLATED","docs/full-ui-interaction-sweep/screenshots/390/pwa-update-control-applying.png"
"430","Shell / доступно обновление PWA","680","0","PASS","","REVIEWED_CURRENT_ISOLATED","docs/full-ui-interaction-sweep/screenshots/430/pwa-update-control-ready.png"
"430","Shell / применение обновления PWA","1915","0","PASS","","REVIEWED_CURRENT_ISOLATED","docs/full-ui-interaction-sweep/screenshots/430/pwa-update-control-applying.png"
"desktop","Вложения / просмотр фото","2570","0","PASS","","REVIEWED","docs/full-ui-interaction-sweep/screenshots/desktop/attachment-viewer-photo.png"
"desktop","Вложения / фото увеличено","2570","0","PASS","","REVIEWED","docs/full-ui-interaction-sweep/screenshots/desktop/attachment-viewer-photo-zoomed.png"
"desktop","Вложения / просмотр через миниатюру","2570","0","PASS","","REVIEWED","docs/full-ui-interaction-sweep/screenshots/desktop/attachment-viewer-thumb-open.png"
"360","Вложения / просмотр фото","2342","0","PASS","","REVIEWED","docs/full-ui-interaction-sweep/screenshots/360/attachment-viewer-photo.png"
"360","Вложения / фото увеличено","2342","0","PASS","","REVIEWED","docs/full-ui-interaction-sweep/screenshots/360/attachment-viewer-photo-zoomed.png"
"360","Вложения / просмотр через миниатюру","2342","0","PASS","","REVIEWED","docs/full-ui-interaction-sweep/screenshots/360/attachment-viewer-thumb-open.png"
"390","Вложения / просмотр фото","2350","0","PASS","","REVIEWED","docs/full-ui-interaction-sweep/screenshots/390/attachment-viewer-photo.png"
"390","Вложения / фото увеличено","2350","0","PASS","","REVIEWED","docs/full-ui-interaction-sweep/screenshots/390/attachment-viewer-photo-zoomed.png"
"390","Вложения / просмотр через миниатюру","2350","0","PASS","","REVIEWED","docs/full-ui-interaction-sweep/screenshots/390/attachment-viewer-thumb-open.png"
"430","Вложения / просмотр фото","2350","0","PASS","","REVIEWED","docs/full-ui-interaction-sweep/screenshots/430/attachment-viewer-photo.png"
"430","Вложения / фото увеличено","2350","0","PASS","","REVIEWED","docs/full-ui-interaction-sweep/screenshots/430/attachment-viewer-photo-zoomed.png"
"430","Вложения / просмотр через миниатюру","2350","0","PASS","","REVIEWED","docs/full-ui-interaction-sweep/screenshots/430/attachment-viewer-thumb-open.png"
"desktop","Архив / поиск","511","0","PASS","","REVIEWED","docs/full-ui-interaction-sweep/screenshots/desktop/archive-readonly-search.png"
"desktop","Архив / сводка простоев","909","0","PASS","","REVIEWED","docs/full-ui-interaction-sweep/screenshots/desktop/archive-readonly-summary.png"
"desktop","Архив / вкладки сводки","1095","0","FAIL","diagnostic-marker: Детали Проблема 04.09.2026, 11:33 Новая Realtime v1 task 1788328366703 02.09.2026, 08:52 Готово Realtime v1 task 1788282727446 01.09.2026, 20:12 Готов","REVIEWED_OPEN_FINDING_UI_SWEEP_042","docs/full-ui-interaction-sweep/screenshots/desktop/archive-readonly-summary-tabs.png"
"desktop","Архив / экспортная панель","783","0","PASS","","REVIEWED","docs/full-ui-interaction-sweep/screenshots/desktop/archive-readonly-export-sheet.png"
"360","Архив / поиск","282","0","PASS","","REVIEWED","docs/full-ui-interaction-sweep/screenshots/360/archive-readonly-search.png"
"360","Архив / сводка простоев","680","0","PASS","","REVIEWED","docs/full-ui-interaction-sweep/screenshots/360/archive-readonly-summary.png"
"360","Архив / вкладки сводки","866","0","FAIL","diagnostic-marker: Детали Проблема 04.09.2026, 11:33 Новая Realtime v1 task 1788328366703 02.09.2026, 08:52 Готово Realtime v1 task 1788282727446 01.09.2026, 20:12 Готов","REVIEWED_OPEN_FINDING_UI_SWEEP_042","docs/full-ui-interaction-sweep/screenshots/360/archive-readonly-summary-tabs.png"
"360","Архив / экспортная панель","554","0","PASS","","REVIEWED","docs/full-ui-interaction-sweep/screenshots/360/archive-readonly-export-sheet.png"
"390","Архив / поиск","290","0","PASS","","REVIEWED","docs/full-ui-interaction-sweep/screenshots/390/archive-readonly-search.png"
"390","Архив / сводка простоев","688","0","PASS","","REVIEWED","docs/full-ui-interaction-sweep/screenshots/390/archive-readonly-summary.png"
"390","Архив / вкладки сводки","874","0","FAIL","diagnostic-marker: Детали Проблема 04.09.2026, 11:33 Новая Realtime v1 task 1788328366703 02.09.2026, 08:52 Готово Realtime v1 task 1788282727446 01.09.2026, 20:12 Готов","REVIEWED_OPEN_FINDING_UI_SWEEP_042","docs/full-ui-interaction-sweep/screenshots/390/archive-readonly-summary-tabs.png"
"390","Архив / экспортная панель","562","0","PASS","","REVIEWED","docs/full-ui-interaction-sweep/screenshots/390/archive-readonly-export-sheet.png"
"430","Архив / поиск","290","0","PASS","","REVIEWED","docs/full-ui-interaction-sweep/screenshots/430/archive-readonly-search.png"
"430","Архив / сводка простоев","688","0","PASS","","REVIEWED","docs/full-ui-interaction-sweep/screenshots/430/archive-readonly-summary.png"
"430","Архив / вкладки сводки","874","0","FAIL","diagnostic-marker: Детали Проблема 04.09.2026, 11:33 Новая Realtime v1 task 1788328366703 02.09.2026, 08:52 Готово Realtime v1 task 1788282727446 01.09.2026, 20:12 Готов","REVIEWED_OPEN_FINDING_UI_SWEEP_042","docs/full-ui-interaction-sweep/screenshots/430/archive-readonly-summary-tabs.png"
"430","Архив / экспортная панель","562","0","PASS","","REVIEWED","docs/full-ui-interaction-sweep/screenshots/430/archive-readonly-export-sheet.png"
"desktop","Гость / заявка назначения / черновик","1384","0","PASS","","REVIEWED_AFTER_UI_SWEEP_043","docs/full-ui-interaction-sweep/screenshots/desktop/guest-assignment-request-draft.png"
"360","Гость / заявка назначения / черновик","1376","0","PASS","","REVIEWED_AFTER_UI_SWEEP_043","docs/full-ui-interaction-sweep/screenshots/360/guest-assignment-request-draft.png"
"390","Гость / заявка назначения / черновик","1384","0","PASS","","REVIEWED_AFTER_UI_SWEEP_043","docs/full-ui-interaction-sweep/screenshots/390/guest-assignment-request-draft.png"
"430","Гость / заявка назначения / черновик","1384","0","PASS","","REVIEWED_AFTER_UI_SWEEP_043","docs/full-ui-interaction-sweep/screenshots/430/guest-assignment-request-draft.png"
"desktop","Shared / подсказка / Контекст завода","2738","0","PASS","","REVIEWED_AFTER_UI_SWEEP_045","docs/full-ui-interaction-sweep/screenshots/desktop/shared-help-tooltip-open.png"
"360","Shared / подсказка / Контекст завода","2510","0","PASS","","REVIEWED_AFTER_UI_SWEEP_045","docs/full-ui-interaction-sweep/screenshots/360/shared-help-tooltip-open.png"
"390","Shared / подсказка / Контекст завода","2518","0","PASS","","REVIEWED_AFTER_UI_SWEEP_045","docs/full-ui-interaction-sweep/screenshots/390/shared-help-tooltip-open.png"
"430","Shared / подсказка / Контекст завода","2518","0","PASS","","REVIEWED_AFTER_UI_SWEEP_045","docs/full-ui-interaction-sweep/screenshots/430/shared-help-tooltip-open.png"
"360","Shared / подсказка / touch","2510","0","PASS","","REVIEWED_AFTER_UI_SWEEP_045","docs/full-ui-interaction-sweep/screenshots/360/shared-help-tooltip-touch-open.png"
"desktop","Админка / доступ пользователя / подрядчик","7868","0","FAIL","diagnostic-marker: UI-SWEEP-050: ordinary company picker exposes PILOT Фирма наёмных работников because the canonical Cyrillic fixture boundary does not match.","REVIEWED_OPEN_FINDING_UI_SWEEP_050","docs/full-ui-interaction-sweep/screenshots/desktop/admin-user-access-contractor-draft.png"
"desktop","Админка / доступ пользователя / отдел и должность","8119","0","PASS","","REVIEWED","docs/full-ui-interaction-sweep/screenshots/desktop/admin-user-access-department-draft.png"
"360","Админка / доступ пользователя / подрядчик","7640","0","FAIL","diagnostic-marker: UI-SWEEP-050: ordinary company picker exposes PILOT Фирма наёмных работников because the canonical Cyrillic fixture boundary does not match.","REVIEWED_OPEN_FINDING_UI_SWEEP_050","docs/full-ui-interaction-sweep/screenshots/360/admin-user-access-contractor-draft.png"
"360","Админка / доступ пользователя / отдел и должность","7891","0","PASS","","REVIEWED","docs/full-ui-interaction-sweep/screenshots/360/admin-user-access-department-draft.png"
"390","Админка / доступ пользователя / подрядчик","7648","0","FAIL","diagnostic-marker: UI-SWEEP-050: ordinary company picker exposes PILOT Фирма наёмных работников because the canonical Cyrillic fixture boundary does not match.","REVIEWED_OPEN_FINDING_UI_SWEEP_050","docs/full-ui-interaction-sweep/screenshots/390/admin-user-access-contractor-draft.png"
"390","Админка / доступ пользователя / отдел и должность","7899","0","PASS","","REVIEWED","docs/full-ui-interaction-sweep/screenshots/390/admin-user-access-department-draft.png"
"430","Админка / доступ пользователя / подрядчик","7648","0","FAIL","diagnostic-marker: UI-SWEEP-050: ordinary company picker exposes PILOT Фирма наёмных работников because the canonical Cyrillic fixture boundary does not match.","REVIEWED_OPEN_FINDING_UI_SWEEP_050","docs/full-ui-interaction-sweep/screenshots/430/admin-user-access-contractor-draft.png"
"430","Админка / доступ пользователя / отдел и должность","7899","0","PASS","","REVIEWED","docs/full-ui-interaction-sweep/screenshots/430/admin-user-access-department-draft.png"
"desktop","Админка / пользователь / подтверждение блокировки","8387","0","PASS","","REVIEWED","docs/full-ui-interaction-sweep/screenshots/desktop/admin-user-block-confirm.png"
"desktop","Админка / пользователь / подтверждение доступа к заводу","9194","0","PASS","","REVIEWED","docs/full-ui-interaction-sweep/screenshots/desktop/admin-user-factory-access-confirm.png"
"360","Админка / пользователь / подтверждение блокировки","8159","0","PASS","","REVIEWED","docs/full-ui-interaction-sweep/screenshots/360/admin-user-block-confirm.png"
"360","Админка / пользователь / подтверждение доступа к заводу","8966","0","PASS","","REVIEWED","docs/full-ui-interaction-sweep/screenshots/360/admin-user-factory-access-confirm.png"
"390","Админка / пользователь / подтверждение блокировки","8167","0","PASS","","REVIEWED","docs/full-ui-interaction-sweep/screenshots/390/admin-user-block-confirm.png"
"390","Админка / пользователь / подтверждение доступа к заводу","8974","0","PASS","","REVIEWED","docs/full-ui-interaction-sweep/screenshots/390/admin-user-factory-access-confirm.png"
"430","Админка / пользователь / подтверждение блокировки","8167","0","PASS","","REVIEWED","docs/full-ui-interaction-sweep/screenshots/430/admin-user-block-confirm.png"
"430","Админка / пользователь / подтверждение доступа к заводу","8974","0","PASS","","REVIEWED","docs/full-ui-interaction-sweep/screenshots/430/admin-user-factory-access-confirm.png"
"desktop","Админка / ошибка блокировки пользователя","3059","0","PASS","","REVIEWED_OUTCOME","docs/full-ui-interaction-sweep/screenshots/desktop/admin-user-block-submit-error.png"
"desktop","Админка / пользователь заблокирован","2740","0","PASS","","REVIEWED_OUTCOME","docs/full-ui-interaction-sweep/screenshots/desktop/admin-user-block-submit-result.png"
"desktop","Админка / заблокированный пользователь после reload","2740","0","PASS","","REVIEWED_OUTCOME","docs/full-ui-interaction-sweep/screenshots/desktop/admin-user-block-submit-reload.png"
"desktop","Админка / подтверждение разблокировки пользователя","2952","0","PASS","","REVIEWED_OUTCOME","docs/full-ui-interaction-sweep/screenshots/desktop/admin-user-unblock-submit-before.png"
"desktop","Админка / пользователь разблокирован","2734","0","PASS","","REVIEWED_OUTCOME","docs/full-ui-interaction-sweep/screenshots/desktop/admin-user-unblock-submit-result.png"
"desktop","Админка / разблокированный пользователь после reload","2734","0","PASS","","REVIEWED_OUTCOME","docs/full-ui-interaction-sweep/screenshots/desktop/admin-user-unblock-submit-reload.png"
"360","Админка / ошибка блокировки пользователя","2831","0","PASS","","REVIEWED_OUTCOME","docs/full-ui-interaction-sweep/screenshots/360/admin-user-block-submit-error.png"
"360","Админка / пользователь заблокирован","2512","0","PASS","","REVIEWED_OUTCOME","docs/full-ui-interaction-sweep/screenshots/360/admin-user-block-submit-result.png"
"360","Админка / заблокированный пользователь после reload","2512","0","PASS","","REVIEWED_OUTCOME","docs/full-ui-interaction-sweep/screenshots/360/admin-user-block-submit-reload.png"
"360","Админка / подтверждение разблокировки пользователя","2724","0","PASS","","REVIEWED_OUTCOME","docs/full-ui-interaction-sweep/screenshots/360/admin-user-unblock-submit-before.png"
"360","Админка / пользователь разблокирован","2506","0","PASS","","REVIEWED_OUTCOME","docs/full-ui-interaction-sweep/screenshots/360/admin-user-unblock-submit-result.png"
"360","Админка / разблокированный пользователь после reload","2506","0","PASS","","REVIEWED_OUTCOME","docs/full-ui-interaction-sweep/screenshots/360/admin-user-unblock-submit-reload.png"
"390","Админка / ошибка блокировки пользователя","2839","0","PASS","","REVIEWED_OUTCOME","docs/full-ui-interaction-sweep/screenshots/390/admin-user-block-submit-error.png"
"390","Админка / пользователь заблокирован","2520","0","PASS","","REVIEWED_OUTCOME","docs/full-ui-interaction-sweep/screenshots/390/admin-user-block-submit-result.png"
"390","Админка / заблокированный пользователь после reload","2520","0","PASS","","REVIEWED_OUTCOME","docs/full-ui-interaction-sweep/screenshots/390/admin-user-block-submit-reload.png"
"390","Админка / подтверждение разблокировки пользователя","2732","0","PASS","","REVIEWED_OUTCOME","docs/full-ui-interaction-sweep/screenshots/390/admin-user-unblock-submit-before.png"
"390","Админка / пользователь разблокирован","2514","0","PASS","","REVIEWED_OUTCOME","docs/full-ui-interaction-sweep/screenshots/390/admin-user-unblock-submit-result.png"
"390","Админка / разблокированный пользователь после reload","2514","0","PASS","","REVIEWED_OUTCOME","docs/full-ui-interaction-sweep/screenshots/390/admin-user-unblock-submit-reload.png"
"430","Админка / ошибка блокировки пользователя","2839","0","PASS","","REVIEWED_OUTCOME","docs/full-ui-interaction-sweep/screenshots/430/admin-user-block-submit-error.png"
"430","Админка / пользователь заблокирован","2520","0","PASS","","REVIEWED_OUTCOME","docs/full-ui-interaction-sweep/screenshots/430/admin-user-block-submit-result.png"
"430","Админка / заблокированный пользователь после reload","2520","0","PASS","","REVIEWED_OUTCOME","docs/full-ui-interaction-sweep/screenshots/430/admin-user-block-submit-reload.png"
"430","Админка / подтверждение разблокировки пользователя","2732","0","PASS","","REVIEWED_OUTCOME","docs/full-ui-interaction-sweep/screenshots/430/admin-user-unblock-submit-before.png"
"430","Админка / пользователь разблокирован","2514","0","PASS","","REVIEWED_OUTCOME","docs/full-ui-interaction-sweep/screenshots/430/admin-user-unblock-submit-result.png"
"430","Админка / разблокированный пользователь после reload","2514","0","PASS","","REVIEWED_OUTCOME","docs/full-ui-interaction-sweep/screenshots/430/admin-user-unblock-submit-reload.png"
"desktop","Пересменка / архив / только просмотр","","","NOT_RUN","Component visual review only; existing automated text scan not rerun","REVIEWED_COMPONENT_ISOLATED","docs/full-ui-interaction-sweep/review-pack/20260912-036-component-1789232421552/desktop-archive-detail.png"
"desktop","Пересменка / архив / отказ доступа","","","NOT_RUN","Component visual review only; existing automated text scan not rerun","REVIEWED_COMPONENT_ISOLATED","docs/full-ui-interaction-sweep/review-pack/20260912-036-component-1789232421552/desktop-archive-denied.png"
"360","Пересменка / архив / только просмотр","","","NOT_RUN","Component visual review only; existing automated text scan not rerun","REVIEWED_COMPONENT_ISOLATED","docs/full-ui-interaction-sweep/review-pack/20260912-036-component-1789232421552/360-archive-detail.png"
"360","Пересменка / архив / отказ доступа","","","NOT_RUN","Component visual review only; existing automated text scan not rerun","REVIEWED_COMPONENT_ISOLATED","docs/full-ui-interaction-sweep/review-pack/20260912-036-component-1789232421552/360-archive-denied.png"
"390","Пересменка / архив / только просмотр","","","NOT_RUN","Component visual review only; existing automated text scan not rerun","REVIEWED_COMPONENT_ISOLATED","docs/full-ui-interaction-sweep/review-pack/20260912-036-component-1789232421552/390-archive-detail.png"
"390","Пересменка / архив / отказ доступа","","","NOT_RUN","Component visual review only; existing automated text scan not rerun","REVIEWED_COMPONENT_ISOLATED","docs/full-ui-interaction-sweep/review-pack/20260912-036-component-1789232421552/390-archive-denied.png"
"430","Пересменка / архив / только просмотр","","","NOT_RUN","Component visual review only; existing automated text scan not rerun","REVIEWED_COMPONENT_ISOLATED","docs/full-ui-interaction-sweep/review-pack/20260912-036-component-1789232421552/430-archive-detail.png"
"430","Пересменка / архив / отказ доступа","","","NOT_RUN","Component visual review only; existing automated text scan not rerun","REVIEWED_COMPONENT_ISOLATED","docs/full-ui-interaction-sweep/review-pack/20260912-036-component-1789232421552/430-archive-denied.png"
